id,common_name,botanical_name,growth_shape,growing_season_months,flowering_season_months,flower_color,foliage_color_spring,foliage_color_summer,foliage_color_fall,foliage_color_winter,sun_pref,water_pref,soil_pref,width_ft,height_ft,inflorescence,flower_count_hint,flower_zone,fruit_color,fruit_season_months,fruit_load,usda_symbol,usda_scientific_name_full,usda_growth_habit,usda_native_status,usda_growth_form,usda_shape_and_orientation,usda_foliage_texture,usda_foliage_porosity_summer,usda_foliage_porosity_winter,usda_leaf_retention,usda_flower_conspicuous,usda_fruit_conspicuous,usda_fall_conspicuous,usda_bloom_period,usda_active_growth_period,usda_fruit_seed_period_begin,usda_fruit_seed_period_end,usda_height_mature_ft,usda_shade_tolerance,usda_drought_tolerance,usda_moisture_use,usda_soil_coarse,usda_soil_medium,usda_soil_fine,usda_ph_min,usda_ph_max,npsot_dfw_recommended
bigtooth-maple,bigtooth maple,Acer grandidentatum,vase,3-8,3-5,#e8d24a,,#5b7a4b,,,part-sun,medium,"sandy,loamy,clay",,38,,,,#6b5a4a,6-8,moderate,ACGR3,Acer grandidentatum Nutt.,Shrub,L48:N,Single Stem,Erect,Medium,Moderate,Porous,No,Yes,No,No,Spring,Spring and Summer,Summer,Summer,38.0,Medium,Low,Medium,Yes,Yes,Yes,6.0,8.0,no
common-yarrow,common yarrow,Achillea millefolium,mound,3-5,6,#f1f1e2,,#5b7a4b,,,part-sun,medium,loamy,,3,,,,#6b5a4a,6-8,moderate,ACMI2,Achillea millefolium L.,Forb/herb,AK:N|CAN:I|CAN:N|GL:N|HI:I|L48:I|L48:N|SPM:I|SPM:N,Rhizomatous,Erect,Fine,Porous,Porous,No,Yes,No,No,Early Summer,Spring,Summer,Summer,3.0,Medium,Medium,Medium,No,Yes,No,6.0,8.0,yes
boxelder,boxelder,Acer negundo,tree,3-8,3,#f1f1e2,,#5b7a4b,,,shade,medium,"sandy,loamy,clay",,60,,,,#6b5a4a,6-11,heavy,ACNE2,Acer negundo L.,Tree,CAN:N|L48:N,Multiple Stem,Erect,Coarse,Dense,Porous,No,No,Yes,Yes,Early Spring,Spring and Summer,Summer,Fall,60.0,Low,High,Medium,Yes,Yes,Yes,5.0,7.8,yes
oppositeleaf-spotflower,oppositeleaf spotflower,Acmella oppositifolia var. repens,mound,6-8,8,#5b7a4b,,#5b7a4b,,,full-sun,medium,"loamy,clay",,0.7,,,,#3a3a34,6-11,moderate,ACOPR,Acmella oppositifolia (Lam.) R.K. Jansen var. repens (Walter) R.K. Jansen,Forb/herb,L48:N,Stoloniferous,Prostrate,Fine,Porous,Porous,No,Yes,No,No,Late Summer,Summer,Summer,Fall,0.7,High,Low,Medium,No,Yes,Yes,5.0,7.5,no
red-maple,red maple,Acer rubrum,tree,3-8,3,#b3261e,,#5b7a4b,,,part-sun,high,"sandy,loamy,clay",,68,,,,#b3261e,3-5,heavy,ACRU,Acer rubrum L.,Tree,CAN:N|L48:N,Single Stem,Rounded,Medium,Dense,Porous,No,Yes,Yes,Yes,Early Spring,Spring and Summer,Spring,Spring,68.0,Medium,Medium,High,Yes,Yes,Yes,4.7,7.3,yes
silver-maple,silver maple,Acer saccharinum,tree,3-8,3,#e8d24a,,#5b7a4b,,,part-sun,medium,"sandy,loamy,clay",,90,,,,#6b5a4a,6-11,heavy,ACSA2,Acer saccharinum L.,Tree,CAN:N|L48:N,Single Stem,Rounded,Medium,Dense,Porous,No,Yes,Yes,Yes,Early Spring,Spring and Summer,Summer,Fall,90.0,Medium,Low,Medium,Yes,Yes,Yes,4.0,7.3,no
virginia-threeseed-mercury,Virginia threeseed mercury,Acalypha virginica,mound,3-11,6,#b3261e,,#5b7a4b,,,part-sun,medium,loamy,,3,,,,#b3261e,6-11,heavy,ACVI,Acalypha virginica L.,Forb/herb,L48:N,Single Crown,Erect,Coarse,Moderate,Porous,No,Yes,No,Yes,Early Summer,"Spring, Summer, Fall",Summer,Fall,3.0,Medium,Medium,Medium,No,Yes,No,5.9,7.0,no
common-maidenhair,common maidenhair,Adiantum capillus-veneris,mound,3-8,6-8,#f1f1e2,,#5b7a4b,,,shade,high,"loamy,clay",,1.7,,,,#6b5a4a,6-11,moderate,ADCA,Adiantum capillus-veneris L.,Forb/herb,CAN:N|HI:N|L48:N|PR:N,Rhizomatous,Erect,Fine,Porous,Porous,No,No,No,No,Summer,Spring and Summer,Summer,Fall,1.7,Low,None,High,No,Yes,Yes,6.0,8.0,no
ohio-buckeye,Ohio buckeye,Aesculus glabra,tree,3-8,4,#5b7a4b,,#5b7a4b,,,shade,medium,"loamy,clay",,68,,,,#6b5a4a,3-11,moderate,AEGL,Aesculus glabra Willd.,Tree,CAN:N|L48:N,Single Stem,Erect,Coarse,Dense,Porous,No,Yes,Yes,Yes,Mid Spring,Spring and Summer,Spring,Fall,68.0,Low,Medium,Medium,No,Yes,Yes,5.0,7.1,no
red-buckeye,red buckeye,Aesculus pavia,vase,3-8,5,#b3261e,,,,,shade,high,"sandy,loamy,clay",,25,,,,#6b5a4a,6-11,moderate,AEPA,Aesculus pavia L.,Shrub,CAN:I|L48:N,Single Stem,Erect,Coarse,Dense,Porous,No,Yes,Yes,No,Late Spring,Spring and Summer,Summer,Fall,25.0,Low,Low,High,Yes,Yes,Yes,3.7,7.0,no
winter-bentgrass,winter bentgrass,Agrostis hyemalis,grass,3-11,4,#5b7a4b,,#5b7a4b,,,part-sun,high,"loamy,clay",,3.5,,,,#6b5a4a,6-11,light,AGHY,"Agrostis hyemalis (Walter) Britton, Sterns & Poggenb.",Graminoid,CAN:N|L48:N|PR:N,Bunch,Erect,Coarse,Dense,Porous,No,No,No,No,Mid Spring,"Spring, Summer, Fall",Summer,Fall,3.5,Medium,Low,High,No,Yes,Yes,5.0,7.5,no
upland-bentgrass,upland bentgrass,Agrostis perennans,grass,3-11,7,#5b7a4b,,#5b7a4b,,,part-sun,high,"loamy,clay",,3.5,,,,#6b5a4a,6-11,light,AGPE,Agrostis perennans (Walter) Tuck.,Graminoid,CAN:N|L48:N,Rhizomatous,Decumbent,Medium,Moderate,Porous,No,No,No,No,Mid Summer,"Spring, Summer, Fall",Summer,Fall,3.5,Medium,Low,High,No,Yes,Yes,5.5,7.5,no
carolina-foxtail,Carolina foxtail,Alopecurus carolinianus,grass,3-5,3-5,#5b7a4b,,#5b7a4b,,,full-sun,low,"sandy,loamy,clay",,1.7,,,,#e8d24a,6-8,light,ALCA4,Alopecurus carolinianus Walter,Graminoid,CAN:N|L48:N,Bunch,Erect,Fine,Porous,Porous,No,No,No,No,Spring,Spring,Summer,Summer,1.7,High,Low,Low,Yes,Yes,Yes,4.0,7.5,no
hazel-alder,hazel alder,Alnus serrulata,vase,3-8,3-5,,,#5b7a4b,,,full-sun,high,"sandy,loamy,clay",,30,,,,#6b5a4a,6-8,light,ALSE2,Alnus serrulata (Aiton) Willd.,Shrub,CAN:N|L48:N,Multiple Stem,Erect,Coarse,Dense,Porous,No,No,No,No,Spring,Spring and Summer,Summer,Summer,30.0,High,Low,High,Yes,Yes,Yes,5.0,7.0,no
leadplant,leadplant,Amorpha canescens,vase,3-8,6,#8f6fb3,,#5b7a4b,,,shade,low,"sandy,loamy",,4,,,,#6b5a4a,6-11,light,AMCA6,Amorpha canescens Pursh,Shrub,CAN:N|L48:N,Multiple Stem,Semi-Erect,Coarse,Dense,Porous,No,Yes,No,No,Early Summer,Spring and Summer,Summer,Fall,4.0,Low,High,Low,Yes,Yes,No,5.5,8.0,no
valley-redstem,valley redstem,Ammannia coccinea,mound,3-5,,#8f6fb3,,#5b7a4b,,,full-sun,medium,"loamy,clay",,1.6,,,,,3-11,light,AMCO,Ammannia coccinea Rottb.,Forb/herb,HI:I|L48:N|PR:N|VI:N,Single Crown,Erect,Medium,Porous,Porous,No,Yes,No,No,Indeterminate,Spring,Spring,Fall,1.6,High,Medium,Medium,No,Yes,Yes,4.0,5.9,no
heartleaf-peppervine,heartleaf peppervine,Ampelopsis cordata,low-climber,3-8,5,#f1f1e2,,#5b7a4b,,,shade,medium,"sandy,loamy,clay",,2,,,,#3a3a34,3-8,moderate,AMCO2,Ampelopsis cordata Michx.,Vine,L48:N,Single Crown,Climbing,Coarse,Porous,Porous,No,Yes,No,No,Late Spring,Spring and Summer,Spring,Summer,2.0,Low,Low,Medium,Yes,Yes,Yes,5.2,7.4,no
false-indigo-bush,false indigo bush,Amorpha fruticosa,vase,6-8,5,#8f6fb3,,,,,full-sun,low,"sandy,loamy",,15,,,,#6b5a4a,6-11,heavy,AMFR,Amorpha fruticosa L.,Shrub,CAN:N|L48:N,Multiple Stem,Rounded,Fine,Dense,Porous,No,Yes,Yes,Yes,Late Spring,Summer,Summer,Fall,15.0,High,Medium,Low,Yes,Yes,No,5.0,8.5,no
roughfruit-amaranth,roughfruit amaranth,Amaranthus tuberculatus,mound,3-5,6-8,#5b7a4b,,#5b7a4b,,,full-sun,high,"loamy,clay",,6.6,,,,#3a3a34,6-11,heavy,AMTU,Amaranthus tuberculatus (Moq.) Sauer,Forb/herb,CAN:N|L48:N,Single Stem,Erect,Medium,Moderate,Porous,No,No,No,No,Summer,Spring,Summer,Fall,6.6,High,None,High,No,Yes,Yes,5.0,8.0,no
yerba-mansa,yerba mansa,Anemopsis californica,mound,3-8,3,#f1f1e2,,#5b7a4b,,,full-sun,high,"loamy,clay",,1.5,,,,#6b5a4a,3-5,heavy,ANCA10,Anemopsis californica (Nutt.) Hook. & Arn.,Forb/herb,L48:N,Rhizomatous,Erect,Coarse,Porous,Porous,No,Yes,No,No,Early Spring,Spring and Summer,Spring,Spring,1.5,High,None,High,No,Yes,Yes,6.5,9.0,no
big-bluestem,big bluestem,Andropogon gerardii,grass,6-8,6-8,#e8d24a,,#5b7a4b,,,full-sun,medium,"sandy,loamy,clay",,7,,,,#6b5a4a,6-11,moderate,ANGE,Andropogon gerardii Vitman,Graminoid,CAN:N|L48:N,Bunch,Erect,Medium,Dense,Porous,No,No,No,No,Summer,Summer,Summer,Fall,7.0,High,High,Medium,Yes,Yes,Yes,6.5,8.5,yes
bushy-bluestem,bushy bluestem,Andropogon glomeratus,grass,6-8,8,#f1f1e2,,#5b7a4b,,,full-sun,high,"sandy,loamy,clay",,6.3,,,,#6b5a4a,9-12,heavy,ANGL2,"Andropogon glomeratus (Walter) Britton, Sterns & Poggenb.",Graminoid,HI:I|L48:N|NAV:N|PR:N|VI:I,Bunch,Erect,Fine,Dense,Moderate,No,No,No,Yes,Late Summer,Summer,Fall,Winter,6.3,High,Low,High,Yes,Yes,Yes,5.0,6.3,yes
splitbeard-bluestem,splitbeard bluestem,Andropogon ternarius,grass,6-8,8,#5b7a4b,,#5b7a4b,,,shade,low,"sandy,loamy",,3.9,,,,#e8d24a,6-11,moderate,ANTE2,Andropogon ternarius Michx.,Graminoid,L48:N,Bunch,Erect,Fine,Moderate,Porous,No,No,No,No,Late Summer,Summer,Summer,Fall,3.9,Low,High,Low,Yes,Yes,No,4.0,7.5,no
broomsedge-bluestem,broomsedge bluestem,Andropogon virginicus,grass,6-8,5,#e8d24a,,#5b7a4b,,,full-sun,medium,"loamy,clay",,3,,,,#6b5a4a,6-8,light,ANVI2,Andropogon virginicus L.,Graminoid,CAN:N|HI:I|L48:N|PB:I|PR:N,Bunch,Erect,Medium,Moderate,Porous,No,No,No,No,Late Spring,Summer,Summer,Summer,3.0,High,High,Medium,No,Yes,Yes,4.9,7.0,no
groundnut,groundnut,Apios americana,mound,3-8,5,#8f6fb3,,#5b7a4b,,,shade,medium,"sandy,loamy,clay",,1,,,,#6b5a4a,6-8,moderate,APAM,Apios americana Medik.,Forb/herb,CAN:N|L48:N,Single Crown,Climbing,Medium,Porous,Porous,No,Yes,No,No,Late Spring,Spring and Summer,Summer,Summer,1.0,Low,Low,Medium,Yes,Yes,Yes,6.0,7.5,no
indianhemp,Indianhemp,Apocynum cannabinum,mound,3-8,6-8,#f1f1e2,,#5b7a4b,,,part-sun,high,"sandy,loamy,clay",,3.3,,,,#f1f1e2,6-11,heavy,APCA,Apocynum cannabinum L.,Forb/herb,CAN:N|L48:N,Single Stem,Erect,Medium,Porous,Porous,No,No,No,No,Summer,Spring and Summer,Summer,Fall,3.3,Medium,Medium,High,Yes,Yes,Yes,4.5,7.0,no
giant-cane,giant cane,Arundinaria gigantea,grass,3-5,,,,,,,full-sun,medium,"sandy,loamy,clay",,25,,,,,,,ARGI,Arundinaria gigantea (Walter) Muhl.,Graminoid,L48:N,Rhizomatous,Erect,Medium,Dense,Dense,No,No,No,Yes,,Spring,,,25.0,High,Medium,Medium,Yes,Yes,Yes,5.0,6.9,yes
white-sagebrush,white sagebrush,Artemisia ludoviciana,mound,3-8,7,#f1f1e2,,,,,full-sun,medium,"sandy,loamy,clay",,3,,,,#f1f1e2,6-11,moderate,ARLU,Artemisia ludoviciana Nutt.,Forb/herb,CAN:N|L48:I|L48:N,Rhizomatous,Erect,Medium,Porous,Moderate,No,No,No,No,Mid Summer,Spring and Summer,Summer,Fall,3.0,High,Medium,Medium,Yes,Yes,Yes,6.0,9.0,yes
crested-pricklypoppy,crested pricklypoppy,Argemone polyanthemos,mound,6-8,4,#f1f1e2,,#5b7a4b,,,full-sun,low,"sandy,loamy",,3,,,,,6-11,heavy,ARPO2,Argemone polyanthemos (Fedde) G.B. Ownbey,Forb/herb,L48:N,Single Stem,Erect,Coarse,Porous,Porous,No,Yes,Yes,No,Mid Spring,Summer,Summer,Fall,3.0,High,High,Low,Yes,Yes,No,7.0,8.5,no
fendler-threeawn,Fendler threeawn,Aristida purpurea var. longiseta,grass,"1,2,3,4,5,9,10,11,12",3,#e8d24a,,#5b7a4b,,,full-sun,low,"sandy,loamy",,1.4,,,,#6b5a4a,3-5,heavy,ARPUL,Aristida purpurea Nutt. var. longiseta (Steud.) Vasey,Graminoid,CAN:N|L48:N,Bunch,Erect,Medium,Moderate,Porous,No,No,No,No,Early Spring,"Fall, Winter and Spring",Spring,Spring,1.4,High,High,Low,Yes,Yes,No,5.5,7.5,no
devil-s-walkingstick,devil's walkingstick,Aralia spinosa,vase,3-8,6,#f1f1e2,,#5b7a4b,,,full-sun,high,"sandy,loamy,clay",,20,,,,#3a3a34,6-11,heavy,ARSP2,Aralia spinosa L.,Shrub,L48:N,Multiple Stem,Erect,Coarse,Porous,Porous,No,Yes,No,No,Early Summer,Spring and Summer,Summer,Fall,20.0,High,Low,High,Yes,Yes,Yes,4.8,6.6,no
jack-in-the-pulpit,Jack in the pulpit,Arisaema triphyllum,mound,3-8,6,#f1f1e2,,#5b7a4b,,,shade,high,"sandy,loamy",,1.5,,,,#b3261e,6-8,light,ARTR,Arisaema triphyllum (L.) Schott,Forb/herb,CAN:N|L48:N,Rhizomatous,Erect,Coarse,Dense,Dense,No,Yes,Yes,Yes,Early Summer,Spring and Summer,Summer,Summer,1.5,Low,Low,High,Yes,Yes,No,4.8,7.0,no
canadian-milkvetch,Canadian milkvetch,Astragalus canadensis,mound,3-11,7,#f1f1e2,,#5b7a4b,,,full-sun,medium,loamy,,0.5,,,,#6b5a4a,6-11,light,ASCA11,Astragalus canadensis L.,Forb/herb,CAN:N|L48:N,Stoloniferous,Prostrate,Fine,Porous,Porous,No,Yes,No,No,Mid Summer,"Spring, Summer, Fall",Summer,Fall,0.5,High,Medium,Medium,No,Yes,No,6.0,8.0,no
swamp-milkweed,swamp milkweed,Asclepias incarnata,mound,3-5,9-11,#b3261e,,#5b7a4b,,,full-sun,high,"loamy,clay",,4.9,,,,#6b5a4a,3-11,moderate,ASIN,Asclepias incarnata L.,Forb/herb,CAN:N|L48:N,Rhizomatous,Erect,Coarse,Moderate,Porous,No,Yes,No,No,Fall,Spring,Spring,Fall,4.9,High,None,High,No,Yes,Yes,5.0,8.0,no
pawpaw,pawpaw,Asimina triloba,vase,3-8,4,#8f6fb3,,,,,shade,medium,"sandy,loamy",,25,,,,#6b5a4a,3-8,moderate,ASTR,Asimina triloba (L.) Dunal,Shrub,CAN:N|L48:N,Single Stem,Erect,Coarse,Moderate,Porous,No,No,No,Yes,Mid Spring,Spring and Summer,Spring,Summer,25.0,Low,Low,Medium,Yes,Yes,No,4.7,7.2,no
butterfly-milkweed,butterfly milkweed,Asclepias tuberosa,mound,3-8,7,#d98a3d,,#5b7a4b,,,full-sun,low,"sandy,loamy",,2,,,,#6b5a4a,6-11,moderate,ASTU,Asclepias tuberosa L.,Forb/herb,CAN:N|L48:N,Multiple Stem,Erect,Coarse,Moderate,Porous,No,Yes,Yes,No,Mid Summer,Spring and Summer,Summer,Fall,2.0,High,High,Low,Yes,Yes,No,4.8,6.8,yes
fourwing-saltbush,fourwing saltbush,Atriplex canescens,vase,3-8,8,#e8d24a,,,,,part-sun,medium,"sandy,loamy,clay",,9,,,,#f1f1e2,6-8,moderate,ATCA2,Atriplex canescens (Pursh) Nutt.,Shrub,CAN:N|L48:N,Multiple Stem,Semi-Erect,Coarse,Moderate,Porous,No,No,Yes,No,Late Summer,Spring and Summer,Summer,Summer,9.0,Medium,High,Medium,Yes,Yes,Yes,6.6,9.5,no
common-ladyfern,common ladyfern,Athyrium filix-femina,mound,3-11,,,,#5b7a4b,,,shade,medium,loamy,,3,,,,,,,ATFI,Athyrium filix-femina (L.) Roth,Forb/herb,AK:N|CAN:N|GL:N|L48:N|SPM:N,Rhizomatous,Semi-Erect,Fine,Dense,Porous,No,No,No,Yes,,"Spring, Summer, Fall",,,3.0,Low,Low,Medium,No,Yes,No,4.5,7.0,no
broadleaf-carpetgrass,broadleaf carpetgrass,Axonopus compressus,grass,3-8,3-5,#f1f1e2,,#5b7a4b,,,full-sun,high,"loamy,clay",,1,,,,#6b5a4a,6-11,moderate,AXCO,Axonopus compressus (Sw.) P. Beauv.,Graminoid,L48:N|PB:I|PR:N|VI:N,Stoloniferous,Decumbent,Fine,Moderate,Porous,No,No,No,No,Spring,Spring and Summer,Summer,Fall,1.0,High,Low,High,No,Yes,Yes,4.5,7.0,no
eastern-baccharis,eastern baccharis,Baccharis halimifolia,vase,3-11,8,#f1f1e2,,,,,part-sun,high,"sandy,loamy,clay",,10,,,,#f1f1e2,9-11,heavy,BAHA,Baccharis halimifolia L.,Shrub,L48:N,Multiple Stem,Erect,Coarse,Dense,Moderate,No,Yes,No,Yes,Late Summer,"Spring, Summer, Fall",Fall,Fall,10.0,Medium,Low,High,Yes,Yes,Yes,5.5,7.8,no
disk-waterhyssop,disk waterhyssop,Bacopa rotundifolia,mound,3-11,9-11,#f1f1e2,,#5b7a4b,,,full-sun,high,"loamy,clay",,0.1,,,,,9-11,moderate,BARO,Bacopa rotundifolia (Michx.) Wettst.,Forb/herb,CAN:N|L48:N,Stoloniferous,Prostrate,Medium,Dense,Porous,No,Yes,No,No,Fall,"Spring, Summer, Fall",Fall,Fall,0.1,High,None,High,No,Yes,Yes,5.4,7.8,no
lyreleaf-greeneyes,lyreleaf greeneyes,Berlandiera lyrata,mound,3-8,4,#e8d24a,,#5b7a4b,,,full-sun,low,"loamy,clay",,4,,,,#6b5a4a,6-8,light,BELY,Berlandiera lyrata Benth.,Forb/herb,L48:N,Single Crown,Erect,Medium,Porous,Porous,No,Yes,No,No,Mid Spring,Spring and Summer,Summer,Summer,4.0,High,Medium,Low,No,Yes,Yes,6.5,9.5,no
river-birch,river birch,Betula nigra,tree,3-8,4,#6b5a4a,,#5b7a4b,,,full-sun,high,"sandy,loamy,clay",,70,,,,#6b5a4a,3-5,heavy,BENI,Betula nigra L.,Tree,L48:N,Multiple Stem,Erect,Medium,Moderate,Porous,No,No,No,No,Mid Spring,Spring and Summer,Spring,Spring,70.0,High,Low,High,Yes,Yes,Yes,3.0,6.5,no
bearded-beggarticks,bearded beggarticks,Bidens aristosa,mound,3-11,8,#e8d24a,,#5b7a4b,,,part-sun,high,"loamy,clay",,3.5,,,,#6b5a4a,6-11,heavy,BIAR,Bidens aristosa (Michx.) Britton,Forb/herb,CAN:I|L48:N,Single Crown,Erect,Coarse,Moderate,Porous,No,Yes,Yes,No,Late Summer,"Spring, Summer, Fall",Summer,Fall,3.5,Medium,Low,High,No,Yes,Yes,5.0,7.0,no
small-beggarticks,small beggarticks,Bidens discoidea,mound,3-11,8,#e8d24a,,#5b7a4b,,,part-sun,high,"sandy,loamy,clay",,5.2,,,,#6b5a4a,9-11,heavy,BIDI,Bidens discoidea (Torr. & A. Gray) Britton,Forb/herb,CAN:N|L48:N,Single Crown,Erect,Coarse,Moderate,Porous,No,Yes,No,Yes,Late Summer,"Spring, Summer, Fall",Fall,Fall,5.2,Medium,Low,High,Yes,Yes,Yes,5.1,7.1,no
devil-s-beggartick,devil's beggartick,Bidens frondosa,mound,3-11,8,#e8d24a,,#5b7a4b,,,part-sun,medium,"sandy,loamy",,4,,,,#6b5a4a,6-11,heavy,BIFR,Bidens frondosa L.,Forb/herb,AK:I|CAN:I|L48:N,Single Crown,Erect,Coarse,Moderate,Porous,No,No,Yes,No,Late Summer,"Spring, Summer, Fall",Summer,Fall,4.0,Medium,Low,Medium,Yes,Yes,No,5.2,7.2,no
smooth-beggartick,smooth beggartick,Bidens laevis,mound,3-11,8,#e8d24a,,#5b7a4b,,,part-sun,high,"sandy,loamy,clay",,3.3,,,,#6b5a4a,6-11,heavy,BILA,"Bidens laevis (L.) Britton, Sterns & Poggenb.",Forb/herb,L48:N,Single Crown,Erect,Coarse,Moderate,Porous,No,Yes,No,Yes,Late Summer,"Spring, Summer, Fall",Summer,Fall,3.3,Medium,Low,High,Yes,Yes,Yes,5.0,7.0,no
white-doll-s-daisy,white doll's daisy,Boltonia asteroides,mound,6-8,7,#f1f1e2,,#5b7a4b,,,part-sun,medium,"sandy,loamy",,8,,,,#6b5a4a,6-11,heavy,BOAS,Boltonia asteroides (L.) L'Hér.,Forb/herb,CAN:N|L48:N,Single Crown,Erect,Coarse,Moderate,Porous,No,Yes,No,No,Mid Summer,Summer,Summer,Fall,8.0,Medium,Low,Medium,Yes,Yes,No,5.3,7.0,no
cane-bluestem,cane bluestem,Bothriochloa barbinodis,grass,6-11,,#e8d24a,,#5b7a4b,,,full-sun,medium,"sandy,loamy",,4,,,,#6b5a4a,1-12,moderate,BOBA3,Bothriochloa barbinodis (Lag.) Herter,Graminoid,HI:I|L48:N,Bunch,Erect,Medium,Dense,Porous,No,No,No,No,Indeterminate,Summer and Fall,Year Round,,4.0,High,High,Medium,Yes,Yes,No,7.0,8.2,no
sideoats-grama,sideoats grama,Bouteloua curtipendula,grass,6-8,7,#e8d24a,,#5b7a4b,,,full-sun,medium,"sandy,loamy,clay",,3,,,,#6b5a4a,6-11,moderate,BOCU,Bouteloua curtipendula (Michx.) Torr.,Graminoid,CAN:N|HI:I|L48:N,Rhizomatous,Erect,Medium,Moderate,Porous,No,No,No,No,Mid Summer,Summer,Summer,Fall,3.0,High,Medium,Medium,Yes,Yes,Yes,6.0,8.5,yes
smallspike-false-nettle,smallspike false nettle,Boehmeria cylindrica,mound,3-5,,#e8d24a,,#5b7a4b,,,shade,medium,"loamy,clay",,3.9,,,,,3-11,light,BOCY,Boehmeria cylindrica (L.) Sw.,Forb/herb,CAN:N|L48:N|PR:N,Bunch,Erect,Medium,Moderate,Porous,No,No,No,No,Indeterminate,Spring,Spring,Fall,3.9,Low,Low,Medium,No,Yes,Yes,5.1,7.0,no
buffalograss,buffalograss,Bouteloua dactyloides,grass,6-8,7,#e8d24a,,,,,full-sun,medium,"loamy,clay",,0.5,,,,#6b5a4a,6-8,moderate,BODA2,Bouteloua dactyloides (Nutt.) J.T. Columbus,Graminoid,CAN:N|L48:N,Stoloniferous,Decumbent,Fine,Porous,Porous,No,No,No,No,Mid Summer,Summer,Summer,Summer,0.5,High,High,Medium,No,Yes,Yes,6.5,8.0,yes
black-grama,black grama,Bouteloua eriopoda,grass,6-11,7,#e8d24a,,#5b7a4b,,,full-sun,medium,"sandy,loamy",,2,,,,#6b5a4a,6-11,heavy,BOER4,Bouteloua eriopoda (Torr.) Torr.,Graminoid,L48:N,Stoloniferous,Decumbent,Fine,Porous,Porous,No,No,No,No,Mid Summer,Summer and Fall,Summer,Fall,2.0,High,High,Medium,Yes,Yes,No,7.0,8.7,no
bushy-seaside-tansy,bushy seaside tansy,Borrichia frutescens,mound,3-5,,#e8d24a,,#5b7a4b,,,full-sun,medium,"sandy,loamy,clay",,2.6,,,,#3a3a34,3-11,heavy,BOFR,Borrichia frutescens (L.) DC.,Subshrub,L48:N,Rhizomatous,Erect,Coarse,Moderate,Porous,No,No,No,No,Indeterminate,Spring,Spring,Fall,2.6,High,Low,Medium,Yes,Yes,Yes,6.1,7.5,no
blue-grama,blue grama,Bouteloua gracilis,grass,6-11,7,#e8d24a,,#5b7a4b,,,full-sun,medium,"sandy,loamy,clay",,1,,,,#6b5a4a,6-8,moderate,BOGR2,Bouteloua gracilis (Willd. ex Kunth) Lag. ex Griffiths,Graminoid,CAN:N|L48:N,Colonizing,Erect,Medium,Porous,Porous,No,No,No,No,Mid Summer,Summer and Fall,Summer,Summer,1.0,High,High,Medium,Yes,Yes,Yes,6.6,8.4,yes
hairy-grama,hairy grama,Bouteloua hirsuta,grass,6-8,3-5,,,#5b7a4b,,,full-sun,low,"sandy,loamy",,0.5,,,,#6b5a4a,3-11,moderate,BOHI2,Bouteloua hirsuta Lag.,Graminoid,L48:N,Colonizing,Decumbent,Fine,Porous,Porous,No,No,No,No,Spring,Summer,Spring,Fall,0.5,High,High,Low,Yes,Yes,No,6.0,7.2,no
sturdy-bulrush,sturdy bulrush,Bolboschoenus robustus,grass,6-8,8,#b3261e,,#5b7a4b,,,full-sun,high,"loamy,clay",,4.9,,,,#6b5a4a,6-11,light,BORO5,Bolboschoenus robustus (Pursh) Soják,Graminoid,L48:N,Rhizomatous,Erect,Medium,Moderate,Porous,No,No,No,No,Late Summer,Summer,Summer,Fall,4.9,High,Low,High,No,Yes,Yes,6.4,8.4,no
rattlesnake-fern,rattlesnake fern,Botrychium virginianum,mound,3-8,5,,,#5b7a4b,,,shade,medium,loamy,,1.4,,,,,6-8,,BOVI,Botrychium virginianum (L.) Sw.,Forb/herb,AK:N|CAN:N|L48:N,Rhizomatous,Erect,Fine,Porous,Porous,No,No,No,No,Late Spring,Spring and Summer,Summer,Summer,1.4,Low,Low,Medium,No,Yes,No,5.6,6.9,no
greenwhite-sedge,greenwhite sedge,Carex albolutescens,grass,3-5,3-5,#5b7a4b,,#5b7a4b,,,part-sun,medium,"loamy,clay",,3.9,,,,#e8d24a,3-11,moderate,CAAL5,Carex albolutescens Schwein.,Graminoid,L48:N,Bunch,Erect,Fine,Porous,Porous,No,No,No,No,Spring,Spring,Spring,Fall,3.9,Medium,Low,Medium,No,Yes,Yes,4.3,7.8,no
american-beautyberry,American beautyberry,Callicarpa americana,vase,3-8,6,#f1f1e2,,#5b7a4b,,,part-sun,low,"sandy,loamy,clay",,9,,,,#8f6fb3,6-11,heavy,CAAM2,Callicarpa americana L.,Shrub,L48:N,Multiple Stem,Semi-Erect,Medium,Dense,Moderate,No,Yes,Yes,Yes,Early Summer,Spring and Summer,Summer,Fall,9.0,Medium,Low,Low,Yes,Yes,Yes,5.8,7.2,yes
eastern-narrowleaf-sedge,eastern narrowleaf sedge,Carex amphibola,grass,3-8,5,#5b7a4b,,#5b7a4b,,,shade,medium,"loamy,clay",,2,,,,#6b5a4a,6-8,light,CAAM8,Carex amphibola Steud.,Graminoid,CAN:N|L48:N,Bunch,Semi-Erect,Medium,Moderate,Porous,No,No,No,No,Late Spring,Spring and Summer,Summer,Summer,2.0,Low,Low,Medium,No,Yes,Yes,5.9,7.0,no
water-hickory,water hickory,Carya aquatica,tree,3-8,4,#e8d24a,,#5b7a4b,,,part-sun,medium,"sandy,loamy,clay",,85,,,,#6b5a4a,6-11,moderate,CAAQ2,Carya aquatica (Michx. f.) Nutt.,Tree,L48:N,Single Stem,Erect,Coarse,Dense,Porous,No,No,No,No,Mid Spring,Spring and Summer,Summer,Fall,85.0,Medium,Medium,Medium,Yes,Yes,Yes,4.0,7.3,no
prickly-bog-sedge,prickly bog sedge,Carex atlantica,grass,3-8,5,#5b7a4b,,#5b7a4b,,,part-sun,high,"loamy,clay",,1.8,,,,#6b5a4a,6-8,light,CAAT4,Carex atlantica L.H. Bailey,Graminoid,CAN:N|L48:N,Bunch,Semi-Erect,Coarse,Dense,Porous,No,No,No,No,Late Spring,Spring and Summer,Summer,Summer,1.8,Medium,None,High,No,Yes,Yes,4.5,6.0,no
bicknell-s-sedge,Bicknell's sedge,Carex bicknellii,grass,3-8,5,#5b7a4b,,#5b7a4b,,,shade,low,"sandy,loamy,clay",,3.4,,,,#6b5a4a,6-8,light,CABI3,Carex bicknellii Britton,Graminoid,CAN:N|L48:N,Bunch,Erect,Fine,Moderate,Porous,No,No,No,No,Late Spring,Spring and Summer,Summer,Summer,3.4,Low,Medium,Low,Yes,Yes,Yes,4.5,6.6,no
southern-catalpa,southern catalpa,Catalpa bignonioides,tree,3-5,4,#f1f1e2,,#5b7a4b,,,part-sun,low,"sandy,loamy",,66,,,,#5b7a4b,6-8,moderate,CABI8,Catalpa bignonioides Walter,Tree,CAN:I|L48:N,Single Crown,Erect,Coarse,Dense,Porous,No,Yes,Yes,No,Mid Spring,Spring,Summer,Summer,66.0,Medium,Medium,Low,Yes,Yes,No,5.5,7.5,no
eastern-woodland-sedge,eastern woodland sedge,Carex blanda,grass,3-8,3-5,#5b7a4b,,#5b7a4b,,,shade,high,"loamy,clay",,2,,,,#6b5a4a,3-8,light,CABL,Carex blanda Dewey,Graminoid,CAN:N|L48:N,Bunch,Erect,Medium,Moderate,Porous,No,No,No,No,Spring,Spring and Summer,Spring,Summer,2.0,Low,Low,High,No,Yes,Yes,4.4,7.0,no
bulbous-bittercress,bulbous bittercress,Cardamine bulbosa,mound,3-5,4,#f1f1e2,,#5b7a4b,,,shade,medium,"loamy,clay",,1.4,,,,#3a3a34,3-5,heavy,CABU3,"Cardamine bulbosa (Schreb. ex Muhl.) Britton, Sterns & Poggenb.",Forb/herb,CAN:N|L48:N,Single Crown,Erect,Medium,Porous,Porous,No,Yes,No,No,Mid Spring,Spring,Spring,Spring,1.4,Low,None,Medium,No,Yes,Yes,5.0,6.8,no
bush-s-sedge,Bush's sedge,Carex bushii,grass,3-8,4,#5b7a4b,,#5b7a4b,,,part-sun,medium,"loamy,clay",,2,,,,#6b5a4a,3-8,light,CABU5,Carex bushii Mack.,Graminoid,L48:N,Bunch,Erect,Fine,Moderate,Porous,No,No,No,No,Mid Spring,Spring and Summer,Spring,Summer,2.0,Medium,Low,Medium,No,Yes,Yes,5.8,7.5,no
carolina-fanwort,Carolina fanwort,Cabomba caroliniana,mound,6-8,,#f1f1e2,,,,,part-sun,high,"sandy,loamy,clay",,,,,,,3-11,light,CACA,Cabomba caroliniana A. Gray,Forb/herb,CAN:N|L48:N,Multiple Stem,Prostrate,Fine,,,No,No,No,No,Indeterminate,Summer,Spring,Fall,,Medium,None,High,Yes,Yes,Yes,5.7,9.2,no
american-hornbeam,American hornbeam,Carpinus caroliniana,vase,3-8,4,#d98a3d,,#5b7a4b,,,shade,medium,"sandy,loamy",,30,,,,#6b5a4a,6-11,moderate,CACA18,Carpinus caroliniana Walter,Shrub,CAN:N|L48:N,Multiple Stem,Erect,Medium,Dense,Porous,No,Yes,No,Yes,Mid Spring,Spring and Summer,Summer,Fall,30.0,Low,Low,Medium,Yes,Yes,No,4.0,7.4,no
oval-leaf-sedge,oval-leaf sedge,Carex cephalophora,grass,3-8,5,#5b7a4b,,#5b7a4b,,,part-sun,low,"sandy,loamy",,2.6,,,,#6b5a4a,6-8,light,CACE,Carex cephalophora Muhl. ex Willd.,Graminoid,CAN:N|L48:N,Bunch,Erect,Medium,Porous,Porous,No,No,No,No,Late Spring,Spring and Summer,Summer,Summer,2.6,Medium,Medium,Low,Yes,Yes,No,4.8,7.0,no
fringed-sedge,fringed sedge,Carex crinita,grass,3-5,5,#5b7a4b,,#5b7a4b,,,part-sun,medium,"loamy,clay",,5.2,,,,#6b5a4a,6-11,moderate,CACR6,Carex crinita Lam.,Graminoid,CAN:N|L48:N,Bunch,Erect,Fine,Porous,Porous,No,No,No,No,Late Spring,Spring,Summer,Fall,5.2,Medium,Low,Medium,No,Yes,Yes,4.0,7.5,no
ravenfoot-sedge,ravenfoot sedge,Carex crus-corvi,grass,3-5,3-5,#5b7a4b,,#5b7a4b,,,part-sun,medium,"loamy,clay",,3,,,,#6b5a4a,3-8,light,CACR8,Carex crus-corvi Shuttlw. ex Kunze,Graminoid,CAN:N|L48:N,Bunch,Erect,Medium,Moderate,Porous,No,No,No,No,Spring,Spring,Spring,Summer,3.0,Medium,Medium,Medium,No,Yes,Yes,3.5,7.0,no
white-edge-sedge,white edge sedge,Carex debilis,grass,3-8,5,#5b7a4b,,#5b7a4b,,,shade,high,"sandy,loamy",,3,,,,#6b5a4a,6-8,light,CADE5,Carex debilis Michx.,Graminoid,CAN:N|L48:N|SPM:N,Bunch,Semi-Erect,Medium,Moderate,Porous,No,No,No,No,Late Spring,Spring and Summer,Summer,Summer,3.0,Low,None,High,Yes,Yes,No,4.6,6.6,no
thinfruit-sedge,thinfruit sedge,Carex flaccosperma,grass,3-8,5,#5b7a4b,,,,,shade,high,"loamy,clay",,1,,,,#6b5a4a,3-8,light,CAFL3,Carex flaccosperma Dewey,Graminoid,L48:N,Bunch,Erect,Medium,Moderate,Porous,No,No,No,No,Late Spring,Spring and Summer,Spring,Summer,1.0,Low,Low,High,No,Yes,Yes,4.6,7.1,no
frank-s-sedge,Frank's sedge,Carex frankii,grass,3-11,5,#5b7a4b,,#5b7a4b,,,shade,high,"loamy,clay",,2,,,,#6b5a4a,6-8,light,CAFR3,Carex frankii Kunth,Graminoid,CAN:N|L48:N,Rhizomatous,Erect,Medium,Moderate,Porous,No,No,No,No,Late Spring,"Spring, Summer, Fall",Summer,Summer,2.0,Low,Low,High,No,Yes,Yes,5.9,7.2,no
pignut-hickory,pignut hickory,Carya glabra,tree,3-8,4,#e8d24a,,#5b7a4b,,,part-sun,medium,"sandy,loamy",,80,,,,#6b5a4a,6-11,moderate,CAGL8,Carya glabra (Mill.) Sweet,Tree,CAN:N|L48:N,Single Stem,Erect,Coarse,Dense,Porous,No,No,Yes,Yes,Mid Spring,Spring and Summer,Summer,Fall,80.0,Medium,High,Medium,Yes,Yes,No,4.8,7.3,no
limestone-meadow-sedge,limestone meadow sedge,Carex granularis,grass,3-8,4,#5b7a4b,,#5b7a4b,,,shade,high,"loamy,clay",,2.5,,,,#6b5a4a,3-8,light,CAGR3,Carex granularis Muhl. ex Willd.,Graminoid,CAN:N|L48:N,Bunch,Erect,Medium,Moderate,Porous,No,No,No,No,Mid Spring,Spring and Summer,Spring,Summer,2.5,Low,Low,High,No,Yes,Yes,6.0,7.2,no
twoheaded-water-starwort,twoheaded water-starwort,Callitriche heterophylla,mound,3-11,3-5,#5b7a4b,,#5b7a4b,,,full-sun,high,"loamy,clay",,,,,,#5b7a4b,6-11,light,CAHE3,Callitriche heterophylla Pursh,Forb/herb,AK:N|CAN:N|GL:N|L48:N,Single Crown,Decumbent,Fine,Porous,Porous,No,No,No,No,Spring,"Spring, Summer, Fall",Summer,Fall,,High,None,High,No,Yes,Yes,5.2,6.8,no
shoreline-sedge,shoreline sedge,Carex hyalinolepis,grass,3-8,5,#5b7a4b,,,,,part-sun,high,"loamy,clay",,4,,,,#6b5a4a,3-8,light,CAHY3,Carex hyalinolepis Steud.,Graminoid,CAN:N|L48:N,Rhizomatous,Erect,Medium,Moderate,Porous,No,No,No,No,Late Spring,Spring and Summer,Spring,Summer,4.0,Medium,Low,High,No,Yes,Yes,5.6,7.9,no
pecan,pecan,Carya illinoinensis,tree,3-8,3,#e8d24a,,,,,full-sun,high,"sandy,loamy,clay",,120,,,,#6b5a4a,6-11,heavy,CAIL2,Carya illinoinensis (Wangenh.) K. Koch,Tree,L48:N,Single Stem,Erect,Fine,Dense,Porous,No,No,Yes,No,Early Spring,Spring and Summer,Summer,Fall,120.0,High,Low,High,Yes,Yes,Yes,4.5,7.5,yes
greater-bladder-sedge,greater bladder sedge,Carex intumescens,grass,3-11,5,#5b7a4b,,,,,shade,high,"loamy,clay",,3,,,,#6b5a4a,6-11,light,CAIN12,Carex intumescens Rudge,Graminoid,CAN:N|L48:N|SPM:N,Bunch,Erect,Medium,Moderate,Porous,No,No,No,No,Late Spring,"Spring, Summer, Fall",Summer,Fall,3.0,Low,None,High,No,Yes,Yes,4.8,6.9,no
purple-poppymallow,purple poppymallow,Callirhoe involucrata,mound,3-8,4,#b3261e,,,,,full-sun,medium,"sandy,loamy",,1,,,,#6b5a4a,3-8,moderate,CAIN2,Callirhoe involucrata (Torr. & A. Gray) A. Gray,Forb/herb,L48:N,Stoloniferous,Decumbent,Coarse,Porous,Porous,No,Yes,No,No,Mid Spring,Spring and Summer,Spring,Summer,1.0,High,Medium,Medium,Yes,Yes,No,5.5,7.5,yes
cypress-swamp-sedge,cypress swamp sedge,Carex joorii,grass,3-11,7,#5b7a4b,,#5b7a4b,,,shade,high,"sandy,loamy",,4.5,,,,#6b5a4a,6-11,light,CAJO2,Carex joorii L.H. Bailey,Graminoid,L48:N,Rhizomatous,Semi-Erect,Coarse,Dense,Porous,No,No,No,No,Mid Summer,"Spring, Summer, Fall",Summer,Fall,4.5,Low,None,High,Yes,Yes,No,4.7,7.3,no
hop-sedge,hop sedge,Carex lupulina,grass,3-5,3-5,#5b7a4b,,#5b7a4b,,,part-sun,medium,"loamy,clay",,4.3,,,,#e8d24a,3-11,moderate,CALU4,Carex lupulina Muhl. ex Willd.,Graminoid,CAN:N|L48:N,Bunch,Erect,Fine,Porous,Porous,No,No,No,No,Spring,Spring,Spring,Fall,4.3,Medium,Low,Medium,No,Yes,Yes,6.2,7.0,no
shallow-sedge,shallow sedge,Carex lurida,grass,3-5,3-5,#5b7a4b,,#5b7a4b,,,part-sun,medium,"sandy,loamy,clay",,3.2,,,,#e8d24a,6-11,moderate,CALU5,Carex lurida Wahlenb.,Graminoid,CAN:N|L48:N,Bunch,Erect,Fine,Porous,Porous,No,No,No,No,Spring,Spring,Summer,Fall,3.2,Medium,Low,Medium,Yes,Yes,Yes,4.9,6.8,no
nutmeg-hickory,nutmeg hickory,Carya myristiciformis,tree,3-8,4,#e8d24a,,#5b7a4b,,,full-sun,medium,"loamy,clay",,95,,,,#6b5a4a,6-11,moderate,CAMY,Carya myristiciformis (Michx. f.) Nutt.,Tree,L48:N,Single Stem,Erect,Coarse,Moderate,Porous,No,No,Yes,Yes,Mid Spring,Spring and Summer,Summer,Fall,95.0,High,Low,Medium,No,Yes,Yes,4.7,6.5,no
pennsylvania-bittercress,Pennsylvania bittercress,Cardamine pensylvanica,mound,3-5,3,#f1f1e2,,#5b7a4b,,,shade,medium,"sandy,loamy,clay",,1.5,,,,#3a3a34,3-8,heavy,CAPE3,Cardamine pensylvanica Muhl. ex Willd.,Forb/herb,AK:N|CAN:N|L48:N|SPM:N,Single Crown,Erect,Fine,Porous,Porous,No,Yes,No,No,Early Spring,Spring,Spring,Summer,1.5,Low,None,Medium,Yes,Yes,Yes,4.8,6.8,no
chinquapin,chinquapin,Castanea pumila,vase,3-8,3-5,#e8d24a,,#5b7a4b,,,part-sun,low,"sandy,loamy",,20,,,,#6b5a4a,6-11,light,CAPU9,Castanea pumila (L.) Mill.,Shrub,L48:N,Multiple Stem,Erect,Coarse,Dense,Porous,No,No,Yes,No,Spring,Spring and Summer,Summer,Fall,20.0,Medium,High,Low,Yes,Yes,No,4.5,6.6,no
trumpet-creeper,trumpet creeper,Campsis radicans,low-climber,3-8,6-8,#b3261e,,#5b7a4b,,,full-sun,low,"sandy,loamy",,2,,,,#6b5a4a,6-11,heavy,CARA2,Campsis radicans (L.) Seem. ex Bureau,Vine,CAN:N|L48:N,Single Crown,Climbing,Coarse,Moderate,Porous,No,Yes,Yes,Yes,Summer,Spring and Summer,Summer,Fall,2.0,High,High,Low,Yes,Yes,No,4.9,6.8,yes
atlantic-camas,Atlantic camas,Camassia scilloides,mound,3-8,4,#5b7ea3,,#5b7a4b,,,shade,medium,"loamy,clay",,2.5,,,,#6b5a4a,3-5,light,CASC5,Camassia scilloides (Raf.) Cory,Forb/herb,CAN:N|L48:N,Single Crown,Erect,Coarse,Porous,Porous,No,Yes,No,No,Mid Spring,Spring and Summer,Spring,Spring,2.5,Low,Low,Medium,No,Yes,Yes,4.2,6.5,no
northern-catalpa,northern catalpa,Catalpa speciosa,tree,3-5,6,#f1f1e2,,,,,full-sun,low,"sandy,loamy",,60,,,,#6b5a4a,9-11,moderate,CASP8,Catalpa speciosa (Warder) Warder ex Engelm.,Tree,CAN:I|L48:N,Single Stem,Erect,Medium,Dense,Porous,No,Yes,Yes,Yes,Early Summer,Spring,Fall,Fall,60.0,High,Medium,Low,Yes,Yes,No,5.5,7.0,no
upright-sedge,upright sedge,Carex stricta,grass,3-5,3-5,#5b7a4b,,#5b7a4b,,,shade,medium,"sandy,loamy,clay",,4.2,,,,#e8d24a,6-11,moderate,CAST8,Carex stricta Lam.,Graminoid,CAN:N|L48:N,Bunch,Erect,Fine,Porous,Porous,No,No,No,No,Spring,Spring,Summer,Fall,4.2,Low,Low,Medium,Yes,Yes,Yes,3.5,7.0,no
mockernut-hickory,mockernut hickory,Carya tomentosa,tree,3-8,4,#e8d24a,,#5b7a4b,,,part-sun,medium,"sandy,loamy,clay",,85,,,,#6b5a4a,6-11,moderate,CATO6,Carya tomentosa (Lam.) Nutt.,Tree,L48:N,Single Stem,Erect,Coarse,Dense,Porous,No,No,Yes,Yes,Mid Spring,Spring and Summer,Summer,Fall,85.0,Medium,Medium,Medium,Yes,Yes,Yes,4.7,6.9,no
blunt-broom-sedge,blunt broom sedge,Carex tribuloides,grass,3-8,5,#5b7a4b,,#5b7a4b,,,shade,medium,"loamy,clay",,3,,,,#6b5a4a,6-8,light,CATR7,Carex tribuloides Wahlenb.,Graminoid,CAN:N|L48:N,Bunch,Erect,Coarse,Moderate,Porous,No,No,No,No,Late Spring,Spring and Summer,Summer,Summer,3.0,Low,Low,Medium,No,Yes,Yes,4.8,7.0,no
fox-sedge,fox sedge,Carex vulpinoidea,grass,3-5,3-5,#5b7a4b,,#5b7a4b,,,part-sun,medium,"loamy,clay",,3.2,,,,#e8d24a,6-11,moderate,CAVU2,Carex vulpinoidea Michx.,Graminoid,CAN:N|L48:N|SPM:N,Bunch,Erect,Fine,Porous,Porous,No,No,No,No,Spring,Spring,Summer,Fall,3.2,Medium,Low,Medium,No,Yes,Yes,6.8,8.9,no
new-jersey-tea,New Jersey tea,Ceanothus americanus,vase,3-8,5,#5b7ea3,,#5b7a4b,,,shade,low,"sandy,loamy",,3,,,,#6b5a4a,6-11,light,CEAM,Ceanothus americanus L.,Shrub,CAN:N|L48:N,Multiple Stem,Semi-Erect,Medium,Dense,Moderate,No,No,No,No,Late Spring,Spring and Summer,Summer,Fall,3.0,Low,High,Low,Yes,Yes,No,4.3,6.5,no
eastern-redbud,eastern redbud,Cercis canadensis,vase,3-8,3-5,#8f6fb3,,#5b7a4b,,,shade,low,"loamy,clay",,30,,,,#6b5a4a,3-8,moderate,CECA4,Cercis canadensis L.,Shrub,CAN:N|L48:N,Multiple Stem,Erect,Coarse,Moderate,Porous,No,Yes,Yes,No,Spring,Spring and Summer,Spring,Summer,30.0,Low,High,Low,No,Yes,Yes,5.0,7.9,yes
coon-s-tail,coon's tail,Ceratophyllum demersum,mound,6-8,6-8,#5b7ea3,,,,,part-sun,high,"sandy,loamy,clay",,,,,,#f1f1e2,6-11,light,CEDE4,Ceratophyllum demersum L.,Forb/herb,AK:N|CAN:N|HI:I|L48:N|PR:N|VI:N,Multiple Stem,Prostrate,Fine,Porous,Porous,No,No,No,No,Summer,Summer,Summer,Fall,,Medium,None,High,Yes,Yes,Yes,6.0,8.6,no
spiny-hackberry,spiny hackberry,Celtis ehrenbergiana,vase,6-11,3-5,#b3261e,,#5b7a4b,,,full-sun,low,"sandy,loamy",,10,,,,#6b5a4a,6-11,moderate,CEEH,Celtis ehrenbergiana (Klotzsch) Liebm.,Shrub,L48:N,Thicket Forming,Rounded,Medium,Moderate,Porous,No,No,Yes,No,Spring,Summer and Fall,Summer,Fall,10.0,High,High,Low,Yes,Yes,No,7.0,8.5,no
desert-ceanothus,desert ceanothus,Ceanothus greggii,vase,3-8,3,#5b7ea3,,,,,full-sun,low,"sandy,loamy,clay",,7,,,,#6b5a4a,3-5,moderate,CEGR,Ceanothus greggii A. Gray,Shrub,L48:N,Multiple Stem,Erect,Coarse,Moderate,Porous,Yes,Yes,Yes,No,Early Spring,Spring and Summer,Spring,Spring,7.0,High,High,Low,Yes,Yes,Yes,6.2,8.5,no
sugarberry,sugarberry,Celtis laevigata,vase,3-8,3,#5b7a4b,,#5b7a4b,,,shade,high,"loamy,clay",,80,,,,#d98a3d,6-11,heavy,CELA,Celtis laevigata Willd.,Shrub,L48:N,Single Stem,Erect,Medium,Moderate,Porous,No,No,No,Yes,Early Spring,Spring and Summer,Summer,Fall,80.0,Low,Low,High,No,Yes,Yes,4.4,7.7,yes
alderleaf-mountain-mahogany,alderleaf mountain mahogany,Cercocarpus montanus,vase,3-8,5,#f1f1e2,,#5b7a4b,,,part-sun,low,"sandy,loamy",,15,,,,#6b5a4a,6-11,moderate,CEMO2,Cercocarpus montanus Raf.,Shrub,L48:N,Multiple Stem,Erect,Coarse,Dense,Porous,No,No,No,No,Late Spring,Spring and Summer,Summer,Fall,15.0,Medium,High,Low,Yes,Yes,No,6.0,8.0,no
common-hackberry,common hackberry,Celtis occidentalis,vase,3-8,4,#5b7a4b,,#5b7a4b,,,shade,low,"sandy,loamy,clay",,60,,,,#8f6fb3,6-11,heavy,CEOC,Celtis occidentalis L.,Shrub,CAN:N|L48:N,Single Stem,Erect,Coarse,Dense,Porous,No,No,No,Yes,Mid Spring,Spring and Summer,Summer,Fall,60.0,Low,High,Low,Yes,Yes,Yes,6.0,8.0,no
common-buttonbush,common buttonbush,Cephalanthus occidentalis,vase,3-5,6-8,#f1f1e2,,#5b7a4b,,,shade,high,"sandy,loamy,clay",,15,,,,#f1f1e2,9-11,moderate,CEOC2,Cephalanthus occidentalis L.,Shrub,CAN:N|L48:N,Multiple Stem,Erect,Coarse,Moderate,Porous,No,Yes,Yes,No,Summer,Spring,Fall,Fall,15.0,Low,Medium,High,Yes,Yes,Yes,4.7,8.6,no
partridge-pea,partridge pea,Chamaecrista fasciculata,mound,3-5,6,#e8d24a,,#5b7a4b,,,shade,medium,"sandy,loamy",,2.4,,,,#6b5a4a,6-8,heavy,CHFA2,Chamaecrista fasciculata (Michx.) Greene,Forb/herb,L48:N,Bunch,Erect,Medium,Moderate,Porous,No,Yes,No,No,Early Summer,Spring,Summer,Summer,2.4,Low,Medium,Medium,Yes,Yes,No,6.5,7.5,no
indian-woodoats,Indian woodoats,Chasmanthium latifolium,grass,3-5,6-8,#5b7a4b,,#5b7a4b,,,shade,medium,"sandy,loamy,clay",,4.6,,,,#3a3a34,6-11,heavy,CHLA5,Chasmanthium latifolium (Michx.) Yates,Graminoid,L48:N,Rhizomatous,Erect,Fine,Porous,Porous,No,No,Yes,No,Summer,Spring,Summer,Fall,4.6,Low,Medium,Medium,Yes,Yes,Yes,5.0,7.0,no
slender-woodoats,slender woodoats,Chasmanthium laxum,grass,3-5,6-8,#5b7a4b,,#5b7a4b,,,shade,medium,"sandy,loamy,clay",,3.3,,,,#3a3a34,6-11,moderate,CHLA6,Chasmanthium laxum (L.) Yates,Graminoid,L48:N,Rhizomatous,Erect,Fine,Porous,Porous,No,No,No,No,Summer,Spring,Summer,Fall,3.3,Low,Medium,Medium,Yes,Yes,Yes,4.5,7.0,no
desert-willow,desert willow,Chilopsis linearis,vase,3-11,4,#8f6fb3,,,,,part-sun,low,"sandy,loamy",,25,,,,#6b5a4a,6-11,moderate,CHLI2,Chilopsis linearis (Cav.) Sweet,Shrub,L48:N,Multiple Stem,Erect,Medium,Moderate,Porous,No,Yes,Yes,No,Mid Spring,"Spring, Summer, Fall",Summer,Fall,25.0,Medium,High,Low,Yes,Yes,No,7.0,8.5,yes
longleaf-woodoats,longleaf woodoats,Chasmanthium sessiliflorum,grass,3-8,8,#e8d24a,,#5b7a4b,,,full-sun,medium,"loamy,clay",,5,,,,#b3261e,6-11,moderate,CHSE2,Chasmanthium sessiliflorum (Poir.) Yates,Graminoid,L48:N,Rhizomatous,Erect,Medium,Porous,Porous,No,No,No,No,Late Summer,Spring and Summer,Summer,Fall,5.0,High,High,Medium,No,Yes,Yes,5.5,7.2,no
white-fringetree,white fringetree,Chionanthus virginicus,vase,3-8,4,#f1f1e2,,#5b7a4b,,,shade,high,"sandy,loamy",,25,,,,#5b7ea3,6-8,heavy,CHVI3,Chionanthus virginicus L.,Shrub,L48:N,Multiple Stem,Erect,Medium,Dense,Porous,No,Yes,Yes,No,Mid Spring,Spring and Summer,Summer,Summer,25.0,Low,Medium,High,Yes,Yes,No,4.5,6.5,no
jamaica-swamp-sawgrass,Jamaica swamp sawgrass,Cladium mariscus ssp. jamaicense,grass,6-8,6-8,#5b7a4b,,,,,full-sun,medium,"sandy,loamy,clay",,8.2,,,,#6b5a4a,6-11,moderate,CLMAJ,Cladium mariscus (L.) Pohl ssp. jamaicense (Crantz) Kük.,Graminoid,HI:N|L48:N|PR:N,Bunch,Erect,Medium,Dense,Porous,No,No,No,No,Summer,Summer,Summer,Fall,8.2,High,Low,Medium,Yes,Yes,Yes,4.5,8.6,no
devil-s-darning-needles,devil's darning needles,Clematis virginiana,low-climber,3-8,7,#f1f1e2,,#5b7a4b,,,part-sun,medium,"loamy,clay",,15,,,,#3a3a34,6-11,light,CLVI5,Clematis virginiana L.,Vine,CAN:N|L48:N,Single Crown,Climbing,Coarse,Porous,Porous,No,Yes,No,No,Mid Summer,Spring and Summer,Summer,Fall,15.0,Medium,Medium,Medium,No,Yes,Yes,5.0,6.8,no
canadian-horseweed,Canadian horseweed,Conyza canadensis,mound,3-11,,#f1f1e2,,#5b7a4b,,,full-sun,medium,"sandy,loamy,clay",,5,,,,#6b5a4a,,heavy,COCA5,Conyza canadensis (L.) Cronquist,Forb/herb,AK:I|CAN:N|HI:I|L48:N|NAV:N|PB:I|PR:N|SPM:N|VI:N,Single Crown,Erect,Coarse,Porous,Porous,No,Yes,No,No,Indeterminate,"Spring, Summer, Fall",,,5.0,High,Low,Medium,Yes,Yes,Yes,4.8,7.2,no
blue-mistflower,blue mistflower,Conoclinium coelestinum,mound,6-8,6-8,#5b7ea3,,#5b7a4b,,,shade,medium,"loamy,clay",,3.2,,,,,6-11,moderate,COCO13,Conoclinium coelestinum (L.) DC.,Forb/herb,CAN:I|L48:N,Single Crown,Erect,Medium,Moderate,Moderate,No,No,No,Yes,Summer,Summer,Summer,Fall,3.2,Low,Medium,Medium,No,Yes,Yes,5.5,7.5,no
cylinder-jointtail-grass,cylinder jointtail grass,Coelorachis cylindrica,grass,3-5,6-8,#5b7a4b,,#5b7a4b,,,part-sun,low,"sandy,loamy,clay",,3.2,,,,#6b5a4a,6-11,light,COCY,Coelorachis cylindrica (Michx.) Nash,Graminoid,L48:N,Rhizomatous,Erect,Fine,Porous,Porous,No,No,No,No,Summer,Spring,Summer,Fall,3.2,Medium,High,Low,Yes,Yes,Yes,4.0,7.0,no
roughleaf-dogwood,roughleaf dogwood,Cornus drummondii,vase,3-8,4,#f1f1e2,,#5b7a4b,,,part-sun,low,"loamy,clay",,20,,,,#f1f1e2,6-11,moderate,CODR,Cornus drummondii C.A. Mey.,Shrub,CAN:N|L48:N,Multiple Stem,Erect,Medium,Dense,Porous,No,Yes,Yes,Yes,Mid Spring,Spring and Summer,Summer,Fall,20.0,Medium,Low,Low,No,Yes,Yes,4.5,7.5,yes
flowering-dogwood,flowering dogwood,Cornus florida,vase,3-8,3,#f1f1e2,,#5b7a4b,,,shade,low,"sandy,loamy",,30,,,,#b3261e,3-11,moderate,COFL2,Cornus florida L.,Shrub,CAN:N|L48:N,Multiple Stem,Erect,Medium,Porous,Porous,No,Yes,Yes,Yes,Early Spring,Spring and Summer,Spring,Fall,30.0,Low,Low,Low,Yes,Yes,No,4.8,7.7,no
lanceleaf-tickseed,lanceleaf tickseed,Coreopsis lanceolata,mound,3-8,8,#e8d24a,,#5b7a4b,,,full-sun,medium,"loamy,clay",,2,,,,#3a3a34,9-11,heavy,COLA5,Coreopsis lanceolata L.,Forb/herb,CAN:N|HI:I|L48:N|PB:I,Single Crown,Erect,Medium,Dense,Porous,No,Yes,Yes,Yes,Late Summer,Spring and Summer,Fall,Fall,2.0,High,Low,Medium,No,Yes,Yes,6.0,7.0,yes
golden-tickseed,golden tickseed,Coreopsis tinctoria,mound,3-8,5,#e8d24a,,#5b7a4b,,,part-sun,high,"loamy,clay",,3,,,,#6b5a4a,6-8,heavy,COTI3,Coreopsis tinctoria Nutt.,Forb/herb,CAN:N|HI:W|L48:N,Single Crown,Erect,Medium,Porous,Porous,No,Yes,No,No,Late Spring,Spring and Summer,Summer,Summer,3.0,Medium,Low,High,No,Yes,Yes,5.2,7.8,no
virginia-dayflower,Virginia dayflower,Commelina virginica,mound,6-11,7,#5b7ea3,,#5b7a4b,,,shade,medium,"loamy,clay",,3.5,,,,#b3261e,6-11,moderate,COVI3,Commelina virginica L.,Forb/herb,L48:N|PR:N,Rhizomatous,Erect,Medium,Moderate,Porous,No,Yes,No,No,Mid Summer,Summer and Fall,Summer,Fall,3.5,Low,Low,Medium,No,Yes,Yes,4.7,6.7,no
cockspur-hawthorn,cockspur hawthorn,Crataegus crus-galli,vase,3-8,5,#f1f1e2,,#5b7a4b,,,full-sun,low,"sandy,loamy,clay",,30,,,,#b3261e,6-11,heavy,CRCR2,Crataegus crus-galli L.,Shrub,CAN:N|L48:N,Single Stem,Erect,Medium,Dense,Moderate,No,Yes,Yes,Yes,Late Spring,Spring and Summer,Summer,Fall,30.0,High,High,Low,Yes,Yes,Yes,4.5,7.2,no
parsley-hawthorn,parsley hawthorn,Crataegus marshallii,vase,3-8,4,#f1f1e2,,#5b7a4b,,,shade,medium,"loamy,clay",,25,,,,#b3261e,6-11,moderate,CRMA5,Crataegus marshallii Eggl.,Shrub,L48:N,Single Stem,Erect,Medium,Moderate,Porous,No,Yes,Yes,Yes,Mid Spring,Spring and Summer,Summer,Fall,25.0,Low,Low,Medium,No,Yes,Yes,5.8,7.2,no
green-hawthorn,green hawthorn,Crataegus viridis,vase,3-8,3,#f1f1e2,,,,,full-sun,high,"loamy,clay",,30,,,,#b3261e,3-11,moderate,CRVI2,Crataegus viridis L.,Shrub,L48:N,Multiple Stem,Erect,Fine,Dense,Moderate,No,Yes,Yes,Yes,Early Spring,Spring and Summer,Spring,Fall,30.0,High,Low,High,No,Yes,Yes,4.3,7.3,no
missouri-gourd,Missouri gourd,Cucurbita foetidissima,mound,3-8,6-8,#e8d24a,,#5b7a4b,,,full-sun,low,"sandy,loamy,clay",,1,,,,#e8d24a,6-11,heavy,CUFO,Cucurbita foetidissima Kunth,Forb/herb,L48:N,Single Crown,Prostrate,Coarse,Porous,Porous,No,Yes,Yes,No,Summer,Spring and Summer,Summer,Fall,1.0,High,High,Low,Yes,Yes,Yes,7.0,8.8,no
tapertip-flatsedge,tapertip flatsedge,Cyperus acuminatus,grass,3-8,5,#5b7a4b,,#5b7a4b,,,part-sun,high,"loamy,clay",,1.3,,,,#5b7a4b,6-11,moderate,CYAC2,Cyperus acuminatus Torr. & Hook. ex Torr.,Graminoid,CAN:N|L48:N,Bunch,Erect,Fine,Porous,Porous,No,No,No,No,Late Spring,Spring and Summer,Summer,Fall,1.3,Medium,None,High,No,Yes,Yes,4.9,6.8,no
poorland-flatsedge,poorland flatsedge,Cyperus compressus,grass,6-11,8,#5b7a4b,,#5b7a4b,,,full-sun,medium,"sandy,loamy",,1,,,,#6b5a4a,9-11,moderate,CYCO,Cyperus compressus L.,Graminoid,HI:I|L48:N|PB:I|PR:N|VI:N,Bunch,Semi-Erect,Fine,Moderate,Porous,No,No,No,No,Late Summer,Summer and Fall,Fall,Fall,1.0,High,Low,Medium,Yes,Yes,No,5.0,6.5,no
redroot-flatsedge,redroot flatsedge,Cyperus erythrorhizos,grass,6-11,7,#5b7a4b,,,,,full-sun,medium,"sandy,loamy",,2.5,,,,#f1f1e2,6-11,heavy,CYER2,Cyperus erythrorhizos Muhl.,Graminoid,CAN:N|L48:N,Bunch,Erect,Coarse,Moderate,Porous,No,No,No,No,Mid Summer,Summer and Fall,Summer,Fall,2.5,High,Medium,Medium,Yes,Yes,No,5.0,6.5,no
yellow-nutsedge,yellow nutsedge,Cyperus esculentus,grass,6-11,7,#5b7a4b,,#5b7a4b,,,full-sun,low,"sandy,loamy,clay",,0.7,,,,#e8d24a,6-11,moderate,CYES,Cyperus esculentus L.,Graminoid,CAN:I|HI:I|L48:I|L48:N|PR:I|VI:I,Rhizomatous,Semi-Erect,Medium,Moderate,Porous,No,No,No,No,Mid Summer,Summer and Fall,Summer,Fall,0.7,High,Medium,Low,Yes,Yes,Yes,5.0,7.0,no
haspan-flatsedge,haspan flatsedge,Cyperus haspan,grass,3-5,5,#6b5a4a,,#5b7a4b,,,full-sun,medium,"sandy,loamy,clay",,3.2,,,,#f1f1e2,6-11,moderate,CYHA,Cyperus haspan L.,Graminoid,HI:I|L48:N|PB:N|PR:N,Bunch,Erect,Medium,Moderate,Porous,No,No,Yes,No,Late Spring,Spring,Summer,Fall,3.2,High,Low,Medium,Yes,Yes,Yes,4.5,7.5,no
fragrant-flatsedge,fragrant flatsedge,Cyperus odoratus,grass,6-11,8,#6b5a4a,,#5b7a4b,,,full-sun,medium,"sandy,loamy",,2,,,,#3a3a34,6-11,moderate,CYOD,Cyperus odoratus L.,Graminoid,CAN:N|HI:N|L48:N|PB:N|PR:N|VI:N,Bunch,Erect,Fine,Moderate,Porous,No,No,No,No,Late Summer,Summer and Fall,Summer,Fall,2.0,High,Low,Medium,Yes,Yes,No,5.0,8.3,no
manyspike-flatsedge,manyspike flatsedge,Cyperus polystachyos,grass,"3,4,5,9,10,11",7,#5b7a4b,,#5b7a4b,,,full-sun,medium,"sandy,loamy,clay",,1.6,,,,#6b5a4a,6-11,moderate,CYPO,Cyperus polystachyos Rottb.,Graminoid,HI:N|L48:N|PB:I|PB:N|PR:N|VI:N,Bunch,Semi-Erect,Fine,Moderate,Porous,No,No,No,No,Mid Summer,Spring and Fall,Summer,Fall,1.6,High,Low,Medium,Yes,Yes,Yes,4.5,6.5,no
marsh-flatsedge,marsh flatsedge,Cyperus pseudovegetus,grass,3-11,5,#5b7a4b,,#5b7a4b,,,full-sun,high,"sandy,loamy,clay",,2.5,,,,#3a3a34,6-11,moderate,CYPS,Cyperus pseudovegetus Steud.,Graminoid,L48:N,Bunch,Erect,Fine,Moderate,Porous,No,No,No,No,Late Spring,"Spring, Summer, Fall",Summer,Fall,2.5,High,None,High,Yes,Yes,Yes,4.6,6.8,no
strawcolored-flatsedge,strawcolored flatsedge,Cyperus strigosus,grass,3-5,6-8,#6b5a4a,,#5b7a4b,,,full-sun,medium,"loamy,clay",,3.2,,,,#b3261e,6-11,moderate,CYST,Cyperus strigosus L.,Graminoid,CAN:N|L48:N,Bunch,Erect,Fine,Moderate,Porous,No,No,Yes,No,Summer,Spring,Summer,Fall,3.2,High,Low,Medium,No,Yes,Yes,6.4,7.0,no
white-prairie-clover,white prairie clover,Dalea candida var. candida,mound,3-8,7,#f1f1e2,,#5b7a4b,,,part-sun,medium,"sandy,loamy,clay",,2,,,,#6b5a4a,6-11,light,DACAC,Dalea candida Michx. ex Willd. var. candida,Forb/herb,CAN:N|L48:N,Multiple Stem,Decumbent,Coarse,Porous,Porous,No,No,No,No,Mid Summer,Spring and Summer,Summer,Fall,2.0,Medium,Medium,Medium,Yes,Yes,Yes,6.0,8.0,no
purple-prairie-clover,purple prairie clover,Dalea purpurea var. purpurea,mound,3-8,6-8,#8f6fb3,,#5b7a4b,,,full-sun,medium,"sandy,loamy,clay",,3,,,,#6b5a4a,3-8,moderate,DAPUP,Dalea purpurea Vent. var. purpurea,Forb/herb,CAN:N|L48:N,Multiple Stem,Erect,Coarse,Porous,Porous,No,Yes,No,No,Summer,Spring and Summer,Spring,Summer,3.0,High,Medium,Medium,Yes,Yes,Yes,6.0,8.0,no
illinois-bundleflower,Illinois bundleflower,Desmanthus illinoensis,mound,3-8,6,#f1f1e2,,#5b7a4b,,,full-sun,medium,"sandy,loamy,clay",,3,,,,#6b5a4a,6-8,moderate,DEIL,Desmanthus illinoensis (Michx.) MacMill. ex B.L. Rob. & Fernald,Forb/herb,L48:N,Multiple Stem,Erect,Fine,Porous,Porous,No,Yes,No,No,Early Summer,Spring and Summer,Summer,Summer,3.0,High,Medium,Medium,Yes,Yes,Yes,5.0,8.0,no
panicledleaf-ticktrefoil,panicledleaf ticktrefoil,Desmodium paniculatum,mound,3-8,8,#8f6fb3,,#5b7a4b,,,part-sun,low,"loamy,clay",,3,,,,#6b5a4a,9-11,heavy,DEPA6,Desmodium paniculatum (L.) DC.,Forb/herb,CAN:N|L48:N,Single Crown,Erect,Medium,Moderate,Porous,No,Yes,Yes,Yes,Late Summer,Spring and Summer,Fall,Fall,3.0,Medium,Medium,Low,No,Yes,Yes,6.0,7.0,no
wild-tantan,wild tantan,Desmanthus virgatus,mound,3-8,,#f1f1e2,,,,,shade,low,"sandy,loamy,clay",,2,,,,#6b5a4a,1-12,light,DEVI3,Desmanthus virgatus (L.) Willd.,Forb/herb,L48:N|PB:I|PR:N|VI:N,Multiple Stem,Semi-Erect,Fine,Dense,Dense,Yes,No,Yes,Yes,Indeterminate,Spring and Summer,Year Round,Year Round,2.0,Low,High,Low,Yes,Yes,Yes,5.0,8.0,no
needleleaf-rosette-grass,needleleaf rosette grass,Dichanthelium aciculare,grass,6-8,6-8,#5b7a4b,,,,,part-sun,low,"sandy,loamy",,1.6,,,,#e8d24a,6-11,light,DIAC,Dichanthelium aciculare (Desv. ex Poir.) Gould & C.A. Clark,Graminoid,L48:N|PR:N,Bunch,Erect,Fine,Porous,Porous,No,No,No,No,Summer,Summer,Summer,Fall,1.6,Medium,High,Low,Yes,Yes,No,4.0,6.5,no
arizona-cottontop,Arizona cottontop,Digitaria californica,grass,3-8,8,#f1f1e2,,#5b7a4b,,,full-sun,low,"sandy,loamy",,4,,,,#6b5a4a,6-11,light,DICA8,Digitaria californica (Benth.) Henr.,Graminoid,L48:N,Bunch,Erect,Medium,Dense,Porous,No,No,No,No,Late Summer,Spring and Summer,Summer,Fall,4.0,High,High,Low,Yes,Yes,No,7.5,8.3,no
southern-crabgrass,southern crabgrass,Digitaria ciliaris,grass,6-11,8,#e8d24a,,#5b7a4b,,,full-sun,medium,"sandy,loamy,clay",,0.9,,,,#6b5a4a,9-11,heavy,DICI,Digitaria ciliaris (Retz.) Koeler,Graminoid,HI:I|L48:N|PB:I|PB:N|PR:N|VI:N,Stoloniferous,Decumbent,Fine,Porous,Porous,No,No,No,No,Late Summer,Summer and Fall,Fall,Fall,0.9,High,Low,Medium,Yes,Yes,Yes,5.0,7.0,no
deertongue,deertongue,Dichanthelium clandestinum,grass,3-8,6,,,#5b7a4b,,,part-sun,low,"sandy,loamy,clay",,2,,,,#6b5a4a,6-11,heavy,DICL,Dichanthelium clandestinum (L.) Gould,Graminoid,CAN:N|L48:N,Bunch,Semi-Erect,Medium,Dense,Porous,No,No,No,No,Early Summer,Spring and Summer,Summer,Fall,2.0,Medium,High,Low,Yes,Yes,Yes,4.0,7.5,no
variable-panicgrass,variable panicgrass,Dichanthelium commutatum,grass,6-8,6-8,#5b7a4b,,#5b7a4b,,,part-sun,low,"sandy,loamy",,4.9,,,,#e8d24a,6-11,light,DICO2,Dichanthelium commutatum (Schult.) Gould,Graminoid,L48:N,Bunch,Erect,Fine,Porous,Porous,No,No,No,No,Summer,Summer,Summer,Fall,4.9,Medium,Medium,Low,Yes,Yes,No,4.0,6.5,no
eggleaf-rosette-grass,eggleaf rosette grass,Dichanthelium ovale,grass,3-5,3-5,#5b7a4b,,#5b7a4b,,,shade,low,"sandy,loamy",,1.7,,,,#e8d24a,6-11,light,DIOV,Dichanthelium ovale (Elliott) Gould & C.A. Clark,Graminoid,L48:N|PR:N,Bunch,Erect,Fine,Porous,Porous,No,No,No,No,Spring,Spring,Summer,Fall,1.7,Low,High,Low,Yes,Yes,No,4.0,6.5,no
woolly-rosette-grass,woolly rosette grass,Dichanthelium scabriusculum,grass,6-8,6-8,#5b7a4b,,#5b7a4b,,,part-sun,medium,"sandy,loamy,clay",,2.5,,,,#e8d24a,6-11,light,DISC2,Dichanthelium scabriusculum (Elliott) Gould & C.A. Clark,Graminoid,L48:N,Bunch,Erect,Fine,Porous,Porous,No,No,No,No,Summer,Summer,Summer,Fall,2.5,Medium,Low,Medium,Yes,Yes,Yes,4.0,7.0,no
velvet-panicum,velvet panicum,Dichanthelium scoparium,grass,6-8,6-8,#5b7a4b,,,,,shade,medium,"sandy,loamy",,4.3,,,,#e8d24a,6-11,light,DISC3,Dichanthelium scoparium (Lam.) Gould,Graminoid,L48:N|PR:N,Bunch,Erect,Fine,Porous,Porous,No,No,No,No,Summer,Summer,Summer,Fall,4.3,Low,Low,Medium,Yes,Yes,No,4.5,7.5,no
saltgrass,saltgrass,Distichlis spicata,grass,3-11,7,#e8d24a,,#5b7a4b,,,full-sun,medium,"loamy,clay",,1.1,,,,#6b5a4a,6-11,light,DISP,Distichlis spicata (L.) Greene,Graminoid,CAN:N|HI:I|L48:N,Rhizomatous,Semi-Erect,Medium,Porous,Porous,No,No,No,No,Mid Summer,"Spring, Summer, Fall",Summer,Fall,1.1,High,Medium,Medium,No,Yes,Yes,6.4,10.0,no
common-persimmon,common persimmon,Diospyros virginiana,tree,3-8,5,#e8d24a,,,,,shade,medium,"sandy,loamy,clay",,55,,,,#d98a3d,6-12,heavy,DIVI5,Diospyros virginiana L.,Tree,L48:N,Single Crown,Irregular,Medium,Moderate,Porous,No,No,Yes,Yes,Late Spring,Spring and Summer,Summer,Winter,55.0,Low,Medium,Medium,Yes,Yes,Yes,4.7,7.5,no
clasping-coneflower,clasping coneflower,Dracopis amplexicaulis,mound,3-8,8,#e8d24a,,#5b7a4b,,,full-sun,high,"sandy,loamy,clay",,2,,,,#3a3a34,6-11,heavy,DRAM,Dracopis amplexicaulis (Vahl) Cass.,Forb/herb,L48:N,Single Stem,Erect,Medium,Porous,Porous,No,Yes,Yes,No,Late Summer,Spring and Summer,Summer,Fall,2.0,High,High,High,Yes,Yes,Yes,6.0,7.5,no
pale-purple-coneflower,pale purple coneflower,Echinacea pallida,mound,3-8,6,#f1f1e2,,#5b7a4b,,,full-sun,medium,"sandy,loamy,clay",,1.2,,,,#3a3a34,6-11,moderate,ECPA,Echinacea pallida (Nutt.) Nutt.,Forb/herb,CAN:N|L48:N,Single Stem,Erect,Fine,Porous,Porous,No,Yes,No,No,Early Summer,Spring and Summer,Summer,Fall,1.2,High,Medium,Medium,Yes,Yes,Yes,6.5,7.2,no
false-daisy,false daisy,Eclipta prostrata,mound,6-8,6-8,#f1f1e2,,#5b7a4b,,,part-sun,medium,"sandy,loamy,clay",,3.2,,,,,6-11,light,ECPR,Eclipta prostrata (L.) L.,Forb/herb,CAN:N|HI:I|L48:N|PB:I|PR:N|VI:N,Bunch,Erect,Fine,Moderate,Porous,No,No,No,No,Summer,Summer,Summer,Fall,3.2,Medium,Low,Medium,Yes,Yes,Yes,5.2,7.9,no
coast-cockspur-grass,coast cockspur grass,Echinochloa walteri,grass,6-8,6-8,#5b7a4b,,#5b7a4b,,,full-sun,high,clay,,6.5,,,,#e8d24a,6-11,heavy,ECWA,Echinochloa walteri (Pursh) A. Heller,Graminoid,CAN:N|HI:I|L48:N,Bunch,Erect,Medium,Dense,Porous,No,No,No,No,Summer,Summer,Summer,Fall,6.5,High,Low,High,No,No,Yes,3.8,9.4,no
needle-spikerush,needle spikerush,Eleocharis acicularis,grass,3-11,7,#f1f1e2,,,,,full-sun,medium,"loamy,clay",,0.7,,,,#6b5a4a,6-11,light,ELAC,Eleocharis acicularis (L.) Roem. & Schult.,Graminoid,AK:N|CAN:N|GL:N|L48:N|PB:N|SPM:N,Rhizomatous,Erect,,Porous,Porous,No,No,No,No,Mid Summer,"Spring, Summer, Fall",Summer,Fall,0.7,High,Low,Medium,No,Yes,Yes,4.5,7.0,no
carolina-elephantsfoot,Carolina elephantsfoot,Elephantopus carolinianus,mound,6-8,7,#8f6fb3,,,,,full-sun,medium,"sandy,loamy,clay",,2.7,,,,#6b5a4a,6-11,moderate,ELCA3,Elephantopus carolinianus Raeusch.,Forb/herb,L48:N,Single Crown,Erect,Coarse,Moderate,Porous,No,Yes,No,No,Mid Summer,Summer,Summer,Fall,2.7,High,Medium,Medium,Yes,Yes,Yes,5.0,7.2,no
canada-wildrye,Canada wildrye,Elymus canadensis,grass,3-11,5,#e8d24a,,#5b7a4b,,,shade,medium,"sandy,loamy,clay",,3,,,,#6b5a4a,3-8,moderate,ELCA4,Elymus canadensis L.,Graminoid,CAN:N|L48:N,Bunch,Erect,Coarse,Porous,Porous,No,No,No,No,Late Spring,"Spring, Summer, Fall",Spring,Summer,3.0,Low,Medium,Medium,Yes,Yes,Yes,5.0,7.9,yes
gulf-coast-spikerush,Gulf Coast spikerush,Eleocharis cellulosa,grass,3-11,7,#5b7a4b,,,,,full-sun,high,"sandy,loamy,clay",,2.6,,,,#6b5a4a,6-11,light,ELCE,Eleocharis cellulosa Torr.,Graminoid,L48:N|PR:N|VI:N,Bunch,Erect,,Porous,Porous,No,No,No,No,Mid Summer,"Spring, Summer, Fall",Summer,Fall,2.6,High,None,High,Yes,Yes,Yes,5.7,8.8,no
flatstem-spikerush,flatstem spikerush,Eleocharis compressa,grass,3-8,6,#5b7a4b,,,,,full-sun,high,"sandy,loamy",,2,,,,#6b5a4a,6-11,light,ELCO2,Eleocharis compressa Sull.,Graminoid,CAN:N|L48:N,Rhizomatous,Erect,,Porous,Porous,No,No,No,No,Early Summer,Spring and Summer,Summer,Fall,2.0,High,None,High,Yes,Yes,No,5.4,7.0,no
jointed-spikesedge,jointed spikesedge,Eleocharis equisetoides,grass,6-11,7,#5b7a4b,,,,,full-sun,high,"sandy,loamy,clay",,3.2,,,,#6b5a4a,6-11,light,ELEQ,Eleocharis equisetoides (Elliott) Torr.,Graminoid,CAN:N|L48:N,Bunch,Erect,,Porous,Porous,No,No,No,No,Mid Summer,Summer and Fall,Summer,Fall,3.2,High,None,High,Yes,Yes,Yes,5.0,7.0,no
blunt-spikerush,blunt spikerush,Eleocharis obtusa,grass,3-5,6-8,#e8d24a,,,,,full-sun,medium,"sandy,loamy,clay",,1.6,,,,#6b5a4a,3-11,moderate,ELOB2,Eleocharis obtusa (Willd.) Schult.,Graminoid,CAN:N|HI:N|L48:N,Rhizomatous,Erect,Fine,Moderate,Porous,No,No,No,No,Summer,Spring,Spring,Fall,1.6,High,Low,Medium,Yes,Yes,Yes,4.1,8.7,no
common-spikerush,common spikerush,Eleocharis palustris,grass,3-5,5,#6b5a4a,,,,,full-sun,high,"sandy,clay",,1.3,,,,#6b5a4a,9-8,moderate,ELPA3,Eleocharis palustris (L.) Roem. & Schult.,Graminoid,AK:N|CAN:N|GL:N|HI:I?|L48:N|SPM:N,Rhizomatous,Erect,Fine,Moderate,Porous,No,No,No,No,Late Spring,Spring,Fall,Summer,1.3,High,Low,High,Yes,No,Yes,4.0,8.0,no
dwarf-spikerush,dwarf spikerush,Eleocharis parvula,grass,6-11,7,#5b7a4b,,,,,full-sun,medium,"sandy,loamy,clay",,1.2,,,,#6b5a4a,6-11,light,ELPA5,"Eleocharis parvula (Roem. & Schult.) Link ex Bluff, Nees & Schauer",Graminoid,CAN:N|L48:N|SPM:N,Stoloniferous,Erect,,Porous,Porous,No,No,No,No,Mid Summer,Summer and Fall,Summer,Fall,1.2,High,None,Medium,Yes,Yes,Yes,6.0,8.0,no
squarestem-spikerush,squarestem spikerush,Eleocharis quadrangulata,grass,3-11,5,#5b7a4b,,,,,full-sun,high,"sandy,loamy,clay",,4,,,,#6b5a4a,6-11,light,ELQU,Eleocharis quadrangulata (Michx.) Roem. & Schult.,Graminoid,CAN:N|L48:N,Bunch,Erect,,Porous,Porous,No,No,No,No,Late Spring,"Spring, Summer, Fall",Summer,Fall,4.0,High,None,High,Yes,Yes,Yes,5.8,7.2,no
beaked-spikerush,beaked spikerush,Eleocharis rostellata,grass,3-11,5,#5b7a4b,,,,,full-sun,high,"sandy,loamy,clay",,3,,,,#6b5a4a,6-11,light,ELRO2,Eleocharis rostellata (Torr.) Torr.,Graminoid,CAN:N|L48:N|PR:N,Rhizomatous,Erect,,Porous,Porous,No,No,No,No,Late Spring,"Spring, Summer, Fall",Summer,Fall,3.0,High,None,High,Yes,Yes,Yes,6.0,8.0,no
slender-spikerush,slender spikerush,Eleocharis tenuis,grass,3-5,5,#6b5a4a,,,,,full-sun,low,"sandy,loamy,clay",,2.9,,,,#5b7a4b,3-11,moderate,ELTE,Eleocharis tenuis (Willd.) Schult.,Graminoid,CAN:N|L48:N,Rhizomatous,Erect,Fine,Moderate,Porous,No,No,No,No,Late Spring,Spring,Spring,Fall,2.9,High,Low,Low,Yes,Yes,Yes,6.2,7.0,no
virginia-wildrye,Virginia wildrye,Elymus virginicus,grass,3-5,3,#e8d24a,,#5b7a4b,,,shade,medium,"sandy,loamy,clay",,2.8,,,,#6b5a4a,3-8,moderate,ELVI3,Elymus virginicus L.,Graminoid,CAN:N|L48:N|SPM:N,Bunch,Erect,Coarse,Moderate,Porous,No,No,No,No,Early Spring,Spring,Spring,Summer,2.8,Low,Medium,Medium,Yes,Yes,Yes,5.0,7.4,no
engelmann-s-daisy,Engelmann's daisy,Engelmannia peristenia,mound,"3,4,5,9,10,11",3-5,#d98a3d,,#5b7a4b,,,full-sun,medium,"loamy,clay",,4,,,,#6b5a4a,3-8,light,ENPE4,Engelmannia peristenia (Raf.) Goodman & C.A. Lawson,Forb/herb,L48:N,Bunch,Erect,Coarse,Moderate,Porous,No,No,No,Yes,Spring,Spring and Fall,Spring,Summer,4.0,High,Medium,Medium,No,Yes,Yes,6.5,7.5,yes
smooth-horsetail,smooth horsetail,Equisetum laevigatum,mound,3-5,3,#5b7a4b,,#5b7a4b,,,full-sun,low,"loamy,clay",,5,,,,#6b5a4a,3-8,moderate,EQLA,Equisetum laevigatum A. Braun,Forb/herb,CAN:N|L48:N,Single Crown,Erect,,Porous,Porous,No,No,No,No,Early Spring,Spring,Spring,Summer,5.0,High,None,Low,No,Yes,Yes,4.5,6.5,no
tenangle-pipewort,tenangle pipewort,Eriocaulon decangulare,mound,3-5,3-5,#f1f1e2,,,,,full-sun,medium,"sandy,loamy",,2.6,,,,#6b5a4a,6-8,moderate,ERDE5,Eriocaulon decangulare L.,Forb/herb,L48:N,Bunch,Erect,Medium,Porous,Porous,No,No,Yes,No,Spring,Spring,Summer,Summer,2.6,High,Medium,Medium,Yes,Yes,No,4.0,7.6,no
teal-lovegrass,teal lovegrass,Eragrostis hypnoides,grass,3-5,6-8,#5b7a4b,,#5b7a4b,,,full-sun,high,"sandy,loamy,clay",,0.3,,,,#e8d24a,6-11,moderate,ERHY,"Eragrostis hypnoides (Lam.) Britton, Sterns & Poggenb.",Graminoid,CAN:N|L48:N|PR:N,Bunch,Prostrate,Fine,Moderate,Porous,No,No,No,No,Summer,Spring,Summer,Fall,0.3,High,None,High,Yes,Yes,Yes,4.5,8.5,no
plains-lovegrass,plains lovegrass,Eragrostis intermedia,grass,6-8,5,#e8d24a,,#5b7a4b,,,full-sun,low,"sandy,loamy",,2.7,,,,#6b5a4a,6-8,moderate,ERIN,Eragrostis intermedia Hitchc.,Graminoid,L48:N,Bunch,Erect,Fine,Moderate,Porous,No,No,No,No,Late Spring,Summer,Summer,Summer,2.7,High,High,Low,Yes,Yes,No,5.7,7.8,no
philadelphia-fleabane,Philadelphia fleabane,Erigeron philadelphicus,mound,3-8,4,#f1f1e2,,#5b7a4b,,,part-sun,medium,"loamy,clay",,2.8,,,,#6b5a4a,3-8,heavy,ERPH,Erigeron philadelphicus L.,Forb/herb,CAN:N|L48:N,Stoloniferous,Semi-Erect,Medium,Porous,Porous,No,Yes,No,No,Mid Spring,Spring and Summer,Spring,Summer,2.8,Medium,Low,Medium,No,Yes,Yes,4.8,7.8,no
purple-lovegrass,purple lovegrass,Eragrostis spectabilis,grass,3-5,3-5,#5b7a4b,,#5b7a4b,,,full-sun,low,"sandy,loamy",,0.9,,,,#e8d24a,6-11,heavy,ERSP,Eragrostis spectabilis (Pursh) Steud.,Graminoid,CAN:I|L48:N,Rhizomatous,Erect,Fine,Porous,Porous,No,No,Yes,No,Spring,Spring,Summer,Fall,0.9,High,High,Low,Yes,Yes,No,4.0,7.5,no
prairie-fleabane,prairie fleabane,Erigeron strigosus,mound,3-8,5,#f1f1e2,,#5b7a4b,,,full-sun,medium,"sandy,loamy,clay",,3,,,,#6b5a4a,3-8,heavy,ERST3,Erigeron strigosus Muhl. ex Willd.,Forb/herb,CAN:N|L48:N,Single Crown,Erect,Medium,Porous,Porous,No,Yes,No,No,Late Spring,Spring and Summer,Spring,Summer,3.0,High,Medium,Medium,Yes,Yes,Yes,4.8,7.2,no
sand-lovegrass,sand lovegrass,Eragrostis trichodes,grass,6-11,8,#e8d24a,,#5b7a4b,,,full-sun,medium,sandy,,3.5,,,,#6b5a4a,6-11,heavy,ERTR3,Eragrostis trichodes (Nutt.) Alph. Wood,Graminoid,L48:N,Bunch,Erect,Medium,Dense,Porous,No,No,No,No,Late Summer,Summer and Fall,Summer,Fall,3.5,High,High,Medium,Yes,No,No,6.0,8.5,no
bastardsage,bastardsage,Eriogonum wrightii,mound,"3,4,5,9,10,11",6-8,#f1f1e2,,,,,part-sun,low,"sandy,loamy",,2,,,,#6b5a4a,9-11,moderate,ERWR,Eriogonum wrightii Torr. ex Benth.,Forb/herb,L48:N,Single Crown,Semi-Erect,Medium,Moderate,Porous,No,Yes,No,No,Summer,Spring and Fall,Fall,Fall,2.0,Medium,High,Low,Yes,Yes,No,6.0,8.0,no
california-poppy,California poppy,Eschscholzia californica,mound,3-11,5,#d98a3d,,#5b7a4b,,,part-sun,low,"loamy,clay",,1.2,,,,#6b5a4a,6-8,heavy,ESCA2,Eschscholzia californica Cham.,Forb/herb,AK:I|CAN:I|HI:I|L48:N,Single Crown,Erect,Medium,Porous,Porous,No,Yes,No,No,Late Spring,"Spring, Summer, Fall",Summer,Summer,1.2,Medium,Medium,Low,No,Yes,Yes,5.8,7.5,no
bursting-heart,bursting-heart,Euonymus americanus,mound,3-8,5,#5b7a4b,,,,,part-sun,high,"sandy,loamy,clay",,6,,,,#e8d24a,6-11,moderate,EUAM9,Euonymus americanus L.,Forb/herb,L48:N,Multiple Stem,Erect,Fine,Porous,Porous,No,No,Yes,Yes,Late Spring,Spring and Summer,Summer,Fall,6.0,Medium,None,High,Yes,Yes,Yes,5.0,6.0,no
burningbush-euat5,burningbush,Euonymus atropurpureus,vase,3-8,5,#8f6fb3,,,,,shade,low,"sandy,loamy,clay",,10,,,,#b3261e,9-11,moderate,EUAT5,Euonymus atropurpureus Jacq.,Shrub,CAN:N|L48:N,Multiple Stem,Erect,Coarse,Moderate,Porous,No,No,No,No,Late Spring,Spring and Summer,Fall,Fall,10.0,Low,Medium,Low,Yes,Yes,Yes,5.0,8.0,no
apache-plume,Apache plume,Fallugia paradoxa,vase,3-8,5,#8f6fb3,,,,,full-sun,low,"sandy,loamy",,6,,,,#6b5a4a,6-8,heavy,FAPA,Fallugia paradoxa (D. Don) Endl. ex Torr.,Shrub,L48:N,Multiple Stem,Irregular,Fine,Moderate,Moderate,Yes,Yes,Yes,No,Late Spring,Spring and Summer,Summer,Summer,6.0,High,High,Low,Yes,Yes,No,7.0,8.0,no
cliff-fendlerbush,cliff fendlerbush,Fendlera rupicola,vase,6-8,7,#f1f1e2,,#5b7a4b,,,full-sun,low,sandy,,6,,,,,6-11,light,FERU,Fendlera rupicola A. Gray,Shrub,L48:N,Multiple Stem,Erect,Fine,Moderate,Porous,Yes,Yes,No,No,Mid Summer,Summer,Summer,Fall,6.0,High,High,Low,Yes,No,No,7.0,8.5,no
nodding-fescue,nodding fescue,Festuca subverticillata,grass,3-8,5,#e8d24a,,#5b7a4b,,,part-sun,medium,"sandy,loamy",,3,,,,#6b5a4a,3-8,moderate,FESU3,Festuca subverticillata (Pers.) Alexeev,Graminoid,CAN:N|L48:N,Bunch,Erect,Fine,Porous,Porous,No,No,No,No,Late Spring,Spring and Summer,Spring,Summer,3.0,Medium,Low,Medium,Yes,Yes,No,5.5,7.2,no
eastern-swampprivet,eastern swampprivet,Forestiera acuminata,vase,6-8,3-5,#5b7a4b,,#5b7a4b,,,shade,high,"loamy,clay",,33,,,,#3a3a34,3-8,light,FOAC,Forestiera acuminata (Michx.) Poir.,Shrub,L48:N,Single Stem,Erect,Medium,Dense,Moderate,No,No,No,No,Spring,Summer,Spring,Summer,33.0,Low,Low,High,No,Yes,Yes,6.0,8.0,no
stretchberry,stretchberry,Forestiera pubescens var. pubescens,vase,3-8,3,#e8d24a,,,,,full-sun,medium,"sandy,loamy,clay",,6,,,,#3a3a34,6-8,moderate,FOPUP,Forestiera pubescens Nutt. var. pubescens,Shrub,L48:N,Bunch,Irregular,Fine,Moderate,Porous,No,No,Yes,Yes,Early Spring,Spring and Summer,Summer,Summer,6.0,High,Medium,Medium,Yes,Yes,Yes,7.0,8.5,yes
ocotillo,ocotillo,Fouquieria splendens,vase,"3,4,5,9,10,11",,#b3261e,,#5b7a4b,,,full-sun,low,sandy,,10,,,,#6b5a4a,6-11,moderate,FOSP2,Fouquieria splendens Engelm.,Shrub,L48:N,Multiple Stem,Erect,Fine,Porous,Porous,No,No,No,No,Indeterminate,Spring and Fall,Summer,Fall,10.0,High,High,Low,Yes,No,No,7.0,8.5,no
white-ash,white ash,Fraxinus americana,tree,3-8,4,#e8d24a,,#5b7a4b,,,full-sun,high,"sandy,loamy",,90,,,,#6b5a4a,6-11,heavy,FRAM2,Fraxinus americana L.,Tree,CAN:N|HI:I|L48:N,Single Stem,Erect,Fine,Dense,Porous,No,No,Yes,Yes,Mid Spring,Spring and Summer,Summer,Fall,90.0,High,Low,High,Yes,Yes,No,4.7,7.5,no
carolina-buckthorn,Carolina buckthorn,Frangula caroliniana,vase,,5,#e8d24a,,#5b7a4b,,,shade,low,"sandy,loamy,clay",,20,,,,#3a3a34,6-11,,FRCA13,Frangula caroliniana (Walter) A. Gray,Shrub,L48:N,Single Crown,Erect,Coarse,Moderate,Porous,No,No,No,No,Late Spring,,Summer,Fall,20.0,Low,Low,,Yes,Yes,Yes,6.0,7.5,yes
green-ash,green ash,Fraxinus pennsylvanica,tree,3-8,5,#5b7a4b,,,,,shade,medium,"sandy,loamy,clay",,80,,,,#6b5a4a,3-8,heavy,FRPE,Fraxinus pennsylvanica Marshall,Tree,CAN:N|L48:N,Single Crown,Irregular,Coarse,Dense,Moderate,No,Yes,No,Yes,Late Spring,Spring and Summer,Spring,Summer,80.0,Low,Medium,Medium,Yes,Yes,Yes,5.0,8.1,no
velvet-ash,velvet ash,Fraxinus velutina,tree,3-8,5,#e8d24a,,#5b7a4b,,,full-sun,low,clay,,40,,,,#6b5a4a,6-11,heavy,FRVE2,Fraxinus velutina Torr.,Tree,L48:N,Single Stem,Erect,Fine,Dense,Moderate,No,No,No,Yes,Late Spring,Spring and Summer,Summer,Fall,40.0,High,Medium,Low,No,No,Yes,5.8,7.5,no
stickywilly,stickywilly,Galium aparine,mound,3-5,4,#5b7a4b,,#5b7a4b,,,shade,high,"loamy,clay",,0.9,,,,#6b5a4a,3-5,moderate,GAAP2,Galium aparine L.,Forb/herb,AK:N|CAN:I|CAN:N|GL:I|L48:N,Single Crown,Decumbent,Coarse,Porous,Porous,No,No,No,No,Mid Spring,Spring,Spring,Spring,0.9,Low,None,High,No,Yes,Yes,5.4,7.2,no
bluntleaf-bedstraw,bluntleaf bedstraw,Galium obtusum,mound,3-8,4,#f1f1e2,,#5b7a4b,,,shade,high,"sandy,loamy,clay",,1.5,,,,#6b5a4a,3-8,heavy,GAOB,Galium obtusum Bigelow,Forb/herb,CAN:N|L48:N,Single Crown,Irregular,Fine,Moderate,Porous,No,Yes,No,No,Mid Spring,Spring and Summer,Spring,Summer,1.5,Low,None,High,Yes,Yes,Yes,4.6,7.0,no
indian-blanket,Indian blanket,Gaillardia pulchella,mound,3-11,,#e8d24a,,#5b7a4b,,,full-sun,medium,"sandy,loamy,clay",,2,,,,#3a3a34,6-11,heavy,GAPU,Gaillardia pulchella Foug.,Forb/herb,AK:I|CAN:I|HI:I|L48:N|PB:I,Single Crown,Decumbent,Coarse,Dense,Porous,No,Yes,No,No,Indeterminate,"Spring, Summer, Fall",Summer,Fall,2.0,High,High,Medium,Yes,Yes,Yes,7.0,8.5,yes
stiff-marsh-bedstraw,stiff marsh bedstraw,Galium tinctorium,mound,3-8,5,#f1f1e2,,#5b7a4b,,,shade,high,"sandy,loamy,clay",,0.8,,,,#6b5a4a,6-8,heavy,GATI,Galium tinctorium (L.) Scop.,Forb/herb,CAN:N|L48:N|SPM:N,Single Crown,Decumbent,Fine,Porous,Porous,No,Yes,No,No,Late Spring,Spring and Summer,Summer,Summer,0.8,Low,None,High,Yes,Yes,Yes,4.6,7.0,no
wright-s-silktassel,Wright's silktassel,Garrya wrightii,vase,3-11,5,#f1f1e2,,#5b7a4b,,,full-sun,low,"sandy,loamy",,6,,,,#8f6fb3,6-11,heavy,GAWR3,Garrya wrightii Torr.,Shrub,L48:N,Multiple Stem,Semi-Erect,Coarse,Dense,Dense,Yes,No,Yes,Yes,Late Spring,"Spring, Summer, Fall",Summer,Fall,6.0,High,High,Low,Yes,Yes,No,6.5,8.8,no
white-avens,white avens,Geum canadense,mound,3-5,3-5,#f1f1e2,,#5b7a4b,,,shade,medium,"sandy,loamy,clay",,3.9,,,,#6b5a4a,6-11,light,GECA7,Geum canadense Jacq.,Forb/herb,CAN:N|L48:N,Single Stem,Erect,Medium,Porous,Porous,No,No,No,No,Spring,Spring,Summer,Fall,3.9,Low,Low,Medium,Yes,Yes,Yes,4.5,7.5,yes
water-locust,water locust,Gleditsia aquatica,vase,3-5,7,#5b7a4b,,#5b7a4b,,,part-sun,,"sandy,loamy,clay",,40,,,,#6b5a4a,9-12,light,GLAQ,Gleditsia aquatica Marshall,Shrub,L48:N,Single Stem,Erect,Fine,Moderate,Porous,No,No,No,No,Mid Summer,Spring,Fall,Winter,40.0,Medium,None,,Yes,Yes,Yes,6.0,8.0,no
fowl-mannagrass,fowl mannagrass,Glyceria striata,grass,3-5,6,#5b7a4b,,#5b7a4b,,,shade,medium,"loamy,clay",,5.7,,,,#b3261e,3-11,moderate,GLST,Glyceria striata (Lam.) Hitchc.,Graminoid,AK:N|CAN:N|L48:N|SPM:N,Rhizomatous,Semi-Erect,Fine,Moderate,Porous,No,No,No,No,Early Summer,Spring,Spring,Fall,5.7,Low,Low,Medium,No,Yes,Yes,4.0,8.0,no
honeylocust,honeylocust,Gleditsia triacanthos,vase,3-8,5,#e8d24a,,#5b7a4b,,,full-sun,medium,"loamy,clay",,70,,,,#5b7a4b,6-11,moderate,GLTR,Gleditsia triacanthos L.,Shrub,CAN:N|L48:N,Single Stem,Rounded,Medium,Moderate,Porous,No,No,Yes,Yes,Late Spring,Spring and Summer,Summer,Fall,70.0,High,High,Medium,No,Yes,Yes,5.0,8.0,no
broom-snakeweed,broom snakeweed,Gutierrezia sarothrae,mound,3-8,6,#e8d24a,,#5b7a4b,,,full-sun,medium,"sandy,loamy,clay",,1.5,,,,#6b5a4a,6-11,moderate,GUSA2,Gutierrezia sarothrae (Pursh) Britton & Rusby,Forb/herb,CAN:N|L48:N,Single Crown,Erect,Coarse,Porous,Porous,No,No,Yes,No,Early Summer,Spring and Summer,Summer,Fall,1.5,High,High,Medium,Yes,Yes,Yes,6.0,8.0,no
kentucky-coffeetree,Kentucky coffeetree,Gymnocladus dioicus,tree,3-8,6,#f1f1e2,,#5b7a4b,,,full-sun,medium,"sandy,loamy,clay",,100,,,,#5b7a4b,9-5,moderate,GYDI,Gymnocladus dioicus (L.) K. Koch,Tree,CAN:N|L48:N,,Rounded,Coarse,Moderate,Porous,No,Yes,Yes,No,Early Summer,Spring and Summer,Fall,Spring,100.0,High,Medium,Medium,Yes,Yes,Yes,6.0,8.0,no
two-wing-silverbell,two-wing silverbell,Halesia diptera,vase,3-5,3-5,#f1f1e2,,#5b7a4b,,,part-sun,low,"loamy,clay",,15,,,,,,,HADI3,Halesia diptera Ellis,Shrub,L48:N,Single Stem,Erect,Coarse,Moderate,Porous,No,Yes,No,Yes,Spring,Spring,,,15.0,Medium,Low,,No,Yes,Yes,6.0,8.0,no
swamp-sunflower,swamp sunflower,Helianthus angustifolius,mound,3-8,8,#e8d24a,,,,,part-sun,medium,"sandy,loamy",,5.6,,,,#6b5a4a,6-11,moderate,HEAN2,Helianthus angustifolius L.,Forb/herb,L48:N,Rhizomatous,Erect,Medium,Moderate,Porous,No,Yes,No,Yes,Late Summer,Spring and Summer,Summer,Fall,5.6,Medium,Medium,Medium,Yes,Yes,No,4.0,7.0,no
common-sunflower,common sunflower,Helianthus annuus,mound,6-8,6-8,#e8d24a,,#5b7a4b,,,full-sun,medium,"sandy,loamy,clay",,9,,,,#5b7ea3,6-11,heavy,HEAN3,Helianthus annuus L.,Forb/herb,AK:I|CAN:I|HI:I|L48:N|PR:I|SPM:I,Single Crown,Erect,Coarse,Porous,Moderate,No,Yes,Yes,Yes,Summer,Summer,Summer,Fall,9.0,High,Medium,Medium,Yes,Yes,Yes,5.5,7.8,no
common-sneezeweed,common sneezeweed,Helenium autumnale,mound,3-8,9-11,#e8d24a,,#5b7a4b,,,full-sun,medium,"sandy,loamy,clay",,4.9,,,,#6b5a4a,9-11,moderate,HEAU,Helenium autumnale L.,Forb/herb,CAN:N|L48:N,Single Stem,Erect,Fine,Moderate,Porous,No,Yes,No,No,Fall,Spring and Summer,Fall,Fall,4.9,High,Low,Medium,Yes,Yes,Yes,4.0,7.5,no
tanglehead,tanglehead,Heteropogon contortus,grass,3-8,6,#e8d24a,,#5b7a4b,,,full-sun,low,"sandy,loamy",,0.7,,,,#6b5a4a,6-11,light,HECO10,Heteropogon contortus (L.) P. Beauv. ex Roem. & Schult.,Graminoid,HI:N|L48:N|PR:N|VI:N,Bunch,Erect,Medium,Moderate,Porous,No,No,No,No,Early Summer,Spring and Summer,Summer,Fall,0.7,High,High,Low,Yes,Yes,No,6.0,8.0,no
salt-heliotrope,salt heliotrope,Heliotropium curassavicum,mound,3-11,4,#f1f1e2,,,,,full-sun,medium,"loamy,clay",,1.2,,,,#6b5a4a,6-11,heavy,HECU3,Heliotropium curassavicum L.,Forb/herb,CAN:N|HI:N|L48:N|PR:N|VI:N,Rhizomatous,Decumbent,Coarse,Moderate,Porous,No,Yes,No,No,Mid Spring,"Spring, Summer, Fall",Summer,Fall,1.2,High,Medium,Medium,No,Yes,Yes,6.5,8.5,no
cucumberleaf-sunflower,cucumberleaf sunflower,Helianthus debilis,mound,3-8,6-8,#e8d24a,,#5b7a4b,,,full-sun,medium,"sandy,loamy",,0.5,,,,#6b5a4a,6-11,light,HEDE4,Helianthus debilis Nutt.,Forb/herb,L48:N,Stoloniferous,Prostrate,Coarse,Porous,Porous,No,Yes,No,Yes,Summer,Spring and Summer,Summer,Fall,0.5,High,Medium,Medium,Yes,Yes,No,5.2,7.2,no
purplehead-sneezeweed,purplehead sneezeweed,Helenium flexuosum,mound,3-5,6-8,#e8d24a,,#5b7a4b,,,full-sun,low,"sandy,loamy,clay",,3.2,,,,#6b5a4a,6-11,heavy,HEFL,Helenium flexuosum Raf.,Forb/herb,CAN:I|L48:N,Multiple Stem,Erect,Medium,Moderate,Porous,No,Yes,No,No,Summer,Spring,Summer,Fall,3.2,High,Medium,Low,Yes,Yes,Yes,4.5,7.5,no
sawtooth-sunflower,sawtooth sunflower,Helianthus grosseserratus,mound,3-11,8,#e8d24a,,,,,full-sun,medium,"sandy,loamy,clay",,5,,,,#6b5a4a,6-11,heavy,HEGR4,Helianthus grosseserratus M. Martens,Forb/herb,CAN:I|L48:N,Rhizomatous,Erect,Coarse,Moderate,Porous,No,Yes,No,Yes,Late Summer,"Spring, Summer, Fall",Summer,Fall,5.0,High,Medium,Medium,Yes,Yes,Yes,5.8,7.3,no
smooth-oxeye,smooth oxeye,Heliopsis helianthoides var. scabra,mound,3-8,6-8,#f1f1e2,,#5b7a4b,,,part-sun,low,"sandy,loamy",,4,,,,#6b5a4a,6-11,moderate,HEHES,Heliopsis helianthoides (L.) Sweet var. scabra (Dunal) Fernald,Forb/herb,CAN:N|L48:N,Single Crown,Erect,Coarse,Moderate,Porous,No,Yes,No,No,Summer,Spring and Summer,Summer,Fall,4.0,Medium,High,Low,Yes,Yes,No,5.6,6.8,no
maximilian-sunflower,Maximilian sunflower,Helianthus maximiliani,mound,6-11,8,#e8d24a,,#5b7a4b,,,full-sun,medium,"sandy,loamy,clay",,5,,,,#6b5a4a,6-11,heavy,HEMA2,Helianthus maximiliani Schrad.,Forb/herb,CAN:N|L48:N,Rhizomatous,Erect,Coarse,Moderate,Porous,No,Yes,No,No,Late Summer,Summer and Fall,Summer,Fall,5.0,High,Medium,Medium,Yes,Yes,Yes,6.0,8.0,yes
jerusalem-artichoke,Jerusalem artichoke,Helianthus tuberosus,mound,3-8,8,#e8d24a,,,,,part-sun,low,"sandy,loamy",,9.8,,,,#6b5a4a,6-11,moderate,HETU,Helianthus tuberosus L.,Forb/herb,CAN:N|L48:N,Rhizomatous,Erect,Coarse,Dense,Porous,No,Yes,No,Yes,Late Summer,Spring and Summer,Summer,Fall,9.8,Medium,High,Low,Yes,Yes,No,4.0,7.0,no
hairy-false-goldenaster,hairy false goldenaster,Heterotheca villosa,mound,3-8,7,#e8d24a,,,,,full-sun,low,"sandy,loamy",,3,,,,#6b5a4a,6-11,moderate,HEVI4,Heterotheca villosa (Pursh) Shinners,Forb/herb,CAN:N|L48:N,Multiple Stem,Erect,Coarse,Moderate,Porous,No,Yes,No,No,Mid Summer,Spring and Summer,Summer,Fall,3.0,High,Medium,Low,Yes,Yes,No,6.0,7.5,no
curly-mesquite,curly-mesquite,Hilaria belangeri,grass,3-8,5,#e8d24a,,#5b7a4b,,,full-sun,low,"sandy,loamy,clay",,0.8,,,,#6b5a4a,6-8,light,HIBE,Hilaria belangeri (Steud.) Nash,Graminoid,L48:N,Stoloniferous,Semi-Erect,Fine,Moderate,Porous,No,No,No,No,Late Spring,Spring and Summer,Summer,Summer,0.8,High,High,Low,Yes,Yes,Yes,6.0,8.0,no
halberdleaf-rosemallow,halberdleaf rosemallow,Hibiscus laevis,mound,3-11,7,#8f6fb3,,#5b7a4b,,,part-sun,high,"loamy,clay",,8,,,,#6b5a4a,6-11,moderate,HILA2,Hibiscus laevis All.,Forb/herb,CAN:N|L48:N,Multiple Stem,Erect,Coarse,Moderate,Porous,No,Yes,No,No,Mid Summer,"Spring, Summer, Fall",Summer,Fall,8.0,Medium,Low,High,No,Yes,Yes,5.5,7.2,no
little-barley,little barley,Hordeum pusillum,grass,3-5,5,#e8d24a,,#5b7a4b,,,full-sun,medium,"loamy,clay",,1.2,,,,#6b5a4a,3-8,moderate,HOPU,Hordeum pusillum Nutt.,Graminoid,CAN:N|L48:N,Bunch,Erect,Medium,Moderate,Porous,No,No,No,No,Late Spring,Spring,Spring,Summer,1.2,High,Low,Medium,No,Yes,Yes,6.2,8.0,no
st-peterswort,St. Peterswort,Hypericum crux-andreae,vase,3-8,7,#e8d24a,,#5b7a4b,,,part-sun,medium,"sandy,loamy",,2,,,,#6b5a4a,6-11,moderate,HYCR3,Hypericum crux-andreae (L.) Crantz,Shrub,L48:N,Single Crown,Erect,Medium,Porous,Porous,No,Yes,No,No,Mid Summer,Spring and Summer,Summer,Fall,2.0,Medium,Medium,Medium,Yes,Yes,No,4.6,7.0,no
orangegrass,orangegrass,Hypericum gentianoides,mound,3-11,5,#e8d24a,,#5b7a4b,,,part-sun,low,"sandy,loamy",,2,,,,#3a3a34,6-11,heavy,HYGE,"Hypericum gentianoides (L.) Britton, Sterns & Poggenb.",Forb/herb,CAN:N|L48:N,Single Crown,Erect,Fine,Porous,Porous,No,Yes,No,No,Late Spring,"Spring, Summer, Fall",Summer,Fall,2.0,Medium,Medium,Low,Yes,Yes,No,4.6,7.0,no
common-goldstar,common goldstar,Hypoxis hirsuta,mound,3-5,3,#e8d24a,,#5b7a4b,,,part-sun,medium,"loamy,clay",,0.8,,,,#3a3a34,3-8,light,HYHI2,Hypoxis hirsuta (L.) Coville,Forb/herb,CAN:N|L48:N,Single Crown,Erect,Coarse,Porous,Porous,No,Yes,No,No,Early Spring,Spring,Spring,Summer,0.8,Medium,Medium,Medium,No,Yes,Yes,5.2,7.3,no
spring-spiderlily,spring spiderlily,Hymenocallis liriosme,mound,3-5,4,#f1f1e2,,#5b7a4b,,,full-sun,medium,"loamy,clay",,3,,,,#5b7a4b,3-8,moderate,HYLI,Hymenocallis liriosme (Raf.) Shinners,Forb/herb,L48:N,Bunch,Erect,Coarse,Porous,Porous,No,Yes,No,No,Mid Spring,Spring,Spring,Summer,3.0,High,Low,Medium,No,Yes,Yes,5.5,9.0,no
singlewhorl-burrobrush,singlewhorl burrobrush,Hymenoclea monogyra,vase,,3-5,#f1f1e2,,#5b7a4b,,,,high,"sandy,loamy",,2,,,,#f1f1e2,3-11,,HYMO,Hymenoclea monogyra Torr. & A. Gray,Shrub,L48:N,,Erect,Coarse,,,No,No,No,No,Spring,,Spring,Fall,2.0,,High,,Yes,Yes,No,6.1,7.9,no
dwarf-st-johnswort,dwarf St. Johnswort,Hypericum mutilum,mound,6-8,7,#e8d24a,,#5b7a4b,,,part-sun,medium,"loamy,clay",,2.6,,,,#6b5a4a,6-11,moderate,HYMU,Hypericum mutilum L.,Forb/herb,CAN:N|HI:I|L48:N,Single Crown,Semi-Erect,Medium,Porous,Porous,No,No,No,No,Mid Summer,Summer,Summer,Fall,2.6,Medium,None,Medium,No,Yes,Yes,4.6,7.2,no
spotted-st-johnswort,spotted St. Johnswort,Hypericum punctatum,mound,6-8,6,#e8d24a,,#5b7a4b,,,shade,medium,"sandy,loamy,clay",,3,,,,#6b5a4a,6-8,moderate,HYPU,Hypericum punctatum Lam.,Forb/herb,CAN:N|L48:N,Single Crown,Erect,Coarse,Moderate,Porous,No,Yes,No,No,Early Summer,Summer,Summer,Summer,3.0,Low,Low,Medium,Yes,Yes,Yes,4.6,7.0,no
large-gallberry,large gallberry,Ilex coriacea,vase,3-8,5,#f1f1e2,,,,,shade,high,"loamy,clay",,12,,,,#3a3a34,6-11,heavy,ILCO,Ilex coriacea (Pursh) Chapm.,Shrub,L48:N,Thicket Forming,Erect,Medium,Dense,Dense,Yes,No,Yes,Yes,Late Spring,Spring and Summer,Summer,Fall,12.0,Low,Low,High,No,Yes,Yes,5.5,6.7,no
possumhaw,possumhaw,Ilex decidua,vase,3-8,3-5,#e8d24a,,,,,shade,medium,"sandy,loamy,clay",,33,,,,#b3261e,6-11,heavy,ILDE,Ilex decidua Walter,Shrub,L48:N,Multiple Stem,Erect,Medium,Dense,Moderate,No,No,Yes,No,Spring,Spring and Summer,Summer,Fall,33.0,Low,Medium,Medium,Yes,Yes,Yes,3.5,6.5,yes
american-holly,American holly,Ilex opaca,vase,3-8,4,#e8d24a,,#5b7a4b,,,shade,medium,"sandy,loamy",,40,,,,#b3261e,6-11,light,ILOP,Ilex opaca Aiton,Shrub,L48:N,Single Stem,Erect,Coarse,Dense,Dense,Yes,No,Yes,Yes,Mid Spring,Spring and Summer,Summer,Fall,40.0,Low,Medium,Medium,Yes,Yes,No,4.5,7.0,no
yaupon,yaupon,Ilex vomitoria,vase,3-8,4,#f1f1e2,,#5b7a4b,,,part-sun,low,"sandy,loamy",,25,,,,#b3261e,,moderate,ILVO,Ilex vomitoria Aiton,Shrub,L48:N,Multiple Stem,Erect,Coarse,Moderate,Moderate,Yes,No,Yes,Yes,Mid Spring,Spring and Summer,,,25.0,Medium,High,Low,Yes,Yes,No,4.5,7.0,yes
jewelweed,jewelweed,Impatiens capensis,mound,6-8,,#e8d24a,,#5b7a4b,,,shade,medium,"sandy,loamy,clay",,4.9,,,,#6b5a4a,6-11,moderate,IMCA,Impatiens capensis Meerb.,Forb/herb,CAN:N|L48:N|SPM:N,Single Crown,Erect,Medium,Moderate,Porous,No,No,No,No,Indeterminate,Summer,Summer,Fall,4.9,Low,Low,Medium,Yes,Yes,Yes,6.4,7.4,no
copper-iris,copper iris,Iris fulva,mound,3-5,4,#b3261e,,#5b7a4b,,,shade,high,"loamy,clay",,3.3,,,,#5b7a4b,3-8,heavy,IRFU,Iris fulva Ker Gawl.,Forb/herb,L48:N,Rhizomatous,Erect,Medium,Moderate,Porous,No,Yes,No,No,Mid Spring,Spring,Spring,Summer,3.3,Low,Low,High,No,Yes,Yes,5.0,8.5,no
virginia-iris,Virginia iris,Iris virginica,mound,3-5,3-5,#5b7ea3,,#5b7a4b,,,shade,high,"loamy,clay",,3.3,,,,#3a3a34,6-11,light,IRVI,Iris virginica L.,Forb/herb,CAN:N|L48:N,Rhizomatous,Erect,Coarse,Porous,Porous,No,Yes,No,No,Spring,Spring,Summer,Fall,3.3,Low,None,High,No,Yes,Yes,4.8,7.3,no
tapertip-rush,tapertip rush,Juncus acuminatus,grass,3-8,3-5,#8f6fb3,,#5b7a4b,,,part-sun,high,"sandy,loamy,clay",,3,,,,#6b5a4a,6-8,moderate,JUAC,Juncus acuminatus Michx.,Graminoid,CAN:N|HI:I|L48:N,Bunch,Erect,Medium,Porous,Porous,No,No,No,No,Spring,Spring and Summer,Summer,Summer,3.0,Medium,Low,High,Yes,Yes,Yes,4.4,7.2,no
american-water-willow,American water-willow,Justicia americana,mound,3-5,5,#f1f1e2,,,,,shade,medium,"sandy,loamy,clay",,2.5,,,,#6b5a4a,3-11,moderate,JUAM,Justicia americana (L.) Vahl,Forb/herb,CAN:N|L48:N,Rhizomatous,Erect,Fine,,,No,Yes,No,No,Late Spring,Spring,Spring,Fall,2.5,Low,Low,Medium,Yes,Yes,Yes,5.4,7.6,no
whiteroot-rush,whiteroot rush,Juncus brachycarpus,grass,3-8,5,#5b7a4b,,#5b7a4b,,,part-sun,medium,"sandy,loamy,clay",,3,,,,#6b5a4a,6-8,heavy,JUBR,Juncus brachycarpus Engelm.,Graminoid,CAN:N|L48:N,Rhizomatous,Erect,Fine,Moderate,Porous,No,No,No,No,Late Spring,Spring and Summer,Summer,Summer,3.0,Medium,Low,Medium,Yes,Yes,Yes,4.5,6.7,no
toad-rush,toad rush,Juncus bufonius,grass,3-11,3-5,#5b7a4b,,#5b7a4b,,,full-sun,medium,"sandy,loamy,clay",,1,,,,#6b5a4a,6-11,heavy,JUBU,Juncus bufonius L.,Graminoid,AK:N|CAN:N|HI:I|L48:N|SPM:N,Bunch,Semi-Erect,Fine,Porous,Porous,No,No,No,No,Spring,"Spring, Summer, Fall",Summer,Fall,1.0,High,Low,Medium,Yes,Yes,Yes,4.6,7.6,no
forked-rush,forked rush,Juncus dichotomus,grass,3-11,6,#5b7a4b,,#b3261e,,,part-sun,medium,"sandy,loamy",,2.9,,,,#6b5a4a,6-11,light,JUDI,Juncus dichotomus Elliott,Graminoid,L48:N|PR:N,Bunch,Erect,Coarse,Dense,Porous,No,No,No,No,Early Summer,"Spring, Summer, Fall",Summer,Fall,2.9,Medium,Low,Medium,Yes,Yes,No,4.5,6.5,no
common-rush,common rush,Juncus effusus,grass,3-5,6-8,#6b5a4a,,,,,full-sun,medium,"sandy,loamy,clay",,6.6,,,,#e8d24a,6-11,moderate,JUEF,Juncus effusus L.,Graminoid,AK:N|CAN:N|HI:I|L48:N|SPM:N,Bunch,Erect,Coarse,Moderate,Porous,No,No,No,No,Summer,Spring,Summer,Fall,6.6,High,Medium,Medium,Yes,Yes,Yes,5.5,8.8,no
inland-rush,inland rush,Juncus interior,grass,3-8,5,#5b7a4b,,#5b7a4b,,,part-sun,medium,"sandy,loamy,clay",,3,,,,#6b5a4a,6-8,light,JUIN2,Juncus interior Wiegand,Graminoid,CAN:N|L48:N,Bunch,Erect,Medium,Moderate,Porous,No,No,No,No,Late Spring,Spring and Summer,Summer,Summer,3.0,Medium,Low,Medium,Yes,Yes,Yes,5.7,7.0,no
arizona-walnut,Arizona walnut,Juglans major,tree,3-8,5,#6b5a4a,,,,,full-sun,medium,"sandy,loamy",,50,,,,#6b5a4a,9-12,moderate,JUMA,Juglans major (Torr.) A. Heller,Tree,L48:N,Single Stem,Erect,Coarse,Moderate,Porous,No,No,Yes,Yes,Late Spring,Spring and Summer,Fall,Winter,50.0,High,Medium,Medium,Yes,Yes,No,6.0,7.0,no
grassleaf-rush,grassleaf rush,Juncus marginatus,grass,3-8,5,#6b5a4a,,#5b7a4b,,,part-sun,medium,"sandy,loamy",,2,,,,#6b5a4a,6-8,moderate,JUMA4,Juncus marginatus Rostk.,Graminoid,CAN:N|L48:N,Rhizomatous,Erect,Medium,Moderate,Porous,No,No,No,No,Late Spring,Spring and Summer,Summer,Summer,2.0,Medium,Low,Medium,Yes,Yes,No,5.5,6.8,no
little-walnut,little walnut,Juglans microcarpa,vase,3-8,4,#5b7a4b,,#5b7a4b,,,full-sun,medium,"sandy,loamy,clay",,20,,,,#3a3a34,6-8,moderate,JUMI,Juglans microcarpa Berl.,Shrub,L48:N,Single Stem,Erect,Coarse,Dense,Moderate,No,No,Yes,Yes,Mid Spring,Spring and Summer,Summer,Summer,20.0,High,Medium,Medium,Yes,Yes,Yes,5.5,6.9,no
black-walnut,black walnut,Juglans nigra,tree,3-5,5,#e8d24a,,#5b7a4b,,,full-sun,high,loamy,,100,,,,#6b5a4a,9-11,light,JUNI,Juglans nigra L.,Tree,CAN:N|L48:N,Single Stem,Erect,Medium,Porous,Porous,No,No,Yes,No,Late Spring,Spring,Fall,Fall,100.0,High,Low,High,No,Yes,No,4.6,8.2,no
needlegrass-rush,needlegrass rush,Juncus roemerianus,grass,3-5,3-5,#5b7a4b,,,,,full-sun,high,"loamy,clay",,4.9,,,,#6b5a4a,6-11,moderate,JURO,Juncus roemerianus Scheele,Graminoid,L48:N,Bunch,Erect,Coarse,Moderate,Porous,No,No,No,No,Spring,Spring,Summer,Fall,4.9,High,None,High,No,Yes,Yes,4.0,7.0,no
needlepod-rush,needlepod rush,Juncus scirpoides,grass,3-8,5,#5b7a4b,,#5b7a4b,,,shade,high,"sandy,loamy",,3,,,,#6b5a4a,6-8,heavy,JUSC,Juncus scirpoides Lam.,Graminoid,L48:N,Rhizomatous,Erect,Medium,Moderate,Porous,No,No,No,No,Late Spring,Spring and Summer,Summer,Summer,3.0,Low,None,High,Yes,Yes,No,5.6,6.8,no
poverty-rush,poverty rush,Juncus tenuis,grass,3-8,5,#5b7a4b,,#5b7a4b,,,part-sun,medium,"sandy,loamy,clay",,1.5,,,,#6b5a4a,6-8,light,JUTE,Juncus tenuis Willd.,Graminoid,AK:N|CAN:N|HI:I|L48:N|PR:N|SPM:N,Bunch,Erect,Fine,Porous,Porous,No,No,No,No,Late Spring,Spring and Summer,Summer,Summer,1.5,Medium,Low,Medium,Yes,Yes,Yes,4.5,7.0,no
torrey-s-rush,Torrey's rush,Juncus torreyi,grass,6-8,7,#5b7a4b,,#5b7a4b,,,full-sun,medium,"sandy,loamy",,3.1,,,,#6b5a4a,6-11,moderate,JUTO,Juncus torreyi Coville,Graminoid,CAN:N|L48:N,Rhizomatous,Erect,Coarse,Moderate,Porous,No,No,No,No,Mid Summer,Summer,Summer,Fall,3.1,High,Low,Medium,Yes,Yes,No,4.5,6.5,no
roundhead-rush,roundhead rush,Juncus validus,grass,3-11,7,#5b7a4b,,#5b7a4b,,,part-sun,high,"sandy,loamy",,3.2,,,,#6b5a4a,6-11,heavy,JUVA2,Juncus validus Coville,Graminoid,L48:N,Bunch,Erect,Coarse,Dense,Porous,No,No,No,No,Mid Summer,"Spring, Summer, Fall",Summer,Fall,3.2,Medium,Low,High,Yes,Yes,No,5.0,6.8,no
eastern-redcedar,eastern redcedar,Juniperus virginiana,tree,3-8,5,#5b7a4b,,#5b7a4b,,,part-sun,low,"sandy,loamy,clay",,50,,,,#f1f1e2,6-11,moderate,JUVI,Juniperus virginiana L.,Tree,CAN:N|L48:N,Single Stem,Conical,Medium,Dense,Dense,No,No,Yes,No,Late Spring,Spring and Summer,Summer,Fall,50.0,Medium,High,Low,Yes,Yes,Yes,4.7,8.0,yes
prairie-junegrass,prairie Junegrass,Koeleria macrantha,grass,"3,4,5,9,10,11",5,#e8d24a,,#5b7a4b,,,shade,high,"sandy,loamy",,1.5,,,,#6b5a4a,6-8,light,KOMA,Koeleria macrantha (Ledeb.) Schult.,Graminoid,AK:N|CAN:N|HI:I|L48:N,Bunch,Erect,Fine,Moderate,Porous,No,No,No,No,Late Spring,Spring and Fall,Summer,Summer,1.5,Low,High,High,Yes,Yes,No,6.0,8.0,no
littleleaf-ratany,littleleaf ratany,Krameria erecta,vase,3-8,3,#8f6fb3,,,,,full-sun,low,"sandy,loamy",,2,,,,#8f6fb3,6-11,moderate,KRER,Krameria erecta Willd. ex Schult.,Shrub,L48:N,Multiple Stem,Rounded,Fine,Porous,Porous,No,Yes,Yes,No,Early Spring,Spring and Summer,Summer,Fall,2.0,High,High,Low,Yes,Yes,No,7.0,8.5,no
roundhead-lespedeza,roundhead lespedeza,Lespedeza capitata,mound,6-8,8,#f1f1e2,,#5b7a4b,,,full-sun,low,"sandy,loamy",,2.6,,,,#e8d24a,6-11,light,LECA8,Lespedeza capitata Michx.,Forb/herb,CAN:N|L48:N,Multiple Stem,Erect,Medium,Moderate,Porous,No,No,No,No,Late Summer,Summer,Summer,Fall,2.6,High,High,Low,Yes,Yes,No,5.7,8.2,no
green-sprangletop,green sprangletop,Leptochloa dubia,grass,3-8,4,#e8d24a,,#5b7a4b,,,full-sun,medium,"sandy,loamy,clay",,3,,,,#6b5a4a,3-8,heavy,LEDU,Leptochloa dubia (Kunth) Nees,Graminoid,L48:N,Bunch,Erect,Medium,Dense,Porous,No,No,No,No,Mid Spring,Spring and Summer,Spring,Summer,3.0,High,High,Medium,Yes,Yes,Yes,6.0,8.0,no
bearded-sprangletop,bearded sprangletop,Leptochloa fusca ssp. fascicularis,grass,3-5,6-8,#5b7a4b,,#5b7a4b,,,full-sun,high,"sandy,loamy",,3.3,,,,#e8d24a,6-11,heavy,LEFUF,Leptochloa fusca (L.) Kunth ssp. fascicularis (Lam.) N. Snow,Graminoid,CAN:I|L48:N|PR:N|VI:N,Multiple Stem,Erect,Fine,Porous,Porous,No,No,No,No,Summer,Spring,Summer,Fall,3.3,High,Low,High,Yes,Yes,No,4.0,7.5,no
hairy-lespedeza,hairy lespedeza,Lespedeza hirta,mound,6-8,8,#f1f1e2,,,,,full-sun,low,"sandy,loamy,clay",,6,,,,#3a3a34,9-12,heavy,LEHI2,Lespedeza hirta (L.) Hornem.,Forb/herb,CAN:N|L48:N,Multiple Stem,Erect,Medium,Dense,Dense,No,Yes,Yes,Yes,Late Summer,Summer,Fall,Winter,6.0,High,Medium,Low,Yes,Yes,Yes,5.8,6.9,no
catchfly-grass,catchfly grass,Leersia lenticularis,grass,3-5,9-11,#5b7a4b,,#5b7a4b,,,full-sun,medium,"sandy,loamy,clay",,2.6,,,,#b3261e,9-11,moderate,LELE2,Leersia lenticularis Michx.,Graminoid,L48:N,Rhizomatous,Erect,Fine,,,No,No,No,No,Fall,Spring,Fall,Fall,2.6,High,Low,Medium,Yes,Yes,Yes,5.0,8.0,no
common-duckweed,common duckweed,Lemna minor,mound,6-8,6-8,#5b7a4b,,#5b7a4b,,,full-sun,high,,,,,,,,6-8,,LEMI3,Lemna minor L.,Forb/herb,AK:N|CAN:N|L48:N,Single Crown,Decumbent,Fine,,,No,No,No,No,Summer,Summer,Summer,Summer,,High,None,High,No,No,No,4.1,8.8,no
rice-cutgrass,rice cutgrass,Leersia oryzoides,grass,6-8,,#5b7a4b,,,,,full-sun,high,"sandy,loamy,clay",,4.9,,,,#b3261e,3-11,heavy,LEOR,Leersia oryzoides (L.) Sw.,Graminoid,CAN:N|L48:N,Rhizomatous,Erect,Fine,Moderate,Porous,No,No,No,No,Indeterminate,Summer,Spring,Fall,4.9,High,Low,High,Yes,Yes,Yes,5.1,8.8,no
littleleaf-leadtree,littleleaf leadtree,Leucaena retusa,vase,6-11,3,#e8d24a,,#5b7a4b,,,full-sun,low,"sandy,loamy",,25,,,,#5b7ea3,6-11,heavy,LERE5,Leucaena retusa Benth.,Shrub,L48:N,Multiple Stem,Erect,Fine,Porous,Porous,No,Yes,Yes,No,Early Spring,Summer and Fall,Summer,Fall,25.0,High,High,Low,Yes,Yes,No,6.2,8.5,no
valdivia-duckweed,valdivia duckweed,Lemna valdiviana,mound,6-11,5,#5b7a4b,,#5b7a4b,,,full-sun,high,,,0.1,,,,#5b7a4b,6-8,,LEVA,Lemna valdiviana Phil.,Forb/herb,L48:N|PR:N,Stoloniferous,Decumbent,Fine,Porous,Porous,No,No,No,No,Late Spring,Summer and Fall,Summer,Summer,0.1,High,None,High,No,No,No,5.7,7.0,no
whitegrass,whitegrass,Leersia virginica,grass,3-5,8,#5b7a4b,,#5b7a4b,,,shade,medium,"sandy,loamy",,3.9,,,,#b3261e,6-11,moderate,LEVI2,Leersia virginica Willd.,Graminoid,CAN:N|L48:N,Rhizomatous,Erect,Fine,Porous,Porous,No,No,No,No,Late Summer,Spring,Summer,Fall,3.9,Low,None,Medium,Yes,Yes,No,4.5,8.5,no
northern-spicebush,northern spicebush,Lindera benzoin,vase,3-8,4,#f1f1e2,,#5b7a4b,,,part-sun,medium,"loamy,clay",,12,,,,#b3261e,6-11,light,LIBE3,Lindera benzoin (L.) Blume,Shrub,CAN:N|L48:N,Multiple Stem,Erect,Coarse,Moderate,Porous,No,Yes,No,No,Mid Spring,Spring and Summer,Summer,Fall,12.0,Medium,Low,Medium,No,Yes,Yes,4.5,6.0,no
lavender-thrift,lavender thrift,Limonium carolinianum,mound,3-5,6-8,#8f6fb3,,#5b7a4b,,,full-sun,high,"sandy,loamy,clay",,2,,,,#5b7ea3,6-11,light,LICA17,Limonium carolinianum (Walter) Britton,Forb/herb,CAN:N|L48:N,Single Crown,Erect,Medium,,,No,Yes,No,No,Summer,Spring,Summer,Fall,2.0,High,Low,High,Yes,Yes,Yes,6.0,8.5,no
dotted-blazing-star,dotted blazing star,Liatris punctata,mound,6-8,7,#8f6fb3,,#5b7a4b,,,full-sun,medium,"sandy,loamy,clay",,2,,,,#6b5a4a,6-11,light,LIPU,Liatris punctata Hook.,Forb/herb,CAN:N|L48:N,Multiple Stem,Erect,Coarse,Moderate,Porous,No,Yes,No,No,Mid Summer,Summer,Summer,Fall,2.0,High,High,Medium,Yes,Yes,Yes,6.0,7.8,yes
prairie-blazing-star,prairie blazing star,Liatris pycnostachya,mound,6-8,7,#8f6fb3,,#5b7a4b,,,full-sun,medium,"sandy,loamy,clay",,3.5,,,,#6b5a4a,6-11,moderate,LIPY,Liatris pycnostachya Michx.,Forb/herb,L48:N,Multiple Stem,Erect,Coarse,Moderate,Porous,No,Yes,No,No,Mid Summer,Summer,Summer,Fall,3.5,High,Medium,Medium,Yes,Yes,Yes,6.0,8.5,no
sweetgum,sweetgum,Liquidambar styraciflua,tree,3-8,4,#5b7a4b,,#5b7a4b,,,full-sun,high,"sandy,loamy,clay",,100,,,,#6b5a4a,6-11,moderate,LIST2,Liquidambar styraciflua L.,Tree,L48:N,Single Stem,Erect,Medium,Dense,Porous,No,No,Yes,Yes,Mid Spring,Spring and Summer,Summer,Fall,100.0,High,Low,High,Yes,Yes,Yes,4.5,7.0,no
cardinalflower,cardinalflower,Lobelia cardinalis,mound,3-5,6-8,#b3261e,,#5b7a4b,,,shade,low,loamy,,5.9,,,,#5b7ea3,6-11,moderate,LOCA2,Lobelia cardinalis L.,Forb/herb,CAN:N|L48:N,Single Stem,Erect,Medium,,,No,Yes,No,No,Summer,Spring,Summer,Fall,5.9,Low,Medium,Low,No,Yes,No,5.8,7.8,no
trumpet-honeysuckle,trumpet honeysuckle,Lonicera sempervirens,low-climber,3-5,8,#b3261e,,#5b7a4b,,,shade,medium,"loamy,clay",,16,,,,#3a3a34,6-11,moderate,LOSE,Lonicera sempervirens L.,Vine,CAN:I|L48:N,Multiple Stem,Climbing,Medium,Dense,Dense,Yes,Yes,Yes,No,Late Summer,Spring,Summer,Fall,16.0,Low,Low,Medium,No,Yes,Yes,6.0,8.5,yes
wingleaf-primrose-willow,wingleaf primrose-willow,Ludwigia decurrens,mound,6-8,7,#f1f1e2,,#5b7a4b,,,shade,high,"loamy,clay",,4.5,,,,#6b5a4a,6-11,moderate,LUDE4,Ludwigia decurrens Walter,Forb/herb,L48:N|PR:N,Single Crown,Erect,Medium,Moderate,Porous,No,No,No,No,Mid Summer,Summer,Summer,Fall,4.5,Low,None,High,No,Yes,Yes,4.0,6.0,no
marsh-seedbox,marsh seedbox,Ludwigia palustris,mound,6-8,3-5,#5b7a4b,,,,,full-sun,high,"sandy,loamy,clay",,0.2,,,,#e8d24a,6-11,light,LUPA,Ludwigia palustris (L.) Elliott,Forb/herb,CAN:N|HI:I|L48:N|PR:N,Stoloniferous,Prostrate,Fine,,,No,No,No,No,Spring,Summer,Summer,Fall,0.2,High,None,High,Yes,Yes,Yes,5.0,8.5,no
american-water-horehound,American water horehound,Lycopus americanus,mound,6-11,6,#f1f1e2,,#5b7a4b,,,shade,high,"loamy,clay",,1.8,,,,#6b5a4a,6-11,moderate,LYAM,Lycopus americanus Muhl. ex W.P.C. Barton,Forb/herb,CAN:N|L48:N,Single Crown,Erect,Coarse,Moderate,Porous,No,No,No,No,Early Summer,Summer and Fall,Summer,Fall,1.8,Low,Low,High,No,Yes,Yes,5.2,7.8,no
carolina-desert-thorn,Carolina desert-thorn,Lycium carolinianum,vase,3-5,9-11,#8f6fb3,,#5b7a4b,,,full-sun,high,"sandy,loamy,clay",,9,,,,#b3261e,9-11,light,LYCA2,Lycium carolinianum Walter,Shrub,L48:N,Single Stem,Erect,Medium,Moderate,Porous,No,Yes,Yes,No,Fall,Spring,Fall,Fall,9.0,High,None,High,Yes,Yes,Yes,5.5,9.0,no
lanceleaf-loosestrife,lanceleaf loosestrife,Lysimachia lanceolata,mound,3-8,5,#8f6fb3,,#5b7a4b,,,shade,medium,"sandy,loamy,clay",,2.5,,,,#6b5a4a,6-11,moderate,LYLA,Lysimachia lanceolata Walter,Forb/herb,CAN:N|L48:N,Rhizomatous,Erect,Medium,Moderate,Porous,No,Yes,Yes,No,Late Spring,Spring and Summer,Summer,Fall,2.5,Low,Medium,Medium,Yes,Yes,Yes,5.0,7.0,no
taperleaf-water-horehound,taperleaf water horehound,Lycopus rubellus,mound,6-11,7,,,#5b7a4b,,,shade,high,"sandy,loamy,clay",,1.6,,,,#6b5a4a,6-11,moderate,LYRU,Lycopus rubellus Moench,Forb/herb,L48:N,Single Crown,Erect,Coarse,Moderate,Porous,No,No,No,No,Mid Summer,Summer and Fall,Summer,Fall,1.6,Low,Low,High,Yes,Yes,Yes,5.2,7.2,no
virginia-water-horehound,Virginia water horehound,Lycopus virginicus,mound,3-8,6-8,#f1f1e2,,,,,shade,high,"loamy,clay",,4,,,,#3a3a34,9-12,moderate,LYVI4,Lycopus virginicus L.,Forb/herb,CAN:N|L48:N,Stoloniferous,Erect,Medium,Porous,Porous,No,Yes,Yes,No,Summer,Spring and Summer,Fall,Winter,4.0,Low,Low,High,No,Yes,Yes,5.0,6.3,no
roving-sailor,roving sailor,Maurandella antirrhiniflora,mound,3-5,4,#8f6fb3,,#5b7a4b,,,full-sun,medium,"sandy,loamy,clay",,0.8,,,,#6b5a4a,3-5,moderate,MAAN9,Maurandella antirrhiniflora (Humb. & Bonpl. ex Willd.) Rothm.,Forb/herb,HI:I|L48:N,Single Crown,Prostrate,Medium,Porous,Porous,No,Yes,No,No,Mid Spring,Spring,Spring,Spring,0.8,High,Medium,Medium,Yes,Yes,Yes,6.8,9.0,no
southern-magnolia,southern magnolia,Magnolia grandiflora,tree,3-8,4,#f1f1e2,,#5b7a4b,,,shade,high,"loamy,clay",,100,,,,#b3261e,6-8,moderate,MAGR4,Magnolia grandiflora L.,Tree,L48:N|PR:I,Single Stem,Rounded,Coarse,Dense,Dense,Yes,Yes,Yes,Yes,Mid Spring,Spring and Summer,Summer,Summer,100.0,Low,Low,High,No,Yes,Yes,4.5,6.5,yes
osage-orange,Osage-orange,Maclura pomifera,vase,3-8,5,#5b7a4b,,#5b7a4b,,,full-sun,medium,"sandy,loamy",,35,,,,#d98a3d,6-11,moderate,MAPO,Maclura pomifera (Raf.) C.K. Schneid.,Shrub,CAN:I|L48:N,Single Stem,Erect,Coarse,Dense,Porous,No,No,Yes,No,Late Spring,Spring and Summer,Summer,Fall,35.0,High,Medium,Medium,Yes,Yes,No,4.5,7.5,no
rough-menodora,rough menodora,Menodora scabra,mound,3-8,6,#e8d24a,,#5b7a4b,,,full-sun,low,"sandy,loamy",,1,,,,#e8d24a,6-11,moderate,MESC,Menodora scabra A. Gray,Forb/herb,L48:N,Multiple Stem,Erect,Medium,Porous,Porous,No,Yes,Yes,No,Early Summer,Spring and Summer,Summer,Fall,1.0,High,High,Low,Yes,Yes,No,6.6,8.4,no
sharpwing-monkeyflower,sharpwing monkeyflower,Mimulus alatus,mound,3-5,6-8,#5b7ea3,,#5b7a4b,,,shade,high,"loamy,clay",,2.3,,,,#3a3a34,6-11,heavy,MIAL2,Mimulus alatus Aiton,Forb/herb,CAN:N|L48:N,Single Stem,Erect,Medium,Porous,Porous,No,Yes,No,No,Summer,Spring,Summer,Fall,2.3,Low,None,High,No,Yes,Yes,6.2,7.8,no
colorado-four-o-clock,Colorado four o'clock,Mirabilis multiflora,mound,3-8,5,#8f6fb3,,#5b7a4b,,,full-sun,low,"sandy,loamy",,2,,,,#6b5a4a,6-8,moderate,MIMU,Mirabilis multiflora (Torr.) A. Gray,Forb/herb,L48:N,Single Crown,Semi-Erect,Medium,Moderate,Porous,No,Yes,No,No,Late Spring,Spring and Summer,Summer,Summer,2.0,High,High,Low,Yes,Yes,No,6.5,8.5,no
climbing-hempvine,climbing hempvine,Mikania scandens,mound,6-8,6-8,#f1f1e2,,#5b7a4b,,,shade,medium,"loamy,clay",,1,,,,#5b7ea3,6-11,heavy,MISC,Mikania scandens (L.) Willd.,Forb/herb,CAN:I|L48:N,Single Crown,Climbing,Medium,,,No,Yes,Yes,Yes,Summer,Summer,Summer,Fall,1.0,Low,Low,Medium,No,Yes,Yes,5.7,8.7,no
wax-myrtle,wax myrtle,Morella cerifera,vase,3-8,3-5,#f1f1e2,,#5b7a4b,,,full-sun,high,"sandy,loamy,clay",,10,,,,#5b7ea3,6-11,heavy,MOCE2,Morella cerifera (L.) Small,Shrub,HI:I|L48:N|PR:N,Rhizomatous,Erect,Coarse,,Moderate,Yes,No,Yes,No,Spring,Spring and Summer,Summer,Fall,10.0,High,Medium,High,Yes,Yes,Yes,5.4,9.1,yes
wild-bergamot,wild bergamot,Monarda fistulosa,mound,3-5,6-8,#b3261e,,,,,part-sun,high,"loamy,clay",,4.9,,,,#6b5a4a,6-11,moderate,MOFI,Monarda fistulosa L.,Forb/herb,CAN:N|L48:N,Single Stem,Erect,Medium,Moderate,Porous,No,Yes,No,No,Summer,Spring,Summer,Fall,4.9,Medium,None,High,No,Yes,Yes,6.0,8.0,no
nuttall-s-povertyweed,Nuttall's povertyweed,Monolepis nuttalliana,mound,3-8,4,#5b7a4b,,,,,full-sun,medium,"loamy,clay",,0.8,,,,#6b5a4a,6-8,moderate,MONU,Monolepis nuttalliana (Schult.) Greene,Forb/herb,AK:N|CAN:N|L48:N,Single Crown,Decumbent,Coarse,Porous,Porous,No,No,No,No,Mid Spring,Spring and Summer,Summer,Summer,0.8,High,Medium,Medium,No,Yes,Yes,6.5,9.0,no
red-mulberry,red mulberry,Morus rubra,tree,3-8,3,#5b7a4b,,#5b7a4b,,,shade,medium,"sandy,loamy,clay",,70,,,,#8f6fb3,3-8,heavy,MORU2,Morus rubra L.,Tree,CAN:N|L48:N,Single Stem,Rounded,Medium,Moderate,Porous,No,No,Yes,No,Early Spring,Spring and Summer,Spring,Summer,70.0,Low,Medium,Medium,Yes,Yes,Yes,5.0,7.0,no
hairawn-muhly,hairawn muhly,Muhlenbergia capillaris,grass,3-8,9-11,#b3261e,,,,,full-sun,high,"sandy,loamy,clay",,3,,,,#8f6fb3,9-12,heavy,MUCA2,Muhlenbergia capillaris (Lam.) Trin.,Graminoid,L48:N|PR:N,Bunch,Erect,Fine,Dense,Moderate,No,No,No,Yes,Fall,Spring and Summer,Fall,Winter,3.0,High,Low,High,Yes,Yes,Yes,5.8,6.8,yes
wirestem-muhly,wirestem muhly,Muhlenbergia frondosa,grass,3-11,3-5,#e8d24a,,#5b7a4b,,,shade,medium,"loamy,clay",,2,,,,#6b5a4a,6-11,heavy,MUFR2,Muhlenbergia frondosa (Poir.) Fernald,Graminoid,CAN:N|L48:N,Rhizomatous,Prostrate,Medium,Porous,Porous,No,No,No,No,Spring,"Spring, Summer, Fall",Summer,Fall,2.0,Low,Low,Medium,No,Yes,Yes,5.9,7.9,no
bush-muhly,bush muhly,Muhlenbergia porteri,grass,3-11,5,#e8d24a,,#5b7a4b,,,part-sun,medium,"sandy,loamy,clay",,2.8,,,,#6b5a4a,6-8,light,MUPO2,Muhlenbergia porteri Scribn. ex Beal,Graminoid,L48:N,Single Crown,Decumbent,Fine,Dense,Moderate,Yes,No,No,No,Late Spring,"Spring, Summer, Fall",Summer,Summer,2.8,Medium,High,Medium,Yes,Yes,Yes,6.2,8.0,no
deergrass,deergrass,Muhlenbergia rigens,grass,3-8,5,#e8d24a,,#5b7a4b,,,part-sun,low,"sandy,loamy",,4.5,,,,#6b5a4a,6-8,moderate,MURI2,Muhlenbergia rigens (Benth.) Hitchc.,Graminoid,L48:N,Bunch,Erect,Coarse,Dense,Moderate,No,No,No,No,Late Spring,Spring and Summer,Summer,Summer,4.5,Medium,High,Low,Yes,Yes,No,5.5,7.5,no
nimblewill,nimblewill,Muhlenbergia schreberi,grass,3-5,6-8,#5b7a4b,,#5b7a4b,,,shade,low,"loamy,clay",,3.2,,,,#e8d24a,6-11,light,MUSC,Muhlenbergia schreberi J.F. Gmel.,Graminoid,CAN:N|L48:N,Multiple Stem,Erect,Fine,Porous,Porous,No,No,No,No,Summer,Spring,Summer,Fall,3.2,Low,Medium,Low,No,Yes,Yes,4.5,7.5,no
southern-waternymph,southern waternymph,Najas guadalupensis,mound,6-8,6-8,#5b7a4b,,,,,full-sun,high,"sandy,loamy,clay",,1,,,,#6b5a4a,6-11,moderate,NAGU,Najas guadalupensis (Spreng.) Magnus,Forb/herb,CAN:N|HI:I|L48:N|PR:N,Single Crown,Prostrate,Fine,,,No,No,No,No,Summer,Summer,Summer,Fall,1.0,High,None,High,Yes,Yes,Yes,5.2,9.6,no
peppervine,peppervine,Nekemias arborea,vase,6-8,5,#5b7a4b,,#5b7a4b,,,shade,medium,"sandy,loamy,clay",,0.1,,,,#3a3a34,3-8,light,NEAR5,Nekemias arborea (L.) J. Wen & Boggan,Shrub,L48:N|PR:N,Multiple Stem,Climbing,Medium,Porous,Porous,No,No,No,No,Late Spring,Summer,Spring,Summer,0.1,Low,Medium,Medium,Yes,Yes,Yes,4.0,8.0,no
american-lotus,American lotus,Nelumbo lutea,mound,6-8,7,#e8d24a,,#5b7a4b,,,full-sun,high,"sandy,loamy,clay",,3,,,,#6b5a4a,6-11,moderate,NELU,Nelumbo lutea Willd.,Forb/herb,CAN:N|L48:N,Rhizomatous,Erect,Coarse,,,No,Yes,Yes,No,Mid Summer,Summer,Summer,Fall,3.0,High,None,High,Yes,Yes,Yes,4.6,8.7,no
water-tupelo,water tupelo,Nyssa aquatica,tree,3-8,4,#5b7a4b,,#5b7a4b,,,full-sun,high,"sandy,loamy,clay",,100,,,,#8f6fb3,6-11,moderate,NYAQ2,Nyssa aquatica L.,Tree,L48:N,Single Stem,Erect,Coarse,Moderate,Porous,No,No,No,Yes,Mid Spring,Spring and Summer,Summer,Fall,100.0,High,None,High,Yes,Yes,Yes,4.3,5.7,no
swamp-tupelo,swamp tupelo,Nyssa biflora,tree,3-8,5,#5b7a4b,,#5b7a4b,,,full-sun,high,"loamy,clay",,115,,,,#5b7ea3,6-11,moderate,NYBI,Nyssa biflora Walter,Tree,L48:N,Single Stem,Erect,Coarse,Dense,Porous,No,No,No,Yes,Late Spring,Spring and Summer,Summer,Fall,115.0,High,None,High,No,Yes,Yes,4.5,5.7,no
yellow-waterlily,yellow waterlily,Nymphaea mexicana,mound,3-5,3-5,#e8d24a,,#5b7a4b,,,full-sun,high,"loamy,clay",,,,,,#6b5a4a,3-5,moderate,NYME,Nymphaea mexicana Zucc.,Forb/herb,CAN:I|L48:N,Rhizomatous,Decumbent,Coarse,,,No,Yes,No,No,Spring,Spring,Spring,Spring,,High,None,High,No,Yes,Yes,5.0,9.0,no
blackgum,blackgum,Nyssa sylvatica,tree,3-8,5,#5b7a4b,,#5b7a4b,,,shade,medium,"sandy,loamy",,95,,,,#5b7ea3,6-11,moderate,NYSY,Nyssa sylvatica Marshall,Tree,CAN:N|L48:N,Single Stem,Erect,Coarse,Dense,Porous,No,No,No,Yes,Late Spring,Spring and Summer,Summer,Fall,95.0,Low,Low,Medium,Yes,Yes,No,4.5,6.0,no
pale-evening-primrose,pale evening primrose,Oenothera pallida,mound,3-8,5,#f1f1e2,,#5b7a4b,,,full-sun,low,"sandy,loamy",,2,,,,#6b5a4a,3-8,heavy,OEPA,Oenothera pallida Lindl.,Forb/herb,CAN:N|L48:N,Rhizomatous,Erect,Fine,Porous,Porous,No,Yes,No,No,Late Spring,Spring and Summer,Spring,Summer,2.0,High,High,Low,Yes,Yes,No,6.0,8.0,no
stiff-goldenrod,stiff goldenrod,Oligoneuron rigidum var. rigidum,mound,3-8,8,#e8d24a,,#5b7a4b,,,part-sun,medium,"sandy,loamy",,3.6,,,,#6b5a4a,6-11,heavy,OLRIR,Oligoneuron rigidum (L.) Small var. rigidum,Forb/herb,CAN:N|L48:N,Rhizomatous,Erect,Coarse,Dense,Porous,No,Yes,No,No,Late Summer,Spring and Summer,Summer,Fall,3.6,Medium,High,Medium,Yes,Yes,No,5.0,7.5,no
cinnamon-fern,cinnamon fern,Osmunda cinnamomea,mound,"3,4,5,9,10,11",3-5,#d98a3d,,#5b7a4b,,,shade,medium,"loamy,clay",,4.9,,,,#6b5a4a,3-5,moderate,OSCI,Osmunda cinnamomea L.,Forb/herb,CAN:N|L48:N|PR:N|SPM:N,Bunch,Erect,Fine,Moderate,Porous,No,No,No,No,Spring,Spring and Fall,Spring,Spring,4.9,Low,Medium,Medium,No,Yes,Yes,4.5,7.0,no
royal-fern-osre,royal fern,Osmunda regalis,mound,3-11,,,,,,,shade,high,"sandy,loamy,clay",,6,,,,,,,OSRE,Osmunda regalis L.,Forb/herb,CAN:N|L48:N|SPM:N,Rhizomatous,Semi-Erect,Fine,Dense,Porous,No,No,No,Yes,,"Spring, Summer, Fall",,,6.0,Low,Low,High,Yes,Yes,Yes,4.0,6.0,no
hophornbeam,hophornbeam,Ostrya virginiana,vase,3-8,4,#e8d24a,,#5b7a4b,,,shade,low,"sandy,loamy,clay",,45,,,,#6b5a4a,6-8,light,OSVI,Ostrya virginiana (Mill.) K. Koch,Shrub,CAN:N|L48:N,Single Stem,Erect,Medium,Moderate,Porous,No,No,No,No,Mid Spring,Spring and Summer,Summer,Summer,45.0,Low,Medium,Low,Yes,Yes,Yes,4.2,7.6,no
purple-locoweed,purple locoweed,Oxytropis lambertii,mound,3-8,4,#b3261e,,,,,full-sun,low,"sandy,loamy",,1.4,,,,#6b5a4a,3-8,moderate,OXLA3,Oxytropis lambertii Pursh,Forb/herb,CAN:N|L48:N,Single Crown,Semi-Erect,Medium,Porous,Porous,No,Yes,No,No,Mid Spring,Spring and Summer,Spring,Summer,1.4,High,Medium,Low,Yes,Yes,No,6.4,9.0,no
fall-panicgrass,fall panicgrass,Panicum dichotomiflorum,grass,6-11,6-8,#5b7a4b,,#5b7a4b,,,full-sun,high,"sandy,loamy,clay",,3.3,,,,#e8d24a,6-11,heavy,PADI,Panicum dichotomiflorum Michx.,Graminoid,CAN:I|HI:I|L48:N|PR:N,Bunch,Semi-Erect,Fine,Porous,Porous,No,No,No,No,Summer,Summer and Fall,Summer,Fall,3.3,High,None,High,Yes,Yes,Yes,4.8,7.0,no
knotgrass,knotgrass,Paspalum distichum,grass,3-11,8,#5b7a4b,,#5b7a4b,,,full-sun,high,"loamy,clay",,0.9,,,,#6b5a4a,6-11,light,PADI6,Paspalum distichum L.,Graminoid,HI:I|L48:N|PB:I|PR:N|VI:N,Stoloniferous,Prostrate,Fine,Porous,Dense,No,No,No,No,Late Summer,"Spring, Summer, Fall",Summer,Fall,0.9,High,None,High,No,Yes,Yes,4.9,8.9,no
butterweed,butterweed,Packera glabella,mound,3-5,3-5,#e8d24a,,#5b7a4b,,,full-sun,high,"sandy,clay",,3.2,,,,#6b5a4a,3-5,moderate,PAGL17,Packera glabella (Poir.) C. Jeffrey,Forb/herb,CAN:W|L48:N,Bunch,Erect,Medium,Moderate,Porous,No,Yes,No,No,Spring,Spring,Spring,Spring,3.2,High,Medium,High,Yes,No,Yes,4.0,7.5,no
maidencane,maidencane,Panicum hemitomon,grass,1-12,,#e8d24a,,#5b7a4b,,,part-sun,high,"sandy,loamy,clay",,2.5,,,,,,,PAHE2,Panicum hemitomon Schult.,Graminoid,L48:N,Rhizomatous,Erect,Coarse,Moderate,Porous,No,No,No,No,Indeterminate,Year Round,,,2.5,Medium,None,High,Yes,Yes,Yes,4.7,8.6,no
yellow-passionflower,yellow passionflower,Passiflora lutea,mound,3-5,6-8,#e8d24a,,#5b7a4b,,,shade,low,"sandy,loamy,clay",,16,,,,#6b5a4a,9-11,light,PALU2,Passiflora lutea L.,Forb/herb,L48:N,Single Stem,Climbing,Medium,Porous,Porous,No,Yes,Yes,No,Summer,Spring,Fall,Fall,16.0,Low,Low,Low,Yes,Yes,Yes,4.5,8.0,no
vine-mesquite,vine mesquite,Panicum obtusum,grass,6-8,6-8,#e8d24a,,#5b7a4b,,,part-sun,high,"sandy,loamy",,2,,,,#6b5a4a,6-11,light,PAOB,Panicum obtusum Kunth,Graminoid,L48:N,Rhizomatous,Erect,Medium,Moderate,Porous,No,No,No,No,Summer,Summer,Summer,Fall,2.0,Medium,Low,High,Yes,Yes,No,4.8,7.0,no
brownseed-paspalum,brownseed paspalum,Paspalum plicatulum,grass,3-5,6-8,#5b7a4b,,#5b7a4b,,,part-sun,low,"sandy,loamy",,3.3,,,,#e8d24a,6-11,moderate,PAPL3,Paspalum plicatulum Michx.,Graminoid,L48:N|PR:N|VI:N,Bunch,Erect,Fine,Moderate,Porous,No,No,No,No,Summer,Spring,Summer,Fall,3.3,Medium,Low,Low,Yes,Yes,No,4.0,6.5,no
virginia-creeper,Virginia creeper,Parthenocissus quinquefolia,low-climber,3-8,5,,,#5b7a4b,,,part-sun,low,"loamy,clay",,1,,,,#5b7ea3,3-11,light,PAQU2,Parthenocissus quinquefolia (L.) Planch.,Vine,CAN:N|L48:N,Stoloniferous,Prostrate,Coarse,,,No,No,No,Yes,Late Spring,Spring and Summer,Spring,Fall,1.0,Medium,High,Low,No,Yes,Yes,5.0,7.5,no
redtop-panicgrass,redtop panicgrass,Panicum rigidulum,grass,6-8,8,#5b7a4b,,#5b7a4b,,,full-sun,high,"loamy,clay",,3.3,,,,#6b5a4a,9-11,heavy,PARI4,Panicum rigidulum Bosc ex Nees,Graminoid,CAN:N|L48:N|PR:N,Bunch,Erect,Medium,Dense,Dense,No,No,No,No,Late Summer,Summer,Fall,Fall,3.3,High,Low,High,No,Yes,Yes,5.0,7.5,no
western-wheatgrass,western wheatgrass,Pascopyrum smithii,grass,3-11,7,#e8d24a,,#5b7a4b,,,full-sun,medium,"sandy,loamy,clay",,3,,,,#6b5a4a,6-11,moderate,PASM,Pascopyrum smithii (Rydb.) Á. Löve,Graminoid,AK:I|CAN:N|L48:N,Rhizomatous,Semi-Erect,Medium,Moderate,Porous,No,No,No,No,Mid Summer,"Spring, Summer, Fall",Summer,Fall,3.0,High,Medium,Medium,Yes,Yes,Yes,4.5,9.0,no
switchgrass,switchgrass,Panicum virgatum,grass,6-8,7,#e8d24a,,#5b7a4b,,,full-sun,medium,"sandy,loamy,clay",,6,,,,#6b5a4a,6-11,moderate,PAVI2,Panicum virgatum L.,Graminoid,CAN:N|HI:I|L48:N,Rhizomatous,Erect,Medium,Dense,Porous,No,No,No,No,Mid Summer,Summer,Summer,Fall,6.0,High,Medium,Medium,Yes,Yes,Yes,4.5,8.0,yes
lemonscent,lemonscent,Pectis angustifolia,mound,3-8,5,#e8d24a,,#5b7a4b,,,full-sun,low,"sandy,loamy",,0.7,,,,#6b5a4a,6-8,moderate,PEAN,Pectis angustifolia Torr.,Forb/herb,L48:N,Bunch,Erect,Medium,Porous,Porous,No,No,No,No,Late Spring,Spring and Summer,Summer,Summer,0.7,High,High,Low,Yes,Yes,No,5.9,7.2,no
redbay,redbay,Persea borbonia,vase,3-8,5,#e8d24a,,,,,shade,high,"loamy,clay",,70,,,,#3a3a34,6-11,moderate,PEBO,Persea borbonia (L.) Spreng.,Shrub,L48:N,Single Stem,Erect,Medium,Dense,Dense,Yes,Yes,Yes,No,Late Spring,Spring and Summer,Summer,Fall,70.0,Low,Low,High,No,Yes,Yes,5.0,6.7,no
canadian-lousewort,Canadian lousewort,Pedicularis canadensis,mound,3-8,5,#e8d24a,,,,,shade,medium,"loamy,clay",,1.3,,,,#3a3a34,6-8,light,PECA,Pedicularis canadensis L.,Forb/herb,CAN:N|L48:N,Single Stem,Erect,Fine,Porous,Porous,No,Yes,No,No,Late Spring,Spring and Summer,Summer,Summer,1.3,Low,Low,Medium,No,Yes,Yes,4.0,7.0,no
foxglove-beardtongue,foxglove beardtongue,Penstemon digitalis,mound,3-8,5,#8f6fb3,,#b3261e,,,shade,low,"sandy,loamy,clay",,4,,,,#6b5a4a,6-8,moderate,PEDI,Penstemon digitalis Nutt. ex Sims,Forb/herb,CAN:I|L48:N,Rhizomatous,Erect,Fine,Porous,Porous,No,Yes,No,No,Late Spring,Spring and Summer,Summer,Summer,4.0,Low,High,Low,Yes,Yes,Yes,5.5,7.0,no
ditch-stonecrop,ditch stonecrop,Penthorum sedoides,mound,3-5,3-5,#e8d24a,,#5b7a4b,,,part-sun,medium,clay,,2.6,,,,,3-8,moderate,PESE6,Penthorum sedoides L.,Forb/herb,CAN:N|L48:N,Stoloniferous,Erect,Medium,Porous,Porous,No,No,No,No,Spring,Spring,Spring,Summer,2.6,Medium,Medium,Medium,No,No,Yes,5.0,7.0,no
green-arrow-arum,green arrow arum,Peltandra virginica,mound,3-5,3-5,#e8d24a,,#5b7a4b,,,part-sun,high,"sandy,loamy,clay",,2.3,,,,#6b5a4a,3-11,moderate,PEVI,Peltandra virginica (L.) Schott,Forb/herb,CAN:N|L48:N,Bunch,Erect,Coarse,Moderate,Porous,No,Yes,No,No,Spring,Spring,Spring,Fall,2.3,Medium,None,High,Yes,Yes,Yes,5.0,8.8,no
american-pokeweed,American pokeweed,Phytolacca americana,mound,3-8,7,#f1f1e2,,#5b7a4b,,,shade,medium,"sandy,loamy,clay",,7.3,,,,#3a3a34,6-11,heavy,PHAM4,Phytolacca americana L.,Forb/herb,CAN:N|L48:N,Single Stem,Erect,Coarse,Moderate,Porous,No,Yes,Yes,Yes,Mid Summer,Spring and Summer,Summer,Fall,7.3,Low,Medium,Medium,Yes,Yes,Yes,4.7,8.0,no
common-reed,common reed,Phragmites australis,grass,3-5,6-8,#f1f1e2,,#5b7a4b,,,full-sun,medium,"sandy,loamy,clay",,13,,,,#f1f1e2,6-11,moderate,PHAU7,Phragmites australis (Cav.) Trin. ex Steud.,Graminoid,CAN:I|CAN:N|HI:I|L48:I|L48:N|PR:N?,Rhizomatous,Erect,Coarse,Dense,Moderate,No,No,Yes,No,Summer,Spring,Summer,Fall,13.0,High,Low,Medium,Yes,Yes,Yes,4.5,8.7,no
littleleaf-mock-orange,littleleaf mock orange,Philadelphus microphyllus,vase,3-8,3-5,#f1f1e2,,#5b7a4b,,,full-sun,low,"sandy,loamy",,15,,,,#3a3a34,6-11,moderate,PHMI4,Philadelphus microphyllus A. Gray,Shrub,L48:N,Multiple Stem,Erect,Fine,Moderate,Porous,No,Yes,Yes,Yes,Spring,Spring and Summer,Summer,Fall,15.0,High,High,Low,Yes,Yes,No,7.0,8.5,no
turkey-tangle-fogfruit,turkey tangle fogfruit,Phyla nodiflora,mound,6-8,,#f1f1e2,,#5b7a4b,,,part-sun,low,"sandy,loamy,clay",,0.2,,,,,3-11,moderate,PHNO2,Phyla nodiflora (L.) Greene,Forb/herb,HI:I|L48:N|PB:I|PR:N|VI:N,Stoloniferous,Prostrate,Medium,Porous,Porous,No,No,No,No,Indeterminate,Summer,Spring,Fall,0.2,Medium,Medium,Low,Yes,Yes,Yes,6.0,8.5,yes
shortleaf-pine,shortleaf pine,Pinus echinata,tree,3-8,4,#e8d24a,,#5b7a4b,,,full-sun,medium,"sandy,loamy,clay",,100,,,,#6b5a4a,6-11,heavy,PIEC2,Pinus echinata Mill.,Tree,L48:N,Single Stem,Conical,Medium,Dense,Dense,Yes,No,No,No,Mid Spring,Spring and Summer,Summer,Fall,100.0,High,Medium,Medium,Yes,Yes,Yes,4.0,6.0,no
slash-pine,slash pine,Pinus elliottii,tree,3-8,"1,2,12",#b3261e,,,,,full-sun,medium,"loamy,clay",,100,,,,#6b5a4a,6-11,moderate,PIEL,Pinus elliottii Engelm.,Tree,L48:N,Single Stem,Erect,Fine,Moderate,Moderate,Yes,No,Yes,No,Winter,Spring and Summer,Summer,Fall,100.0,High,Low,Medium,No,Yes,Yes,4.0,6.4,no
narrowleaf-silkgrass,narrowleaf silkgrass,Pityopsis graminifolia,mound,3-8,5,#f1f1e2,,#5b7a4b,,,part-sun,medium,"loamy,clay",,2.8,,,,#6b5a4a,6-11,moderate,PIGR4,Pityopsis graminifolia (Michx.) Nutt.,Forb/herb,L48:N,Rhizomatous,Semi-Erect,Medium,Porous,Porous,No,Yes,No,No,Late Spring,Spring and Summer,Summer,Fall,2.8,Medium,High,Medium,No,Yes,Yes,5.8,7.0,no
loblolly-pine,loblolly pine,Pinus taeda,tree,3-8,4,,,#5b7a4b,,,full-sun,high,"sandy,loamy,clay",,100,,,,#6b5a4a,6-11,heavy,PITA,Pinus taeda L.,Tree,L48:N,Single Stem,Rounded,Medium,Dense,Dense,Yes,No,No,No,Mid Spring,Spring and Summer,Summer,Fall,100.0,High,Low,High,Yes,Yes,Yes,4.0,7.0,no
planertree,planertree,Planera aquatica,tree,3-8,3,#5b7a4b,,#5b7a4b,,,shade,medium,"loamy,clay",,50,,,,#3a3a34,3-5,light,PLAQ,Planera aquatica J.F. Gmel.,Tree,L48:N,Single Stem,Erect,Coarse,Moderate,Porous,No,No,No,No,Early Spring,Spring and Summer,Spring,Spring,50.0,Low,Low,Medium,No,Yes,Yes,5.0,8.5,no
james-galleta,James' galleta,Pleuraphis jamesii,grass,6-8,7,#e8d24a,,#5b7a4b,,,full-sun,low,"sandy,loamy,clay",,2,,,,#6b5a4a,6-11,moderate,PLJA,Pleuraphis jamesii Torr.,Graminoid,L48:N,Rhizomatous,Erect,Medium,Moderate,Porous,No,No,No,No,Mid Summer,Summer,Summer,Fall,2.0,High,High,Low,Yes,Yes,Yes,6.6,8.4,no
tobosagrass,tobosagrass,Pleuraphis mutica,grass,3-8,,#e8d24a,,#5b7a4b,,,full-sun,low,"sandy,loamy,clay",,2.3,,,,#6b5a4a,6-11,light,PLMU3,Pleuraphis mutica Buckley,Graminoid,L48:N,Rhizomatous,Erect,Medium,Moderate,Porous,No,No,No,No,Indeterminate,Spring and Summer,Summer,Fall,2.3,High,Medium,Low,Yes,Yes,Yes,6.0,7.8,no
american-sycamore,American sycamore,Platanus occidentalis,tree,3-8,3-5,#b3261e,,#5b7a4b,,,part-sun,high,"sandy,loamy",,100,,,,#6b5a4a,6-11,moderate,PLOC,Platanus occidentalis L.,Tree,CAN:N|L48:N,Single Stem,Erect,Coarse,Dense,Porous,No,No,Yes,Yes,Spring,Spring and Summer,Summer,Fall,100.0,Medium,Low,High,Yes,Yes,No,4.9,6.5,no
sweetscent,sweetscent,Pluchea odorata var. odorata,mound,6-8,,#8f6fb3,,#5b7a4b,,,full-sun,medium,"loamy,clay",,4.9,,,,,6-11,moderate,PLODO,Pluchea odorata (L.) Cass. var. odorata,Forb/herb,L48:N|PB:I|PR:N|VI:N,Single Crown,Erect,Medium,Moderate,Porous,No,No,No,No,Indeterminate,Summer,Summer,Fall,4.9,High,Medium,Medium,No,Yes,Yes,4.5,7.0,no
woolly-plantain,woolly plantain,Plantago patagonica,mound,3-8,4,#e8d24a,,,,,full-sun,low,"sandy,loamy,clay",,0.5,,,,#6b5a4a,3-5,moderate,PLPA2,Plantago patagonica Jacq.,Forb/herb,CAN:N|L48:N,Single Crown,Erect,Medium,Porous,Porous,No,No,No,No,Mid Spring,Spring and Summer,Spring,Spring,0.5,High,High,Low,Yes,Yes,Yes,6.4,9.0,no
water-knotweed,water knotweed,Polygonum amphibium,mound,6-8,5,#e8d24a,,#5b7a4b,,,full-sun,high,"loamy,clay",,0.1,,,,#6b5a4a,6-11,light,POAM8,Polygonum amphibium L.,Forb/herb,AK:N|CAN:N|L48:N|SPM:N,Rhizomatous,Prostrate,Medium,Porous,Porous,No,No,No,No,Late Spring,Summer,Summer,Fall,0.1,High,None,High,No,Yes,Yes,4.0,7.0,no
pickerelweed,pickerelweed,Pontederia cordata,mound,3-5,5,#5b7ea3,,#5b7a4b,,,full-sun,high,"sandy,loamy,clay",,3.2,,,,,6-11,moderate,POCO14,Pontederia cordata L.,Forb/herb,CAN:N|L48:N,Bunch,Erect,Coarse,Moderate,Porous,No,Yes,No,No,Late Spring,Spring,Summer,Fall,3.2,High,None,High,Yes,Yes,Yes,4.9,8.7,no
eastern-cottonwood,eastern cottonwood,Populus deltoides,tree,3-8,3-5,#e8d24a,,#5b7a4b,,,full-sun,high,"sandy,loamy,clay",,90,,,,#f1f1e2,3-8,heavy,PODE3,Populus deltoides W. Bartram ex Marshall,Tree,CAN:N|L48:N,Single Stem,Erect,Medium,Moderate,Porous,No,No,Yes,No,Spring,Spring and Summer,Spring,Summer,90.0,High,Medium,High,Yes,Yes,Yes,5.2,7.3,no
waterthread-pondweed,waterthread pondweed,Potamogeton diversifolius,mound,3-5,5,#b3261e,,#5b7a4b,,,full-sun,high,"sandy,loamy,clay",,3.2,,,,#3a3a34,3-11,moderate,PODI,Potamogeton diversifolius Raf.,Forb/herb,L48:N,Bunch,Erect,Medium,Moderate,Porous,No,No,No,No,Late Spring,Spring,Spring,Fall,3.2,High,None,High,Yes,Yes,Yes,5.0,7.7,no
fremont-cottonwood,Fremont cottonwood,Populus fremontii,tree,3-8,3,#f1f1e2,,#5b7a4b,,,full-sun,high,"sandy,loamy,clay",,90,,,,#f1f1e2,3-5,heavy,POFR2,Populus fremontii S. Watson,Tree,L48:N,Single Stem,Irregular,Medium,Moderate,Porous,No,No,No,Yes,Early Spring,Spring and Summer,Spring,Spring,90.0,High,Medium,High,Yes,Yes,Yes,6.0,8.0,no
swamp-smartweed,swamp smartweed,Polygonum hydropiperoides,mound,6-8,,#5b7a4b,,,,,full-sun,medium,"loamy,clay",,,,,,#5b7a4b,3-8,moderate,POHY2,Polygonum hydropiperoides Michx.,Forb/herb,AK:I|CAN:N|L48:N|PR:N,Single Crown,Decumbent,Fine,Porous,Porous,No,No,No,No,Indeterminate,Summer,Spring,Summer,,High,Low,Medium,No,Yes,Yes,4.5,8.8,no
longleaf-pondweed,longleaf pondweed,Potamogeton nodosus,mound,6-8,7,#5b7a4b,,#5b7a4b,,,full-sun,high,,,,,,,#6b5a4a,6-8,light,PONO2,Potamogeton nodosus Poir.,Forb/herb,CAN:N|HI:N|L48:N|PR:N,Rhizomatous,Prostrate,Fine,Porous,Porous,No,No,No,No,Mid Summer,Summer,Summer,Summer,,High,None,High,No,No,No,5.8,7.0,no
kentucky-bluegrass,Kentucky bluegrass,Poa pratensis,grass,3-11,4,#e8d24a,,#5b7a4b,,,part-sun,medium,"sandy,loamy,clay",,2,,,,#6b5a4a,3-8,heavy,POPR,Poa pratensis L.,Graminoid,AK:I|AK:N|CAN:I|CAN:N|GL:I|GL:N|HI:I|L48:I|L48:N|PR:I|SPM:I,Rhizomatous,Erect,Medium,Porous,Porous,No,No,No,No,Mid Spring,"Spring, Summer, Fall",Spring,Summer,2.0,Medium,Medium,Medium,Yes,Yes,Yes,5.8,8.4,no
dotted-smartweed,dotted smartweed,Polygonum punctatum,mound,6-8,6-8,#f1f1e2,,#5b7a4b,,,full-sun,medium,"sandy,loamy,clay",,3.2,,,,#3a3a34,6-11,moderate,POPU5,Polygonum punctatum Elliott,Forb/herb,CAN:N|HI:I|L48:N|PR:N,Single Crown,Erect,Medium,Moderate,Porous,No,Yes,No,No,Summer,Summer,Summer,Fall,3.2,High,Low,Medium,Yes,Yes,Yes,6.0,8.7,no
arrowleaf-tearthumb,arrowleaf tearthumb,Polygonum sagittatum,mound,6-8,5,#b3261e,,#5b7a4b,,,full-sun,medium,"sandy,loamy,clay",,1,,,,#3a3a34,3-11,moderate,POSA5,Polygonum sagittatum L.,Forb/herb,CAN:N|L48:N|SPM:N,Single Crown,Prostrate,Medium,Porous,Porous,No,No,No,No,Late Spring,Summer,Spring,Fall,1.0,High,Low,Medium,Yes,Yes,Yes,4.0,8.5,no
woodland-bluegrass,woodland bluegrass,Poa sylvestris,grass,3-8,4,#e8d24a,,#5b7a4b,,,shade,high,"sandy,loamy",,3,,,,#6b5a4a,3-8,moderate,POSY,Poa sylvestris A. Gray,Graminoid,CAN:N|L48:N,Bunch,Erect,Medium,Moderate,Porous,No,No,No,No,Mid Spring,Spring and Summer,Spring,Summer,3.0,Low,Low,High,Yes,Yes,No,5.9,7.0,no
chickasaw-plum,Chickasaw plum,Prunus angustifolia,vase,3-8,3,#f1f1e2,,#5b7a4b,,,full-sun,medium,"sandy,loamy",,12,,,,#b3261e,6-8,moderate,PRAN3,Prunus angustifolia Marshall,Shrub,L48:N,Multiple Stem,Semi-Erect,Medium,Dense,Porous,No,Yes,Yes,No,Early Spring,Spring and Summer,Summer,Summer,12.0,High,None,Medium,Yes,Yes,No,5.0,7.5,no
honey-mesquite,honey mesquite,Prosopis glandulosa var. glandulosa,vase,3-8,3,#e8d24a,,#5b7a4b,,,full-sun,low,"sandy,loamy,clay",,50,,,,#f1f1e2,6-8,heavy,PRGLG,Prosopis glandulosa Torr. var. glandulosa,Shrub,HI:I|L48:N|VI:I,Multiple Stem,Rounded,Fine,Porous,Porous,No,Yes,Yes,No,Early Spring,Spring and Summer,Summer,Summer,50.0,High,High,Low,Yes,Yes,Yes,7.0,8.5,yes
black-cherry-prse2,black cherry,Prunus serotina,vase,3-8,5,#f1f1e2,,#5b7a4b,,,full-sun,medium,"sandy,loamy",,80,,,,#3a3a34,6-8,heavy,PRSE2,Prunus serotina Ehrh.,Shrub,CAN:N|L48:N,Multiple Stem,Erect,Medium,Moderate,Porous,No,Yes,Yes,No,Late Spring,Spring and Summer,Summer,Summer,80.0,High,Medium,Medium,Yes,Yes,No,4.0,7.5,no
common-selfheal,common selfheal,Prunella vulgaris,mound,3-8,7,#8f6fb3,,,,,part-sun,medium,"sandy,loamy,clay",,1.5,,,,#5b7a4b,6-11,moderate,PRVU,Prunella vulgaris L.,Forb/herb,AK:N|CAN:I|CAN:N|HI:I|L48:N|SPM:N,Stoloniferous,Decumbent,Coarse,Moderate,Porous,No,Yes,No,No,Mid Summer,Spring and Summer,Summer,Fall,1.5,Medium,Medium,Medium,Yes,Yes,Yes,5.4,8.0,no
western-brackenfern,western brackenfern,Pteridium aquilinum,mound,3-8,6-8,#5b7a4b,,,,,shade,medium,"sandy,loamy",,6.6,,,,#6b5a4a,6-11,moderate,PTAQ,Pteridium aquilinum (L.) Kuhn,Forb/herb,AK:N|CAN:N|HI:N|L48:N|SPM:N,Rhizomatous,Erect,Medium,Porous,Porous,No,No,No,No,Summer,Spring and Summer,Summer,Fall,6.6,Low,Medium,Medium,Yes,Yes,No,4.5,7.0,no
common-hoptree,common hoptree,Ptelea trifoliata,vase,3-8,6,#e8d24a,,#5b7a4b,,,part-sun,high,"sandy,loamy",,25,,,,#b3261e,6-8,heavy,PTTR,Ptelea trifoliata L.,Shrub,CAN:N|L48:N,Single Stem,Erect,Medium,Moderate,Porous,Yes,No,No,Yes,Early Summer,Spring and Summer,Summer,Summer,25.0,Medium,Low,High,Yes,Yes,No,4.8,7.0,yes
white-oak,white oak,Quercus alba,tree,3-8,4,#e8d24a,,#5b7a4b,,,part-sun,medium,"sandy,loamy",,100,,,,#6b5a4a,6-11,heavy,QUAL,Quercus alba L.,Tree,CAN:N|L48:N,Single Stem,Erect,Medium,Dense,Porous,No,No,Yes,Yes,Mid Spring,Spring and Summer,Summer,Fall,100.0,Medium,Medium,Medium,Yes,Yes,No,4.5,6.8,no
southern-red-oak,southern red oak,Quercus falcata,tree,3-8,4,#e8d24a,,#5b7a4b,,,part-sun,medium,"sandy,loamy,clay",,75,,,,#6b5a4a,6-11,moderate,QUFA,Quercus falcata Michx.,Tree,L48:N,Single Stem,Erect,Coarse,Dense,Porous,No,No,No,Yes,Mid Spring,Spring and Summer,Summer,Fall,75.0,Medium,High,Medium,Yes,Yes,Yes,4.8,7.0,no
gambel-oak,Gambel oak,Quercus gambelii,vase,3-8,4,#e8d24a,,#5b7a4b,,,full-sun,low,"sandy,loamy",,40,,,,#6b5a4a,6-11,moderate,QUGA,Quercus gambelii Nutt.,Shrub,L48:N,Single Crown,Irregular,Coarse,Moderate,Porous,No,No,No,Yes,Mid Spring,Spring and Summer,Summer,Fall,40.0,High,Low,Low,Yes,Yes,No,6.5,8.0,no
overcup-oak,overcup oak,Quercus lyrata,tree,3-8,4,#e8d24a,,#5b7a4b,,,part-sun,high,"loamy,clay",,80,,,,#6b5a4a,6-11,moderate,QULY,Quercus lyrata Walter,Tree,L48:N,Single Stem,Erect,Medium,Dense,Porous,No,No,Yes,Yes,Mid Spring,Spring and Summer,Summer,Fall,80.0,Medium,None,High,No,Yes,Yes,4.5,7.5,no
bur-oak,bur oak,Quercus macrocarpa,vase,3-8,4,#e8d24a,,#5b7a4b,,,part-sun,medium,"sandy,loamy,clay",,100,,,,#6b5a4a,6-11,light,QUMA2,Quercus macrocarpa Michx.,Shrub,CAN:N|L48:N,Single Stem,Erect,Medium,Dense,Porous,No,No,Yes,Yes,Mid Spring,Spring and Summer,Summer,Fall,100.0,Medium,High,Medium,Yes,Yes,Yes,4.5,7.5,yes
blackjack-oak,blackjack oak,Quercus marilandica,vase,3-8,4,#e8d24a,,,,,full-sun,low,"sandy,loamy",,25,,,,#6b5a4a,9-11,moderate,QUMA3,Quercus marilandica Münchh.,Shrub,L48:N,Single Stem,Erect,Coarse,Moderate,Porous,No,No,No,Yes,Mid Spring,Spring and Summer,Fall,Fall,25.0,High,High,Low,Yes,Yes,No,4.6,5.6,yes
swamp-chestnut-oak,swamp chestnut oak,Quercus michauxii,tree,3-8,4,#e8d24a,,#5b7a4b,,,full-sun,medium,"loamy,clay",,80,,,,#6b5a4a,6-11,moderate,QUMI,Quercus michauxii Nutt.,Tree,L48:N,Single Stem,Erect,Medium,Dense,Porous,No,No,Yes,Yes,Mid Spring,Spring and Summer,Summer,Fall,80.0,High,Low,Medium,No,Yes,Yes,4.5,6.5,no
chinquapin-oak,chinquapin oak,Quercus muehlenbergii,tree,3-8,4,#e8d24a,,#5b7a4b,,,full-sun,medium,loamy,,70,,,,#6b5a4a,6-11,moderate,QUMU,Quercus muehlenbergii Engelm.,Tree,CAN:N|L48:N,Single Stem,Erect,Medium,Dense,Porous,No,No,Yes,Yes,Mid Spring,Spring and Summer,Summer,Fall,70.0,High,High,Medium,No,Yes,No,5.0,8.0,no
water-oak,water oak,Quercus nigra,tree,3-8,4,#e8d24a,,#5b7a4b,,,full-sun,high,"loamy,clay",,90,,,,#6b5a4a,6-8,moderate,QUNI,Quercus nigra L.,Tree,L48:N,Single Stem,Erect,Medium,Dense,Porous,No,No,Yes,Yes,Mid Spring,Spring and Summer,Summer,Summer,90.0,High,Low,High,No,Yes,Yes,4.8,7.3,no
willow-oak,willow oak,Quercus phellos,tree,3-8,4,#e8d24a,,#5b7a4b,,,full-sun,high,"loamy,clay",,100,,,,#6b5a4a,6-11,heavy,QUPH,Quercus phellos L.,Tree,L48:N,Single Stem,Erect,Fine,Dense,Porous,No,No,Yes,Yes,Mid Spring,Spring and Summer,Summer,Fall,100.0,High,None,High,No,Yes,Yes,4.5,6.5,no
shumard-s-oak,Shumard's oak,Quercus shumardii,vase,3-8,3,#e8d24a,,#5b7a4b,,,full-sun,medium,"sandy,loamy",,100,,,,#6b5a4a,3-11,moderate,QUSH,Quercus shumardii Buckley,Shrub,CAN:N|L48:N,Single Stem,Erect,Medium,Dense,Porous,No,No,Yes,Yes,Early Spring,Spring and Summer,Spring,Fall,100.0,High,High,Medium,Yes,Yes,No,5.0,7.6,yes
post-oak,post oak,Quercus stellata,tree,3-8,3,#e8d24a,,#5b7a4b,,,full-sun,medium,"sandy,loamy",,60,,,,#6b5a4a,6-11,moderate,QUST,Quercus stellata Wangenh.,Tree,L48:N,Single Stem,Erect,Coarse,Dense,Porous,No,No,No,Yes,Early Spring,Spring and Summer,Summer,Fall,60.0,High,High,Medium,Yes,Yes,No,4.8,6.5,yes
nuttall-oak,Nuttall oak,Quercus texana,vase,3-8,3,#e8d24a,,#5b7a4b,,,full-sun,medium,clay,,110,,,,#6b5a4a,3-11,heavy,QUTE,Quercus texana Buckley,Shrub,L48:N,Single Stem,Erect,Medium,Moderate,Porous,No,No,Yes,Yes,Early Spring,Spring and Summer,Spring,Fall,110.0,High,None,Medium,No,No,Yes,4.5,5.5,no
black-oak,black oak,Quercus velutina,tree,3-8,3,#e8d24a,,#5b7a4b,,,part-sun,medium,"sandy,loamy,clay",,80,,,,#6b5a4a,3-11,heavy,QUVE,Quercus velutina Lam.,Tree,CAN:N|L48:N,Single Stem,Erect,Medium,Moderate,Porous,No,No,Yes,Yes,Early Spring,Spring and Summer,Spring,Fall,80.0,Medium,Low,Medium,Yes,Yes,Yes,4.5,6.5,no
live-oak,live oak,Quercus virginiana,tree,3-8,3,#e8d24a,,#5b7a4b,,,part-sun,medium,"sandy,loamy,clay",,50,,,,#6b5a4a,3-11,,QUVI,Quercus virginiana Mill.,Tree,L48:N,Single Stem,Rounded,Medium,Moderate,Porous,Yes,No,Yes,No,Early Spring,Spring and Summer,Spring,Fall,50.0,Medium,Medium,Medium,Yes,Yes,Yes,4.5,7.3,yes
littleleaf-buttercup,littleleaf buttercup,Ranunculus abortivus,mound,3-8,3-5,#e8d24a,,#5b7a4b,,,shade,medium,"loamy,clay",,2.8,,,,#3a3a34,6-8,light,RAAB,Ranunculus abortivus L.,Forb/herb,AK:N|CAN:N|L48:N|SPM:N,Multiple Stem,Erect,Medium,Porous,Porous,No,No,No,No,Spring,Spring and Summer,Summer,Summer,2.8,Low,Low,Medium,No,Yes,Yes,5.0,7.5,no
upright-prairie-coneflower,upright prairie coneflower,Ratibida columnifera,mound,6-8,7,#e8d24a,,#5b7a4b,,,full-sun,medium,"sandy,loamy,clay",,3.1,,,,#6b5a4a,6-11,moderate,RACO3,Ratibida columnifera (Nutt.) Wooton & Standl.,Forb/herb,CAN:N|L48:N,Single Crown,Erect,Medium,Porous,Porous,No,Yes,Yes,No,Mid Summer,Summer,Summer,Fall,3.1,High,Medium,Medium,Yes,Yes,Yes,5.9,7.0,yes
bristly-buttercup,bristly buttercup,Ranunculus hispidus,mound,3-5,3,#e8d24a,,,,,shade,medium,"loamy,clay",,2.5,,,,#e8d24a,6-8,moderate,RAHI,Ranunculus hispidus Michx.,Forb/herb,CAN:N|L48:N,Single Stem,Erect,Medium,Moderate,Porous,No,Yes,No,No,Early Spring,Spring,Summer,Summer,2.5,Low,Low,Medium,No,Yes,Yes,4.5,8.0,no
mississippi-buttercup,Mississippi buttercup,Ranunculus laxicaulis,mound,3-8,5,#e8d24a,,#5b7a4b,,,part-sun,high,loamy,,1.2,,,,#e8d24a,3-8,heavy,RALA2,Ranunculus laxicaulis (Torr. & A. Gray) Darby,Forb/herb,L48:N,Single Crown,Decumbent,Fine,Porous,Porous,No,Yes,No,Yes,Late Spring,Spring and Summer,Spring,Summer,1.2,Medium,Low,High,No,Yes,No,6.0,7.5,no
cursed-buttercup,cursed buttercup,Ranunculus sceleratus,mound,3-8,5,#e8d24a,,#5b7a4b,,,shade,high,"sandy,loamy,clay",,2,,,,#6b5a4a,3-8,moderate,RASC3,Ranunculus sceleratus L.,Forb/herb,AK:N|CAN:I|CAN:N|L48:N|SPM:I,Single Crown,Erect,Fine,Porous,Porous,No,Yes,No,No,Late Spring,Spring and Summer,Spring,Summer,2.0,Low,None,High,Yes,Yes,Yes,4.8,8.4,no
fragrant-sumac-rhars,fragrant sumac,Rhus aromatica var. serotina,vase,3-8,4,#e8d24a,,#5b7a4b,,,full-sun,low,"sandy,loamy,clay",,5,,,,#b3261e,6-11,moderate,RHARS,Rhus aromatica Aiton var. serotina (Greene) Rehder,Shrub,L48:N,Multiple Stem,Rounded,Coarse,Moderate,Porous,No,No,Yes,Yes,Mid Spring,Spring and Summer,Summer,Fall,5.0,High,High,Low,Yes,Yes,Yes,5.0,8.0,yes
winged-sumac,winged sumac,Rhus copallinum,vase,3-8,4,#e8d24a,,#5b7a4b,,,full-sun,low,"sandy,loamy,clay",,8,,,,#6b5a4a,6-11,heavy,RHCO,Rhus copallinum L.,Shrub,CAN:N|L48:N,Rhizomatous,Erect,Coarse,Dense,Porous,No,No,Yes,Yes,Mid Spring,Spring and Summer,Summer,Fall,8.0,High,Medium,Low,Yes,Yes,Yes,5.3,7.5,no
shortbristle-horned-beaksedge,shortbristle horned beaksedge,Rhynchospora corniculata,grass,6-8,5,#5b7a4b,,,,,full-sun,medium,"sandy,loamy,clay",,6.6,,,,#e8d24a,6-11,moderate,RHCO2,Rhynchospora corniculata (Lam.) A. Gray,Graminoid,L48:N,Single Crown,Erect,Coarse,Dense,Porous,No,No,Yes,No,Late Spring,Summer,Summer,Fall,6.6,High,Medium,Medium,Yes,Yes,Yes,5.1,7.4,no
smooth-sumac,smooth sumac,Rhus glabra,vase,3-8,4,#e8d24a,,#5b7a4b,,,full-sun,low,"sandy,loamy",,12,,,,#6b5a4a,6-11,heavy,RHGL,Rhus glabra L.,Shrub,CAN:N|L48:N,Rhizomatous,Erect,Coarse,Dense,Porous,No,No,Yes,Yes,Mid Spring,Spring and Summer,Summer,Fall,12.0,High,Medium,Low,Yes,Yes,No,5.3,7.5,yes
littleleaf-sumac,littleleaf sumac,Rhus microphylla,vase,3-8,3-5,#f1f1e2,,#5b7a4b,,,full-sun,low,"sandy,loamy",,10,,,,#b3261e,6-11,moderate,RHMI3,Rhus microphylla Engelm. ex A. Gray,Shrub,L48:N,Multiple Stem,Rounded,Fine,Moderate,Moderate,No,No,Yes,Yes,Spring,Spring and Summer,Summer,Fall,10.0,High,High,Low,Yes,Yes,No,7.0,8.5,no
skunkbush-sumac,skunkbush sumac,Rhus trilobata,vase,3-8,6,#e8d24a,,#5b7a4b,,,part-sun,low,"sandy,loamy",,4,,,,#b3261e,6-8,moderate,RHTR,Rhus trilobata Nutt.,Shrub,CAN:N|L48:N,Rhizomatous,Vase,Medium,Dense,Porous,No,Yes,Yes,Yes,Early Summer,Spring and Summer,Summer,Summer,4.0,Medium,Medium,Low,Yes,Yes,No,6.5,8.2,yes
carolina-rose,Carolina rose,Rosa carolina,mound,3-8,6,#f1f1e2,,#5b7a4b,,,part-sun,low,"sandy,loamy",,5,,,,#b3261e,6-11,light,ROCA4,Rosa carolina L.,Subshrub,CAN:N|L48:N,Multiple Stem,Erect,Medium,Dense,Moderate,No,Yes,Yes,No,Early Summer,Spring and Summer,Summer,Fall,5.0,Medium,High,Low,Yes,Yes,No,4.0,7.0,no
black-locust,black locust,Robinia pseudoacacia,tree,3-5,3-5,#f1f1e2,,#5b7a4b,,,full-sun,medium,"sandy,loamy,clay",,60,,,,#3a3a34,3-8,moderate,ROPS,Robinia pseudoacacia L.,Tree,CAN:I|L48:N,Multiple Stem,Erect,Medium,Porous,Porous,No,Yes,Yes,No,Spring,Spring,Spring,Summer,60.0,High,High,Medium,Yes,Yes,Yes,4.8,8.2,no
climbing-rose,climbing rose,Rosa setigera,mound,3-5,3-5,#f1f1e2,,,,,full-sun,low,"sandy,loamy",,16,,,,#b3261e,6-11,moderate,ROSE2,Rosa setigera Michx.,Subshrub,CAN:N|L48:N,Single Stem,Climbing,Fine,Moderate,Porous,No,Yes,Yes,No,Spring,Spring,Summer,Fall,16.0,High,High,Low,Yes,Yes,No,5.0,7.5,yes
sawtooth-blackberry,sawtooth blackberry,Rubus argutus,mound,3-5,3-5,#f1f1e2,,#5b7a4b,,,full-sun,medium,"sandy,loamy,clay",,8.2,,,,#3a3a34,6-11,heavy,RUAR2,Rubus argutus Link,Subshrub,HI:I|L48:N,Multiple Stem,Erect,Medium,Dense,Moderate,No,Yes,Yes,No,Spring,Spring,Summer,Fall,8.2,High,Medium,Medium,Yes,Yes,Yes,4.5,7.0,no
northern-dewberry,northern dewberry,Rubus flagellaris,mound,3-8,5,#f1f1e2,,#5b7a4b,,,part-sun,high,"sandy,loamy,clay",,3,,,,#3a3a34,6-11,heavy,RUFL,Rubus flagellaris Willd.,Subshrub,CAN:N|L48:N,Thicket Forming,Prostrate,Coarse,Dense,Porous,No,Yes,Yes,No,Late Spring,Spring and Summer,Summer,Fall,3.0,Medium,Low,High,Yes,Yes,Yes,5.0,7.0,no
blackeyed-susan,blackeyed Susan,Rudbeckia hirta,mound,"1,2,3,4,5,9,10,11,12",6-8,#d98a3d,,#5b7a4b,,,full-sun,medium,"loamy,clay",,1,,,,#6b5a4a,6-8,heavy,RUHI2,Rudbeckia hirta L.,Forb/herb,AK:I|CAN:N|L48:N,Single Stem,Semi-Erect,Coarse,Porous,Porous,No,Yes,No,No,Summer,"Fall, Winter and Spring",Summer,Summer,1.0,High,Medium,Medium,No,Yes,Yes,6.0,7.0,yes
fringeleaf-wild-petunia,fringeleaf wild petunia,Ruellia humilis,mound,6-8,6-8,#8f6fb3,,#5b7a4b,,,shade,low,"sandy,loamy,clay",,2.6,,,,#e8d24a,6-11,light,RUHU,Ruellia humilis Nutt.,Forb/herb,L48:N,Single Stem,Erect,Fine,Porous,Porous,No,Yes,No,No,Summer,Summer,Summer,Fall,2.6,Low,Medium,Low,Yes,Yes,Yes,4.5,7.5,no
great-coneflower,great coneflower,Rudbeckia maxima,mound,3-5,6-8,#e8d24a,,,,,full-sun,high,"sandy,loamy,clay",,9.8,,,,#3a3a34,6-11,moderate,RUMA3,Rudbeckia maxima Nutt.,Forb/herb,L48:N,Single Stem,Erect,Coarse,Porous,Porous,No,Yes,No,No,Summer,Spring,Summer,Fall,9.8,High,None,High,Yes,Yes,Yes,4.0,7.0,no
golden-dock,golden dock,Rumex maritimus,mound,3-8,5,#e8d24a,,#5b7a4b,,,part-sun,high,"sandy,loamy,clay",,2,,,,#6b5a4a,6-8,moderate,RUMA4,Rumex maritimus L.,Forb/herb,AK:I|CAN:N|L48:N,Rhizomatous,Semi-Erect,Coarse,Porous,Porous,No,No,No,No,Late Spring,Spring and Summer,Summer,Summer,2.0,Medium,None,High,Yes,Yes,Yes,5.0,8.2,no
limestone-wild-petunia,limestone wild petunia,Ruellia strepens,mound,3-5,3,#8f6fb3,,#5b7a4b,,,shade,low,"loamy,clay",,3.6,,,,#e8d24a,6-8,light,RUST2,Ruellia strepens L.,Forb/herb,L48:N,Single Stem,Erect,Medium,Porous,Porous,No,Yes,No,No,Early Spring,Spring,Summer,Summer,3.6,Low,Medium,Low,No,Yes,Yes,6.0,8.5,no
sassafras,sassafras,Sassafras albidum,vase,3-8,5,#e8d24a,,#5b7a4b,,,full-sun,low,"sandy,loamy",,75,,,,#5b7ea3,6-8,moderate,SAAL5,Sassafras albidum (Nutt.) Nees,Shrub,CAN:N|L48:N,Single Stem,Irregular,Coarse,Moderate,Porous,No,Yes,No,Yes,Late Spring,Spring and Summer,Summer,Summer,75.0,High,High,Low,Yes,Yes,No,4.5,7.3,no
peachleaf-willow,peachleaf willow,Salix amygdaloides,vase,3-8,5,#f1f1e2,,#5b7a4b,,,full-sun,high,"sandy,loamy",,60,,,,,3-5,heavy,SAAM2,Salix amygdaloides Andersson,Shrub,CAN:N|L48:N,Multiple Stem,Irregular,Medium,Dense,Porous,No,No,No,No,Late Spring,Spring and Summer,Spring,Spring,60.0,High,Low,High,Yes,Yes,No,6.0,8.0,no
pitcher-sage,pitcher sage,Salvia azurea var. grandiflora,mound,3-8,3-5,#5b7ea3,,#5b7a4b,,,full-sun,medium,"loamy,clay",,3,,,,#6b5a4a,6-11,moderate,SAAZG,Salvia azurea Michx. ex Lam. var. grandiflora Benth.,Forb/herb,L48:N,Single Stem,Erect,Medium,Moderate,Porous,No,Yes,No,No,Spring,Spring and Summer,Summer,Fall,3.0,High,Low,Medium,No,Yes,Yes,6.0,8.0,yes
narrowleaf-willow,narrowleaf willow,Salix exigua,vase,3-8,3,#e8d24a,,#5b7a4b,,,part-sun,high,"sandy,loamy",,10,,,,#f1f1e2,6-5,heavy,SAEX,Salix exigua Nutt.,Shrub,CAN:N|L48:N,Rhizomatous,Erect,Medium,Dense,Porous,No,No,No,No,Early Spring,Spring and Summer,Summer,Spring,10.0,Medium,Medium,High,Yes,Yes,No,6.0,8.5,no
sugarcane-plumegrass,sugarcane plumegrass,Saccharum giganteum,grass,6-8,6-8,#5b7a4b,,#5b7a4b,,,full-sun,medium,"sandy,loamy",,9.8,,,,#f1f1e2,6-11,moderate,SAGI,Saccharum giganteum (Walter) Pers.,Graminoid,L48:N,Bunch,Erect,Coarse,Porous,Porous,No,No,No,Yes,Summer,Summer,Summer,Fall,9.8,High,None,Medium,Yes,Yes,No,3.5,7.0,no
goodding-s-willow,Goodding's willow,Salix gooddingii,tree,3-8,3,#5b7a4b,,#5b7a4b,,,full-sun,high,"sandy,loamy",,40,,,,#6b5a4a,3-5,light,SAGO,Salix gooddingii C.R. Ball,Tree,L48:N,Multiple Stem,Erect,Coarse,Dense,Moderate,No,No,No,No,Early Spring,Spring and Summer,Spring,Spring,40.0,High,Medium,High,Yes,Yes,No,5.7,7.4,no
broadleaf-arrowhead,broadleaf arrowhead,Sagittaria latifolia,mound,3-5,5,#e8d24a,,#5b7a4b,,,full-sun,high,"loamy,clay",,4.9,,,,,3-8,moderate,SALA2,Sagittaria latifolia Willd.,Forb/herb,CAN:N|HI:I|L48:N|PR:N,Bunch,Erect,Medium,Moderate,Porous,No,Yes,No,No,Late Spring,Spring,Spring,Summer,4.9,High,None,High,No,Yes,Yes,4.7,8.9,no
dwarf-palmetto,dwarf palmetto,Sabal minor,vase,3-8,5,#f1f1e2,,,,,shade,high,"loamy,clay",,9,,,,#3a3a34,9-12,light,SAMI8,Sabal minor (Jacq.) Pers.,Shrub,L48:N,Bunch,Erect,Coarse,Dense,Dense,Yes,No,No,No,Late Spring,Spring and Summer,Fall,Winter,9.0,Low,None,High,No,Yes,Yes,5.5,6.5,no
black-willow,black willow,Salix nigra,tree,3-8,3,,,#5b7a4b,,,full-sun,high,"sandy,loamy,clay",,100,,,,,3-8,heavy,SANI,Salix nigra Marshall,Tree,CAN:N|L48:N,Multiple Stem,Erect,Medium,Moderate,Porous,No,No,No,No,Early Spring,Spring and Summer,Spring,Summer,100.0,High,Low,High,Yes,Yes,Yes,4.8,8.0,no
american-black-elderberry,American black elderberry,Sambucus nigra ssp. canadensis,vase,3-8,3-5,#f1f1e2,,#5b7a4b,,,full-sun,medium,loamy,,7,,,,#5b7ea3,3-8,heavy,SANIC4,Sambucus nigra L. ssp. canadensis (L.) R. Bolli,Shrub,CAN:N|HI:I|L48:N|PB:I|PR:N|VI:I,Multiple Stem,Erect,Medium,Dense,Porous,No,Yes,Yes,Yes,Spring,Spring and Summer,Spring,Summer,7.0,High,Medium,Medium,No,Yes,No,5.0,8.9,no
blue-elderberry,blue elderberry,Sambucus nigra ssp. cerulea,vase,3-8,3-5,#f1f1e2,,#5b7a4b,,,part-sun,low,"sandy,loamy",,23,,,,#3a3a34,6-11,heavy,SANIC5,Sambucus nigra L. ssp. cerulea (Raf.) R. Bolli,Shrub,CAN:N|L48:N,Multiple Stem,Erect,Coarse,Moderate,,No,Yes,Yes,No,Spring,Spring and Summer,Summer,Fall,23.0,Medium,High,Low,Yes,Yes,No,4.9,7.5,no
delta-arrowhead,delta arrowhead,Sagittaria platyphylla,mound,3-8,7,#f1f1e2,,#5b7a4b,,,full-sun,high,"sandy,loamy,clay",,3,,,,#5b7a4b,6-11,,SAPL,Sagittaria platyphylla (Engelm.) J.G. Sm.,Forb/herb,L48:N,Single Crown,Erect,Coarse,Porous,Porous,No,No,No,No,Mid Summer,Spring and Summer,Summer,Fall,3.0,High,None,High,Yes,Yes,Yes,5.0,7.0,no
western-soapberry,western soapberry,Sapindus saponaria var. drummondii,vase,6-8,3-5,#f1f1e2,,#5b7a4b,,,full-sun,low,"sandy,loamy,clay",,20,,,,#e8d24a,6-8,moderate,SASAD,Sapindus saponaria L. var. drummondii (Hook. & Arn.) L.D. Benson,Shrub,L48:N,Single Stem,Erect,Fine,Moderate,Porous,No,Yes,Yes,Yes,Spring,Summer,Summer,Summer,20.0,High,High,Low,Yes,Yes,Yes,7.0,8.5,no
american-cupscale,American cupscale,Sacciolepis striata,grass,6-8,6,#8f6fb3,,#5b7a4b,,,full-sun,low,"loamy,clay",,3,,,,#8f6fb3,6-11,,SAST,Sacciolepis striata (L.) Nash,Graminoid,L48:N|PR:N,Rhizomatous,Erect,Coarse,Porous,Porous,No,No,No,No,Early Summer,Summer,Summer,Fall,3.0,High,Medium,Low,No,Yes,Yes,5.0,7.3,no
hardstem-bulrush,hardstem bulrush,Schoenoplectus acutus var. acutus,grass,6-8,5,#5b7a4b,,#5b7a4b,,,full-sun,high,"loamy,clay",,9.8,,,,#3a3a34,3-11,moderate,SCACA,Schoenoplectus acutus (Muhl. ex Bigelow) Á. Löve & D. Löve var. acutus,Graminoid,AK:N|CAN:N|L48:N|SPM:N,Rhizomatous,Erect,Coarse,Dense,Moderate,No,No,No,No,Late Spring,Summer,Spring,Fall,9.8,High,Medium,High,No,Yes,Yes,5.2,8.5,no
green-bulrush,green bulrush,Scirpus atrovirens,grass,3-5,6-8,#6b5a4a,,,,,full-sun,medium,"loamy,clay",,5.9,,,,#6b5a4a,6-11,moderate,SCAT2,Scirpus atrovirens Willd.,Graminoid,CAN:N|L48:N,Bunch,Erect,Coarse,Moderate,Porous,No,No,No,No,Summer,Spring,Summer,Fall,5.9,High,Low,Medium,No,Yes,Yes,4.0,8.0,no
california-bulrush,California bulrush,Schoenoplectus californicus,grass,6-8,5,#6b5a4a,,,,,full-sun,high,"loamy,clay",,6.6,,,,#6b5a4a,3-11,moderate,SCCA11,Schoenoplectus californicus (C.A. Mey.) Palla,Graminoid,HI:I|L48:N,Rhizomatous,Erect,Coarse,Dense,Porous,No,No,No,No,Late Spring,Summer,Spring,Fall,6.6,High,Low,High,No,Yes,Yes,5.0,9.0,no
woolgrass,woolgrass,Scirpus cyperinus,grass,3-5,8,#5b7a4b,,#5b7a4b,,,part-sun,high,"sandy,loamy,clay",,4.9,,,,#e8d24a,6-11,moderate,SCCY,Scirpus cyperinus (L.) Kunth,Graminoid,CAN:N|L48:N|SPM:N,Bunch,Erect,Coarse,Moderate,Porous,No,No,Yes,No,Late Summer,Spring,Summer,Fall,4.9,Medium,Low,High,Yes,Yes,Yes,4.8,7.2,no
georgia-bulrush,Georgia bulrush,Scirpus georgianus,grass,3-8,6,#e8d24a,,,,,part-sun,medium,"loamy,clay",,4.5,,,,#6b5a4a,6-8,light,SCGE2,Scirpus georgianus Harper,Graminoid,CAN:N|L48:N,Bunch,Semi-Erect,Fine,Moderate,Porous,No,No,No,No,Early Summer,Spring and Summer,Summer,Summer,4.5,Medium,Low,Medium,No,Yes,Yes,4.5,7.0,no
rufous-bulrush,rufous bulrush,Scirpus pendulus,grass,3-8,4,#b3261e,,#5b7a4b,,,full-sun,medium,"sandy,loamy,clay",,4,,,,#6b5a4a,3-8,light,SCPE4,Scirpus pendulus Muhl.,Graminoid,CAN:N|L48:N,Rhizomatous,Erect,Medium,Moderate,Porous,No,No,No,No,Mid Spring,Spring and Summer,Spring,Summer,4.0,High,None,Medium,Yes,Yes,Yes,4.9,7.0,no
little-bluestem-scsc,little bluestem,Schizachyrium scoparium,grass,6-11,6-8,#e8d24a,,#5b7a4b,,,full-sun,low,"sandy,loamy,clay",,3.5,,,,#6b5a4a,6-11,moderate,SCSC,Schizachyrium scoparium (Michx.) Nash,Graminoid,CAN:N|HI:I|L48:N,Bunch,Erect,Medium,Moderate,Porous,No,No,No,No,Summer,Summer and Fall,Summer,Fall,3.5,High,High,Low,Yes,Yes,Yes,5.6,8.4,yes
softstem-bulrush,softstem bulrush,Schoenoplectus tabernaemontani,grass,3-11,5,#b3261e,,#5b7a4b,,,full-sun,high,"sandy,loamy,clay",,9,,,,#5b7a4b,6-8,light,SCTA2,Schoenoplectus tabernaemontani (C.C. Gmel.) Palla,Graminoid,AK:N|CAN:N|HI:N|L48:N|PR:N|SPM:N|VI:N,Rhizomatous,Erect,Coarse,Dense,Porous,No,No,No,No,Late Spring,"Spring, Summer, Fall",Summer,Summer,9.0,High,None,High,Yes,Yes,Yes,5.4,7.5,no
maryland-senna,Maryland senna,Senna marilandica,mound,3-8,6-8,#e8d24a,,#5b7a4b,,,part-sun,low,"sandy,loamy",,6.6,,,,#6b5a4a,6-11,moderate,SEMA11,Senna marilandica (L.) Link,Forb/herb,L48:N,Single Stem,Erect,Medium,Moderate,,No,Yes,No,No,Summer,Spring and Summer,Summer,Fall,6.6,Medium,Medium,Low,Yes,Yes,No,4.0,7.0,no
narrowleaf-blue-eyed-grass,narrowleaf blue-eyed grass,Sisyrinchium angustifolium,mound,3-8,4,#5b7ea3,,#5b7a4b,,,part-sun,medium,"loamy,clay",,2,,,,#3a3a34,3-8,light,SIAN3,Sisyrinchium angustifolium Mill.,Forb/herb,CAN:N|L48:N,Bunch,Erect,Fine,Moderate,Porous,No,Yes,No,No,Mid Spring,Spring and Summer,Spring,Summer,2.0,Medium,Low,Medium,No,Yes,Yes,5.0,7.0,no
saw-greenbrier,saw greenbrier,Smilax bona-nox,vase,3-8,3-5,#5b7a4b,,#5b7a4b,,,shade,medium,"sandy,loamy,clay",,4,,,,#3a3a34,3-11,moderate,SMBO2,Smilax bona-nox L.,Shrub,L48:N,Thicket Forming,Climbing,Coarse,Moderate,Porous,Yes,No,Yes,No,Spring,Spring and Summer,Spring,Fall,4.0,Low,Medium,Medium,Yes,Yes,Yes,4.5,8.5,no
cat-greenbrier,cat greenbrier,Smilax glauca,vase,3-8,3-5,#5b7a4b,,,,,shade,medium,"sandy,loamy,clay",,1,,,,#3a3a34,3-11,light,SMGL,Smilax glauca Walter,Shrub,L48:N,Thicket Forming,Climbing,Coarse,Moderate,Porous,Yes,No,Yes,No,Spring,Spring and Summer,Spring,Fall,1.0,Low,Medium,Medium,Yes,Yes,Yes,4.5,7.5,no
roundleaf-greenbrier,roundleaf greenbrier,Smilax rotundifolia,vase,6-8,3-5,#f1f1e2,,#5b7a4b,,,full-sun,medium,loamy,,1,,,,#6b5a4a,3-8,light,SMRO,Smilax rotundifolia L.,Shrub,CAN:N|L48:N,Single Crown,Climbing,Medium,Porous,Porous,No,No,No,No,Spring,Summer,Spring,Summer,1.0,High,Medium,Medium,No,Yes,No,5.0,7.5,no
lanceleaf-greenbrier,lanceleaf greenbrier,Smilax smallii,vase,3-8,3-5,#5b7a4b,,#5b7a4b,,,shade,medium,"sandy,loamy,clay",,1,,,,#3a3a34,6-11,moderate,SMSM,Smilax smallii Morong,Shrub,L48:N|PR:N,Thicket Forming,Climbing,Coarse,Moderate,Moderate,Yes,No,Yes,No,Spring,Spring and Summer,Summer,Fall,1.0,Low,Low,Medium,Yes,Yes,Yes,4.0,7.0,no
canada-goldenrod-soal6,Canada goldenrod,Solidago altissima,mound,3-11,5,#e8d24a,,,,,part-sun,medium,"sandy,loamy,clay",,5,,,,#6b5a4a,6-11,moderate,SOAL6,Solidago altissima L.,Forb/herb,CAN:N|HI:I|L48:N,Rhizomatous,Erect,Fine,Porous,Porous,No,Yes,No,Yes,Late Spring,"Spring, Summer, Fall",Summer,Fall,5.0,Medium,Low,Medium,Yes,Yes,Yes,5.2,7.3,no
canada-goldenrod-soca6,Canada goldenrod,Solidago canadensis,mound,3-8,8,#e8d24a,,#5b7a4b,,,full-sun,medium,"sandy,loamy,clay",,3.5,,,,#6b5a4a,6-11,heavy,SOCA6,Solidago canadensis L.,Forb/herb,AK:N|CAN:N|L48:N,Rhizomatous,Erect,Coarse,Dense,Porous,No,Yes,No,No,Late Summer,Spring and Summer,Summer,Fall,3.5,High,Medium,Medium,Yes,Yes,Yes,4.8,7.5,no
giant-goldenrod,giant goldenrod,Solidago gigantea,mound,6-8,,#e8d24a,,#5b7a4b,,,part-sun,medium,"loamy,clay",,8.2,,,,#6b5a4a,6-11,moderate,SOGI,Solidago gigantea Aiton,Forb/herb,CAN:N|L48:N,Bunch,Erect,Medium,Moderate,Porous,No,Yes,No,Yes,Indeterminate,Summer,Summer,Fall,8.2,Medium,Medium,Medium,No,Yes,Yes,4.0,8.0,no
missouri-goldenrod,Missouri goldenrod,Solidago missouriensis,mound,3-11,8,#e8d24a,,#5b7a4b,,,part-sun,low,"sandy,loamy",,3,,,,#6b5a4a,6-11,moderate,SOMI2,Solidago missouriensis Nutt.,Forb/herb,CAN:N|L48:N,Rhizomatous,Erect,Medium,Porous,Porous,No,Yes,No,Yes,Late Summer,"Spring, Summer, Fall",Summer,Fall,3.0,Medium,High,Low,Yes,Yes,No,5.5,7.5,no
gray-goldenrod,gray goldenrod,Solidago nemoralis,mound,3-8,6-8,#e8d24a,,#5b7a4b,,,full-sun,medium,"sandy,loamy",,2,,,,#6b5a4a,6-11,heavy,SONE,Solidago nemoralis Aiton,Forb/herb,CAN:N|L48:N,Rhizomatous,Decumbent,Medium,Moderate,Porous,No,Yes,No,No,Summer,Spring and Summer,Summer,Fall,2.0,High,Medium,Medium,Yes,Yes,No,6.5,7.5,no
indiangrass,Indiangrass,Sorghastrum nutans,grass,6-11,4,#e8d24a,,#5b7a4b,,,full-sun,medium,"sandy,loamy,clay",,6.5,,,,#6b5a4a,6-11,moderate,SONU2,Sorghastrum nutans (L.) Nash,Graminoid,CAN:N|L48:N,Bunch,Erect,Medium,Dense,Porous,No,No,No,No,Mid Spring,Summer and Fall,Summer,Fall,6.5,High,Medium,Medium,Yes,Yes,Yes,5.0,8.0,yes
wrinkleleaf-goldenrod,wrinkleleaf goldenrod,Solidago rugosa,mound,3-8,8,#e8d24a,,#5b7a4b,,,part-sun,medium,"sandy,loamy",,3.3,,,,#6b5a4a,6-11,heavy,SORU2,Solidago rugosa Mill.,Forb/herb,CAN:N|L48:N|SPM:N,Rhizomatous,Erect,Coarse,Dense,Porous,No,Yes,No,No,Late Summer,Spring and Summer,Summer,Fall,3.3,Medium,Medium,Medium,Yes,Yes,No,5.0,7.5,no
seaside-goldenrod,seaside goldenrod,Solidago sempervirens,mound,3-8,8,#e8d24a,,,,,full-sun,low,"sandy,loamy",,3.5,,,,#6b5a4a,6-11,light,SOSE,Solidago sempervirens L.,Forb/herb,CAN:N|L48:N|PR:I,Multiple Stem,Semi-Erect,Coarse,Moderate,Porous,No,Yes,No,Yes,Late Summer,Spring and Summer,Summer,Fall,3.5,High,Medium,Low,Yes,Yes,No,5.5,7.5,no
alkali-sacaton,alkali sacaton,Sporobolus airoides,grass,3-8,7,#e8d24a,,#5b7a4b,,,full-sun,low,"sandy,loamy,clay",,3,,,,#6b5a4a,6-11,moderate,SPAI,Sporobolus airoides (Torr.) Torr.,Graminoid,CAN:N|L48:N,Bunch,Erect,Fine,Moderate,Porous,No,No,No,No,Mid Summer,Spring and Summer,Summer,Fall,3.0,High,High,Low,Yes,Yes,Yes,6.6,9.0,no
american-bur-reed,American bur-reed,Sparganium americanum,mound,3-5,,#5b7a4b,,#5b7a4b,,,part-sun,high,"sandy,loamy,clay",,3.2,,,,#5b7a4b,3-11,moderate,SPAM,Sparganium americanum Nutt.,Forb/herb,CAN:N|L48:N|SPM:N,Colonizing,Erect,Medium,Moderate,Porous,No,No,No,No,Indeterminate,Spring,Spring,Fall,3.2,Medium,None,High,Yes,Yes,Yes,4.9,7.3,no
nodding-lady-s-tresses,nodding lady's tresses,Spiranthes cernua,mound,3-8,8,#f1f1e2,,#5b7a4b,,,full-sun,high,"loamy,clay",,1.5,,,,#6b5a4a,3-11,moderate,SPCE,Spiranthes cernua (L.) Rich.,Forb/herb,CAN:N|L48:N,Single Crown,Erect,Fine,Porous,Porous,No,Yes,No,No,Late Summer,Spring and Summer,Spring,Fall,1.5,High,None,High,No,Yes,Yes,4.5,6.5,no
scarlet-globemallow,scarlet globemallow,Sphaeralcea coccinea,mound,3-8,3-5,#b3261e,,#5b7a4b,,,full-sun,low,"sandy,loamy",,1.5,,,,#6b5a4a,6-11,heavy,SPCO,Sphaeralcea coccinea (Nutt.) Rydb.,Forb/herb,CAN:N|L48:N,Multiple Stem,Erect,Fine,Porous,Porous,No,Yes,Yes,No,Spring,Spring and Summer,Summer,Fall,1.5,High,High,Low,Yes,Yes,No,6.5,8.4,no
composite-dropseed,composite dropseed,Sporobolus compositus var. compositus,grass,3-8,6-8,#e8d24a,,#5b7a4b,,,full-sun,low,"sandy,loamy",,3,,,,#6b5a4a,6-11,moderate,SPCOC2,Sporobolus compositus (Poir.) Merr. var. compositus,Graminoid,CAN:N|L48:N,Bunch,Erect,Fine,Moderate,Porous,No,No,No,No,Summer,Spring and Summer,Summer,Fall,3.0,High,High,Low,Yes,Yes,No,5.5,7.0,no
sand-dropseed,sand dropseed,Sporobolus cryptandrus,grass,3-5,8,#e8d24a,,#5b7a4b,,,full-sun,low,"sandy,loamy",,3,,,,#6b5a4a,6-11,heavy,SPCR,Sporobolus cryptandrus (Torr.) A. Gray,Graminoid,CAN:N|L48:N,Bunch,Erect,Fine,Porous,Porous,No,No,No,No,Late Summer,Spring,Summer,Fall,3.0,High,High,Low,Yes,Yes,No,6.6,8.0,no
prairie-wedgescale,prairie wedgescale,Sphenopholis obtusata,grass,3-5,3-5,#5b7a4b,,#5b7a4b,,,part-sun,medium,"loamy,clay",,3.2,,,,#6b5a4a,6-8,moderate,SPOB,Sphenopholis obtusata (Michx.) Scribn.,Graminoid,CAN:N|HI:I|L48:N,Bunch,Erect,Fine,Moderate,Porous,No,No,No,No,Spring,Spring,Summer,Summer,3.2,Medium,Low,Medium,No,Yes,Yes,5.0,7.5,no
prairie-cordgrass,prairie cordgrass,Spartina pectinata,grass,3-8,7,#e8d24a,,#5b7a4b,,,full-sun,high,"sandy,loamy",,8,,,,#6b5a4a,6-11,light,SPPE,Spartina pectinata Bosc ex Link,Graminoid,CAN:N|L48:N|SPM:N,Rhizomatous,Erect,Coarse,Dense,Moderate,No,No,No,No,Mid Summer,Spring and Summer,Summer,Fall,8.0,High,Low,High,Yes,Yes,No,6.0,8.5,no
common-duckmeat,common duckmeat,Spirodela polyrrhiza,mound,3-5,8,#5b7a4b,,#5b7a4b,,,part-sun,high,"loamy,clay",,,,,,#6b5a4a,6-11,light,SPPO,Spirodela polyrrhiza (L.) Schleid.,Forb/herb,CAN:N|HI:N|L48:N|PR:N|VI:N,Single Crown,Prostrate,Fine,Porous,Porous,No,Yes,No,No,Late Summer,Spring,Summer,Fall,,Medium,None,High,No,Yes,Yes,5.0,8.6,no
gulf-cordgrass,gulf cordgrass,Spartina spartinae,grass,3-5,8,#5b7a4b,,#5b7a4b,,,full-sun,medium,"sandy,loamy,clay",,6.6,,,,#6b5a4a,3-8,heavy,SPSP,Spartina spartinae (Trin.) Merr. ex Hitchc.,Graminoid,L48:N,Bunch,Erect,Fine,Moderate,Porous,No,No,Yes,No,Late Summer,Spring,Spring,Summer,6.6,High,Medium,Medium,Yes,Yes,Yes,5.5,7.5,no
sago-pondweed,sago pondweed,Stuckenia pectinata,mound,6-8,4,#5b7a4b,,#5b7a4b,,,full-sun,high,"sandy,loamy,clay",,,,,,#5b7ea3,3-11,moderate,STPE15,Stuckenia pectinata (L.) Börner,Forb/herb,AK:N|CAN:N|HI:I|L48:N|SPM:N,Single Crown,Decumbent,Fine,Porous,Porous,No,No,No,No,Mid Spring,Summer,Spring,Fall,,High,None,High,Yes,Yes,Yes,6.0,8.5,no
smooth-hedgenettle,smooth hedgenettle,Stachys tenuifolia,mound,3-8,5,#8f6fb3,,#5b7a4b,,,shade,high,"sandy,loamy,clay",,25,,,,#6b5a4a,6-8,moderate,STTE,Stachys tenuifolia Willd.,Forb/herb,CAN:N|L48:N,Single Crown,Erect,Coarse,Moderate,Porous,No,Yes,No,No,Late Spring,Spring and Summer,Summer,Summer,25.0,Low,Low,High,Yes,Yes,Yes,5.7,7.4,no
white-panicle-aster,white panicle aster,Symphyotrichum lanceolatum ssp. hesperium var. hesperium,mound,6-11,8,#e8d24a,,#5b7a4b,,,part-sun,high,"sandy,loamy,clay",,6,,,,#6b5a4a,9-11,moderate,SYLAH6,Symphyotrichum lanceolatum (Willd.) G.L. Nesom ssp. hesperium (A. Gray) G.L. Nesom var. hesperium,Forb/herb,CAN:N|L48:N,Rhizomatous,Erect,Coarse,Moderate,Porous,No,Yes,No,Yes,Late Summer,Summer and Fall,Fall,Fall,6.0,Medium,Low,High,Yes,Yes,Yes,5.8,7.4,no
calico-aster,calico aster,Symphyotrichum lateriflorum var. lateriflorum,mound,3-11,6-8,#f1f1e2,,#5b7a4b,,,full-sun,medium,"sandy,loamy,clay",,5,,,,#6b5a4a,6-12,moderate,SYLAL7,Symphyotrichum lateriflorum (L.) Á. Löve & D. Löve var. lateriflorum,Forb/herb,CAN:N|L48:N,Single Crown,Semi-Erect,Coarse,Porous,Porous,No,Yes,No,Yes,Summer,"Spring, Summer, Fall",Summer,Winter,5.0,High,Medium,Medium,Yes,Yes,Yes,5.2,7.5,no
coralberry-syor,coralberry,Symphoricarpos orbiculatus,vase,3-8,4,#f1f1e2,,#5b7a4b,,,part-sun,high,"loamy,clay",,2,,,,#b3261e,6-11,heavy,SYOR,Symphoricarpos orbiculatus Moench,Shrub,CAN:I|L48:N,Rhizomatous,Erect,Coarse,Dense,Moderate,No,No,Yes,Yes,Mid Spring,Spring and Summer,Summer,Fall,2.0,Medium,Medium,High,No,Yes,Yes,5.5,7.5,no
late-purple-aster,late purple aster,Symphyotrichum patens var. patens,mound,3-11,8,#8f6fb3,,,,,shade,medium,"loamy,clay",,2.5,,,,#6b5a4a,6-11,heavy,SYPAP2,Symphyotrichum patens (Aiton) G.L. Nesom var. patens,Forb/herb,L48:N,Multiple Stem,Semi-Erect,Coarse,Dense,Porous,No,Yes,No,Yes,Late Summer,"Spring, Summer, Fall",Summer,Fall,2.5,Low,Medium,Medium,No,Yes,Yes,4.9,6.9,no
common-sweetleaf,common sweetleaf,Symplocos tinctoria,vase,3-8,5,#e8d24a,,,,,shade,,"sandy,loamy",,20,,,,#6b5a4a,9-11,,SYTI,Symplocos tinctoria (L.) L'Hér.,Shrub,L48:N,Rhizomatous,Erect,Medium,Porous,Porous,No,Yes,No,No,Late Spring,Spring and Summer,Fall,Fall,20.0,Low,None,,Yes,Yes,No,4.5,6.5,no
bald-cypress,bald cypress,Taxodium distichum,tree,3-8,4,#8f6fb3,,#5b7a4b,,,part-sun,high,"sandy,loamy,clay",,130,,,,#6b5a4a,6-11,light,TADI2,Taxodium distichum (L.) Rich.,Tree,L48:N,Single Stem,Conical,Fine,Dense,Moderate,No,No,No,Yes,Mid Spring,Spring and Summer,Summer,Fall,130.0,Medium,Low,High,Yes,Yes,Yes,4.5,6.0,yes
canada-germander,Canada germander,Teucrium canadense,mound,3-8,6-8,#8f6fb3,,,,,part-sun,high,"loamy,clay",,3.3,,,,#6b5a4a,6-11,moderate,TECA3,Teucrium canadense L.,Forb/herb,CAN:N|L48:N,Single Stem,Erect,Medium,Porous,Porous,No,Yes,No,No,Summer,Spring and Summer,Summer,Fall,3.3,Medium,Low,High,No,Yes,Yes,4.5,8.0,no
yellow-trumpetbush,yellow trumpetbush,Tecoma stans,vase,3-8,,#e8d24a,,#5b7a4b,,,full-sun,low,"sandy,loamy",,20,,,,#6b5a4a,6-11,heavy,TEST,Tecoma stans (L.) Juss. ex Kunth,Shrub,HI:I|L48:N|PB:I|PR:N|VI:N,Multiple Stem,Erect,Fine,Porous,Porous,No,Yes,Yes,No,Indeterminate,Spring and Summer,Summer,Fall,20.0,High,High,Low,Yes,Yes,No,6.5,8.0,no
american-basswood,American basswood,Tilia americana,tree,3-8,5,#e8d24a,,#5b7a4b,,,shade,medium,"sandy,loamy",,100,,,,#6b5a4a,6-11,heavy,TIAM,Tilia americana L.,Tree,CAN:I|CAN:N|L48:N,Single Stem,Erect,Medium,Dense,Porous,No,Yes,No,Yes,Late Spring,Spring and Summer,Summer,Fall,100.0,Low,Low,Medium,Yes,Yes,No,4.5,7.5,no
spanish-moss,Spanish moss,Tillandsia usneoides,mound,3-8,8,#f1f1e2,,,,,shade,medium,,,,,,,#3a3a34,9-12,light,TIUS,Tillandsia usneoides (L.) L.,Forb/herb,L48:N|PR:N|VI:N,Multiple Stem,Irregular,Fine,Dense,Dense,Yes,No,No,Yes,Late Summer,Spring and Summer,Fall,Winter,,Low,None,Medium,No,No,No,6.0,6.9,no
eastern-gamagrass,eastern gamagrass,Tripsacum dactyloides,grass,3-8,5,#e8d24a,,#5b7a4b,,,full-sun,medium,"sandy,loamy,clay",,6,,,,#6b5a4a,6-8,light,TRDA3,Tripsacum dactyloides (L.) L.,Graminoid,L48:N,Bunch,Erect,Medium,Dense,Moderate,No,No,No,No,Late Spring,Spring and Summer,Summer,Summer,6.0,High,Medium,Medium,Yes,Yes,Yes,5.7,7.5,yes
purpletop-tridens,purpletop tridens,Tridens flavus,grass,6-8,8,#e8d24a,,#5b7a4b,,,full-sun,low,"sandy,loamy,clay",,2.5,,,,#6b5a4a,6-11,moderate,TRFL2,Tridens flavus (L.) Hitchc.,Graminoid,CAN:I|L48:N,Bunch,Erect,Medium,Moderate,Porous,No,No,Yes,Yes,Late Summer,Summer,Summer,Fall,2.5,High,High,Low,Yes,Yes,Yes,4.5,6.5,no
longspike-tridens,longspike tridens,Tridens strictus,grass,3-5,8,#5b7a4b,,#5b7a4b,,,part-sun,low,"sandy,loamy",,4.9,,,,#e8d24a,6-11,light,TRST2,Tridens strictus (Nutt.) Nash,Graminoid,L48:N,Rhizomatous,Erect,Fine,Porous,Porous,No,No,No,No,Late Summer,Spring,Summer,Fall,4.9,Medium,High,Low,Yes,Yes,No,3.5,7.0,no
broadleaf-cattail,broadleaf cattail,Typha latifolia,mound,3-8,5,#6b5a4a,,#5b7a4b,,,part-sun,high,"sandy,loamy,clay",,5,,,,#6b5a4a,6-11,heavy,TYLA,Typha latifolia L.,Forb/herb,AK:N|CAN:N|HI:I|L48:N,Rhizomatous,Erect,Coarse,Porous,Porous,No,No,Yes,No,Late Spring,Spring and Summer,Summer,Fall,5.0,Medium,None,High,Yes,Yes,Yes,5.5,8.7,no
winged-elm,winged elm,Ulmus alata,tree,3-8,3,#e8d24a,,#5b7a4b,,,shade,medium,"sandy,loamy,clay",,65,,,,#6b5a4a,3-5,moderate,ULAL,Ulmus alata Michx.,Tree,L48:N,Single Stem,Erect,Coarse,Moderate,Porous,No,No,No,No,Early Spring,Spring and Summer,Spring,Spring,65.0,Low,Low,Medium,Yes,Yes,Yes,5.0,7.0,no
american-elm,American elm,Ulmus americana,tree,3-8,3,#5b7a4b,,#5b7a4b,,,part-sun,high,"sandy,loamy,clay",,120,,,,#6b5a4a,3-5,heavy,ULAM,Ulmus americana L.,Tree,CAN:N|L48:N,Single Stem,Erect,Coarse,Dense,Porous,No,No,No,Yes,Early Spring,Spring and Summer,Spring,Spring,120.0,Medium,Medium,High,Yes,Yes,Yes,5.0,8.0,yes
cedar-elm,cedar elm,Ulmus crassifolia,tree,3-8,8,#5b7a4b,,#5b7a4b,,,part-sun,medium,"sandy,loamy,clay",,90,,,,#6b5a4a,6-11,heavy,ULCR,Ulmus crassifolia Nutt.,Tree,L48:N,Single Stem,Erect,Medium,Dense,Porous,No,No,No,Yes,Late Summer,Spring and Summer,Summer,Fall,90.0,Medium,Medium,Medium,Yes,Yes,Yes,5.0,8.1,yes
slippery-elm,slippery elm,Ulmus rubra,tree,3-8,2,#e8d24a,,#5b7a4b,,,shade,high,"sandy,loamy,clay",,85,,,,#6b5a4a,3-5,heavy,ULRU,Ulmus rubra Muhl.,Tree,CAN:N|L48:N,Single Stem,Erect,Coarse,Moderate,Porous,No,No,No,No,Late Winter,Spring and Summer,Spring,Spring,85.0,Low,Medium,High,Yes,Yes,Yes,5.0,7.5,no
american-eelgrass,American eelgrass,Vallisneria americana,mound,6-8,7,,,#5b7a4b,,,full-sun,high,"sandy,loamy,clay",,1,,,,#5b7a4b,6-8,light,VAAM3,Vallisneria americana Michx.,Forb/herb,CAN:N|L48:N,Stoloniferous,Decumbent,Fine,,,No,No,No,No,Mid Summer,Summer,Summer,Summer,1.0,High,None,High,Yes,Yes,Yes,5.0,8.8,no
farkleberry,farkleberry,Vaccinium arboreum,vase,3-8,8,#f1f1e2,,,,,shade,medium,"sandy,loamy",,28,,,,#3a3a34,6-11,moderate,VAAR,Vaccinium arboreum Marshall,Shrub,L48:N,Multiple Stem,Erect,Medium,Moderate,Moderate,Yes,Yes,Yes,No,Late Summer,Spring and Summer,Summer,Fall,28.0,Low,Medium,Medium,Yes,Yes,No,4.0,7.0,no
highbush-blueberry,highbush blueberry,Vaccinium corymbosum,vase,3-8,6,#f1f1e2,,#5b7a4b,,,shade,medium,"sandy,loamy,clay",,12,,,,#5b7ea3,6-8,moderate,VACO,Vaccinium corymbosum L.,Shrub,CAN:N|L48:N,Multiple Stem,Erect,Medium,Dense,Moderate,No,No,Yes,Yes,Early Summer,Spring and Summer,Summer,Summer,12.0,Low,Low,Medium,Yes,Yes,Yes,4.7,7.5,no
golden-crownbeard,golden crownbeard,Verbesina encelioides,mound,6-8,6-8,#e8d24a,,#5b7a4b,,,full-sun,medium,"loamy,clay",,2,,,,#6b5a4a,6-11,moderate,VEEN,Verbesina encelioides (Cav.) Benth. & Hook. f. ex A. Gray,Forb/herb,HI:I|L48:N|PB:I|PR:N,Single Crown,Erect,Coarse,Porous,Porous,No,Yes,No,No,Summer,Summer,Summer,Fall,2.0,High,Low,Medium,No,Yes,Yes,6.4,8.5,no
missouri-ironweed,Missouri ironweed,Vernonia missurica,mound,3-8,8,#8f6fb3,,#5b7a4b,,,full-sun,medium,"sandy,loamy,clay",,6,,,,#6b5a4a,6-11,light,VEMI2,Vernonia missurica Raf.,Forb/herb,L48:N,Single Crown,Erect,Coarse,Moderate,Porous,No,Yes,No,Yes,Late Summer,Spring and Summer,Summer,Fall,6.0,High,Low,Medium,Yes,Yes,Yes,5.0,7.0,no
mapleleaf-viburnum,mapleleaf viburnum,Viburnum acerifolium,vase,3-8,,#f1f1e2,,#5b7a4b,,,shade,medium,"sandy,loamy",,6,,,,#b3261e,6-11,moderate,VIAC,Viburnum acerifolium L.,Shrub,CAN:N|L48:N,Multiple Stem,Erect,Medium,Moderate,Porous,No,Yes,Yes,Yes,Indeterminate,Spring and Summer,Summer,Fall,6.0,Low,High,Medium,Yes,Yes,No,4.8,7.5,no
summer-grape,summer grape,Vitis aestivalis,low-climber,3-8,5,#5b7a4b,,#5b7a4b,,,shade,medium,"sandy,loamy",,30,,,,#3a3a34,6-11,moderate,VIAE,Vitis aestivalis Michx.,Vine,CAN:N|L48:N,Multiple Stem,Climbing,Fine,Moderate,Porous,No,No,Yes,Yes,Late Spring,Spring and Summer,Summer,Fall,30.0,Low,High,Medium,Yes,Yes,No,5.3,7.0,no
graybark-grape,graybark grape,Vitis cinerea,low-climber,3-8,5,#5b7a4b,,,,,part-sun,medium,"sandy,loamy",,50,,,,#3a3a34,6-11,moderate,VICI2,Vitis cinerea (Engelm.) Engelm. ex Millard,Vine,L48:N,Multiple Stem,Climbing,Fine,Moderate,Porous,No,No,Yes,Yes,Late Spring,Spring and Summer,Summer,Fall,50.0,Medium,High,Medium,Yes,Yes,No,5.4,7.0,no
southern-arrowwood-vided4,southern arrowwood,Viburnum dentatum var. dentatum,vase,3-5,3,#f1f1e2,,,,,part-sun,low,"sandy,loamy,clay",,8,,,,#3a3a34,6-11,moderate,VIDED4,Viburnum dentatum L. var. dentatum,Shrub,L48:N,Multiple Stem,Erect,Coarse,Dense,Porous,No,Yes,No,Yes,Early Spring,Spring,Summer,Fall,8.0,Medium,Low,,Yes,Yes,Yes,4.5,7.3,no
downy-yellow-violet,downy yellow violet,Viola pubescens,mound,3-8,3,#e8d24a,,,,,shade,medium,loamy,,1.3,,,,#6b5a4a,3-8,light,VIPU3,Viola pubescens Aiton,Forb/herb,CAN:N|L48:N,Rhizomatous,Decumbent,Medium,Porous,Porous,No,Yes,No,No,Early Spring,Spring and Summer,Spring,Summer,1.3,Low,Medium,Medium,No,Yes,No,6.0,7.0,no
southern-arrowwood-vire7,southern arrowwood,Viburnum recognitum,vase,3-8,5,#f1f1e2,,#5b7a4b,,,shade,medium,"loamy,clay",,9,,,,#3a3a34,6-11,light,VIRE7,Viburnum recognitum Fernald,Shrub,CAN:N|L48:N,Multiple Stem,Erect,Coarse,Dense,Porous,No,Yes,Yes,No,Late Spring,Spring and Summer,Summer,Fall,9.0,Low,Low,Medium,No,Yes,Yes,5.0,7.0,no
riverbank-grape,riverbank grape,Vitis riparia,low-climber,3-8,5,#f1f1e2,,#5b7a4b,,,part-sun,medium,"sandy,loamy",,45,,,,#5b7ea3,6-11,heavy,VIRI,Vitis riparia Michx.,Vine,CAN:N|L48:N,Multiple Stem,Climbing,Fine,Dense,Porous,No,No,No,No,Late Spring,Spring and Summer,Summer,Fall,45.0,Medium,Medium,Medium,Yes,Yes,No,6.1,8.5,no
muscadine,muscadine,Vitis rotundifolia,low-climber,3-11,5,#f1f1e2,,#5b7a4b,,,part-sun,medium,"loamy,clay",,30,,,,#8f6fb3,6-11,moderate,VIRO3,Vitis rotundifolia Michx.,Vine,L48:N,Multiple Stem,Climbing,Fine,Dense,Porous,No,No,Yes,Yes,Late Spring,"Spring, Summer, Fall",Summer,Fall,30.0,Medium,Medium,Medium,No,Yes,Yes,6.0,8.0,no
common-blue-violet,common blue violet,Viola sororia,mound,3-5,4,#8f6fb3,,#5b7a4b,,,part-sun,high,"loamy,clay",,0.3,,,,#6b5a4a,3-8,moderate,VISO,Viola sororia Willd.,Forb/herb,CAN:N|L48:N,Rhizomatous,Semi-Erect,Medium,Porous,Porous,No,Yes,No,No,Mid Spring,Spring,Spring,Summer,0.3,Medium,Low,High,No,Yes,Yes,6.0,7.8,no
frost-grape,frost grape,Vitis vulpina,low-climber,3-11,5,#f1f1e2,,#5b7a4b,,,part-sun,medium,"sandy,loamy",,83,,,,#3a3a34,6-11,moderate,VIVU,Vitis vulpina L.,Vine,CAN:N|L48:N,Multiple Stem,Climbing,Fine,Moderate,Porous,No,No,Yes,Yes,Late Spring,"Spring, Summer, Fall",Summer,Fall,83.0,Medium,Low,Medium,Yes,Yes,No,6.0,7.5,no
aloe-yucca,aloe yucca,Yucca aloifolia,vase,3-5,6,#f1f1e2,,,,,part-sun,medium,"sandy,loamy,clay",,15,,,,#3a3a34,9-12,,YUAL,Yucca aloifolia L.,Shrub,L48:N|PR:I|VI:I,Colonizing,Erect,Coarse,,,Yes,Yes,Yes,No,Early Summer,Spring,Fall,Winter,15.0,Medium,Medium,,Yes,Yes,Yes,5.0,8.5,no
giant-cutgrass,giant cutgrass,Zizaniopsis miliacea,grass,3-8,8,#e8d24a,,#5b7a4b,,,full-sun,high,"sandy,loamy,clay",,9,,,,#e8d24a,9-12,heavy,ZIMI,Zizaniopsis miliacea (Michx.) Döll & Asch.,Graminoid,L48:N,Rhizomatous,Erect,Coarse,Dense,Moderate,No,No,No,Yes,Late Summer,Spring and Summer,Fall,Winter,9.0,High,None,High,Yes,Yes,Yes,4.3,9.0,no
