id,common_name,botanical_name,growth_shape,growing_season_months,flowering_season_months,flower_color,foliage_color_spring,foliage_color_summer,foliage_color_fall,foliage_color_winter,sun_pref,water_pref,soil_pref,width_ft,height_ft,inflorescence,flower_count_hint,flower_zone,fruit_color,fruit_season_months,fruit_load,usda_symbol,usda_scientific_name_full,usda_growth_habit,usda_native_status,usda_growth_form,usda_shape_and_orientation,usda_foliage_texture,usda_foliage_porosity_summer,usda_foliage_porosity_winter,usda_leaf_retention,usda_flower_conspicuous,usda_fruit_conspicuous,usda_fall_conspicuous,usda_bloom_period,usda_active_growth_period,usda_fruit_seed_period_begin,usda_fruit_seed_period_end,usda_height_mature_ft,usda_shade_tolerance,usda_drought_tolerance,usda_moisture_use,usda_soil_coarse,usda_soil_medium,usda_soil_fine,usda_ph_min,usda_ph_max
calamus,calamus,Acorus calamus,mound,3-8,5,#e8d24a,,#5b7a4b,,,full-sun,high,"sandy,loamy",,5,,,,#6b5a4a,6-8,light,ACCA4,Acorus calamus L.,Forb/herb,CAN:I|L48:I,Rhizomatous,Semi-Erect,Coarse,Dense,Porous,No,No,No,No,Late Spring,Spring and Summer,Summer,Summer,5.0,High,None,High,Yes,Yes,No,5.2,7.2
southern-sugar-maple,southern sugar maple,Acer floridanum,tree,3-8,4,#e8d24a,,#5b7a4b,,,shade,medium,"sandy,loamy",,50,,,,#b3261e,3-8,heavy,ACFL,Acer floridanum (Chapm.) Pax,Tree,L48:N,Single Stem,Erect,Medium,Dense,Porous,No,No,Yes,Yes,Mid Spring,Spring and Summer,Spring,Summer,50.0,Low,Low,Medium,Yes,Yes,No,5.0,6.5
bigtooth-maple,bigtooth maple,Acer grandidentatum,vase,3-8,3-5,#e8d24a,,#5b7a4b,,,part-sun,medium,"sandy,loamy,clay",,38,,,,#6b5a4a,6-8,moderate,ACGR3,Acer grandidentatum Nutt.,Shrub,L48:N,Single Stem,Erect,Medium,Moderate,Porous,No,Yes,No,No,Spring,Spring and Summer,Summer,Summer,38.0,Medium,Low,Medium,Yes,Yes,Yes,6.0,8.0
indian-ricegrass,Indian ricegrass,Achnatherum hymenoides,grass,3-11,5,#e8d24a,,#5b7a4b,,,full-sun,low,"sandy,loamy",,2,,,,#6b5a4a,3-8,moderate,ACHY,Achnatherum hymenoides (Roem. & Schult.) Barkworth,Graminoid,CAN:N|L48:N,Bunch,Erect,Medium,Moderate,Porous,No,No,No,No,Late Spring,"Spring, Summer, Fall",Spring,Summer,2.0,High,High,Low,Yes,Yes,No,6.6,8.6
common-yarrow,common yarrow,Achillea millefolium,mound,3-5,6,#f1f1e2,,#5b7a4b,,,part-sun,medium,loamy,,3,,,,#6b5a4a,6-8,moderate,ACMI2,Achillea millefolium L.,Forb/herb,AK:N|CAN:I|CAN:N|GL:N|HI:I|L48:I|L48:N|SPM:I|SPM:N,Rhizomatous,Erect,Fine,Porous,Porous,No,Yes,No,No,Early Summer,Spring,Summer,Summer,3.0,Medium,Medium,Medium,No,Yes,No,6.0,8.0
western-yarrow,western yarrow,Achillea millefolium var. occidentalis,mound,3-5,5,#f1f1e2,,#5b7a4b,,,part-sun,medium,"sandy,loamy",,3,,,,#6b5a4a,6-11,moderate,ACMIO,Achillea millefolium L. var. occidentalis DC.,Forb/herb,AK:N|CAN:N|GL:N|L48:N|SPM:N,Rhizomatous,Erect,Fine,Porous,Porous,No,Yes,No,No,Late Spring,Spring,Summer,Fall,3.0,Medium,Medium,Medium,Yes,Yes,No,6.0,8.0
boxelder,boxelder,Acer negundo,tree,3-8,3,#f1f1e2,,#5b7a4b,,,shade,medium,"sandy,loamy,clay",,60,,,,#6b5a4a,6-11,heavy,ACNE2,Acer negundo L.,Tree,CAN:N|L48:N,Multiple Stem,Erect,Coarse,Dense,Porous,No,No,Yes,Yes,Early Spring,Spring and Summer,Summer,Fall,60.0,Low,High,Medium,Yes,Yes,Yes,5.0,7.8
dore-s-needlegrass,Dore's needlegrass,Achnatherum nelsonii ssp. dorei,grass,3-8,6,#e8d24a,,#5b7a4b,,,full-sun,low,loamy,,3,,,,#6b5a4a,6-8,moderate,ACNED,Achnatherum nelsonii (Scribn.) Barkworth ssp. dorei (Barkworth & Maze) Barkworth,Graminoid,CAN:N|L48:N,Bunch,Erect,Fine,Moderate,Porous,No,No,No,No,Early Summer,Spring and Summer,Summer,Summer,3.0,High,High,Low,No,Yes,No,6.8,8.0
oppositeleaf-spotflower,oppositeleaf spotflower,Acmella oppositifolia var. repens,mound,6-8,8,#5b7a4b,,#5b7a4b,,,full-sun,medium,"loamy,clay",,0.7,,,,#3a3a34,6-11,moderate,ACOPR,Acmella oppositifolia (Lam.) R.K. Jansen var. repens (Walter) R.K. Jansen,Forb/herb,L48:N,Stoloniferous,Prostrate,Fine,Porous,Porous,No,Yes,No,No,Late Summer,Summer,Summer,Fall,0.7,High,Low,Medium,No,Yes,Yes,5.0,7.5
red-maple,red maple,Acer rubrum,tree,3-8,3,#b3261e,,#5b7a4b,,,part-sun,high,"sandy,loamy,clay",,68,,,,#b3261e,3-5,heavy,ACRU,Acer rubrum L.,Tree,CAN:N|L48:N,Single Stem,Rounded,Medium,Dense,Porous,No,Yes,Yes,Yes,Early Spring,Spring and Summer,Spring,Spring,68.0,Medium,Medium,High,Yes,Yes,Yes,4.7,7.3
silver-maple,silver maple,Acer saccharinum,tree,3-8,3,#e8d24a,,#5b7a4b,,,part-sun,medium,"sandy,loamy,clay",,90,,,,#6b5a4a,6-11,heavy,ACSA2,Acer saccharinum L.,Tree,CAN:N|L48:N,Single Stem,Rounded,Medium,Dense,Porous,No,Yes,Yes,Yes,Early Spring,Spring and Summer,Summer,Fall,90.0,Medium,Low,Medium,Yes,Yes,Yes,4.0,7.3
virginia-threeseed-mercury,Virginia threeseed mercury,Acalypha virginica,mound,3-11,6,#b3261e,,#5b7a4b,,,part-sun,medium,loamy,,3,,,,#b3261e,6-11,heavy,ACVI,Acalypha virginica L.,Forb/herb,L48:N,Single Crown,Erect,Coarse,Moderate,Porous,No,Yes,No,Yes,Early Summer,"Spring, Summer, Fall",Summer,Fall,3.0,Medium,Medium,Medium,No,Yes,No,5.9,7.0
common-maidenhair,common maidenhair,Adiantum capillus-veneris,mound,3-8,6-8,#f1f1e2,,#5b7a4b,,,shade,high,"loamy,clay",,1.7,,,,#6b5a4a,6-11,moderate,ADCA,Adiantum capillus-veneris L.,Forb/herb,CAN:N|HI:N|L48:N|PR:N,Rhizomatous,Erect,Fine,Porous,Porous,No,No,No,No,Summer,Spring and Summer,Summer,Fall,1.7,Low,None,High,No,Yes,Yes,6.0,8.0
ohio-buckeye,Ohio buckeye,Aesculus glabra,tree,3-8,4,#5b7a4b,,#5b7a4b,,,shade,medium,"loamy,clay",,68,,,,#6b5a4a,3-11,moderate,AEGL,Aesculus glabra Willd.,Tree,CAN:N|L48:N,Single Stem,Erect,Coarse,Dense,Porous,No,Yes,Yes,Yes,Mid Spring,Spring and Summer,Spring,Fall,68.0,Low,Medium,Medium,No,Yes,Yes,5.0,7.1
red-buckeye,red buckeye,Aesculus pavia,vase,3-8,5,#b3261e,,,,,shade,high,"sandy,loamy,clay",,25,,,,#6b5a4a,6-11,moderate,AEPA,Aesculus pavia L.,Shrub,CAN:I|L48:N,Single Stem,Erect,Coarse,Dense,Porous,No,Yes,Yes,No,Late Spring,Spring and Summer,Summer,Fall,25.0,Low,Low,High,Yes,Yes,Yes,3.7,7.0
american-century-plant,American century plant,Agave americana,mound,3-11,,#e8d24a,,#5b7a4b,,,full-sun,low,"sandy,loamy",,6,,,,#6b5a4a,,light,AGAM,Agave americana L.,Forb/herb,HI:I|L48:N|VI:I,Single Crown,Semi-Erect,Coarse,Dense,Dense,Yes,No,No,Yes,Indeterminate,"Spring, Summer, Fall",,,6.0,High,High,Low,Yes,Yes,No,6.0,8.0
crested-wheatgrass,crested wheatgrass,Agropyron cristatum,grass,"3,4,5,9,10,11",3,#e8d24a,,#5b7a4b,,,full-sun,medium,"sandy,loamy,clay",,3,,,,#6b5a4a,3-8,moderate,AGCR,Agropyron cristatum (L.) Gaertn.,Graminoid,AK:I|CAN:I|L48:I,Rhizomatous,Erect,Fine,Porous,Porous,No,No,No,No,Early Spring,Spring and Fall,Spring,Summer,3.0,High,Medium,Medium,Yes,Yes,Yes,6.0,8.5
desert-wheatgrass,desert wheatgrass,Agropyron desertorum,grass,"3,4,5,9,10,11",3,#e8d24a,,#5b7a4b,,,full-sun,medium,"sandy,loamy,clay",,3,,,,#6b5a4a,3-8,moderate,AGDE2,Agropyron desertorum (Fisch. ex Link) Schult.,Graminoid,L48:I,Bunch,Erect,Fine,Porous,Porous,No,No,No,No,Early Spring,Spring and Fall,Spring,Summer,3.0,High,High,Medium,Yes,Yes,Yes,6.0,8.5
spike-bentgrass,spike bentgrass,Agrostis exarata,grass,3-11,5,#e8d24a,,#5b7a4b,,,full-sun,medium,"sandy,loamy,clay",,3,,,,#6b5a4a,6-8,light,AGEX,Agrostis exarata Trin.,Graminoid,AK:N|CAN:N|L48:N,Rhizomatous,Erect,Medium,Porous,Porous,No,No,No,No,Late Spring,"Spring, Summer, Fall",Summer,Summer,3.0,High,Low,Medium,Yes,Yes,Yes,5.5,7.5
redtop,redtop,Agrostis gigantea,grass,3-8,4,#e8d24a,,#5b7a4b,,,full-sun,medium,"sandy,loamy,clay",,2,,,,#6b5a4a,6-8,heavy,AGGI2,Agrostis gigantea Roth,Graminoid,AK:I|CAN:I|GL:I|L48:I,Rhizomatous,Erect,Fine,Moderate,Porous,No,No,No,No,Mid Spring,Spring and Summer,Summer,Summer,2.0,High,Medium,Medium,Yes,Yes,Yes,4.5,8.0
winter-bentgrass,winter bentgrass,Agrostis hyemalis,grass,3-11,4,#5b7a4b,,#5b7a4b,,,part-sun,high,"loamy,clay",,3.5,,,,#6b5a4a,6-11,light,AGHY,"Agrostis hyemalis (Walter) Britton, Sterns & Poggenb.",Graminoid,CAN:N|L48:N|PR:N,Bunch,Erect,Coarse,Dense,Porous,No,No,No,No,Mid Spring,"Spring, Summer, Fall",Summer,Fall,3.5,Medium,Low,High,No,Yes,Yes,5.0,7.5
harvestlice,harvestlice,Agrimonia parviflora,mound,3-8,7,#e8d24a,,#5b7a4b,,,part-sun,high,"sandy,loamy,clay",,6,,,,#5b7a4b,6-11,moderate,AGPA6,Agrimonia parviflora Aiton,Forb/herb,CAN:N|L48:N,Multiple Stem,Erect,Medium,Porous,Porous,No,Yes,No,No,Mid Summer,Spring and Summer,Summer,Fall,6.0,Medium,Low,High,Yes,Yes,Yes,6.0,8.0
upland-bentgrass,upland bentgrass,Agrostis perennans,grass,3-11,7,#5b7a4b,,#5b7a4b,,,part-sun,high,"loamy,clay",,3.5,,,,#6b5a4a,6-11,light,AGPE,Agrostis perennans (Walter) Tuck.,Graminoid,CAN:N|L48:N,Rhizomatous,Decumbent,Medium,Moderate,Porous,No,No,No,No,Mid Summer,"Spring, Summer, Fall",Summer,Fall,3.5,Medium,Low,High,No,Yes,Yes,5.5,7.5
beaked-agrimony,beaked agrimony,Agrimonia rostellata,mound,3-5,6-8,#e8d24a,,#5b7a4b,,,part-sun,medium,"sandy,loamy",,2.3,,,,#6b5a4a,6-11,moderate,AGRO3,Agrimonia rostellata Wallr.,Forb/herb,L48:N,Single Stem,Erect,Medium,Porous,Porous,No,No,No,No,Summer,Spring,Summer,Fall,2.3,Medium,Low,Medium,Yes,Yes,No,4.5,7.0
rough-bentgrass,rough bentgrass,Agrostis scabra,grass,3-5,3,#e8d24a,,#5b7a4b,,,full-sun,medium,"loamy,clay",,2.5,,,,#6b5a4a,6-8,light,AGSC5,Agrostis scabra Willd.,Graminoid,AK:N|CAN:N|GL:N|L48:N|SPM:N,Bunch,Erect,Fine,Porous,Porous,No,No,No,Yes,Early Spring,Spring,Summer,Summer,2.5,High,Low,Medium,No,Yes,Yes,6.0,8.0
creeping-bentgrass,creeping bentgrass,Agrostis stolonifera,grass,6-8,7,#e8d24a,,#5b7a4b,,,full-sun,high,"loamy,clay",,2,,,,#6b5a4a,6-8,moderate,AGST2,Agrostis stolonifera L.,Graminoid,AK:I|CAN:I|GL:I|HI:I|L48:I|SPM:I,Stoloniferous,Erect,Fine,Moderate,Porous,No,No,No,No,Mid Summer,Summer,Summer,Summer,2.0,High,Low,High,No,Yes,Yes,5.1,7.5
tree-of-heaven,tree of heaven,Ailanthus altissima,tree,3-8,5,#5b7a4b,,#5b7a4b,,,full-sun,medium,"sandy,loamy,clay",,55,,,,#e8d24a,6-11,heavy,AIAL,Ailanthus altissima (Mill.) Swingle,Tree,CAN:I|HI:I|L48:I,Single Stem,Rounded,Coarse,Moderate,Moderate,No,Yes,Yes,No,Late Spring,Spring and Summer,Summer,Fall,55.0,High,Medium,Medium,Yes,Yes,Yes,4.1,7.9
common-bugle,common bugle,Ajuga reptans,mound,3-11,7,#5b7ea3,,#b3261e,,,shade,high,"loamy,clay",,0.3,,,,,,,AJRE,Ajuga reptans L.,Forb/herb,CAN:I|L48:I,Stoloniferous,Prostrate,Medium,,,No,Yes,No,Yes,Mid Summer,"Spring, Summer, Fall",,,0.3,Low,Medium,High,No,Yes,Yes,5.5,7.5
carolina-foxtail,Carolina foxtail,Alopecurus carolinianus,grass,3-5,3-5,#5b7a4b,,#5b7a4b,,,full-sun,low,"sandy,loamy,clay",,1.7,,,,#e8d24a,6-8,light,ALCA4,Alopecurus carolinianus Walter,Graminoid,CAN:N|L48:N,Bunch,Erect,Fine,Porous,Porous,No,No,No,No,Spring,Spring,Summer,Summer,1.7,High,Low,Low,Yes,Yes,Yes,4.0,7.5
water-foxtail,water foxtail,Alopecurus geniculatus,grass,3-5,6-8,#5b7a4b,,#5b7a4b,,,full-sun,high,"sandy,loamy,clay",,2,,,,#e8d24a,6-11,moderate,ALGE2,Alopecurus geniculatus L.,Graminoid,AK:I|CAN:I|GL:I|L48:I|SPM:I,Stoloniferous,Erect,Fine,Porous,Porous,No,No,No,No,Summer,Spring,Summer,Fall,2.0,High,None,High,Yes,Yes,Yes,4.0,7.5
silktree,silktree,Albizia julibrissin,vase,3-8,7,#f1f1e2,,,,,full-sun,medium,"sandy,loamy,clay",,20,,,,#6b5a4a,6-11,heavy,ALJU,Albizia julibrissin Durazz.,Shrub,L48:I,Single Stem,Erect,Fine,Porous,Porous,No,Yes,Yes,No,Mid Summer,Spring and Summer,Summer,Fall,20.0,High,Medium,Medium,Yes,Yes,Yes,4.8,7.3
slender-meadow-foxtail,slender meadow foxtail,Alopecurus myosuroides,grass,3-5,6-8,#5b7a4b,,#5b7a4b,,,full-sun,high,"sandy,loamy,clay",,2.3,,,,#e8d24a,6-11,moderate,ALMY,Alopecurus myosuroides Huds.,Graminoid,CAN:I|L48:I,Bunch,Decumbent,Fine,Porous,Porous,No,No,No,No,Summer,Spring,Summer,Fall,2.3,High,None,High,Yes,Yes,Yes,4.0,7.5
alligatorweed,alligatorweed,Alternanthera philoxeroides,mound,3-5,3,#f1f1e2,,#5b7a4b,,,part-sun,high,"sandy,loamy,clay",,0.2,,,,,3-8,,ALPH,Alternanthera philoxeroides (Mart.) Griseb.,Forb/herb,L48:I|PR:I,Stoloniferous,Prostrate,Medium,Porous,Porous,No,No,No,No,Early Spring,Spring,Spring,Summer,0.2,Medium,Low,High,Yes,Yes,Yes,4.8,8.8
hazel-alder,hazel alder,Alnus serrulata,vase,3-8,3-5,,,#5b7a4b,,,full-sun,high,"sandy,loamy,clay",,30,,,,#6b5a4a,6-8,light,ALSE2,Alnus serrulata (Aiton) Willd.,Shrub,CAN:N|L48:N,Multiple Stem,Erect,Coarse,Dense,Porous,No,No,No,No,Spring,Spring and Summer,Summer,Summer,30.0,High,Low,High,Yes,Yes,Yes,5.0,7.0
american-water-plantain,American water plantain,Alisma subcordatum,mound,3-8,5,#f1f1e2,,#5b7a4b,,,full-sun,high,"loamy,clay",,0.5,,,,#6b5a4a,6-8,moderate,ALSU,Alisma subcordatum Raf.,Forb/herb,CAN:N|L48:N,Single Crown,Erect,Medium,Porous,Porous,No,Yes,No,No,Late Spring,Spring and Summer,Summer,Summer,0.5,High,None,High,No,Yes,Yes,5.0,7.0
common-serviceberry,common serviceberry,Amelanchier arborea,vase,3-8,4,#f1f1e2,,,,,shade,medium,"sandy,loamy",,36,,,,#b3261e,3-8,moderate,AMAR3,Amelanchier arborea (Michx. f.) Fernald,Shrub,CAN:N|L48:N,Single Stem,Erect,Fine,Dense,Porous,No,Yes,Yes,Yes,Mid Spring,Spring and Summer,Spring,Summer,36.0,Low,Low,Medium,Yes,Yes,No,4.8,7.5
california-amaranth,California amaranth,Amaranthus californicus,mound,3-11,6-8,#b3261e,,#5b7a4b,,,full-sun,medium,"loamy,clay",,1,,,,#b3261e,6-8,heavy,AMCA,Amaranthus californicus (Moq.) S. Watson,Forb/herb,CAN:N|L48:N,Multiple Stem,Prostrate,Fine,Moderate,Porous,No,No,Yes,Yes,Summer,"Spring, Summer, Fall",Summer,Summer,1.0,High,Low,Medium,No,Yes,Yes,5.5,7.5
leadplant,leadplant,Amorpha canescens,vase,3-8,6,#8f6fb3,,#5b7a4b,,,shade,low,"sandy,loamy",,4,,,,#6b5a4a,6-11,light,AMCA6,Amorpha canescens Pursh,Shrub,CAN:N|L48:N,Multiple Stem,Semi-Erect,Coarse,Dense,Porous,No,Yes,No,No,Early Summer,Spring and Summer,Summer,Fall,4.0,Low,High,Low,Yes,Yes,No,5.5,8.0
valley-redstem,valley redstem,Ammannia coccinea,mound,3-5,,#8f6fb3,,#5b7a4b,,,full-sun,medium,"loamy,clay",,1.6,,,,,3-11,light,AMCO,Ammannia coccinea Rottb.,Forb/herb,HI:I|L48:N|PR:N|VI:N,Single Crown,Erect,Medium,Porous,Porous,No,Yes,No,No,Indeterminate,Spring,Spring,Fall,1.6,High,Medium,Medium,No,Yes,Yes,4.0,5.9
heartleaf-peppervine,heartleaf peppervine,Ampelopsis cordata,low-climber,3-8,5,#f1f1e2,,#5b7a4b,,,shade,medium,"sandy,loamy,clay",,2,,,,#3a3a34,3-8,moderate,AMCO2,Ampelopsis cordata Michx.,Vine,L48:N,Single Crown,Climbing,Coarse,Porous,Porous,No,Yes,No,No,Late Spring,Spring and Summer,Spring,Summer,2.0,Low,Low,Medium,Yes,Yes,Yes,5.2,7.4
false-indigo-bush,false indigo bush,Amorpha fruticosa,vase,6-8,5,#8f6fb3,,,,,full-sun,low,"sandy,loamy",,15,,,,#6b5a4a,6-11,heavy,AMFR,Amorpha fruticosa L.,Shrub,CAN:N|L48:N,Multiple Stem,Rounded,Fine,Dense,Porous,No,Yes,Yes,Yes,Late Spring,Summer,Summer,Fall,15.0,High,Medium,Low,Yes,Yes,No,5.0,8.5
tarweed-fiddleneck,tarweed fiddleneck,Amsinckia lycopsoides,mound,3-8,5,#e8d24a,,#5b7a4b,,,full-sun,low,loamy,,3,,,,#6b5a4a,3-8,light,AMLY,Amsinckia lycopsoides Lehm.,Forb/herb,AK:I|CAN:N|L48:N,Single Crown,Erect,Coarse,Porous,Porous,No,No,Yes,No,Late Spring,Spring and Summer,Spring,Summer,3.0,High,High,Low,No,Yes,No,5.8,8.2
roughfruit-amaranth,roughfruit amaranth,Amaranthus tuberculatus,mound,3-5,6-8,#5b7a4b,,#5b7a4b,,,full-sun,high,"loamy,clay",,6.6,,,,#3a3a34,6-11,heavy,AMTU,Amaranthus tuberculatus (Moq.) Sauer,Forb/herb,CAN:N|L48:N,Single Stem,Erect,Medium,Moderate,Porous,No,No,No,No,Summer,Spring,Summer,Fall,6.6,High,None,High,No,Yes,Yes,5.0,8.0
utah-serviceberry-amut,Utah serviceberry,Amelanchier utahensis,vase,3-8,5,#f1f1e2,,#5b7a4b,,,part-sun,medium,"sandy,loamy,clay",,15,,,,#b3261e,6-8,heavy,AMUT,Amelanchier utahensis Koehne,Shrub,L48:N,Multiple Stem,Erect,Coarse,Dense,Porous,No,Yes,Yes,No,Late Spring,Spring and Summer,Summer,Summer,15.0,Medium,High,Medium,Yes,Yes,Yes,5.6,8.4
utah-serviceberry-amutu,Utah serviceberry,Amelanchier utahensis var. utahensis,vase,3-8,5,#f1f1e2,,#5b7a4b,,,full-sun,medium,"sandy,loamy",,15,,,,#b3261e,6-8,light,AMUTU,Amelanchier utahensis Koehne var. utahensis,Shrub,L48:N,Multiple Stem,Semi-Erect,Coarse,Moderate,Porous,No,Yes,Yes,Yes,Late Spring,Spring and Summer,Summer,Summer,15.0,High,High,Medium,Yes,Yes,No,5.8,7.4
yerba-mansa,yerba mansa,Anemopsis californica,mound,3-8,3,#f1f1e2,,#5b7a4b,,,full-sun,high,"loamy,clay",,1.5,,,,#6b5a4a,3-5,heavy,ANCA10,Anemopsis californica (Nutt.) Hook. & Arn.,Forb/herb,L48:N,Rhizomatous,Erect,Coarse,Porous,Porous,No,Yes,No,No,Early Spring,Spring and Summer,Spring,Spring,1.5,High,None,High,No,Yes,Yes,6.5,9.0
big-bluestem,big bluestem,Andropogon gerardii,grass,6-8,6-8,#e8d24a,,#5b7a4b,,,full-sun,medium,"sandy,loamy,clay",,7,,,,#6b5a4a,6-11,moderate,ANGE,Andropogon gerardii Vitman,Graminoid,CAN:N|L48:N,Bunch,Erect,Medium,Dense,Porous,No,No,No,No,Summer,Summer,Summer,Fall,7.0,High,High,Medium,Yes,Yes,Yes,6.5,8.5
bushy-bluestem,bushy bluestem,Andropogon glomeratus,grass,6-8,8,#f1f1e2,,#5b7a4b,,,full-sun,high,"sandy,loamy,clay",,6.3,,,,#6b5a4a,9-12,heavy,ANGL2,"Andropogon glomeratus (Walter) Britton, Sterns & Poggenb.",Graminoid,HI:I|L48:N|NAV:N|PR:N|VI:I,Bunch,Erect,Fine,Dense,Moderate,No,No,No,Yes,Late Summer,Summer,Fall,Winter,6.3,High,Low,High,Yes,Yes,Yes,5.0,6.3
sand-bluestem,sand bluestem,Andropogon hallii,grass,6-8,7,#e8d24a,,#5b7a4b,,,full-sun,medium,sandy,,6.4,,,,#6b5a4a,6-11,moderate,ANHA,Andropogon hallii Hack.,Graminoid,CAN:N|L48:N,Rhizomatous,Erect,Coarse,Moderate,Porous,No,No,No,No,Mid Summer,Summer,Summer,Fall,6.4,High,High,Medium,Yes,No,No,5.6,8.4
western-pearly-everlasting,western pearly everlasting,Anaphalis margaritacea,mound,3-8,6,#e8d24a,,#5b7a4b,,,part-sun,medium,loamy,,3,,,,#3a3a34,6-11,heavy,ANMA,Anaphalis margaritacea (L.) Benth.,Forb/herb,AK:N|CAN:N|L48:N|SPM:N,Rhizomatous,Erect,Coarse,Porous,Porous,No,Yes,No,No,Early Summer,Spring and Summer,Summer,Fall,3.0,Medium,Medium,Medium,No,Yes,No,6.0,7.5
splitbeard-bluestem,splitbeard bluestem,Andropogon ternarius,grass,6-8,8,#5b7a4b,,#5b7a4b,,,shade,low,"sandy,loamy",,3.9,,,,#e8d24a,6-11,moderate,ANTE2,Andropogon ternarius Michx.,Graminoid,L48:N,Bunch,Erect,Fine,Moderate,Porous,No,No,No,No,Late Summer,Summer,Summer,Fall,3.9,Low,High,Low,Yes,Yes,No,4.0,7.5
broomsedge-bluestem,broomsedge bluestem,Andropogon virginicus,grass,6-8,5,#e8d24a,,#5b7a4b,,,full-sun,medium,"loamy,clay",,3,,,,#6b5a4a,6-8,light,ANVI2,Andropogon virginicus L.,Graminoid,CAN:N|HI:I|L48:N|PB:I|PR:N,Bunch,Erect,Medium,Moderate,Porous,No,No,No,No,Late Spring,Summer,Summer,Summer,3.0,High,High,Medium,No,Yes,Yes,4.9,7.0
groundnut,groundnut,Apios americana,mound,3-8,5,#8f6fb3,,#5b7a4b,,,shade,medium,"sandy,loamy,clay",,1,,,,#6b5a4a,6-8,moderate,APAM,Apios americana Medik.,Forb/herb,CAN:N|L48:N,Single Crown,Climbing,Medium,Porous,Porous,No,Yes,No,No,Late Spring,Spring and Summer,Summer,Summer,1.0,Low,Low,Medium,Yes,Yes,Yes,6.0,7.5
indianhemp,Indianhemp,Apocynum cannabinum,mound,3-8,6-8,#f1f1e2,,#5b7a4b,,,part-sun,high,"sandy,loamy,clay",,3.3,,,,#f1f1e2,6-11,heavy,APCA,Apocynum cannabinum L.,Forb/herb,CAN:N|L48:N,Single Stem,Erect,Medium,Porous,Porous,No,No,No,No,Summer,Spring and Summer,Summer,Fall,3.3,Medium,Medium,High,Yes,Yes,Yes,4.5,7.0
arizona-threeawn,Arizona threeawn,Aristida arizonica,grass,6-8,7,#e8d24a,,#5b7a4b,,,full-sun,low,sandy,,2,,,,#6b5a4a,6-8,moderate,ARAR6,Aristida arizonica Vasey,Graminoid,L48:N,Bunch,Erect,Medium,Moderate,Porous,No,No,No,No,Mid Summer,Summer,Summer,Summer,2.0,High,High,Low,Yes,No,No,5.5,7.5
red-chokeberry,red chokeberry,Aronia arbutifolia,vase,3-8,4,#f1f1e2,,#5b7a4b,,,full-sun,high,"loamy,clay",,5,,,,#b3261e,6-11,moderate,ARAR7,Aronia arbutifolia (L.) Pers.,Shrub,CAN:N|L48:N,Colonizing,Erect,Coarse,Moderate,Porous,No,Yes,Yes,Yes,Mid Spring,Spring and Summer,Summer,Fall,5.0,High,Low,High,No,Yes,Yes,5.5,7.5
poverty-threeawn,poverty threeawn,Aristida divaricata,grass,3-8,5,#e8d24a,,#5b7a4b,,,part-sun,low,"sandy,loamy",,1.3,,,,#6b5a4a,3-8,moderate,ARDI5,Aristida divaricata Humb. & Bonpl. ex Willd.,Graminoid,L48:N,Bunch,Semi-Erect,Fine,Porous,Porous,No,No,No,No,Late Spring,Spring and Summer,Spring,Summer,1.3,Medium,High,Low,Yes,Yes,No,4.5,6.5
giant-reed,giant reed,Arundo donax,grass,3-11,5,,,#5b7a4b,,,part-sun,high,"loamy,clay",,9,,,,,,,ARDO4,Arundo donax L.,Graminoid,HI:I|L48:I|PB:I|PB:N|PR:I|VI:I,Rhizomatous,Erect,Coarse,Dense,Moderate,No,No,No,No,Late Spring,"Spring, Summer, Fall",,,9.0,Medium,Low,High,No,Yes,Yes,4.8,7.0
prairie-sagewort,prairie sagewort,Artemisia frigida,mound,"3,4,5,9,10,11",6-8,#f1f1e2,,,,,part-sun,low,"sandy,loamy,clay",,2,,,,#f1f1e2,6-11,heavy,ARFR4,Artemisia frigida Willd.,Subshrub,AK:N|CAN:N|L48:N,Rhizomatous,Rounded,Fine,Moderate,Porous,No,No,No,No,Summer,Spring and Fall,Summer,Fall,2.0,Medium,High,Low,Yes,Yes,Yes,7.0,9.0
giant-cane,giant cane,Arundinaria gigantea,grass,3-5,,,,,,,full-sun,medium,"sandy,loamy,clay",,25,,,,,,,ARGI,Arundinaria gigantea (Walter) Muhl.,Graminoid,L48:N,Rhizomatous,Erect,Medium,Dense,Dense,No,No,No,Yes,,Spring,,,25.0,High,Medium,Medium,Yes,Yes,Yes,5.0,6.9
white-sagebrush,white sagebrush,Artemisia ludoviciana,mound,3-8,7,#f1f1e2,,,,,full-sun,medium,"sandy,loamy,clay",,3,,,,#f1f1e2,6-11,moderate,ARLU,Artemisia ludoviciana Nutt.,Forb/herb,CAN:N|L48:I|L48:N,Rhizomatous,Erect,Medium,Porous,Moderate,No,No,No,No,Mid Summer,Spring and Summer,Summer,Fall,3.0,High,Medium,Medium,Yes,Yes,Yes,6.0,9.0
crested-pricklypoppy,crested pricklypoppy,Argemone polyanthemos,mound,6-8,4,#f1f1e2,,#5b7a4b,,,full-sun,low,"sandy,loamy",,3,,,,,6-11,heavy,ARPO2,Argemone polyanthemos (Fedde) G.B. Ownbey,Forb/herb,L48:N,Single Stem,Erect,Coarse,Porous,Porous,No,Yes,Yes,No,Mid Spring,Summer,Summer,Fall,3.0,High,High,Low,Yes,Yes,No,7.0,8.5
pointleaf-manzanita,pointleaf manzanita,Arctostaphylos pungens,vase,3-5,2,#f1f1e2,,,,,part-sun,low,"sandy,loamy",,12,,,,#b3261e,1-5,light,ARPU5,Arctostaphylos pungens Kunth,Shrub,L48:N,Multiple Stem,Erect,Coarse,Dense,Dense,Yes,No,No,No,Late Winter,Spring,Winter,Spring,12.0,Medium,High,Low,Yes,Yes,No,5.7,7.0
fendler-threeawn,Fendler threeawn,Aristida purpurea var. longiseta,grass,"1,2,3,4,5,9,10,11,12",3,#e8d24a,,#5b7a4b,,,full-sun,low,"sandy,loamy",,1.4,,,,#6b5a4a,3-5,heavy,ARPUL,Aristida purpurea Nutt. var. longiseta (Steud.) Vasey,Graminoid,CAN:N|L48:N,Bunch,Erect,Medium,Moderate,Porous,No,No,No,No,Early Spring,"Fall, Winter and Spring",Spring,Spring,1.4,High,High,Low,Yes,Yes,No,5.5,7.5
devil-s-walkingstick,devil's walkingstick,Aralia spinosa,vase,3-8,6,#f1f1e2,,#5b7a4b,,,full-sun,high,"sandy,loamy,clay",,20,,,,#3a3a34,6-11,heavy,ARSP2,Aralia spinosa L.,Shrub,L48:N,Multiple Stem,Erect,Coarse,Porous,Porous,No,Yes,No,No,Early Summer,Spring and Summer,Summer,Fall,20.0,High,Low,High,Yes,Yes,Yes,4.8,6.6
switchcane,switchcane,Arundinaria tecta,grass,3-8,6-8,#5b7a4b,,#5b7a4b,,,full-sun,high,"loamy,clay",,25,,,,#6b5a4a,6-11,light,ARTE4,Arundinaria tecta (Walter) Muhl.,Graminoid,L48:I|L48:N,Rhizomatous,Erect,Coarse,Dense,Porous,No,No,No,No,Summer,Spring and Summer,Summer,Fall,25.0,High,Low,High,No,Yes,Yes,4.5,7.0
jack-in-the-pulpit,Jack in the pulpit,Arisaema triphyllum,mound,3-8,6,#f1f1e2,,#5b7a4b,,,shade,high,"sandy,loamy",,1.5,,,,#b3261e,6-8,light,ARTR,Arisaema triphyllum (L.) Schott,Forb/herb,CAN:N|L48:N,Rhizomatous,Erect,Coarse,Dense,Dense,No,Yes,Yes,Yes,Early Summer,Spring and Summer,Summer,Summer,1.5,Low,Low,High,Yes,Yes,No,4.8,7.0
canadian-milkvetch,Canadian milkvetch,Astragalus canadensis,mound,3-11,7,#f1f1e2,,#5b7a4b,,,full-sun,medium,loamy,,0.5,,,,#6b5a4a,6-11,light,ASCA11,Astragalus canadensis L.,Forb/herb,CAN:N|L48:N,Stoloniferous,Prostrate,Fine,Porous,Porous,No,Yes,No,No,Mid Summer,"Spring, Summer, Fall",Summer,Fall,0.5,High,Medium,Medium,No,Yes,No,6.0,8.0
swamp-milkweed,swamp milkweed,Asclepias incarnata,mound,3-5,9-11,#b3261e,,#5b7a4b,,,full-sun,high,"loamy,clay",,4.9,,,,#6b5a4a,3-11,moderate,ASIN,Asclepias incarnata L.,Forb/herb,CAN:N|L48:N,Rhizomatous,Erect,Coarse,Moderate,Porous,No,Yes,No,No,Fall,Spring,Spring,Fall,4.9,High,None,High,No,Yes,Yes,5.0,8.0
freckled-milkvetch,freckled milkvetch,Astragalus lentiginosus,mound,3-8,5,#e8d24a,,#5b7a4b,,,full-sun,low,"sandy,loamy,clay",,1.4,,,,#3a3a34,6-8,moderate,ASLE8,Astragalus lentiginosus Douglas ex Hook.,Forb/herb,CAN:N|L48:N,Single Crown,Erect,Medium,Porous,Porous,No,Yes,Yes,No,Late Spring,Spring and Summer,Summer,Summer,1.4,High,High,Low,Yes,Yes,Yes,5.7,7.4
woolly-locoweed,woolly locoweed,Astragalus mollissimus var. mollissimus,mound,3-8,5,#8f6fb3,,#5b7a4b,,,full-sun,low,"sandy,loamy,clay",,2,,,,#3a3a34,6-8,moderate,ASMOM5,Astragalus mollissimus Torr. var. mollissimus,Forb/herb,L48:N,Single Crown,Decumbent,Fine,Porous,Porous,No,Yes,No,No,Late Spring,Spring and Summer,Summer,Summer,2.0,High,High,Low,Yes,Yes,Yes,5.6,7.5
showy-milkweed,showy milkweed,Asclepias speciosa,mound,3-8,6,#f1f1e2,,#5b7a4b,,,full-sun,medium,"sandy,loamy,clay",,6,,,,#3a3a34,6-8,heavy,ASSP,Asclepias speciosa Torr.,Forb/herb,CAN:N|L48:N,Single Crown,Erect,Coarse,Moderate,Porous,No,Yes,Yes,No,Early Summer,Spring and Summer,Summer,Summer,6.0,High,Low,Medium,Yes,Yes,Yes,5.0,7.0
pawpaw,pawpaw,Asimina triloba,vase,3-8,4,#8f6fb3,,,,,shade,medium,"sandy,loamy",,25,,,,#6b5a4a,3-8,moderate,ASTR,Asimina triloba (L.) Dunal,Shrub,CAN:N|L48:N,Single Stem,Erect,Coarse,Moderate,Porous,No,No,No,Yes,Mid Spring,Spring and Summer,Spring,Summer,25.0,Low,Low,Medium,Yes,Yes,No,4.7,7.2
butterfly-milkweed,butterfly milkweed,Asclepias tuberosa,mound,3-8,7,#d98a3d,,#5b7a4b,,,full-sun,low,"sandy,loamy",,2,,,,#6b5a4a,6-11,moderate,ASTU,Asclepias tuberosa L.,Forb/herb,CAN:N|L48:N,Multiple Stem,Erect,Coarse,Moderate,Porous,No,Yes,Yes,No,Mid Summer,Spring and Summer,Summer,Fall,2.0,High,High,Low,Yes,Yes,No,4.8,6.8
fourwing-saltbush,fourwing saltbush,Atriplex canescens,vase,3-8,8,#e8d24a,,,,,part-sun,medium,"sandy,loamy,clay",,9,,,,#f1f1e2,6-8,moderate,ATCA2,Atriplex canescens (Pursh) Nutt.,Shrub,CAN:N|L48:N,Multiple Stem,Semi-Erect,Coarse,Moderate,Porous,No,No,Yes,No,Late Summer,Spring and Summer,Summer,Summer,9.0,Medium,High,Medium,Yes,Yes,Yes,6.6,9.5
shadscale-saltbush,shadscale saltbush,Atriplex confertifolia,vase,3-8,6,#e8d24a,,#5b7a4b,,,full-sun,medium,"sandy,loamy,clay",,3,,,,#6b5a4a,6-11,moderate,ATCO,Atriplex confertifolia (Torr. & Frém.) S. Watson,Shrub,L48:N,Multiple Stem,Semi-Erect,Coarse,Moderate,Porous,No,No,No,No,Early Summer,Spring and Summer,Summer,Fall,3.0,High,High,Medium,Yes,Yes,Yes,7.5,9.0
common-ladyfern,common ladyfern,Athyrium filix-femina,mound,3-11,,,,#5b7a4b,,,shade,medium,loamy,,3,,,,,,,ATFI,Athyrium filix-femina (L.) Roth,Forb/herb,AK:N|CAN:N|GL:N|L48:N|SPM:N,Rhizomatous,Semi-Erect,Fine,Dense,Porous,No,No,No,Yes,,"Spring, Summer, Fall",,,3.0,Low,Low,Medium,No,Yes,No,4.5,7.0
australian-saltbush,Australian saltbush,Atriplex semibaccata,mound,3-8,,#e8d24a,,#5b7a4b,,,part-sun,low,"loamy,clay",,0.5,,,,#6b5a4a,1-11,light,ATSE,Atriplex semibaccata R. Br.,Forb/herb,HI:I|L48:I,Colonizing,Prostrate,Medium,Porous,Porous,No,No,No,No,Indeterminate,Spring and Summer,Year Round,Fall,0.5,Medium,Medium,Low,No,Yes,Yes,7.0,8.5
wild-oat,wild oat,Avena fatua,grass,"1,2,3,4,5,9,10,11,12",4,#e8d24a,,#5b7a4b,,,full-sun,medium,"sandy,loamy,clay",,4,,,,#6b5a4a,3-5,heavy,AVFA,Avena fatua L.,Graminoid,AK:I|CAN:I|HI:I|L48:I,Bunch,Erect,Fine,Moderate,Porous,No,No,No,No,Mid Spring,"Fall, Winter and Spring",Spring,Spring,4.0,High,Medium,Medium,Yes,Yes,Yes,6.0,7.5
black-mangrove,black mangrove,Avicennia germinans,vase,1-12,,#f1f1e2,,,,,full-sun,high,"loamy,clay",,30,,,,#5b7a4b,1-12,heavy,AVGE,Avicennia germinans (L.) L.,Shrub,L48:N|PR:N|VI:N,Single Stem,Vase,Medium,Dense,Dense,Yes,Yes,Yes,Yes,Indeterminate,Year Round,Year Round,Year Round,30.0,High,Low,High,No,Yes,Yes,6.0,8.0
common-oat,common oat,Avena sativa,grass,3-8,5,#e8d24a,,#5b7a4b,,,full-sun,medium,"sandy,loamy,clay",,2,,,,#6b5a4a,6-8,heavy,AVSA,Avena sativa L.,Graminoid,AK:I|CAN:W|GL:W|HI:I|L48:I|PR:I|SPM:W,Bunch,Erect,Fine,Moderate,Porous,No,No,No,No,Late Spring,Spring and Summer,Summer,Summer,2.0,High,Low,Medium,Yes,Yes,Yes,5.3,8.5
broadleaf-carpetgrass,broadleaf carpetgrass,Axonopus compressus,grass,3-8,3-5,#f1f1e2,,#5b7a4b,,,full-sun,high,"loamy,clay",,1,,,,#6b5a4a,6-11,moderate,AXCO,Axonopus compressus (Sw.) P. Beauv.,Graminoid,L48:N|PB:I|PR:N|VI:N,Stoloniferous,Decumbent,Fine,Moderate,Porous,No,No,No,No,Spring,Spring and Summer,Summer,Fall,1.0,High,Low,High,No,Yes,Yes,4.5,7.0
green-molly,green molly,Bassia americana,mound,"3,4,5,9,10,11",8,#f1f1e2,,#5b7a4b,,,full-sun,low,"sandy,loamy",,2,,,,#6b5a4a,6-11,heavy,BAAM4,Bassia americana (S. Watson) A.J. Scott,Subshrub,L48:N,Multiple Stem,Rounded,Medium,Moderate,Porous,No,No,No,No,Late Summer,Spring and Fall,Summer,Fall,2.0,High,High,Low,Yes,Yes,No,7.0,8.5
eastern-baccharis,eastern baccharis,Baccharis halimifolia,vase,3-11,8,#f1f1e2,,,,,part-sun,high,"sandy,loamy,clay",,10,,,,#f1f1e2,9-11,heavy,BAHA,Baccharis halimifolia L.,Shrub,L48:N,Multiple Stem,Erect,Coarse,Dense,Moderate,No,Yes,No,Yes,Late Summer,"Spring, Summer, Fall",Fall,Fall,10.0,Medium,Low,High,Yes,Yes,Yes,5.5,7.8
fivehorn-smotherweed,fivehorn smotherweed,Bassia hyssopifolia,mound,6-8,6,#5b7a4b,,,,,full-sun,medium,"loamy,clay",,0.8,,,,#3a3a34,6-8,heavy,BAHY,Bassia hyssopifolia (Pall.) Kuntz,Forb/herb,CAN:I|HI:I|L48:I,Single Stem,Erect,Coarse,Porous,Porous,No,No,Yes,No,Early Summer,Summer,Summer,Summer,0.8,High,Low,Medium,No,Yes,Yes,6.5,9.1
turtleweed,turtleweed,Batis maritima,mound,3-5,5,#5b7a4b,,#5b7a4b,,,full-sun,medium,"sandy,loamy,clay",,0.1,,,,,3-8,moderate,BAMA5,Batis maritima L.,Subshrub,HI:I|L48:N|PR:N|VI:N,Stoloniferous,Prostrate,Medium,Moderate,Porous,No,No,No,No,Late Spring,Spring,Spring,Summer,0.1,High,Medium,Medium,Yes,Yes,Yes,4.0,7.9
disk-waterhyssop,disk waterhyssop,Bacopa rotundifolia,mound,3-11,9-11,#f1f1e2,,#5b7a4b,,,full-sun,high,"loamy,clay",,0.1,,,,,9-11,moderate,BARO,Bacopa rotundifolia (Michx.) Wettst.,Forb/herb,CAN:N|L48:N,Stoloniferous,Prostrate,Medium,Dense,Porous,No,Yes,No,No,Fall,"Spring, Summer, Fall",Fall,Fall,0.1,High,None,High,No,Yes,Yes,5.4,7.8
desertbroom,desertbroom,Baccharis sarothroides,vase,3-8,2,#e8d24a,,#5b7a4b,,,full-sun,low,"sandy,loamy,clay",,12,,,,#f1f1e2,3-8,heavy,BASA2,Baccharis sarothroides A. Gray,Shrub,L48:N,Multiple Stem,Erect,Fine,Dense,Moderate,Yes,Yes,No,No,Late Winter,Spring and Summer,Spring,Summer,12.0,High,High,Low,Yes,Yes,Yes,7.0,8.5
mule-fat,mule-fat,Baccharis salicifolia,vase,6-8,4,#e8d24a,,,,,full-sun,medium,"sandy,loamy,clay",,10,,,,#f1f1e2,6-11,heavy,BASA4,Baccharis salicifolia (Ruiz & Pav.) Pers.,Shrub,L48:N,Multiple Stem,Erect,Fine,Porous,Porous,No,Yes,No,No,Mid Spring,Summer,Summer,Fall,10.0,High,Low,Medium,Yes,Yes,Yes,7.0,8.5
burningbush-basc5,burningbush,Bassia scoparia,mound,3-8,6-8,#5b7a4b,,#5b7a4b,,,full-sun,low,"sandy,loamy",,4.9,,,,#6b5a4a,6-11,heavy,BASC5,Bassia scoparia (L.) A.J. Scott,Forb/herb,CAN:I|L48:I,Single Stem,Erect,Fine,Dense,Porous,No,No,No,Yes,Summer,Spring and Summer,Summer,Fall,4.9,High,High,Low,Yes,Yes,No,4.0,8.0
cutleaf-waterparsnip,cutleaf waterparsnip,Berula erecta,mound,6-8,7,#f1f1e2,,#5b7a4b,,,full-sun,high,"loamy,clay",,2.8,,,,#6b5a4a,6-8,moderate,BEER,Berula erecta (Huds.) Coville,Forb/herb,CAN:N|L48:N,Single Crown,Erect,Medium,Porous,Porous,No,Yes,No,No,Mid Summer,Summer,Summer,Summer,2.8,High,None,High,No,Yes,Yes,4.9,6.9
lyreleaf-greeneyes,lyreleaf greeneyes,Berlandiera lyrata,mound,3-8,4,#e8d24a,,#5b7a4b,,,full-sun,low,"loamy,clay",,4,,,,#6b5a4a,6-8,light,BELY,Berlandiera lyrata Benth.,Forb/herb,L48:N,Single Crown,Erect,Medium,Porous,Porous,No,Yes,No,No,Mid Spring,Spring and Summer,Summer,Summer,4.0,High,Medium,Low,No,Yes,Yes,6.5,9.5
river-birch,river birch,Betula nigra,tree,3-8,4,#6b5a4a,,#5b7a4b,,,full-sun,high,"sandy,loamy,clay",,70,,,,#6b5a4a,3-5,heavy,BENI,Betula nigra L.,Tree,L48:N,Multiple Stem,Erect,Medium,Moderate,Porous,No,No,No,No,Mid Spring,Spring and Summer,Spring,Spring,70.0,High,Low,High,Yes,Yes,Yes,3.0,6.5
bearded-beggarticks,bearded beggarticks,Bidens aristosa,mound,3-11,8,#e8d24a,,#5b7a4b,,,part-sun,high,"loamy,clay",,3.5,,,,#6b5a4a,6-11,heavy,BIAR,Bidens aristosa (Michx.) Britton,Forb/herb,CAN:I|L48:N,Single Crown,Erect,Coarse,Moderate,Porous,No,Yes,Yes,No,Late Summer,"Spring, Summer, Fall",Summer,Fall,3.5,Medium,Low,High,No,Yes,Yes,5.0,7.0
nodding-beggartick,nodding beggartick,Bidens cernua,mound,3-11,8,#e8d24a,,#5b7a4b,,,part-sun,high,"sandy,loamy,clay",,3.2,,,,#8f6fb3,6-11,heavy,BICE,Bidens cernua L.,Forb/herb,AK:I|CAN:N|L48:N,Single Crown,Erect,Coarse,Moderate,Porous,No,Yes,No,Yes,Late Summer,"Spring, Summer, Fall",Summer,Fall,3.2,Medium,Low,High,Yes,Yes,Yes,5.1,7.0
small-beggarticks,small beggarticks,Bidens discoidea,mound,3-11,8,#e8d24a,,#5b7a4b,,,part-sun,high,"sandy,loamy,clay",,5.2,,,,#6b5a4a,9-11,heavy,BIDI,Bidens discoidea (Torr. & A. Gray) Britton,Forb/herb,CAN:N|L48:N,Single Crown,Erect,Coarse,Moderate,Porous,No,Yes,No,Yes,Late Summer,"Spring, Summer, Fall",Fall,Fall,5.2,Medium,Low,High,Yes,Yes,Yes,5.1,7.1
devil-s-beggartick,devil's beggartick,Bidens frondosa,mound,3-11,8,#e8d24a,,#5b7a4b,,,part-sun,medium,"sandy,loamy",,4,,,,#6b5a4a,6-11,heavy,BIFR,Bidens frondosa L.,Forb/herb,AK:I|CAN:I|L48:N,Single Crown,Erect,Coarse,Moderate,Porous,No,No,Yes,No,Late Summer,"Spring, Summer, Fall",Summer,Fall,4.0,Medium,Low,Medium,Yes,Yes,No,5.2,7.2
smooth-beggartick,smooth beggartick,Bidens laevis,mound,3-11,8,#e8d24a,,#5b7a4b,,,part-sun,high,"sandy,loamy,clay",,3.3,,,,#6b5a4a,6-11,heavy,BILA,"Bidens laevis (L.) Britton, Sterns & Poggenb.",Forb/herb,L48:N,Single Crown,Erect,Coarse,Moderate,Porous,No,Yes,No,Yes,Late Summer,"Spring, Summer, Fall",Summer,Fall,3.3,Medium,Low,High,Yes,Yes,Yes,5.0,7.0
smallfruit-beggarticks,smallfruit beggarticks,Bidens mitis,mound,3-11,9-11,#e8d24a,,#5b7a4b,,,part-sun,high,"loamy,clay",,3.5,,,,#6b5a4a,9-11,heavy,BIMI,Bidens mitis (Michx.) Sherff,Forb/herb,L48:N,Single Crown,Erect,Coarse,Moderate,Porous,No,Yes,No,Yes,Fall,"Spring, Summer, Fall",Fall,Fall,3.5,Medium,Low,High,No,Yes,Yes,5.0,8.6
threelobe-beggarticks,threelobe beggarticks,Bidens tripartita,mound,3-11,8,#e8d24a,,#5b7a4b,,,part-sun,high,"sandy,loamy,clay",,3.5,,,,#6b5a4a,9-11,heavy,BITR,Bidens tripartita L.,Forb/herb,AK:N|CAN:N|L48:N,Single Crown,Erect,Coarse,Moderate,Porous,No,Yes,No,Yes,Late Summer,"Spring, Summer, Fall",Fall,Fall,3.5,Medium,Low,High,Yes,Yes,Yes,5.0,7.2
pine-dropseed,pine dropseed,Blepharoneuron tricholepis,grass,3-8,4,#e8d24a,,#5b7a4b,,,part-sun,low,"sandy,loamy",,3,,,,#6b5a4a,3-8,moderate,BLTR,Blepharoneuron tricholepis (Torr.) Nash,Graminoid,L48:N,Bunch,Erect,Fine,Moderate,Porous,No,No,No,No,Mid Spring,Spring and Summer,Spring,Summer,3.0,Medium,Medium,Low,Yes,Yes,No,6.0,8.0
white-doll-s-daisy,white doll's daisy,Boltonia asteroides,mound,6-8,7,#f1f1e2,,#5b7a4b,,,part-sun,medium,"sandy,loamy",,8,,,,#6b5a4a,6-11,heavy,BOAS,Boltonia asteroides (L.) L'Hér.,Forb/herb,CAN:N|L48:N,Single Crown,Erect,Coarse,Moderate,Porous,No,Yes,No,No,Mid Summer,Summer,Summer,Fall,8.0,Medium,Low,Medium,Yes,Yes,No,5.3,7.0
cane-bluestem,cane bluestem,Bothriochloa barbinodis,grass,6-11,,#e8d24a,,#5b7a4b,,,full-sun,medium,"sandy,loamy",,4,,,,#6b5a4a,1-12,moderate,BOBA3,Bothriochloa barbinodis (Lag.) Herter,Graminoid,HI:I|L48:N,Bunch,Erect,Medium,Dense,Porous,No,No,No,No,Indeterminate,Summer and Fall,Year Round,,4.0,High,High,Medium,Yes,Yes,No,7.0,8.2
caucasian-bluestem,Caucasian bluestem,Bothriochloa bladhii,grass,6-8,7,#e8d24a,,#5b7a4b,,,full-sun,medium,loamy,,3,,,,#6b5a4a,6-11,light,BOBL,Bothriochloa bladhii (Retz.) S.T. Blake,Graminoid,HI:I|L48:I|PB:I,Bunch,Semi-Erect,Fine,Dense,Porous,No,No,No,No,Mid Summer,Summer,Summer,Fall,3.0,High,High,Medium,No,Yes,No,5.0,8.0
gypsum-grama,gypsum grama,Bouteloua breviseta,grass,6-11,7,#f1f1e2,,#5b7a4b,,,full-sun,low,loamy,,2.5,,,,#6b5a4a,6-11,heavy,BOBR,Bouteloua breviseta Vasey,Graminoid,L48:N,Rhizomatous,Erect,Medium,Porous,Porous,No,No,No,No,Mid Summer,Summer and Fall,Summer,Fall,2.5,High,High,Low,No,Yes,No,5.5,7.9
sideoats-grama,sideoats grama,Bouteloua curtipendula,grass,6-8,7,#e8d24a,,#5b7a4b,,,full-sun,medium,"sandy,loamy,clay",,3,,,,#6b5a4a,6-11,moderate,BOCU,Bouteloua curtipendula (Michx.) Torr.,Graminoid,CAN:N|HI:I|L48:N,Rhizomatous,Erect,Medium,Moderate,Porous,No,No,No,No,Mid Summer,Summer,Summer,Fall,3.0,High,Medium,Medium,Yes,Yes,Yes,6.0,8.5
smallspike-false-nettle,smallspike false nettle,Boehmeria cylindrica,mound,3-5,,#e8d24a,,#5b7a4b,,,shade,medium,"loamy,clay",,3.9,,,,,3-11,light,BOCY,Boehmeria cylindrica (L.) Sw.,Forb/herb,CAN:N|L48:N|PR:N,Bunch,Erect,Medium,Moderate,Porous,No,No,No,No,Indeterminate,Spring,Spring,Fall,3.9,Low,Low,Medium,No,Yes,Yes,5.1,7.0
buffalograss,buffalograss,Bouteloua dactyloides,grass,6-8,7,#e8d24a,,,,,full-sun,medium,"loamy,clay",,0.5,,,,#6b5a4a,6-8,moderate,BODA2,Bouteloua dactyloides (Nutt.) J.T. Columbus,Graminoid,CAN:N|L48:N,Stoloniferous,Decumbent,Fine,Porous,Porous,No,No,No,No,Mid Summer,Summer,Summer,Summer,0.5,High,High,Medium,No,Yes,Yes,6.5,8.0
black-grama,black grama,Bouteloua eriopoda,grass,6-11,7,#e8d24a,,#5b7a4b,,,full-sun,medium,"sandy,loamy",,2,,,,#6b5a4a,6-11,heavy,BOER4,Bouteloua eriopoda (Torr.) Torr.,Graminoid,L48:N,Stoloniferous,Decumbent,Fine,Porous,Porous,No,No,No,No,Mid Summer,Summer and Fall,Summer,Fall,2.0,High,High,Medium,Yes,Yes,No,7.0,8.7
bushy-seaside-tansy,bushy seaside tansy,Borrichia frutescens,mound,3-5,,#e8d24a,,#5b7a4b,,,full-sun,medium,"sandy,loamy,clay",,2.6,,,,#3a3a34,3-11,heavy,BOFR,Borrichia frutescens (L.) DC.,Subshrub,L48:N,Rhizomatous,Erect,Coarse,Moderate,Porous,No,No,No,No,Indeterminate,Spring,Spring,Fall,2.6,High,Low,Medium,Yes,Yes,Yes,6.1,7.5
blue-grama,blue grama,Bouteloua gracilis,grass,6-11,7,#e8d24a,,#5b7a4b,,,full-sun,medium,"sandy,loamy,clay",,1,,,,#6b5a4a,6-8,moderate,BOGR2,Bouteloua gracilis (Willd. ex Kunth) Lag. ex Griffiths,Graminoid,CAN:N|L48:N,Colonizing,Erect,Medium,Porous,Porous,No,No,No,No,Mid Summer,Summer and Fall,Summer,Summer,1.0,High,High,Medium,Yes,Yes,Yes,6.6,8.4
hairy-grama,hairy grama,Bouteloua hirsuta,grass,6-8,3-5,,,#5b7a4b,,,full-sun,low,"sandy,loamy",,0.5,,,,#6b5a4a,3-11,moderate,BOHI2,Bouteloua hirsuta Lag.,Graminoid,L48:N,Colonizing,Decumbent,Fine,Porous,Porous,No,No,No,No,Spring,Summer,Spring,Fall,0.5,High,High,Low,Yes,Yes,No,6.0,7.2
yellow-bluestem-boisi,yellow bluestem,Bothriochloa ischaemum var. ischaemum,grass,6-8,7,#e8d24a,,#5b7a4b,,,full-sun,medium,"sandy,loamy,clay",,3,,,,#6b5a4a,6-11,moderate,BOISI,Bothriochloa ischaemum (L.) Keng var. ischaemum,Graminoid,L48:I,Bunch,Semi-Erect,Medium,Porous,Porous,No,No,No,Yes,Mid Summer,Summer,Summer,Fall,3.0,High,Medium,Medium,Yes,Yes,Yes,6.0,8.5
yellow-bluestem-boiss,yellow bluestem,Bothriochloa ischaemum var. songarica,grass,6-8,6,#e8d24a,,#5b7a4b,,,full-sun,medium,"sandy,loamy,clay",,4,,,,#6b5a4a,6-8,light,BOISS,Bothriochloa ischaemum (L.) Keng var. songarica (Rupr. ex Fisch. & C.A. Mey.) Celarier & Harlan,Graminoid,L48:I|PR:I|VI:I,Bunch,Semi-Erect,Medium,Dense,Porous,No,No,No,No,Early Summer,Summer,Summer,Summer,4.0,High,Medium,Medium,Yes,Yes,Yes,5.5,8.5
cosmopolitan-bulrush,cosmopolitan bulrush,Bolboschoenus maritimus,grass,6-8,8,#5b7a4b,,#5b7a4b,,,full-sun,medium,"sandy,loamy,clay",,3.2,,,,#6b5a4a,6-11,moderate,BOMA7,Bolboschoenus maritimus (L.) Palla,Graminoid,AK:N|CAN:I|CAN:N|HI:N|L48:N|L48:N?|SPM:I|SPM:N,Rhizomatous,Erect,Coarse,Moderate,Porous,No,No,No,No,Late Summer,Summer,Summer,Fall,3.2,High,Low,Medium,Yes,Yes,Yes,4.0,7.0
pitted-beardgrass,pitted beardgrass,Bothriochloa pertusa,grass,3-8,,#e8d24a,,#5b7a4b,,,full-sun,low,"sandy,loamy,clay",,3,,,,#6b5a4a,1-12,moderate,BOPE2,Bothriochloa pertusa (L.) A. Camus,Graminoid,HI:I|L48:I|NAV:I|PB:I|PR:I|VI:I,Stoloniferous,Decumbent,Medium,Dense,Moderate,Yes,No,No,Yes,Indeterminate,Spring and Summer,Year Round,Year Round,3.0,High,High,Low,Yes,Yes,Yes,5.0,7.5
sturdy-bulrush,sturdy bulrush,Bolboschoenus robustus,grass,6-8,8,#b3261e,,#5b7a4b,,,full-sun,high,"loamy,clay",,4.9,,,,#6b5a4a,6-11,light,BORO5,Bolboschoenus robustus (Pursh) Soják,Graminoid,L48:N,Rhizomatous,Erect,Medium,Moderate,Porous,No,No,No,No,Late Summer,Summer,Summer,Fall,4.9,High,Low,High,No,Yes,Yes,6.4,8.4
silver-bluestem,silver bluestem,Bothriochloa saccharoides,grass,6-8,6-8,,,#5b7a4b,,,full-sun,medium,"sandy,loamy",,2,,,,#6b5a4a,6-11,moderate,BOSA,Bothriochloa saccharoides (Sw.) Rydb.,Graminoid,PR:N,Bunch,Semi-Erect,Fine,Porous,Porous,No,No,No,Yes,Summer,Summer,Summer,Fall,2.0,High,High,Medium,Yes,Yes,No,6.5,7.2
rattlesnake-fern,rattlesnake fern,Botrychium virginianum,mound,3-8,5,,,#5b7a4b,,,shade,medium,loamy,,1.4,,,,,6-8,,BOVI,Botrychium virginianum (L.) Sw.,Forb/herb,AK:N|CAN:N|L48:N,Rhizomatous,Erect,Fine,Porous,Porous,No,No,No,No,Late Spring,Spring and Summer,Summer,Summer,1.4,Low,Low,Medium,No,Yes,No,5.6,6.9
nodding-brome,nodding brome,Bromus anomalus,grass,3-8,5,#e8d24a,,#5b7a4b,,,shade,low,"sandy,loamy",,2,,,,#6b5a4a,3-8,moderate,BRAN,Bromus anomalus Rupr. ex Fourn.,Graminoid,CAN:N|L48:N,Bunch,Erect,Coarse,Moderate,Porous,No,No,No,No,Late Spring,Spring and Summer,Spring,Summer,2.0,Low,High,Low,Yes,Yes,No,5.4,7.9
field-brome,field brome,Bromus arvensis,grass,"1,2,3,4,5,9,10,11,12",4,#e8d24a,,#5b7a4b,,,full-sun,medium,"loamy,clay",,3,,,,#6b5a4a,,heavy,BRAR5,Bromus arvensis L.,Graminoid,CAN:I|L48:I,Bunch,Erect,Medium,Moderate,Porous,No,No,No,No,Mid Spring,"Fall, Winter and Spring",,,3.0,High,Low,Medium,No,Yes,Yes,5.2,7.5
rescuegrass,rescuegrass,Bromus catharticus,grass,"1,2,3,4,5,9,10,11,12",3,#e8d24a,,#5b7a4b,,,full-sun,high,"sandy,loamy",,3,,,,#6b5a4a,3-5,heavy,BRCA6,Bromus catharticus Vahl,Graminoid,CAN:I|HI:I|L48:I|PB:I,Bunch,Erect,Medium,Dense,Porous,No,No,No,No,Early Spring,"Fall, Winter and Spring",Spring,Spring,3.0,High,Low,High,Yes,Yes,No,5.5,8.0
fringed-brome,fringed brome,Bromus ciliatus,grass,3-8,3-5,#e8d24a,,#5b7a4b,,,shade,medium,"sandy,clay",,4,,,,#6b5a4a,3-8,moderate,BRCI2,Bromus ciliatus L.,Graminoid,AK:N|CAN:N|L48:N|SPM:N,Bunch,Erect,Fine,Moderate,Porous,No,No,No,No,Spring,Spring and Summer,Spring,Summer,4.0,Low,Low,Medium,Yes,No,Yes,5.5,7.5
soft-brome,soft brome,Bromus hordeaceus ssp. hordeaceus,grass,"1,2,3,4,5,9,10,11,12",4,#e8d24a,,#5b7a4b,,,part-sun,medium,"sandy,loamy,clay",,2,,,,#6b5a4a,3-8,heavy,BRHOH,Bromus hordeaceus L. ssp. hordeaceus,Graminoid,AK:I|CAN:I|GL:I|HI:I|L48:I|SPM:I,Bunch,Erect,Medium,Porous,Porous,No,No,No,No,Mid Spring,"Fall, Winter and Spring",Spring,Summer,2.0,Medium,Medium,Medium,Yes,Yes,Yes,5.5,8.0
smooth-brome,smooth brome,Bromus inermis,grass,3-11,5,#e8d24a,,#5b7a4b,,,full-sun,medium,"loamy,clay",,4.5,,,,#6b5a4a,6-8,moderate,BRIN2,Bromus inermis Leyss.,Graminoid,AK:I|AK:N|CAN:I|CAN:N|GL:I|L48:I|L48:N|SPM:I|SPM:N,Rhizomatous,Semi-Erect,Medium,Porous,Porous,No,No,No,No,Late Spring,"Spring, Summer, Fall",Summer,Summer,4.5,High,Medium,Medium,No,Yes,Yes,5.5,8.0
brown-mustard,brown mustard,Brassica juncea,mound,"1,2,3,4,5,9,10,11,12",3,#e8d24a,,,,,full-sun,medium,"loamy,clay",,4,,,,#3a3a34,6-8,heavy,BRJU,Brassica juncea (L.) Czern.,Forb/herb,AK:I|CAN:I|HI:I|L48:I|PR:I|VI:I,Single Crown,Erect,Coarse,Dense,Porous,No,Yes,No,Yes,Early Spring,"Fall, Winter and Spring",Summer,Summer,4.0,High,Low,Medium,No,Yes,Yes,6.0,7.2
field-mustard,field mustard,Brassica rapa,mound,3-11,5,,,#5b7a4b,,,part-sun,high,"sandy,loamy,clay",,3,,,,#6b5a4a,6-8,heavy,BRRA,Brassica rapa L.,Forb/herb,AK:I|CAN:I|GL:I|HI:I|L48:I,Single Crown,Erect,Coarse,Dense,Porous,No,No,No,No,Late Spring,"Spring, Summer, Fall",Summer,Summer,3.0,Medium,Low,High,Yes,Yes,Yes,5.0,8.0
red-brome,red brome,Bromus rubens,grass,"1,2,3,4,5,9,10,11,12",3,#e8d24a,,#5b7a4b,,,full-sun,low,"sandy,loamy,clay",,1.3,,,,#6b5a4a,3-8,heavy,BRRU2,Bromus rubens L.,Graminoid,HI:I|L48:I,Bunch,Erect,Medium,Porous,Porous,No,No,Yes,No,Early Spring,"Fall, Winter and Spring",Spring,Summer,1.3,High,High,Low,Yes,Yes,Yes,6.5,8.2
thicket-sedge,thicket sedge,Carex abscondita,grass,3-8,5,#5b7a4b,,#5b7a4b,,,shade,high,"loamy,clay",,0.7,,,,#6b5a4a,3-8,light,CAAB5,Carex abscondita Mack.,Graminoid,L48:N,Bunch,Erect,Fine,Porous,Porous,No,No,No,No,Late Spring,Spring and Summer,Spring,Summer,0.7,Low,Low,High,No,Yes,Yes,4.8,6.8
greenwhite-sedge,greenwhite sedge,Carex albolutescens,grass,3-5,3-5,#5b7a4b,,#5b7a4b,,,part-sun,medium,"loamy,clay",,3.9,,,,#e8d24a,3-11,moderate,CAAL5,Carex albolutescens Schwein.,Graminoid,L48:N,Bunch,Erect,Fine,Porous,Porous,No,No,No,No,Spring,Spring,Spring,Fall,3.9,Medium,Low,Medium,No,Yes,Yes,4.3,7.8
american-beautyberry,American beautyberry,Callicarpa americana,vase,3-8,6,#f1f1e2,,#5b7a4b,,,part-sun,low,"sandy,loamy,clay",,9,,,,#8f6fb3,6-11,heavy,CAAM2,Callicarpa americana L.,Shrub,L48:N,Multiple Stem,Semi-Erect,Medium,Dense,Moderate,No,Yes,Yes,Yes,Early Summer,Spring and Summer,Summer,Fall,9.0,Medium,Low,Low,Yes,Yes,Yes,5.8,7.2
eastern-narrowleaf-sedge,eastern narrowleaf sedge,Carex amphibola,grass,3-8,5,#5b7a4b,,#5b7a4b,,,shade,medium,"loamy,clay",,2,,,,#6b5a4a,6-8,light,CAAM8,Carex amphibola Steud.,Graminoid,CAN:N|L48:N,Bunch,Semi-Erect,Medium,Moderate,Porous,No,No,No,No,Late Spring,Spring and Summer,Summer,Summer,2.0,Low,Low,Medium,No,Yes,Yes,5.9,7.0
water-hickory,water hickory,Carya aquatica,tree,3-8,4,#e8d24a,,#5b7a4b,,,part-sun,medium,"sandy,loamy,clay",,85,,,,#6b5a4a,6-11,moderate,CAAQ2,Carya aquatica (Michx. f.) Nutt.,Tree,L48:N,Single Stem,Erect,Coarse,Dense,Porous,No,No,No,No,Mid Spring,Spring and Summer,Summer,Fall,85.0,Medium,Medium,Medium,Yes,Yes,Yes,4.0,7.3
slenderbeak-sedge,slenderbeak sedge,Carex athrostachya,grass,3-8,5,#5b7a4b,,#5b7a4b,,,part-sun,high,"sandy,loamy",,2,,,,#6b5a4a,3-8,light,CAAT3,Carex athrostachya Olney,Graminoid,AK:N|CAN:N|L48:N,Bunch,Erect,Medium,Moderate,Porous,No,No,No,No,Late Spring,Spring and Summer,Spring,Summer,2.0,Medium,None,High,Yes,Yes,No,5.8,7.2
prickly-bog-sedge,prickly bog sedge,Carex atlantica,grass,3-8,5,#5b7a4b,,#5b7a4b,,,part-sun,high,"loamy,clay",,1.8,,,,#6b5a4a,6-8,light,CAAT4,Carex atlantica L.H. Bailey,Graminoid,CAN:N|L48:N,Bunch,Semi-Erect,Coarse,Dense,Porous,No,No,No,No,Late Spring,Spring and Summer,Summer,Summer,1.8,Medium,None,High,No,Yes,Yes,4.5,6.0
golden-sedge,golden sedge,Carex aurea,grass,3-8,5,#5b7a4b,,#5b7a4b,,,part-sun,high,"sandy,loamy",,1.2,,,,#6b5a4a,3-8,light,CAAU3,Carex aurea Nutt.,Graminoid,AK:N|CAN:N|L48:N,Rhizomatous,Erect,Fine,Moderate,Porous,No,No,No,No,Late Spring,Spring and Summer,Spring,Summer,1.2,Medium,None,High,Yes,Yes,No,5.5,7.2
bicknell-s-sedge,Bicknell's sedge,Carex bicknellii,grass,3-8,5,#5b7a4b,,#5b7a4b,,,shade,low,"sandy,loamy,clay",,3.4,,,,#6b5a4a,6-8,light,CABI3,Carex bicknellii Britton,Graminoid,CAN:N|L48:N,Bunch,Erect,Fine,Moderate,Porous,No,No,No,No,Late Spring,Spring and Summer,Summer,Summer,3.4,Low,Medium,Low,Yes,Yes,Yes,4.5,6.6
southern-catalpa,southern catalpa,Catalpa bignonioides,tree,3-5,4,#f1f1e2,,#5b7a4b,,,part-sun,low,"sandy,loamy",,66,,,,#5b7a4b,6-8,moderate,CABI8,Catalpa bignonioides Walter,Tree,CAN:I|L48:N,Single Crown,Erect,Coarse,Dense,Porous,No,Yes,Yes,No,Mid Spring,Spring,Summer,Summer,66.0,Medium,Medium,Low,Yes,Yes,No,5.5,7.5
eastern-woodland-sedge,eastern woodland sedge,Carex blanda,grass,3-8,3-5,#5b7a4b,,#5b7a4b,,,shade,high,"loamy,clay",,2,,,,#6b5a4a,3-8,light,CABL,Carex blanda Dewey,Graminoid,CAN:N|L48:N,Bunch,Erect,Medium,Moderate,Porous,No,No,No,No,Spring,Spring and Summer,Spring,Summer,2.0,Low,Low,High,No,Yes,Yes,4.4,7.0
bulbous-bittercress,bulbous bittercress,Cardamine bulbosa,mound,3-5,4,#f1f1e2,,#5b7a4b,,,shade,medium,"loamy,clay",,1.4,,,,#3a3a34,3-5,heavy,CABU3,"Cardamine bulbosa (Schreb. ex Muhl.) Britton, Sterns & Poggenb.",Forb/herb,CAN:N|L48:N,Single Crown,Erect,Medium,Porous,Porous,No,Yes,No,No,Mid Spring,Spring,Spring,Spring,1.4,Low,None,Medium,No,Yes,Yes,5.0,6.8
bush-s-sedge,Bush's sedge,Carex bushii,grass,3-8,4,#5b7a4b,,#5b7a4b,,,part-sun,medium,"loamy,clay",,2,,,,#6b5a4a,3-8,light,CABU5,Carex bushii Mack.,Graminoid,L48:N,Bunch,Erect,Fine,Moderate,Porous,No,No,No,No,Mid Spring,Spring and Summer,Spring,Summer,2.0,Medium,Low,Medium,No,Yes,Yes,5.8,7.5
carolina-fanwort,Carolina fanwort,Cabomba caroliniana,mound,6-8,,#f1f1e2,,,,,part-sun,high,"sandy,loamy,clay",,,,,,,3-11,light,CACA,Cabomba caroliniana A. Gray,Forb/herb,CAN:N|L48:N,Multiple Stem,Prostrate,Fine,,,No,No,No,No,Indeterminate,Summer,Spring,Fall,,Medium,None,High,Yes,Yes,Yes,5.7,9.2
american-hornbeam,American hornbeam,Carpinus caroliniana,vase,3-8,4,#d98a3d,,#5b7a4b,,,shade,medium,"sandy,loamy",,30,,,,#6b5a4a,6-11,moderate,CACA18,Carpinus caroliniana Walter,Shrub,CAN:N|L48:N,Multiple Stem,Erect,Medium,Dense,Porous,No,Yes,No,Yes,Mid Spring,Spring and Summer,Summer,Fall,30.0,Low,Low,Medium,Yes,Yes,No,4.0,7.4
oval-leaf-sedge,oval-leaf sedge,Carex cephalophora,grass,3-8,5,#5b7a4b,,#5b7a4b,,,part-sun,low,"sandy,loamy",,2.6,,,,#6b5a4a,6-8,light,CACE,Carex cephalophora Muhl. ex Willd.,Graminoid,CAN:N|L48:N,Bunch,Erect,Medium,Porous,Porous,No,No,No,No,Late Spring,Spring and Summer,Summer,Summer,2.6,Medium,Medium,Low,Yes,Yes,No,4.8,7.0
bitternut-hickory,bitternut hickory,Carya cordiformis,tree,3-8,4,#5b7a4b,,#5b7a4b,,,full-sun,medium,"sandy,loamy,clay",,75,,,,#6b5a4a,6-11,moderate,CACO15,Carya cordiformis (Wangenh.) K. Koch,Tree,CAN:N|L48:N,Single Stem,Erect,Coarse,Dense,Porous,No,No,Yes,Yes,Mid Spring,Spring and Summer,Summer,Fall,75.0,High,High,Medium,Yes,Yes,Yes,4.8,7.4
longhair-sedge,longhair sedge,Carex comosa,grass,3-11,7,#5b7a4b,,#5b7a4b,,,part-sun,high,"loamy,clay",,5,,,,#6b5a4a,6-8,light,CACO8,Carex comosa Boott,Graminoid,CAN:N|L48:N,Rhizomatous,Erect,Medium,Moderate,Porous,No,No,No,No,Mid Summer,"Spring, Summer, Fall",Summer,Summer,5.0,Medium,Low,High,No,Yes,Yes,4.6,7.5
fringed-sedge,fringed sedge,Carex crinita,grass,3-5,5,#5b7a4b,,#5b7a4b,,,part-sun,medium,"loamy,clay",,5.2,,,,#6b5a4a,6-11,moderate,CACR6,Carex crinita Lam.,Graminoid,CAN:N|L48:N,Bunch,Erect,Fine,Porous,Porous,No,No,No,No,Late Spring,Spring,Summer,Fall,5.2,Medium,Low,Medium,No,Yes,Yes,4.0,7.5
ravenfoot-sedge,ravenfoot sedge,Carex crus-corvi,grass,3-5,3-5,#5b7a4b,,#5b7a4b,,,part-sun,medium,"loamy,clay",,3,,,,#6b5a4a,3-8,light,CACR8,Carex crus-corvi Shuttlw. ex Kunze,Graminoid,CAN:N|L48:N,Bunch,Erect,Medium,Moderate,Porous,No,No,No,No,Spring,Spring,Spring,Summer,3.0,Medium,Medium,Medium,No,Yes,Yes,3.5,7.0
white-edge-sedge,white edge sedge,Carex debilis,grass,3-8,5,#5b7a4b,,#5b7a4b,,,shade,high,"sandy,loamy",,3,,,,#6b5a4a,6-8,light,CADE5,Carex debilis Michx.,Graminoid,CAN:N|L48:N|SPM:N,Bunch,Semi-Erect,Medium,Moderate,Porous,No,No,No,No,Late Spring,Spring and Summer,Summer,Summer,3.0,Low,None,High,Yes,Yes,No,4.6,6.6
cypressknee-sedge,cypressknee sedge,Carex decomposita,grass,3-8,5,#5b7a4b,,#5b7a4b,,,shade,high,"sandy,loamy",,4.5,,,,#6b5a4a,6-8,light,CADE6,Carex decomposita Muhl.,Graminoid,L48:N,Bunch,Semi-Erect,Coarse,Dense,Porous,No,No,No,No,Late Spring,Spring and Summer,Summer,Summer,4.5,Low,None,High,Yes,Yes,No,4.5,6.6
fairyduster,fairyduster,Calliandra eriophylla,vase,3-8,3,#8f6fb3,,#5b7a4b,,,full-sun,low,"sandy,loamy",,3,,,,#6b5a4a,6-11,moderate,CAER,Calliandra eriophylla Benth.,Shrub,L48:N,Multiple Stem,Rounded,Fine,Porous,Porous,No,Yes,No,No,Early Spring,Spring and Summer,Summer,Fall,3.0,High,High,Low,Yes,Yes,No,7.0,8.5
false-grama,false grama,Cathestecum erectum,grass,3-8,7,#e8d24a,,#5b7a4b,,,full-sun,low,"sandy,loamy",,1,,,,#6b5a4a,6-11,light,CAER2,Cathestecum erectum Vasey & Hack.,Graminoid,L48:N,Stoloniferous,Erect,Medium,Moderate,Porous,No,No,No,No,Mid Summer,Spring and Summer,Summer,Fall,1.0,High,High,Low,Yes,Yes,No,5.4,7.5
thinfruit-sedge,thinfruit sedge,Carex flaccosperma,grass,3-8,5,#5b7a4b,,,,,shade,high,"loamy,clay",,1,,,,#6b5a4a,3-8,light,CAFL3,Carex flaccosperma Dewey,Graminoid,L48:N,Bunch,Erect,Medium,Moderate,Porous,No,No,No,No,Late Spring,Spring and Summer,Spring,Summer,1.0,Low,Low,High,No,Yes,Yes,4.6,7.1
frank-s-sedge,Frank's sedge,Carex frankii,grass,3-11,5,#5b7a4b,,#5b7a4b,,,shade,high,"loamy,clay",,2,,,,#6b5a4a,6-8,light,CAFR3,Carex frankii Kunth,Graminoid,CAN:N|L48:N,Rhizomatous,Erect,Medium,Moderate,Porous,No,No,No,No,Late Spring,"Spring, Summer, Fall",Summer,Summer,2.0,Low,Low,High,No,Yes,Yes,5.9,7.2
bird-of-paradise-shrub,bird-of-paradise shrub,Caesalpinia gilliesii,vase,6-8,3,#f1f1e2,,,,,full-sun,low,"sandy,loamy",,35,,,,#3a3a34,6-8,heavy,CAGI,Caesalpinia gilliesii (Wall. ex Hook.) Wall. ex D. Dietr.,Shrub,L48:I|PR:I,Single Stem,Erect,Coarse,Porous,Porous,Yes,Yes,Yes,Yes,Early Spring,Summer,Summer,Summer,35.0,High,High,Low,Yes,Yes,No,7.0,8.5
southern-waxy-sedge,southern waxy sedge,Carex glaucescens,grass,3-5,3-5,#5b7a4b,,#5b7a4b,,,part-sun,high,"loamy,clay",,4.9,,,,#e8d24a,6-11,moderate,CAGL5,Carex glaucescens Elliott,Graminoid,L48:N,Bunch,Erect,Fine,Porous,Porous,No,No,No,No,Spring,Spring,Summer,Fall,4.9,Medium,Low,High,No,Yes,Yes,4.0,8.0
pignut-hickory,pignut hickory,Carya glabra,tree,3-8,4,#e8d24a,,#5b7a4b,,,part-sun,medium,"sandy,loamy",,80,,,,#6b5a4a,6-11,moderate,CAGL8,Carya glabra (Mill.) Sweet,Tree,CAN:N|L48:N,Single Stem,Erect,Coarse,Dense,Porous,No,No,Yes,Yes,Mid Spring,Spring and Summer,Summer,Fall,80.0,Medium,High,Medium,Yes,Yes,No,4.8,7.3
limestone-meadow-sedge,limestone meadow sedge,Carex granularis,grass,3-8,4,#5b7a4b,,#5b7a4b,,,shade,high,"loamy,clay",,2.5,,,,#6b5a4a,3-8,light,CAGR3,Carex granularis Muhl. ex Willd.,Graminoid,CAN:N|L48:N,Bunch,Erect,Medium,Moderate,Porous,No,No,No,No,Mid Spring,Spring and Summer,Spring,Summer,2.5,Low,Low,High,No,Yes,Yes,6.0,7.2
twoheaded-water-starwort,twoheaded water-starwort,Callitriche heterophylla,mound,3-11,3-5,#5b7a4b,,#5b7a4b,,,full-sun,high,"loamy,clay",,,,,,#5b7a4b,6-11,light,CAHE3,Callitriche heterophylla Pursh,Forb/herb,AK:N|CAN:N|GL:N|L48:N,Single Crown,Decumbent,Fine,Porous,Porous,No,No,No,No,Spring,"Spring, Summer, Fall",Summer,Fall,,High,None,High,No,Yes,Yes,5.2,6.8
shoreline-sedge,shoreline sedge,Carex hyalinolepis,grass,3-8,5,#5b7a4b,,,,,part-sun,high,"loamy,clay",,4,,,,#6b5a4a,3-8,light,CAHY3,Carex hyalinolepis Steud.,Graminoid,CAN:N|L48:N,Rhizomatous,Erect,Medium,Moderate,Porous,No,No,No,No,Late Spring,Spring and Summer,Spring,Summer,4.0,Medium,Low,High,No,Yes,Yes,5.6,7.9
pecan,pecan,Carya illinoinensis,tree,3-8,3,#e8d24a,,,,,full-sun,high,"sandy,loamy,clay",,120,,,,#6b5a4a,6-11,heavy,CAIL2,Carya illinoinensis (Wangenh.) K. Koch,Tree,L48:N,Single Stem,Erect,Fine,Dense,Porous,No,No,Yes,No,Early Spring,Spring and Summer,Summer,Fall,120.0,High,Low,High,Yes,Yes,Yes,4.5,7.5
greater-bladder-sedge,greater bladder sedge,Carex intumescens,grass,3-11,5,#5b7a4b,,,,,shade,high,"loamy,clay",,3,,,,#6b5a4a,6-11,light,CAIN12,Carex intumescens Rudge,Graminoid,CAN:N|L48:N|SPM:N,Bunch,Erect,Medium,Moderate,Porous,No,No,No,No,Late Spring,"Spring, Summer, Fall",Summer,Fall,3.0,Low,None,High,No,Yes,Yes,4.8,6.9
purple-poppymallow,purple poppymallow,Callirhoe involucrata,mound,3-8,4,#b3261e,,,,,full-sun,medium,"sandy,loamy",,1,,,,#6b5a4a,3-8,moderate,CAIN2,Callirhoe involucrata (Torr. & A. Gray) A. Gray,Forb/herb,L48:N,Stoloniferous,Decumbent,Coarse,Porous,Porous,No,Yes,No,No,Mid Spring,Spring and Summer,Spring,Summer,1.0,High,Medium,Medium,Yes,Yes,No,5.5,7.5
cypress-swamp-sedge,cypress swamp sedge,Carex joorii,grass,3-11,7,#5b7a4b,,#5b7a4b,,,shade,high,"sandy,loamy",,4.5,,,,#6b5a4a,6-11,light,CAJO2,Carex joorii L.H. Bailey,Graminoid,L48:N,Rhizomatous,Semi-Erect,Coarse,Dense,Porous,No,No,No,No,Mid Summer,"Spring, Summer, Fall",Summer,Fall,4.5,Low,None,High,Yes,Yes,No,4.7,7.3
shellbark-hickory,shellbark hickory,Carya laciniosa,tree,3-8,4,#e8d24a,,#5b7a4b,,,shade,high,"sandy,loamy",,100,,,,#6b5a4a,6-11,light,CALA21,Carya laciniosa (Michx. f.) G. Don,Tree,CAN:N|L48:N,Single Stem,Erect,Coarse,Dense,Porous,No,No,Yes,No,Mid Spring,Spring and Summer,Summer,Fall,100.0,Low,Low,High,Yes,Yes,No,5.0,6.6
bristlystalked-sedge,bristlystalked sedge,Carex leptalea,grass,3-8,5,#5b7a4b,,#5b7a4b,,,shade,high,"loamy,clay",,1.5,,,,#6b5a4a,6-8,light,CALE10,Carex leptalea Wahlenb.,Graminoid,AK:N|CAN:N|L48:N|SPM:N,Rhizomatous,Erect,Fine,Moderate,Porous,No,No,No,No,Late Spring,Spring and Summer,Summer,Summer,1.5,Low,None,High,No,Yes,Yes,4.8,6.9
hop-sedge,hop sedge,Carex lupulina,grass,3-5,3-5,#5b7a4b,,#5b7a4b,,,part-sun,medium,"loamy,clay",,4.3,,,,#e8d24a,3-11,moderate,CALU4,Carex lupulina Muhl. ex Willd.,Graminoid,CAN:N|L48:N,Bunch,Erect,Fine,Porous,Porous,No,No,No,No,Spring,Spring,Spring,Fall,4.3,Medium,Low,Medium,No,Yes,Yes,6.2,7.0
shallow-sedge,shallow sedge,Carex lurida,grass,3-5,3-5,#5b7a4b,,#5b7a4b,,,part-sun,medium,"sandy,loamy,clay",,3.2,,,,#e8d24a,6-11,moderate,CALU5,Carex lurida Wahlenb.,Graminoid,CAN:N|L48:N,Bunch,Erect,Fine,Porous,Porous,No,No,No,No,Spring,Spring,Summer,Fall,3.2,Medium,Low,Medium,Yes,Yes,Yes,4.9,6.8
cupseed,cupseed,Calycocarpum lyonii,low-climber,3-8,5,#f1f1e2,,#5b7a4b,,,shade,medium,loamy,,30,,,,#3a3a34,3-8,moderate,CALY2,Calycocarpum lyonii (Pursh) A. Gray,Vine,L48:N,Single Crown,Climbing,Medium,Porous,Porous,No,Yes,Yes,No,Late Spring,Spring and Summer,Spring,Summer,30.0,Low,Low,Medium,No,Yes,No,5.8,7.0
nutmeg-hickory,nutmeg hickory,Carya myristiciformis,tree,3-8,4,#e8d24a,,#5b7a4b,,,full-sun,medium,"loamy,clay",,95,,,,#6b5a4a,6-11,moderate,CAMY,Carya myristiciformis (Michx. f.) Nutt.,Tree,L48:N,Single Stem,Erect,Coarse,Moderate,Porous,No,No,Yes,Yes,Mid Spring,Spring and Summer,Summer,Fall,95.0,High,Low,Medium,No,Yes,Yes,4.7,6.5
shagbark-hickory,shagbark hickory,Carya ovata,tree,3-8,5,#e8d24a,,#5b7a4b,,,part-sun,medium,"sandy,loamy,clay",,75,,,,#6b5a4a,6-11,moderate,CAOV2,Carya ovata (Mill.) K. Koch,Tree,CAN:N|L48:N,Single Stem,Erect,Coarse,Moderate,Porous,No,Yes,Yes,Yes,Late Spring,Spring and Summer,Summer,Fall,75.0,Medium,Medium,Medium,Yes,Yes,Yes,4.0,7.3
vernal-water-starwort,vernal water-starwort,Callitriche palustris,mound,3-11,3-5,#5b7a4b,,#5b7a4b,,,full-sun,medium,"sandy,loamy,clay",,0.8,,,,#5b7a4b,6-11,light,CAPA52,Callitriche palustris L.,Forb/herb,AK:N|CAN:N|GL:N|L48:N|SPM:N,Single Crown,Decumbent,Fine,Porous,Porous,No,No,No,No,Spring,"Spring, Summer, Fall",Summer,Fall,0.8,High,None,Medium,Yes,Yes,Yes,5.2,6.8
pennsylvania-bittercress,Pennsylvania bittercress,Cardamine pensylvanica,mound,3-5,3,#f1f1e2,,#5b7a4b,,,shade,medium,"sandy,loamy,clay",,1.5,,,,#3a3a34,3-8,heavy,CAPE3,Cardamine pensylvanica Muhl. ex Willd.,Forb/herb,AK:N|CAN:N|L48:N|SPM:N,Single Crown,Erect,Fine,Porous,Porous,No,Yes,No,No,Early Spring,Spring,Spring,Summer,1.5,Low,None,Medium,Yes,Yes,Yes,4.8,6.8
chinquapin,chinquapin,Castanea pumila,vase,3-8,3-5,#e8d24a,,#5b7a4b,,,part-sun,low,"sandy,loamy",,20,,,,#6b5a4a,6-11,light,CAPU9,Castanea pumila (L.) Mill.,Shrub,L48:N,Multiple Stem,Erect,Coarse,Dense,Porous,No,No,Yes,No,Spring,Spring and Summer,Summer,Fall,20.0,Medium,High,Low,Yes,Yes,No,4.5,6.6
trumpet-creeper,trumpet creeper,Campsis radicans,low-climber,3-8,6-8,#b3261e,,#5b7a4b,,,full-sun,low,"sandy,loamy",,2,,,,#6b5a4a,6-11,heavy,CARA2,Campsis radicans (L.) Seem. ex Bureau,Vine,CAN:N|L48:N,Single Crown,Climbing,Coarse,Moderate,Porous,No,Yes,Yes,Yes,Summer,Spring and Summer,Summer,Fall,2.0,High,High,Low,Yes,Yes,No,4.9,6.8
atlantic-camas,Atlantic camas,Camassia scilloides,mound,3-8,4,#5b7ea3,,#5b7a4b,,,shade,medium,"loamy,clay",,2.5,,,,#6b5a4a,3-5,light,CASC5,Camassia scilloides (Raf.) Cory,Forb/herb,CAN:N|L48:N,Single Crown,Erect,Coarse,Porous,Porous,No,Yes,No,No,Mid Spring,Spring and Summer,Spring,Spring,2.5,Low,Low,Medium,No,Yes,Yes,4.2,6.5
downy-paintedcup,downy paintedcup,Castilleja sessiliflora,mound,3-8,4,#e8d24a,,,,,full-sun,low,"sandy,loamy",,1.3,,,,#6b5a4a,3-8,moderate,CASE5,Castilleja sessiliflora Pursh,Forb/herb,CAN:N|L48:N,Single Crown,Semi-Erect,Coarse,Porous,Porous,No,Yes,No,No,Mid Spring,Spring and Summer,Spring,Summer,1.3,High,High,Low,Yes,Yes,No,6.0,7.4
northern-catalpa,northern catalpa,Catalpa speciosa,tree,3-5,6,#f1f1e2,,,,,full-sun,low,"sandy,loamy",,60,,,,#6b5a4a,9-11,moderate,CASP8,Catalpa speciosa (Warder) Warder ex Engelm.,Tree,CAN:I|L48:N,Single Stem,Erect,Medium,Dense,Porous,No,Yes,Yes,Yes,Early Summer,Spring,Fall,Fall,60.0,High,Medium,Low,Yes,Yes,No,5.5,7.0
upright-sedge,upright sedge,Carex stricta,grass,3-5,3-5,#5b7a4b,,#5b7a4b,,,shade,medium,"sandy,loamy,clay",,4.2,,,,#e8d24a,6-11,moderate,CAST8,Carex stricta Lam.,Graminoid,CAN:N|L48:N,Bunch,Erect,Fine,Porous,Porous,No,No,No,No,Spring,Spring,Summer,Fall,4.2,Low,Low,Medium,Yes,Yes,Yes,3.5,7.0
mockernut-hickory,mockernut hickory,Carya tomentosa,tree,3-8,4,#e8d24a,,#5b7a4b,,,part-sun,medium,"sandy,loamy,clay",,85,,,,#6b5a4a,6-11,moderate,CATO6,Carya tomentosa (Lam.) Nutt.,Tree,L48:N,Single Stem,Erect,Coarse,Dense,Porous,No,No,Yes,Yes,Mid Spring,Spring and Summer,Summer,Fall,85.0,Medium,Medium,Medium,Yes,Yes,Yes,4.7,6.9
blunt-broom-sedge,blunt broom sedge,Carex tribuloides,grass,3-8,5,#5b7a4b,,#5b7a4b,,,shade,medium,"loamy,clay",,3,,,,#6b5a4a,6-8,light,CATR7,Carex tribuloides Wahlenb.,Graminoid,CAN:N|L48:N,Bunch,Erect,Coarse,Moderate,Porous,No,No,No,No,Late Spring,Spring and Summer,Summer,Summer,3.0,Low,Low,Medium,No,Yes,Yes,4.8,7.0
cattail-sedge,cattail sedge,Carex typhina,grass,3-8,4,#5b7a4b,,#5b7a4b,,,shade,high,"loamy,clay",,2,,,,#6b5a4a,3-8,light,CATY,Carex typhina Michx.,Graminoid,CAN:N|L48:N,Bunch,Erect,Medium,Moderate,Porous,No,No,No,No,Mid Spring,Spring and Summer,Spring,Summer,2.0,Low,None,High,No,Yes,Yes,5.7,7.0
fox-sedge,fox sedge,Carex vulpinoidea,grass,3-5,3-5,#5b7a4b,,#5b7a4b,,,part-sun,medium,"loamy,clay",,3.2,,,,#e8d24a,6-11,moderate,CAVU2,Carex vulpinoidea Michx.,Graminoid,CAN:N|L48:N|SPM:N,Bunch,Erect,Fine,Porous,Porous,No,No,No,No,Spring,Spring,Summer,Fall,3.2,Medium,Low,Medium,No,Yes,Yes,6.8,8.9
new-jersey-tea,New Jersey tea,Ceanothus americanus,vase,3-8,5,#5b7ea3,,#5b7a4b,,,shade,low,"sandy,loamy",,3,,,,#6b5a4a,6-11,light,CEAM,Ceanothus americanus L.,Shrub,CAN:N|L48:N,Multiple Stem,Semi-Erect,Medium,Dense,Moderate,No,No,No,No,Late Spring,Spring and Summer,Summer,Fall,3.0,Low,High,Low,Yes,Yes,No,4.3,6.5
eastern-redbud,eastern redbud,Cercis canadensis,vase,3-8,3-5,#8f6fb3,,#5b7a4b,,,shade,low,"loamy,clay",,30,,,,#6b5a4a,3-8,moderate,CECA4,Cercis canadensis L.,Shrub,CAN:N|L48:N,Multiple Stem,Erect,Coarse,Moderate,Porous,No,Yes,Yes,No,Spring,Spring and Summer,Spring,Summer,30.0,Low,High,Low,No,Yes,Yes,5.0,7.9
texas-redbud,Texas redbud,Cercis canadensis var. texensis,vase,3-5,3,#b3261e,,,,,shade,low,"loamy,clay",,12,,,,#6b5a4a,6-11,heavy,CECAT,Cercis canadensis L. var. texensis (S. Watson) M. Hopkins,Shrub,L48:N,Multiple Stem,Rounded,Fine,Moderate,Porous,No,Yes,Yes,No,Early Spring,Spring,Summer,Fall,12.0,Low,High,Low,No,Yes,Yes,6.0,8.0
coon-s-tail,coon's tail,Ceratophyllum demersum,mound,6-8,6-8,#5b7ea3,,,,,part-sun,high,"sandy,loamy,clay",,,,,,#f1f1e2,6-11,light,CEDE4,Ceratophyllum demersum L.,Forb/herb,AK:N|CAN:N|HI:I|L48:N|PR:N|VI:N,Multiple Stem,Prostrate,Fine,Porous,Porous,No,No,No,No,Summer,Summer,Summer,Fall,,Medium,None,High,Yes,Yes,Yes,6.0,8.6
spiny-hackberry,spiny hackberry,Celtis ehrenbergiana,vase,6-11,3-5,#b3261e,,#5b7a4b,,,full-sun,low,"sandy,loamy",,10,,,,#6b5a4a,6-11,moderate,CEEH,Celtis ehrenbergiana (Klotzsch) Liebm.,Shrub,L48:N,Thicket Forming,Rounded,Medium,Moderate,Porous,No,No,Yes,No,Spring,Summer and Fall,Summer,Fall,10.0,High,High,Low,Yes,Yes,No,7.0,8.5
desert-ceanothus,desert ceanothus,Ceanothus greggii,vase,3-8,3,#5b7ea3,,,,,full-sun,low,"sandy,loamy,clay",,7,,,,#6b5a4a,3-5,moderate,CEGR,Ceanothus greggii A. Gray,Shrub,L48:N,Multiple Stem,Erect,Coarse,Moderate,Porous,Yes,Yes,Yes,No,Early Spring,Spring and Summer,Spring,Spring,7.0,High,High,Low,Yes,Yes,Yes,6.2,8.5
sugarberry,sugarberry,Celtis laevigata,vase,3-8,3,#5b7a4b,,#5b7a4b,,,shade,high,"loamy,clay",,80,,,,#d98a3d,6-11,heavy,CELA,Celtis laevigata Willd.,Shrub,L48:N,Single Stem,Erect,Medium,Moderate,Porous,No,No,No,Yes,Early Spring,Spring and Summer,Summer,Fall,80.0,Low,Low,High,No,Yes,Yes,4.4,7.7
netleaf-hackberry,netleaf hackberry,Celtis laevigata var. reticulata,vase,3-8,4,#5b7a4b,,#5b7a4b,,,full-sun,low,"sandy,loamy",,20,,,,#f1f1e2,3-11,heavy,CELAR,Celtis laevigata Willd. var. reticulata (Torr.) L.D. Benson,Shrub,L48:N,Multiple Stem,Erect,Medium,Porous,Porous,No,No,No,No,Mid Spring,Spring and Summer,Spring,Fall,20.0,High,High,Low,Yes,Yes,No,5.9,8.3
alderleaf-mountain-mahogany,alderleaf mountain mahogany,Cercocarpus montanus,vase,3-8,5,#f1f1e2,,#5b7a4b,,,part-sun,low,"sandy,loamy",,15,,,,#6b5a4a,6-11,moderate,CEMO2,Cercocarpus montanus Raf.,Shrub,L48:N,Multiple Stem,Erect,Coarse,Dense,Porous,No,No,No,No,Late Spring,Spring and Summer,Summer,Fall,15.0,Medium,High,Low,Yes,Yes,No,6.0,8.0
common-hackberry,common hackberry,Celtis occidentalis,vase,3-8,4,#5b7a4b,,#5b7a4b,,,shade,low,"sandy,loamy,clay",,60,,,,#8f6fb3,6-11,heavy,CEOC,Celtis occidentalis L.,Shrub,CAN:N|L48:N,Single Stem,Erect,Coarse,Dense,Porous,No,No,No,Yes,Mid Spring,Spring and Summer,Summer,Fall,60.0,Low,High,Low,Yes,Yes,Yes,6.0,8.0
common-buttonbush,common buttonbush,Cephalanthus occidentalis,vase,3-5,6-8,#f1f1e2,,#5b7a4b,,,shade,high,"sandy,loamy,clay",,15,,,,#f1f1e2,9-11,moderate,CEOC2,Cephalanthus occidentalis L.,Shrub,CAN:N|L48:N,Multiple Stem,Erect,Coarse,Moderate,Porous,No,Yes,Yes,No,Summer,Spring,Fall,Fall,15.0,Low,Medium,High,Yes,Yes,Yes,4.7,8.6
american-bittersweet,American bittersweet,Celastrus scandens,low-climber,3-8,3-5,#f1f1e2,,#5b7a4b,,,shade,high,"sandy,loamy,clay",,15,,,,#d98a3d,6-11,heavy,CESC,Celastrus scandens L.,Vine,CAN:N|L48:N,Thicket Forming,Columnar,Coarse,,,No,No,Yes,Yes,Spring,Spring and Summer,Summer,Fall,15.0,Low,Medium,High,Yes,Yes,Yes,5.0,7.5
mexican-orange,Mexican orange,Choisya dumosa,vase,3-11,5,#f1f1e2,,,,,full-sun,low,"sandy,loamy",,3,,,,#6b5a4a,6-11,,CHDU,Choisya dumosa (Torr.) A. Gray,Shrub,L48:N,Multiple Stem,Semi-Erect,Coarse,Dense,Dense,Yes,Yes,No,Yes,Late Spring,"Spring, Summer, Fall",Summer,Fall,3.0,High,High,Low,Yes,Yes,No,6.4,9.5
partridge-pea,partridge pea,Chamaecrista fasciculata,mound,3-5,6,#e8d24a,,#5b7a4b,,,shade,medium,"sandy,loamy",,2.4,,,,#6b5a4a,6-8,heavy,CHFA2,Chamaecrista fasciculata (Michx.) Greene,Forb/herb,L48:N,Bunch,Erect,Medium,Moderate,Porous,No,Yes,No,No,Early Summer,Spring,Summer,Summer,2.4,Low,Medium,Medium,Yes,Yes,No,6.5,7.5
rhodes-grass,Rhodes grass,Chloris gayana,grass,3-8,8,#f1f1e2,,#5b7a4b,,,full-sun,low,"loamy,clay",,3,,,,#6b5a4a,9-11,heavy,CHGA2,Chloris gayana Kunth,Graminoid,HI:I|L48:I|VI:I,Multiple Stem,Erect,Fine,Moderate,Porous,No,No,No,Yes,Late Summer,Spring and Summer,Fall,Fall,3.0,High,Medium,Low,No,Yes,Yes,5.0,7.0
indian-woodoats,Indian woodoats,Chasmanthium latifolium,grass,3-5,6-8,#5b7a4b,,#5b7a4b,,,shade,medium,"sandy,loamy,clay",,4.6,,,,#3a3a34,6-11,heavy,CHLA5,Chasmanthium latifolium (Michx.) Yates,Graminoid,L48:N,Rhizomatous,Erect,Fine,Porous,Porous,No,No,Yes,No,Summer,Spring,Summer,Fall,4.6,Low,Medium,Medium,Yes,Yes,Yes,5.0,7.0
slender-woodoats,slender woodoats,Chasmanthium laxum,grass,3-5,6-8,#5b7a4b,,#5b7a4b,,,shade,medium,"sandy,loamy,clay",,3.3,,,,#3a3a34,6-11,moderate,CHLA6,Chasmanthium laxum (L.) Yates,Graminoid,L48:N,Rhizomatous,Erect,Fine,Porous,Porous,No,No,No,No,Summer,Spring,Summer,Fall,3.3,Low,Medium,Medium,Yes,Yes,Yes,4.5,7.0
desert-willow,desert willow,Chilopsis linearis,vase,3-11,4,#8f6fb3,,,,,part-sun,low,"sandy,loamy",,25,,,,#6b5a4a,6-11,moderate,CHLI2,Chilopsis linearis (Cav.) Sweet,Shrub,L48:N,Multiple Stem,Erect,Medium,Moderate,Porous,No,Yes,Yes,No,Mid Spring,"Spring, Summer, Fall",Summer,Fall,25.0,Medium,High,Low,Yes,Yes,No,7.0,8.5
longleaf-woodoats,longleaf woodoats,Chasmanthium sessiliflorum,grass,3-8,8,#e8d24a,,#5b7a4b,,,full-sun,medium,"loamy,clay",,5,,,,#b3261e,6-11,moderate,CHSE2,Chasmanthium sessiliflorum (Poir.) Yates,Graminoid,L48:N,Rhizomatous,Erect,Medium,Porous,Porous,No,No,No,No,Late Summer,Spring and Summer,Summer,Fall,5.0,High,High,Medium,No,Yes,Yes,5.5,7.2
white-fringetree,white fringetree,Chionanthus virginicus,vase,3-8,4,#f1f1e2,,#5b7a4b,,,shade,high,"sandy,loamy",,25,,,,#5b7ea3,6-8,heavy,CHVI3,Chionanthus virginicus L.,Shrub,L48:N,Multiple Stem,Erect,Medium,Dense,Porous,No,Yes,Yes,No,Mid Spring,Spring and Summer,Summer,Summer,25.0,Low,Medium,High,Yes,Yes,No,4.5,6.5
sweet-woodreed,sweet woodreed,Cinna arundinacea,grass,3-5,6-8,#5b7a4b,,#5b7a4b,,,shade,low,"sandy,loamy,clay",,4.9,,,,#e8d24a,6-11,moderate,CIAR2,Cinna arundinacea L.,Graminoid,CAN:N|L48:N,Bunch,Erect,Medium,Moderate,Porous,No,No,No,No,Summer,Spring,Summer,Fall,4.9,Low,Low,Low,Yes,Yes,Yes,4.0,8.5
chicory,chicory,Cichorium intybus,mound,6-8,7,#5b7ea3,,#5b7a4b,,,full-sun,high,"sandy,loamy,clay",,2,,,,#6b5a4a,6-11,moderate,CIIN,Cichorium intybus L.,Forb/herb,CAN:I|L48:I|SPM:I,Bunch,Erect,Coarse,Porous,Porous,No,Yes,No,No,Mid Summer,Summer,Summer,Fall,2.0,High,Medium,High,Yes,Yes,Yes,6.0,7.5
coastal-sweetpepperbush,coastal sweetpepperbush,Clethra alnifolia,vase,3-8,6-8,#f1f1e2,,#5b7a4b,,,part-sun,high,"sandy,loamy",,16,,,,#6b5a4a,6-11,light,CLAL3,Clethra alnifolia L.,Shrub,CAN:N|L48:N,Multiple Stem,Erect,Coarse,Moderate,Porous,No,No,Yes,No,Summer,Spring and Summer,Summer,Fall,16.0,Medium,Low,High,Yes,Yes,No,4.5,7.0
jamaica-swamp-sawgrass,Jamaica swamp sawgrass,Cladium mariscus ssp. jamaicense,grass,6-8,6-8,#5b7a4b,,,,,full-sun,medium,"sandy,loamy,clay",,8.2,,,,#6b5a4a,6-11,moderate,CLMAJ,Cladium mariscus (L.) Pohl ssp. jamaicense (Crantz) Kük.,Graminoid,HI:N|L48:N|PR:N,Bunch,Erect,Medium,Dense,Porous,No,No,No,No,Summer,Summer,Summer,Fall,8.2,High,Low,Medium,Yes,Yes,Yes,4.5,8.6
rocky-mountain-beeplant,Rocky Mountain beeplant,Cleome serrulata,mound,3-8,5,#b3261e,,#5b7a4b,,,part-sun,medium,"sandy,loamy",,3,,,,#3a3a34,6-8,heavy,CLSE,Cleome serrulata Pursh,Forb/herb,CAN:N|L48:N,Single Crown,Erect,Medium,Porous,Porous,No,Yes,No,No,Late Spring,Spring and Summer,Summer,Summer,3.0,Medium,Low,Medium,Yes,Yes,No,6.0,7.6
devil-s-darning-needles,devil's darning needles,Clematis virginiana,low-climber,3-8,7,#f1f1e2,,#5b7a4b,,,part-sun,medium,"loamy,clay",,15,,,,#3a3a34,6-11,light,CLVI5,Clematis virginiana L.,Vine,CAN:N|L48:N,Single Crown,Climbing,Coarse,Porous,Porous,No,Yes,No,No,Mid Summer,Spring and Summer,Summer,Fall,15.0,Medium,Medium,Medium,No,Yes,Yes,5.0,6.8
canadian-horseweed,Canadian horseweed,Conyza canadensis,mound,3-11,,#f1f1e2,,#5b7a4b,,,full-sun,medium,"sandy,loamy,clay",,5,,,,#6b5a4a,,heavy,COCA5,Conyza canadensis (L.) Cronquist,Forb/herb,AK:I|CAN:N|HI:I|L48:N|NAV:N|PB:I|PR:N|SPM:N|VI:N,Single Crown,Erect,Coarse,Porous,Porous,No,Yes,No,No,Indeterminate,"Spring, Summer, Fall",,,5.0,High,Low,Medium,Yes,Yes,Yes,4.8,7.2
blue-mistflower,blue mistflower,Conoclinium coelestinum,mound,6-8,6-8,#5b7ea3,,#5b7a4b,,,shade,medium,"loamy,clay",,3.2,,,,,6-11,moderate,COCO13,Conoclinium coelestinum (L.) DC.,Forb/herb,CAN:I|L48:N,Single Crown,Erect,Medium,Moderate,Moderate,No,No,No,Yes,Summer,Summer,Summer,Fall,3.2,Low,Medium,Medium,No,Yes,Yes,5.5,7.5
cylinder-jointtail-grass,cylinder jointtail grass,Coelorachis cylindrica,grass,3-5,6-8,#5b7a4b,,#5b7a4b,,,part-sun,low,"sandy,loamy,clay",,3.2,,,,#6b5a4a,6-11,light,COCY,Coelorachis cylindrica (Michx.) Nash,Graminoid,L48:N,Rhizomatous,Erect,Fine,Porous,Porous,No,No,No,No,Summer,Spring,Summer,Fall,3.2,Medium,High,Low,Yes,Yes,Yes,4.0,7.0
climbing-dayflower,climbing dayflower,Commelina diffusa,mound,6-8,6-8,#5b7ea3,,,,,shade,medium,"loamy,clay",,1,,,,#6b5a4a,6-11,moderate,CODI5,Commelina diffusa Burm. f.,Forb/herb,HI:I|L48:N|PB:I|PR:N|VI:N,Stoloniferous,Decumbent,Coarse,Porous,Porous,No,Yes,No,No,Summer,Summer,Summer,Fall,1.0,Low,Low,Medium,No,Yes,Yes,5.2,7.2
roughleaf-dogwood,roughleaf dogwood,Cornus drummondii,vase,3-8,4,#f1f1e2,,#5b7a4b,,,part-sun,low,"loamy,clay",,20,,,,#f1f1e2,6-11,moderate,CODR,Cornus drummondii C.A. Mey.,Shrub,CAN:N|L48:N,Multiple Stem,Erect,Medium,Dense,Porous,No,Yes,Yes,Yes,Mid Spring,Spring and Summer,Summer,Fall,20.0,Medium,Low,Low,No,Yes,Yes,4.5,7.5
flowering-dogwood,flowering dogwood,Cornus florida,vase,3-8,3,#f1f1e2,,#5b7a4b,,,shade,low,"sandy,loamy",,30,,,,#b3261e,3-11,moderate,COFL2,Cornus florida L.,Shrub,CAN:N|L48:N,Multiple Stem,Erect,Medium,Porous,Porous,No,Yes,Yes,Yes,Early Spring,Spring and Summer,Spring,Fall,30.0,Low,Low,Low,Yes,Yes,No,4.8,7.7
stiff-dogwood,stiff dogwood,Cornus foemina,vase,3-8,4,#f1f1e2,,#5b7a4b,,,part-sun,medium,"loamy,clay",,16,,,,#3a3a34,6-11,moderate,COFO,Cornus foemina Mill.,Shrub,L48:N,Thicket Forming,Erect,Fine,Moderate,Porous,No,Yes,Yes,Yes,Mid Spring,Spring and Summer,Summer,Fall,16.0,Medium,Low,Medium,No,Yes,Yes,5.8,7.2
lanceleaf-tickseed,lanceleaf tickseed,Coreopsis lanceolata,mound,3-8,8,#e8d24a,,#5b7a4b,,,full-sun,medium,"loamy,clay",,2,,,,#3a3a34,9-11,heavy,COLA5,Coreopsis lanceolata L.,Forb/herb,CAN:N|HI:I|L48:N|PB:I,Single Crown,Erect,Medium,Dense,Porous,No,Yes,Yes,Yes,Late Summer,Spring and Summer,Fall,Fall,2.0,High,Low,Medium,No,Yes,Yes,6.0,7.0
gray-dogwood,gray dogwood,Cornus racemosa,vase,3-8,5,#f1f1e2,,#5b7a4b,,,shade,medium,"loamy,clay",,10,,,,#6b5a4a,3-11,moderate,CORA6,Cornus racemosa Lam.,Shrub,CAN:N|L48:N,Rhizomatous,Erect,Coarse,Dense,Moderate,No,Yes,Yes,No,Late Spring,Spring and Summer,Spring,Fall,10.0,Low,Medium,Medium,No,Yes,Yes,4.8,7.4
wrinkled-jointtail-grass,wrinkled jointtail grass,Coelorachis rugosa,grass,3-8,8,#f1f1e2,,#5b7a4b,,,part-sun,medium,"loamy,clay",,2,,,,#6b5a4a,9-11,light,CORU3,Coelorachis rugosa (Nutt.) Nash,Graminoid,L48:N,Bunch,Erect,Fine,Moderate,Porous,No,No,No,No,Late Summer,Spring and Summer,Fall,Fall,2.0,Medium,Low,Medium,No,Yes,Yes,5.0,7.0
uruguayan-pampas-grass,Uruguayan pampas grass,Cortaderia selloana,grass,6-8,7,#e8d24a,,,,,full-sun,medium,"sandy,loamy,clay",,9,,,,#f1f1e2,6-11,light,COSE4,Cortaderia selloana (Schult. & Schult. f.) Asch. & Graebn.,Graminoid,L48:I,Bunch,Erect,Coarse,Dense,Moderate,No,No,Yes,Yes,Mid Summer,Summer,Summer,Fall,9.0,High,Low,Medium,Yes,Yes,Yes,4.9,7.4
golden-tickseed,golden tickseed,Coreopsis tinctoria,mound,3-8,5,#e8d24a,,#5b7a4b,,,part-sun,high,"loamy,clay",,3,,,,#6b5a4a,6-8,heavy,COTI3,Coreopsis tinctoria Nutt.,Forb/herb,CAN:N|HI:W|L48:N,Single Crown,Erect,Medium,Porous,Porous,No,Yes,No,No,Late Spring,Spring and Summer,Summer,Summer,3.0,Medium,Low,High,No,Yes,Yes,5.2,7.8
virginia-dayflower,Virginia dayflower,Commelina virginica,mound,6-11,7,#5b7ea3,,#5b7a4b,,,shade,medium,"loamy,clay",,3.5,,,,#b3261e,6-11,moderate,COVI3,Commelina virginica L.,Forb/herb,L48:N|PR:N,Rhizomatous,Erect,Medium,Moderate,Porous,No,Yes,No,No,Mid Summer,Summer and Fall,Summer,Fall,3.5,Low,Low,Medium,No,Yes,Yes,4.7,6.7
cockspur-hawthorn,cockspur hawthorn,Crataegus crus-galli,vase,3-8,5,#f1f1e2,,#5b7a4b,,,full-sun,low,"sandy,loamy,clay",,30,,,,#b3261e,6-11,heavy,CRCR2,Crataegus crus-galli L.,Shrub,CAN:N|L48:N,Single Stem,Erect,Medium,Dense,Moderate,No,Yes,Yes,Yes,Late Spring,Spring and Summer,Summer,Fall,30.0,High,High,Low,Yes,Yes,Yes,4.5,7.2
parsley-hawthorn,parsley hawthorn,Crataegus marshallii,vase,3-8,4,#f1f1e2,,#5b7a4b,,,shade,medium,"loamy,clay",,25,,,,#b3261e,6-11,moderate,CRMA5,Crataegus marshallii Eggl.,Shrub,L48:N,Single Stem,Erect,Medium,Moderate,Porous,No,Yes,Yes,Yes,Mid Spring,Spring and Summer,Summer,Fall,25.0,Low,Low,Medium,No,Yes,Yes,5.8,7.2
fiddleleaf-hawksbeard,fiddleleaf hawksbeard,Crepis runcinata,mound,6-8,5,#e8d24a,,#5b7a4b,,,full-sun,medium,"loamy,clay",,1,,,,#6b5a4a,6-8,heavy,CRRU3,Crepis runcinata (James) Torr. & A. Gray,Forb/herb,CAN:N|L48:N,Stoloniferous,Decumbent,Coarse,Porous,Porous,No,Yes,No,No,Late Spring,Summer,Summer,Summer,1.0,High,Low,Medium,No,Yes,Yes,6.5,9.5
showy-rattlebox,showy rattlebox,Crotalaria spectabilis,mound,3-11,7,#e8d24a,,#5b7a4b,,,full-sun,medium,"sandy,loamy,clay",,5,,,,#3a3a34,6-11,heavy,CRSP2,Crotalaria spectabilis Roth,Forb/herb,HI:I|L48:I|PB:I|PR:I,Single Crown,Erect,Medium,Dense,Porous,No,Yes,Yes,Yes,Mid Summer,"Spring, Summer, Fall",Summer,Fall,5.0,High,Medium,Medium,Yes,Yes,Yes,4.9,8.0
spreading-alkaliweed,spreading alkaliweed,Cressa truxillensis,mound,6-8,5,#f1f1e2,,,,,full-sun,medium,"loamy,clay",,0.8,,,,#6b5a4a,6-8,moderate,CRTR5,Cressa truxillensis Kunth,Forb/herb,HI:I|L48:N,Single Crown,Decumbent,Coarse,Porous,Porous,No,Yes,No,No,Late Spring,Summer,Summer,Summer,0.8,High,Low,Medium,No,Yes,Yes,6.8,9.2
green-hawthorn,green hawthorn,Crataegus viridis,vase,3-8,3,#f1f1e2,,,,,full-sun,high,"loamy,clay",,30,,,,#b3261e,3-11,moderate,CRVI2,Crataegus viridis L.,Shrub,L48:N,Multiple Stem,Erect,Fine,Dense,Moderate,No,Yes,Yes,Yes,Early Spring,Spring and Summer,Spring,Fall,30.0,High,Low,High,No,Yes,Yes,4.3,7.3
missouri-gourd,Missouri gourd,Cucurbita foetidissima,mound,3-8,6-8,#e8d24a,,#5b7a4b,,,full-sun,low,"sandy,loamy,clay",,1,,,,#e8d24a,6-11,heavy,CUFO,Cucurbita foetidissima Kunth,Forb/herb,L48:N,Single Crown,Prostrate,Coarse,Porous,Porous,No,Yes,Yes,No,Summer,Spring and Summer,Summer,Fall,1.0,High,High,Low,Yes,Yes,Yes,7.0,8.8
tapertip-flatsedge,tapertip flatsedge,Cyperus acuminatus,grass,3-8,5,#5b7a4b,,#5b7a4b,,,part-sun,high,"loamy,clay",,1.3,,,,#5b7a4b,6-11,moderate,CYAC2,Cyperus acuminatus Torr. & Hook. ex Torr.,Graminoid,CAN:N|L48:N,Bunch,Erect,Fine,Porous,Porous,No,No,No,No,Late Spring,Spring and Summer,Summer,Fall,1.3,Medium,None,High,No,Yes,Yes,4.9,6.8
slender-flatsedge,slender flatsedge,Cyperus bipartitus,grass,3-11,7,#5b7a4b,,#5b7a4b,,,full-sun,medium,"sandy,loamy,clay",,5,,,,#6b5a4a,6-11,moderate,CYBI6,Cyperus bipartitus Torr.,Graminoid,CAN:N|L48:N,Bunch,Semi-Erect,Fine,Dense,Porous,No,No,No,No,Mid Summer,"Spring, Summer, Fall",Summer,Fall,5.0,High,Low,Medium,Yes,Yes,Yes,4.5,6.5
poorland-flatsedge,poorland flatsedge,Cyperus compressus,grass,6-11,8,#5b7a4b,,#5b7a4b,,,full-sun,medium,"sandy,loamy",,1,,,,#6b5a4a,9-11,moderate,CYCO,Cyperus compressus L.,Graminoid,HI:I|L48:N|PB:I|PR:N|VI:N,Bunch,Semi-Erect,Fine,Moderate,Porous,No,No,No,No,Late Summer,Summer and Fall,Fall,Fall,1.0,High,Low,Medium,Yes,Yes,No,5.0,6.5
bermudagrass,Bermudagrass,Cynodon dactylon,grass,6-11,4,#e8d24a,,#5b7a4b,,,full-sun,medium,"sandy,loamy,clay",,1.5,,,,#6b5a4a,6-8,light,CYDA,Cynodon dactylon (L.) Pers.,Graminoid,CAN:W|HI:I|L48:I|PB:I|PR:I|SPM:W|VI:I,Stoloniferous,Prostrate,Medium,Porous,Porous,No,No,No,No,Mid Spring,Summer and Fall,Summer,Summer,1.5,High,Medium,Medium,Yes,Yes,Yes,6.0,8.0
redroot-flatsedge,redroot flatsedge,Cyperus erythrorhizos,grass,6-11,7,#5b7a4b,,,,,full-sun,medium,"sandy,loamy",,2.5,,,,#f1f1e2,6-11,heavy,CYER2,Cyperus erythrorhizos Muhl.,Graminoid,CAN:N|L48:N,Bunch,Erect,Coarse,Moderate,Porous,No,No,No,No,Mid Summer,Summer and Fall,Summer,Fall,2.5,High,Medium,Medium,Yes,Yes,No,5.0,6.5
yellow-nutsedge,yellow nutsedge,Cyperus esculentus,grass,6-11,7,#5b7a4b,,#5b7a4b,,,full-sun,low,"sandy,loamy,clay",,0.7,,,,#e8d24a,6-11,moderate,CYES,Cyperus esculentus L.,Graminoid,CAN:I|HI:I|L48:I|L48:N|PR:I|VI:I,Rhizomatous,Semi-Erect,Medium,Moderate,Porous,No,No,No,No,Mid Summer,Summer and Fall,Summer,Fall,0.7,High,Medium,Low,Yes,Yes,Yes,5.0,7.0
yellow-flatsedge,yellow flatsedge,Cyperus flavescens,grass,6-11,8,#b3261e,,#5b7a4b,,,full-sun,medium,"sandy,loamy",,2,,,,#3a3a34,6-11,moderate,CYFL,Cyperus flavescens L.,Graminoid,CAN:N|L48:N|PR:N,Bunch,Erect,Fine,Porous,Porous,No,No,No,No,Late Summer,Summer and Fall,Summer,Fall,2.0,High,Low,Medium,Yes,Yes,No,5.0,7.0
haspan-flatsedge,haspan flatsedge,Cyperus haspan,grass,3-5,5,#6b5a4a,,#5b7a4b,,,full-sun,medium,"sandy,loamy,clay",,3.2,,,,#f1f1e2,6-11,moderate,CYHA,Cyperus haspan L.,Graminoid,HI:I|L48:N|PB:N|PR:N,Bunch,Erect,Medium,Moderate,Porous,No,No,Yes,No,Late Spring,Spring,Summer,Fall,3.2,High,Low,Medium,Yes,Yes,Yes,4.5,7.5
fragrant-flatsedge,fragrant flatsedge,Cyperus odoratus,grass,6-11,8,#6b5a4a,,#5b7a4b,,,full-sun,medium,"sandy,loamy",,2,,,,#3a3a34,6-11,moderate,CYOD,Cyperus odoratus L.,Graminoid,CAN:N|HI:N|L48:N|PB:N|PR:N|VI:N,Bunch,Erect,Fine,Moderate,Porous,No,No,No,No,Late Summer,Summer and Fall,Summer,Fall,2.0,High,Low,Medium,Yes,Yes,No,5.0,8.3
manyspike-flatsedge,manyspike flatsedge,Cyperus polystachyos,grass,"3,4,5,9,10,11",7,#5b7a4b,,#5b7a4b,,,full-sun,medium,"sandy,loamy,clay",,1.6,,,,#6b5a4a,6-11,moderate,CYPO,Cyperus polystachyos Rottb.,Graminoid,HI:N|L48:N|PB:I|PB:N|PR:N|VI:N,Bunch,Semi-Erect,Fine,Moderate,Porous,No,No,No,No,Mid Summer,Spring and Fall,Summer,Fall,1.6,High,Low,Medium,Yes,Yes,Yes,4.5,6.5
marsh-flatsedge,marsh flatsedge,Cyperus pseudovegetus,grass,3-11,5,#5b7a4b,,#5b7a4b,,,full-sun,high,"sandy,loamy,clay",,2.5,,,,#3a3a34,6-11,moderate,CYPS,Cyperus pseudovegetus Steud.,Graminoid,L48:N,Bunch,Erect,Fine,Moderate,Porous,No,No,No,No,Late Spring,"Spring, Summer, Fall",Summer,Fall,2.5,High,None,High,Yes,Yes,Yes,4.6,6.8
swamp-titi,swamp titi,Cyrilla racemiflora,vase,3-8,7,#e8d24a,,,,,shade,low,"sandy,loamy,clay",,30,,,,#6b5a4a,6-11,light,CYRA,Cyrilla racemiflora L.,Shrub,L48:N|PR:N,Thicket Forming,Erect,Coarse,Moderate,Porous,Yes,Yes,No,Yes,Mid Summer,Spring and Summer,Summer,Fall,30.0,Low,Low,,Yes,Yes,Yes,4.9,6.8
strawcolored-flatsedge,strawcolored flatsedge,Cyperus strigosus,grass,3-5,6-8,#6b5a4a,,#5b7a4b,,,full-sun,medium,"loamy,clay",,3.2,,,,#b3261e,6-11,moderate,CYST,Cyperus strigosus L.,Graminoid,CAN:N|L48:N,Bunch,Erect,Fine,Moderate,Porous,No,No,Yes,No,Summer,Spring,Summer,Fall,3.2,High,Low,Medium,No,Yes,Yes,6.4,7.0
white-prairie-clover,white prairie clover,Dalea candida var. candida,mound,3-8,7,#f1f1e2,,#5b7a4b,,,part-sun,medium,"sandy,loamy,clay",,2,,,,#6b5a4a,6-11,light,DACAC,Dalea candida Michx. ex Willd. var. candida,Forb/herb,CAN:N|L48:N,Multiple Stem,Decumbent,Coarse,Porous,Porous,No,No,No,No,Mid Summer,Spring and Summer,Summer,Fall,2.0,Medium,Medium,Medium,Yes,Yes,Yes,6.0,8.0
featherplume,featherplume,Dalea formosa,vase,3-11,,#8f6fb3,,,,,full-sun,low,"sandy,loamy",,3,,,,#6b5a4a,3-11,moderate,DAFO,Dalea formosa Torr.,Shrub,L48:N,Multiple Stem,Semi-Erect,Fine,Dense,Moderate,No,Yes,No,Yes,Indeterminate,"Spring, Summer, Fall",Spring,Fall,3.0,High,High,Low,Yes,Yes,No,5.5,7.5
orchardgrass,orchardgrass,Dactylis glomerata,grass,"3,4,5,9,10,11",4,#e8d24a,,#5b7a4b,,,part-sun,medium,"sandy,loamy,clay",,4,,,,#6b5a4a,6-8,moderate,DAGL,Dactylis glomerata L.,Graminoid,AK:I|CAN:I|GL:I|HI:I|L48:I|PR:I|SPM:I,Bunch,Semi-Erect,Medium,Moderate,Porous,No,No,No,No,Mid Spring,Spring and Fall,Summer,Summer,4.0,Medium,Medium,Medium,Yes,Yes,Yes,5.8,8.4
purple-prairie-clover,purple prairie clover,Dalea purpurea var. purpurea,mound,3-8,6-8,#8f6fb3,,#5b7a4b,,,full-sun,medium,"sandy,loamy,clay",,3,,,,#6b5a4a,3-8,moderate,DAPUP,Dalea purpurea Vent. var. purpurea,Forb/herb,CAN:N|L48:N,Multiple Stem,Erect,Coarse,Porous,Porous,No,Yes,No,No,Summer,Spring and Summer,Spring,Summer,3.0,High,Medium,Medium,Yes,Yes,Yes,6.0,8.0
common-sotol,common sotol,Dasylirion wheeleri,vase,3-8,4,#f1f1e2,,,,,full-sun,low,"sandy,loamy",,15,,,,#6b5a4a,6-8,light,DAWH2,Dasylirion wheeleri S. Watson,Shrub,L48:N,Single Crown,Semi-Erect,Coarse,Porous,Porous,Yes,Yes,No,Yes,Mid Spring,Spring and Summer,Summer,Summer,15.0,High,High,Low,Yes,Yes,No,6.6,9.0
illinois-bundleflower,Illinois bundleflower,Desmanthus illinoensis,mound,3-8,6,#f1f1e2,,#5b7a4b,,,full-sun,medium,"sandy,loamy,clay",,3,,,,#6b5a4a,6-8,moderate,DEIL,Desmanthus illinoensis (Michx.) MacMill. ex B.L. Rob. & Fernald,Forb/herb,L48:N,Multiple Stem,Erect,Fine,Porous,Porous,No,Yes,No,No,Early Summer,Spring and Summer,Summer,Summer,3.0,High,Medium,Medium,Yes,Yes,Yes,5.0,8.0
zarzabacoa-comun,zarzabacoa comun,Desmodium incanum,mound,3-5,,#8f6fb3,,#5b7a4b,,,full-sun,medium,"sandy,clay",,4,,,,#6b5a4a,,heavy,DEIN3,Desmodium incanum DC.,Forb/herb,HI:I|L48:I|NAV:N|PB:I|PR:N|VI:N,Stoloniferous,Semi-Erect,Medium,Moderate,Dense,Yes,Yes,No,No,Indeterminate,Spring,,,4.0,High,High,Medium,Yes,No,Yes,5.0,7.0
panicledleaf-ticktrefoil,panicledleaf ticktrefoil,Desmodium paniculatum,mound,3-8,8,#8f6fb3,,#5b7a4b,,,part-sun,low,"loamy,clay",,3,,,,#6b5a4a,9-11,heavy,DEPA6,Desmodium paniculatum (L.) DC.,Forb/herb,CAN:N|L48:N,Single Crown,Erect,Medium,Moderate,Porous,No,Yes,Yes,Yes,Late Summer,Spring and Summer,Fall,Fall,3.0,Medium,Medium,Low,No,Yes,Yes,6.0,7.0
perplexed-ticktrefoil,perplexed ticktrefoil,Desmodium perplexum,mound,6-8,6-8,#f1f1e2,,#5b7a4b,,,part-sun,medium,"sandy,loamy,clay",,4,,,,#6b5a4a,6-11,moderate,DEPE80,Desmodium perplexum B.G. Schub.,Forb/herb,L48:N,Colonizing,Erect,Fine,Moderate,Moderate,No,No,No,No,Summer,Summer,Summer,Fall,4.0,Medium,Low,Medium,Yes,Yes,Yes,5.6,7.0
dixie-ticktrefoil,dixie ticktrefoil,Desmodium tortuosum,mound,3-8,6-8,#5b7ea3,,#5b7a4b,,,full-sun,low,"sandy,loamy,clay",,9,,,,#6b5a4a,9-12,heavy,DETO,Desmodium tortuosum (Sw.) DC.,Forb/herb,HI:I|L48:N|PR:N|VI:N,Single Crown,Erect,Medium,Moderate,,No,Yes,Yes,No,Summer,Spring and Summer,Fall,Winter,9.0,High,High,Low,Yes,Yes,Yes,5.0,7.2
swamp-loosestrife,swamp loosestrife,Decodon verticillatus,vase,6-11,7,#b3261e,,#5b7a4b,,,part-sun,high,"sandy,loamy,clay",,8,,,,#6b5a4a,6-11,heavy,DEVE,Decodon verticillatus (L.) Elliott,Shrub,CAN:N|L48:N,Colonizing,Erect,Coarse,Dense,Moderate,No,Yes,No,No,Mid Summer,Summer and Fall,Summer,Fall,8.0,Medium,None,High,Yes,Yes,Yes,4.9,8.6
wild-tantan,wild tantan,Desmanthus virgatus,mound,3-8,,#f1f1e2,,,,,shade,low,"sandy,loamy,clay",,2,,,,#6b5a4a,1-12,light,DEVI3,Desmanthus virgatus (L.) Willd.,Forb/herb,L48:N|PB:I|PR:N|VI:N,Multiple Stem,Semi-Erect,Fine,Dense,Dense,Yes,No,Yes,Yes,Indeterminate,Spring and Summer,Year Round,Year Round,2.0,Low,High,Low,Yes,Yes,Yes,5.0,8.0
needleleaf-rosette-grass,needleleaf rosette grass,Dichanthelium aciculare,grass,6-8,6-8,#5b7a4b,,,,,part-sun,low,"sandy,loamy",,1.6,,,,#e8d24a,6-11,light,DIAC,Dichanthelium aciculare (Desv. ex Poir.) Gould & C.A. Clark,Graminoid,L48:N|PR:N,Bunch,Erect,Fine,Porous,Porous,No,No,No,No,Summer,Summer,Summer,Fall,1.6,Medium,High,Low,Yes,Yes,No,4.0,6.5
kleberg-s-bluestem,Kleberg's bluestem,Dichanthium annulatum,grass,3-8,5,#e8d24a,,#5b7a4b,,,full-sun,medium,"sandy,loamy,clay",,3,,,,#3a3a34,3-11,heavy,DIAN,Dichanthium annulatum (Forssk.) Stapf,Graminoid,HI:I|L48:I|PR:I,Colonizing,Semi-Erect,Fine,Moderate,Moderate,No,No,No,Yes,Late Spring,Spring and Summer,Spring,Fall,3.0,High,Low,Medium,Yes,Yes,Yes,5.5,7.0
angleton-bluestem,Angleton bluestem,Dichanthium aristatum,grass,3-8,5,#e8d24a,,#5b7a4b,,,full-sun,medium,"sandy,loamy,clay",,3,,,,#3a3a34,3-11,heavy,DIAR5,Dichanthium aristatum (Poir.) C.E. Hubbard,Graminoid,HI:I|L48:I|PR:I,Colonizing,Semi-Erect,Fine,Moderate,Moderate,No,No,No,Yes,Late Spring,Spring and Summer,Spring,Fall,3.0,High,Low,Medium,Yes,Yes,Yes,5.5,7.0
arizona-cottontop,Arizona cottontop,Digitaria californica,grass,3-8,8,#f1f1e2,,#5b7a4b,,,full-sun,low,"sandy,loamy",,4,,,,#6b5a4a,6-11,light,DICA8,Digitaria californica (Benth.) Henr.,Graminoid,L48:N,Bunch,Erect,Medium,Dense,Porous,No,No,No,No,Late Summer,Spring and Summer,Summer,Fall,4.0,High,High,Low,Yes,Yes,No,7.5,8.3
southern-crabgrass,southern crabgrass,Digitaria ciliaris,grass,6-11,8,#e8d24a,,#5b7a4b,,,full-sun,medium,"sandy,loamy,clay",,0.9,,,,#6b5a4a,9-11,heavy,DICI,Digitaria ciliaris (Retz.) Koeler,Graminoid,HI:I|L48:N|PB:I|PB:N|PR:N|VI:N,Stoloniferous,Decumbent,Fine,Porous,Porous,No,No,No,No,Late Summer,Summer and Fall,Fall,Fall,0.9,High,Low,Medium,Yes,Yes,Yes,5.0,7.0
deertongue,deertongue,Dichanthelium clandestinum,grass,3-8,6,,,#5b7a4b,,,part-sun,low,"sandy,loamy,clay",,2,,,,#6b5a4a,6-11,heavy,DICL,Dichanthelium clandestinum (L.) Gould,Graminoid,CAN:N|L48:N,Bunch,Semi-Erect,Medium,Dense,Porous,No,No,No,No,Early Summer,Spring and Summer,Summer,Fall,2.0,Medium,High,Low,Yes,Yes,Yes,4.0,7.5
variable-panicgrass,variable panicgrass,Dichanthelium commutatum,grass,6-8,6-8,#5b7a4b,,#5b7a4b,,,part-sun,low,"sandy,loamy",,4.9,,,,#e8d24a,6-11,light,DICO2,Dichanthelium commutatum (Schult.) Gould,Graminoid,L48:N,Bunch,Erect,Fine,Porous,Porous,No,No,No,No,Summer,Summer,Summer,Fall,4.9,Medium,Medium,Low,Yes,Yes,No,4.0,6.5
gulf-sebastian-bush,Gulf Sebastian-bush,Ditrysinia fruticosa,vase,6-11,6-8,#5b7a4b,,#5b7a4b,,,shade,low,sandy,,12,,,,#6b5a4a,6-11,light,DIFR6,Ditrysinia fruticosa (W. Bartram) Govaerts & Frodin,Shrub,L48:N,Multiple Stem,Erect,Medium,Moderate,Moderate,Yes,No,No,Yes,Summer,Summer and Fall,Summer,Fall,12.0,Low,Medium,Low,Yes,No,No,4.0,6.0
broadleaf-rosette-grass,broadleaf rosette grass,Dichanthelium latifolium,grass,6-8,3-5,#5b7a4b,,#5b7a4b,,,part-sun,low,"sandy,loamy",,3.3,,,,#e8d24a,6-11,light,DILA8,Dichanthelium latifolium (L.) Gould & C.A. Clark,Graminoid,CAN:N|L48:N,Bunch,Erect,Fine,Porous,Porous,No,No,No,No,Spring,Summer,Summer,Fall,3.3,Medium,Medium,Low,Yes,Yes,No,4.0,6.5
eggleaf-rosette-grass,eggleaf rosette grass,Dichanthelium ovale,grass,3-5,3-5,#5b7a4b,,#5b7a4b,,,shade,low,"sandy,loamy",,1.7,,,,#e8d24a,6-11,light,DIOV,Dichanthelium ovale (Elliott) Gould & C.A. Clark,Graminoid,L48:N|PR:N,Bunch,Erect,Fine,Porous,Porous,No,No,No,No,Spring,Spring,Summer,Fall,1.7,Low,High,Low,Yes,Yes,No,4.0,6.5
woolly-rosette-grass,woolly rosette grass,Dichanthelium scabriusculum,grass,6-8,6-8,#5b7a4b,,#5b7a4b,,,part-sun,medium,"sandy,loamy,clay",,2.5,,,,#e8d24a,6-11,light,DISC2,Dichanthelium scabriusculum (Elliott) Gould & C.A. Clark,Graminoid,L48:N,Bunch,Erect,Fine,Porous,Porous,No,No,No,No,Summer,Summer,Summer,Fall,2.5,Medium,Low,Medium,Yes,Yes,Yes,4.0,7.0
velvet-panicum,velvet panicum,Dichanthelium scoparium,grass,6-8,6-8,#5b7a4b,,,,,shade,medium,"sandy,loamy",,4.3,,,,#e8d24a,6-11,light,DISC3,Dichanthelium scoparium (Lam.) Gould,Graminoid,L48:N|PR:N,Bunch,Erect,Fine,Porous,Porous,No,No,No,No,Summer,Summer,Summer,Fall,4.3,Low,Low,Medium,Yes,Yes,No,4.5,7.5
saltgrass,saltgrass,Distichlis spicata,grass,3-11,7,#e8d24a,,#5b7a4b,,,full-sun,medium,"loamy,clay",,1.1,,,,#6b5a4a,6-11,light,DISP,Distichlis spicata (L.) Greene,Graminoid,CAN:N|HI:I|L48:N,Rhizomatous,Semi-Erect,Medium,Porous,Porous,No,No,No,No,Mid Summer,"Spring, Summer, Fall",Summer,Fall,1.1,High,Medium,Medium,No,Yes,Yes,6.4,10.0
common-persimmon,common persimmon,Diospyros virginiana,tree,3-8,5,#e8d24a,,,,,shade,medium,"sandy,loamy,clay",,55,,,,#d98a3d,6-12,heavy,DIVI5,Diospyros virginiana L.,Tree,L48:N,Single Crown,Irregular,Medium,Moderate,Porous,No,No,Yes,Yes,Late Spring,Spring and Summer,Summer,Winter,55.0,Low,Medium,Medium,Yes,Yes,Yes,4.7,7.5
pride-of-ohio,pride of Ohio,Dodecatheon meadia,mound,3-5,3-5,#f1f1e2,,#5b7a4b,,,shade,medium,"sandy,loamy",,2,,,,#6b5a4a,6-8,light,DOME,Dodecatheon meadia L.,Forb/herb,CAN:N|L48:N,Single Stem,Erect,Fine,Porous,Porous,No,Yes,No,No,Spring,Spring,Summer,Summer,2.0,Low,Low,Medium,Yes,Yes,No,4.5,7.5
clasping-coneflower,clasping coneflower,Dracopis amplexicaulis,mound,3-8,8,#e8d24a,,#5b7a4b,,,full-sun,high,"sandy,loamy,clay",,2,,,,#3a3a34,6-11,heavy,DRAM,Dracopis amplexicaulis (Vahl) Cass.,Forb/herb,L48:N,Single Stem,Erect,Medium,Porous,Porous,No,Yes,Yes,No,Late Summer,Spring and Summer,Summer,Fall,2.0,High,High,High,Yes,Yes,Yes,6.0,7.5
three-way-sedge,three-way sedge,Dulichium arundinaceum,grass,6-8,8,#6b5a4a,,,,,part-sun,high,"sandy,loamy,clay",,2.6,,,,#6b5a4a,9-11,light,DUAR3,Dulichium arundinaceum (L.) Britton,Graminoid,AK:N|CAN:N|L48:N|SPM:N,Rhizomatous,Erect,Fine,Porous,Porous,No,No,No,No,Late Summer,Summer,Fall,Fall,2.6,Medium,Low,High,Yes,Yes,Yes,4.7,7.5
jungle-rice,jungle rice,Echinochloa colona,grass,3-5,5,#5b7a4b,,#5b7a4b,,,full-sun,medium,"sandy,loamy,clay",,2,,,,#e8d24a,6-11,moderate,ECCO2,Echinochloa colona (L.) Link,Graminoid,HI:I|L48:I|PB:I|PR:I|VI:I,Bunch,Semi-Erect,Fine,Porous,Porous,No,No,No,No,Late Spring,Spring,Summer,Fall,2.0,High,Low,Medium,Yes,Yes,Yes,4.0,8.5
billion-dollar-grass,billion-dollar grass,Echinochloa frumentacea,grass,3-5,5,#5b7a4b,,#5b7a4b,,,full-sun,medium,"loamy,clay",,3.9,,,,#e8d24a,6-11,heavy,ECFR,Echinochloa frumentacea Link,Graminoid,CAN:I|L48:I,Bunch,Erect,Medium,Dense,Porous,No,No,No,No,Late Spring,Spring,Summer,Fall,3.9,High,Low,Medium,No,Yes,Yes,4.7,7.4
pale-purple-coneflower,pale purple coneflower,Echinacea pallida,mound,3-8,6,#f1f1e2,,#5b7a4b,,,full-sun,medium,"sandy,loamy,clay",,1.2,,,,#3a3a34,6-11,moderate,ECPA,Echinacea pallida (Nutt.) Nutt.,Forb/herb,CAN:N|L48:N,Single Stem,Erect,Fine,Porous,Porous,No,Yes,No,No,Early Summer,Spring and Summer,Summer,Fall,1.2,High,Medium,Medium,Yes,Yes,Yes,6.5,7.2
false-daisy,false daisy,Eclipta prostrata,mound,6-8,6-8,#f1f1e2,,#5b7a4b,,,part-sun,medium,"sandy,loamy,clay",,3.2,,,,,6-11,light,ECPR,Eclipta prostrata (L.) L.,Forb/herb,CAN:N|HI:I|L48:N|PB:I|PR:N|VI:N,Bunch,Erect,Fine,Moderate,Porous,No,No,No,No,Summer,Summer,Summer,Fall,3.2,Medium,Low,Medium,Yes,Yes,Yes,5.2,7.9
eastern-purple-coneflower,eastern purple coneflower,Echinacea purpurea,mound,3-8,6,#8f6fb3,,#5b7a4b,,,full-sun,medium,"sandy,loamy,clay",,1.2,,,,#3a3a34,6-11,moderate,ECPU,Echinacea purpurea (L.) Moench,Forb/herb,CAN:I|L48:N,Single Stem,Erect,Fine,Porous,Porous,No,Yes,No,No,Early Summer,Spring and Summer,Summer,Fall,1.2,High,Low,Medium,Yes,Yes,Yes,6.5,7.2
coast-cockspur-grass,coast cockspur grass,Echinochloa walteri,grass,6-8,6-8,#5b7a4b,,#5b7a4b,,,full-sun,high,clay,,6.5,,,,#e8d24a,6-11,heavy,ECWA,Echinochloa walteri (Pursh) A. Heller,Graminoid,CAN:N|HI:I|L48:N,Bunch,Erect,Medium,Dense,Porous,No,No,No,No,Summer,Summer,Summer,Fall,6.5,High,Low,High,No,No,Yes,3.8,9.4
perennial-veldtgrass,perennial veldtgrass,Ehrharta calycina,grass,"1,2,3,4,5,9,10,11,12",3-5,#e8d24a,,#5b7a4b,,,full-sun,medium,"loamy,clay",,4,,,,#6b5a4a,6-8,moderate,EHCA,Ehrharta calycina Sm.,Graminoid,HI:I|L48:I,Colonizing,Erect,Fine,Moderate,Moderate,No,No,No,No,Spring,"Fall, Winter and Spring",Summer,Summer,4.0,High,Low,Medium,No,Yes,Yes,6.0,7.0
needle-spikerush,needle spikerush,Eleocharis acicularis,grass,3-11,7,#f1f1e2,,,,,full-sun,medium,"loamy,clay",,0.7,,,,#6b5a4a,6-11,light,ELAC,Eleocharis acicularis (L.) Roem. & Schult.,Graminoid,AK:N|CAN:N|GL:N|L48:N|PB:N|SPM:N,Rhizomatous,Erect,,Porous,Porous,No,No,No,No,Mid Summer,"Spring, Summer, Fall",Summer,Fall,0.7,High,Low,Medium,No,Yes,Yes,4.5,7.0
russian-olive,Russian olive,Elaeagnus angustifolia,vase,3-8,6,#e8d24a,,,,,full-sun,high,"sandy,loamy",,35,,,,#e8d24a,6-11,heavy,ELAN,Elaeagnus angustifolia L.,Shrub,CAN:I|L48:I,Single Stem,Erect,Coarse,Dense,Moderate,No,Yes,Yes,No,Early Summer,Spring and Summer,Summer,Fall,35.0,High,High,High,Yes,Yes,No,6.0,9.5
carolina-elephantsfoot,Carolina elephantsfoot,Elephantopus carolinianus,mound,6-8,7,#8f6fb3,,,,,full-sun,medium,"sandy,loamy,clay",,2.7,,,,#6b5a4a,6-11,moderate,ELCA3,Elephantopus carolinianus Raeusch.,Forb/herb,L48:N,Single Crown,Erect,Coarse,Moderate,Porous,No,Yes,No,No,Mid Summer,Summer,Summer,Fall,2.7,High,Medium,Medium,Yes,Yes,Yes,5.0,7.2
canada-wildrye,Canada wildrye,Elymus canadensis,grass,3-11,5,#e8d24a,,#5b7a4b,,,shade,medium,"sandy,loamy,clay",,3,,,,#6b5a4a,3-8,moderate,ELCA4,Elymus canadensis L.,Graminoid,CAN:N|L48:N,Bunch,Erect,Coarse,Porous,Porous,No,No,No,No,Late Spring,"Spring, Summer, Fall",Spring,Summer,3.0,Low,Medium,Medium,Yes,Yes,Yes,5.0,7.9
gulf-coast-spikerush,Gulf Coast spikerush,Eleocharis cellulosa,grass,3-11,7,#5b7a4b,,,,,full-sun,high,"sandy,loamy,clay",,2.6,,,,#6b5a4a,6-11,light,ELCE,Eleocharis cellulosa Torr.,Graminoid,L48:N|PR:N|VI:N,Bunch,Erect,,Porous,Porous,No,No,No,No,Mid Summer,"Spring, Summer, Fall",Summer,Fall,2.6,High,None,High,Yes,Yes,Yes,5.7,8.8
silverberry,silverberry,Elaeagnus commutata,vase,3-8,6,#e8d24a,,,,,full-sun,low,"sandy,loamy",,12,,,,#b3261e,6-11,heavy,ELCO,Elaeagnus commutata Bernh. ex Rydb.,Shrub,AK:N|CAN:N|L48:N,Multiple Stem,Erect,Coarse,Dense,Moderate,No,No,Yes,Yes,Early Summer,Spring and Summer,Summer,Fall,12.0,High,High,Low,Yes,Yes,No,5.0,7.9
flatstem-spikerush,flatstem spikerush,Eleocharis compressa,grass,3-8,6,#5b7a4b,,,,,full-sun,high,"sandy,loamy",,2,,,,#6b5a4a,6-11,light,ELCO2,Eleocharis compressa Sull.,Graminoid,CAN:N|L48:N,Rhizomatous,Erect,,Porous,Porous,No,No,No,No,Early Summer,Spring and Summer,Summer,Fall,2.0,High,None,High,Yes,Yes,No,5.4,7.0
squirreltail,squirreltail,Elymus elymoides,grass,3-5,4,#e8d24a,,#5b7a4b,,,full-sun,low,"loamy,clay",,1.5,,,,#6b5a4a,3-8,moderate,ELEL5,Elymus elymoides (Raf.) Swezey,Graminoid,CAN:N|L48:N,Bunch,Erect,Fine,Moderate,Porous,No,No,No,No,Mid Spring,Spring,Spring,Summer,1.5,High,High,Low,No,Yes,Yes,6.0,8.4
jointed-spikesedge,jointed spikesedge,Eleocharis equisetoides,grass,6-11,7,#5b7a4b,,,,,full-sun,high,"sandy,loamy,clay",,3.2,,,,#6b5a4a,6-11,light,ELEQ,Eleocharis equisetoides (Elliott) Torr.,Graminoid,CAN:N|L48:N,Bunch,Erect,,Porous,Porous,No,No,No,No,Mid Summer,Summer and Fall,Summer,Fall,3.2,High,None,High,Yes,Yes,Yes,5.0,7.0
blue-wildrye,blue wildrye,Elymus glaucus,grass,3-11,6,#e8d24a,,,,,shade,low,"sandy,loamy,clay",,3.3,,,,#6b5a4a,6-8,heavy,ELGL,Elymus glaucus Buckley,Graminoid,AK:N|CAN:N|L48:N,Bunch,Erect,Coarse,Moderate,Porous,No,No,No,No,Early Summer,"Spring, Summer, Fall",Summer,Summer,3.3,Low,High,Low,Yes,Yes,Yes,5.8,8.5
blunt-spikerush,blunt spikerush,Eleocharis obtusa,grass,3-5,6-8,#e8d24a,,,,,full-sun,medium,"sandy,loamy,clay",,1.6,,,,#6b5a4a,3-11,moderate,ELOB2,Eleocharis obtusa (Willd.) Schult.,Graminoid,CAN:N|HI:N|L48:N,Rhizomatous,Erect,Fine,Moderate,Porous,No,No,No,No,Summer,Spring,Spring,Fall,1.6,High,Low,Medium,Yes,Yes,Yes,4.1,8.7
common-spikerush,common spikerush,Eleocharis palustris,grass,3-5,5,#6b5a4a,,,,,full-sun,high,"sandy,clay",,1.3,,,,#6b5a4a,9-8,moderate,ELPA3,Eleocharis palustris (L.) Roem. & Schult.,Graminoid,AK:N|CAN:N|GL:N|HI:I?|L48:N|SPM:N,Rhizomatous,Erect,Fine,Moderate,Porous,No,No,No,No,Late Spring,Spring,Fall,Summer,1.3,High,Low,High,Yes,No,Yes,4.0,8.0
dwarf-spikerush,dwarf spikerush,Eleocharis parvula,grass,6-11,7,#5b7a4b,,,,,full-sun,medium,"sandy,loamy,clay",,1.2,,,,#6b5a4a,6-11,light,ELPA5,"Eleocharis parvula (Roem. & Schult.) Link ex Bluff, Nees & Schauer",Graminoid,CAN:N|L48:N|SPM:N,Stoloniferous,Erect,,Porous,Porous,No,No,No,No,Mid Summer,Summer and Fall,Summer,Fall,1.2,High,None,Medium,Yes,Yes,Yes,6.0,8.0
squarestem-spikerush,squarestem spikerush,Eleocharis quadrangulata,grass,3-11,5,#5b7a4b,,,,,full-sun,high,"sandy,loamy,clay",,4,,,,#6b5a4a,6-11,light,ELQU,Eleocharis quadrangulata (Michx.) Roem. & Schult.,Graminoid,CAN:N|L48:N,Bunch,Erect,,Porous,Porous,No,No,No,No,Late Spring,"Spring, Summer, Fall",Summer,Fall,4.0,High,None,High,Yes,Yes,Yes,5.8,7.2
quackgrass,quackgrass,Elymus repens,grass,3-8,4,#e8d24a,,#5b7a4b,,,full-sun,medium,"sandy,loamy,clay",,2.6,,,,#6b5a4a,3-8,light,ELRE4,Elymus repens (L.) Gould,Graminoid,AK:I|CAN:I|GL:I|L48:I|SPM:I,Rhizomatous,Erect,Medium,Moderate,Porous,No,No,No,No,Mid Spring,Spring and Summer,Spring,Summer,2.6,High,Low,Medium,Yes,Yes,Yes,5.2,7.8
beaked-spikerush,beaked spikerush,Eleocharis rostellata,grass,3-11,5,#5b7a4b,,,,,full-sun,high,"sandy,loamy,clay",,3,,,,#6b5a4a,6-11,light,ELRO2,Eleocharis rostellata (Torr.) Torr.,Graminoid,CAN:N|L48:N|PR:N,Rhizomatous,Erect,,Porous,Porous,No,No,No,No,Late Spring,"Spring, Summer, Fall",Summer,Fall,3.0,High,None,High,Yes,Yes,Yes,6.0,8.0
slender-spikerush,slender spikerush,Eleocharis tenuis,grass,3-5,5,#6b5a4a,,,,,full-sun,low,"sandy,loamy,clay",,2.9,,,,#5b7a4b,3-11,moderate,ELTE,Eleocharis tenuis (Willd.) Schult.,Graminoid,CAN:N|L48:N,Rhizomatous,Erect,Fine,Moderate,Porous,No,No,No,No,Late Spring,Spring,Spring,Fall,2.9,High,Low,Low,Yes,Yes,Yes,6.2,7.0
slender-wheatgrass-eltr7,slender wheatgrass,Elymus trachycaulus,grass,3-5,5,#e8d24a,,#5b7a4b,,,full-sun,low,"loamy,clay",,3,,,,#6b5a4a,3-8,heavy,ELTR7,Elymus trachycaulus (Link) Gould ex Shinners,Graminoid,AK:N|CAN:N|GL:N|L48:N|SPM:N,Bunch,Erect,Medium,Dense,Porous,No,No,No,No,Late Spring,Spring,Spring,Summer,3.0,High,High,Low,No,Yes,Yes,5.6,9.0
slender-wheatgrass-eltrt,slender wheatgrass,Elymus trachycaulus ssp. trachycaulus,grass,3-5,3-5,#e8d24a,,#5b7a4b,,,full-sun,medium,"loamy,clay",,3,,,,#6b5a4a,3-8,light,ELTRT,Elymus trachycaulus (Link) Gould ex Shinners ssp. trachycaulus,Graminoid,AK:N|CAN:N|L48:N|SPM:N,Rhizomatous,Semi-Erect,Medium,Moderate,Porous,No,No,No,No,Spring,Spring,Spring,Summer,3.0,High,Medium,Medium,No,Yes,Yes,6.0,9.0
virginia-wildrye,Virginia wildrye,Elymus virginicus,grass,3-5,3,#e8d24a,,#5b7a4b,,,shade,medium,"sandy,loamy,clay",,2.8,,,,#6b5a4a,3-8,moderate,ELVI3,Elymus virginicus L.,Graminoid,CAN:N|L48:N|SPM:N,Bunch,Erect,Coarse,Moderate,Porous,No,No,No,No,Early Spring,Spring,Spring,Summer,2.8,Low,Medium,Medium,Yes,Yes,Yes,5.0,7.4
engelmann-s-daisy,Engelmann's daisy,Engelmannia peristenia,mound,"3,4,5,9,10,11",3-5,#d98a3d,,#5b7a4b,,,full-sun,medium,"loamy,clay",,4,,,,#6b5a4a,3-8,light,ENPE4,Engelmannia peristenia (Raf.) Goodman & C.A. Lawson,Forb/herb,L48:N,Bunch,Erect,Coarse,Moderate,Porous,No,No,No,Yes,Spring,Spring and Fall,Spring,Summer,4.0,High,Medium,Medium,No,Yes,Yes,6.5,7.5
purpleleaf-willowherb,purpleleaf willowherb,Epilobium coloratum,mound,3-5,6-8,#b3261e,,#5b7a4b,,,part-sun,high,"loamy,clay",,3.3,,,,#6b5a4a,6-11,moderate,EPCO,Epilobium coloratum Biehler,Forb/herb,CAN:N|L48:N,Single Stem,Erect,Medium,Moderate,Porous,No,Yes,No,No,Summer,Spring,Summer,Fall,3.3,Medium,Low,High,No,Yes,Yes,4.5,7.5
torrey-s-jointfir,Torrey's jointfir,Ephedra torreyana,vase,3-5,3,#f1f1e2,,#5b7a4b,,,full-sun,low,"sandy,loamy",,1,,,,#6b5a4a,3-5,light,EPTO,Ephedra torreyana S. Watson,Shrub,L48:N,Single Crown,Erect,Coarse,Porous,Porous,Yes,No,No,No,Early Spring,Spring,Spring,Spring,1.0,High,High,Low,Yes,Yes,No,6.5,9.5
longleaf-jointfir,longleaf jointfir,Ephedra trifurca,vase,3-8,3-5,#e8d24a,,#5b7a4b,,,full-sun,low,"sandy,loamy",,15,,,,#6b5a4a,6-11,moderate,EPTR,Ephedra trifurca Torr. ex S. Watson,Shrub,L48:N,Multiple Stem,Erect,Fine,Porous,Porous,Yes,Yes,Yes,No,Spring,Spring and Summer,Summer,Fall,15.0,High,None,Low,Yes,Yes,No,7.5,9.5
field-horsetail,field horsetail,Equisetum arvense,mound,3-5,3-5,#5b7a4b,,#5b7a4b,,,part-sun,high,"sandy,loamy,clay",,0.9,,,,#5b7a4b,3-11,moderate,EQAR,Equisetum arvense L.,Forb/herb,AK:N?|CAN:N|GL:N|L48:N|SPM:N,Rhizomatous,Erect,Coarse,Porous,Porous,No,No,No,No,Spring,Spring,Spring,Fall,0.9,Medium,None,High,Yes,Yes,Yes,4.0,7.0
smooth-horsetail,smooth horsetail,Equisetum laevigatum,mound,3-5,3,#5b7a4b,,#5b7a4b,,,full-sun,low,"loamy,clay",,5,,,,#6b5a4a,3-8,moderate,EQLA,Equisetum laevigatum A. Braun,Forb/herb,CAN:N|L48:N,Single Crown,Erect,,Porous,Porous,No,No,No,No,Early Spring,Spring,Spring,Summer,5.0,High,None,Low,No,Yes,Yes,4.5,6.5
longbeak-stork-s-bill,longbeak stork's bill,Erodium botrys,mound,"1,2,3,4,5,9,10,11,12",3,#8f6fb3,,#5b7a4b,,,full-sun,medium,"loamy,clay",,0.8,,,,#6b5a4a,3-5,heavy,ERBO,Erodium botrys (Cav.) Bertol.,Forb/herb,L48:I,Single Crown,Prostrate,Fine,Porous,Porous,No,Yes,Yes,Yes,Early Spring,"Fall, Winter and Spring",Spring,Spring,0.8,High,High,Medium,No,Yes,Yes,5.6,7.6
sanddune-wallflower,sanddune wallflower,Erysimum capitatum var. capitatum,mound,3-8,4,#e8d24a,,#5b7a4b,,,full-sun,medium,"sandy,loamy",,2.5,,,,#6b5a4a,6-8,moderate,ERCAC,Erysimum capitatum (Douglas ex Hook.) Greene var. capitatum,Forb/herb,AK:N|L48:N,Single Crown,Erect,Fine,Porous,Porous,No,Yes,No,No,Mid Spring,Spring and Summer,Summer,Summer,2.5,High,Medium,Medium,Yes,Yes,No,6.0,8.5
weeping-lovegrass,weeping lovegrass,Eragrostis curvula,grass,6-8,4,#e8d24a,,#5b7a4b,,,full-sun,medium,"sandy,loamy",,3,,,,#6b5a4a,6-8,heavy,ERCU2,Eragrostis curvula (Schrad.) Nees,Graminoid,HI:I|L48:I|PR:I,Bunch,Erect,Medium,Moderate,Porous,No,No,No,No,Mid Spring,Summer,Summer,Summer,3.0,High,High,Medium,Yes,Yes,No,4.5,8.5
tenangle-pipewort,tenangle pipewort,Eriocaulon decangulare,mound,3-5,3-5,#f1f1e2,,,,,full-sun,medium,"sandy,loamy",,2.6,,,,#6b5a4a,6-8,moderate,ERDE5,Eriocaulon decangulare L.,Forb/herb,L48:N,Bunch,Erect,Medium,Porous,Porous,No,No,Yes,No,Spring,Spring,Summer,Summer,2.6,High,Medium,Medium,Yes,Yes,No,4.0,7.6
teal-lovegrass,teal lovegrass,Eragrostis hypnoides,grass,3-5,6-8,#5b7a4b,,#5b7a4b,,,full-sun,high,"sandy,loamy,clay",,0.3,,,,#e8d24a,6-11,moderate,ERHY,"Eragrostis hypnoides (Lam.) Britton, Sterns & Poggenb.",Graminoid,CAN:N|L48:N|PR:N,Bunch,Prostrate,Fine,Moderate,Porous,No,No,No,No,Summer,Spring,Summer,Fall,0.3,High,None,High,Yes,Yes,Yes,4.5,8.5
plains-lovegrass,plains lovegrass,Eragrostis intermedia,grass,6-8,5,#e8d24a,,#5b7a4b,,,full-sun,low,"sandy,loamy",,2.7,,,,#6b5a4a,6-8,moderate,ERIN,Eragrostis intermedia Hitchc.,Graminoid,L48:N,Bunch,Erect,Fine,Moderate,Porous,No,No,No,No,Late Spring,Summer,Summer,Summer,2.7,High,High,Low,Yes,Yes,No,5.7,7.8
lehmann-lovegrass,Lehmann lovegrass,Eragrostis lehmanniana,grass,6-8,4,#e8d24a,,#5b7a4b,,,full-sun,medium,"sandy,loamy",,3,,,,#6b5a4a,1-12,heavy,ERLE,Eragrostis lehmanniana Nees,Graminoid,L48:I,Stoloniferous,Semi-Erect,Fine,Dense,Moderate,No,No,No,No,Mid Spring,Summer,Year Round,Year Round,3.0,High,Medium,Medium,Yes,Yes,No,5.7,8.5
rubber-rabbitbrush,rubber rabbitbrush,Ericameria nauseosa ssp. nauseosa var. nauseosa,vase,3-8,8,#e8d24a,,,,,full-sun,medium,"sandy,loamy,clay",,4,,,,#f1f1e2,9-11,moderate,ERNAN5,Ericameria nauseosa (Pall. ex Pursh) G.L. Nesom & Baird ssp. nauseosa var. nauseosa,Shrub,L48:N,Multiple Stem,Rounded,Medium,Moderate,Porous,No,Yes,No,No,Late Summer,Spring and Summer,Fall,Fall,4.0,High,High,Medium,Yes,Yes,Yes,7.5,8.7
centipede-grass,centipede grass,Eremochloa ophiuroides,grass,3-11,8,#e8d24a,,#5b7a4b,,,part-sun,medium,"sandy,loamy,clay",,1,,,,#6b5a4a,9-12,moderate,EROP,Eremochloa ophiuroides (Munro) Hack.,Graminoid,L48:I|PR:I,Stoloniferous,Prostrate,Fine,Porous,Porous,No,No,Yes,No,Late Summer,"Spring, Summer, Fall",Fall,Winter,1.0,Medium,Medium,Medium,Yes,Yes,Yes,5.5,7.5
philadelphia-fleabane,Philadelphia fleabane,Erigeron philadelphicus,mound,3-8,4,#f1f1e2,,#5b7a4b,,,part-sun,medium,"loamy,clay",,2.8,,,,#6b5a4a,3-8,heavy,ERPH,Erigeron philadelphicus L.,Forb/herb,CAN:N|L48:N,Stoloniferous,Semi-Erect,Medium,Porous,Porous,No,Yes,No,No,Mid Spring,Spring and Summer,Spring,Summer,2.8,Medium,Low,Medium,No,Yes,Yes,4.8,7.8
caribgrass,Caribgrass,Eriochloa polystachya,grass,3-8,6-8,,,#5b7a4b,,,full-sun,medium,,,3,,,,,,,ERPO3,Eriochloa polystachya Kunth,Graminoid,L48:N|PR:N,Stoloniferous,Erect,Coarse,Moderate,Porous,No,No,No,No,Summer,Spring and Summer,,,3.0,High,Medium,,No,No,No,5.0,6.5
purple-lovegrass,purple lovegrass,Eragrostis spectabilis,grass,3-5,3-5,#5b7a4b,,#5b7a4b,,,full-sun,low,"sandy,loamy",,0.9,,,,#e8d24a,6-11,heavy,ERSP,Eragrostis spectabilis (Pursh) Steud.,Graminoid,CAN:I|L48:N,Rhizomatous,Erect,Fine,Porous,Porous,No,No,Yes,No,Spring,Spring,Summer,Fall,0.9,High,High,Low,Yes,Yes,No,4.0,7.5
prairie-fleabane,prairie fleabane,Erigeron strigosus,mound,3-8,5,#f1f1e2,,#5b7a4b,,,full-sun,medium,"sandy,loamy,clay",,3,,,,#6b5a4a,3-8,heavy,ERST3,Erigeron strigosus Muhl. ex Willd.,Forb/herb,CAN:N|L48:N,Single Crown,Erect,Medium,Porous,Porous,No,Yes,No,No,Late Spring,Spring and Summer,Spring,Summer,3.0,High,Medium,Medium,Yes,Yes,Yes,4.8,7.2
wilman-lovegrass,Wilman lovegrass,Eragrostis superba,grass,6-8,5,#e8d24a,,#5b7a4b,,,full-sun,medium,"sandy,loamy",,3.5,,,,#6b5a4a,6-11,heavy,ERSU,Eragrostis superba Peyr.,Graminoid,HI:I|L48:I,Bunch,Erect,Fine,Dense,Moderate,No,No,No,No,Late Spring,Summer,Summer,Fall,3.5,High,High,Medium,Yes,Yes,No,5.0,8.0
sand-lovegrass,sand lovegrass,Eragrostis trichodes,grass,6-11,8,#e8d24a,,#5b7a4b,,,full-sun,medium,sandy,,3.5,,,,#6b5a4a,6-11,heavy,ERTR3,Eragrostis trichodes (Nutt.) Alph. Wood,Graminoid,L48:N,Bunch,Erect,Medium,Dense,Porous,No,No,No,No,Late Summer,Summer and Fall,Summer,Fall,3.5,High,High,Medium,Yes,No,No,6.0,8.5
bastardsage,bastardsage,Eriogonum wrightii,mound,"3,4,5,9,10,11",6-8,#f1f1e2,,,,,part-sun,low,"sandy,loamy",,2,,,,#6b5a4a,9-11,moderate,ERWR,Eriogonum wrightii Torr. ex Benth.,Forb/herb,L48:N,Single Crown,Semi-Erect,Medium,Moderate,Porous,No,Yes,No,No,Summer,Spring and Fall,Fall,Fall,2.0,Medium,High,Low,Yes,Yes,No,6.0,8.0
california-poppy,California poppy,Eschscholzia californica,mound,3-11,5,#d98a3d,,#5b7a4b,,,part-sun,low,"loamy,clay",,1.2,,,,#6b5a4a,6-8,heavy,ESCA2,Eschscholzia californica Cham.,Forb/herb,AK:I|CAN:I|HI:I|L48:N,Single Crown,Erect,Medium,Porous,Porous,No,Yes,No,No,Late Spring,"Spring, Summer, Fall",Summer,Summer,1.2,Medium,Medium,Low,No,Yes,Yes,5.8,7.5
bursting-heart,bursting-heart,Euonymus americanus,mound,3-8,5,#5b7a4b,,,,,part-sun,high,"sandy,loamy,clay",,6,,,,#e8d24a,6-11,moderate,EUAM9,Euonymus americanus L.,Forb/herb,L48:N,Multiple Stem,Erect,Fine,Porous,Porous,No,No,Yes,Yes,Late Spring,Spring and Summer,Summer,Fall,6.0,Medium,None,High,Yes,Yes,Yes,5.0,6.0
burningbush-euat5,burningbush,Euonymus atropurpureus,vase,3-8,5,#8f6fb3,,,,,shade,low,"sandy,loamy,clay",,10,,,,#b3261e,9-11,moderate,EUAT5,Euonymus atropurpureus Jacq.,Shrub,CAN:N|L48:N,Multiple Stem,Erect,Coarse,Moderate,Porous,No,No,No,No,Late Spring,Spring and Summer,Fall,Fall,10.0,Low,Medium,Low,Yes,Yes,Yes,5.0,8.0
trumpetweed,trumpetweed,Eutrochium fistulosum,mound,6-8,6-8,#8f6fb3,,,,,part-sun,high,"loamy,clay",,6,,,,#3a3a34,6-11,moderate,EUFI14,Eutrochium fistulosum (Barratt) E.E. Lamont,Forb/herb,CAN:N|L48:N,Rhizomatous,Erect,Coarse,Porous,Porous,No,Yes,No,No,Summer,Summer,Summer,Fall,6.0,Medium,Low,High,No,Yes,Yes,4.5,7.0
winter-creeper,winter creeper,Euonymus fortunei,vase,3-8,5,#8f6fb3,,,,,shade,medium,"sandy,loamy,clay",,1,,,,#8f6fb3,,,EUFO5,Euonymus fortunei (Turcz.) Hand.-Maz.,Shrub,CAN:I|L48:I,Stoloniferous,Decumbent,Coarse,Moderate,Moderate,Yes,No,No,Yes,Late Spring,Spring and Summer,,,1.0,Low,Low,Medium,Yes,Yes,Yes,5.2,7.8
swamp-doghobble,swamp doghobble,Eubotrys racemosus,vase,3-5,3,#f1f1e2,,#5b7a4b,,,shade,medium,"loamy,clay",,13,,,,#6b5a4a,9-11,moderate,EURA14,Eubotrys racemosus (L.) Nutt.,Shrub,L48:N,Multiple Stem,Erect,Medium,Moderate,Porous,No,Yes,No,No,Early Spring,Spring,Fall,Fall,13.0,Low,Low,Medium,No,Yes,Yes,4.5,6.0
american-beech,American beech,Fagus grandifolia,tree,3-8,4,#e8d24a,,#5b7a4b,,,shade,medium,"sandy,loamy",,80,,,,#6b5a4a,6-11,moderate,FAGR,Fagus grandifolia Ehrh.,Tree,CAN:N|L48:N,Single Stem,Erect,Medium,Dense,Dense,No,No,No,Yes,Mid Spring,Spring and Summer,Summer,Fall,80.0,Low,High,Medium,Yes,Yes,No,4.1,7.2
apache-plume,Apache plume,Fallugia paradoxa,vase,3-8,5,#8f6fb3,,,,,full-sun,low,"sandy,loamy",,6,,,,#6b5a4a,6-8,heavy,FAPA,Fallugia paradoxa (D. Don) Endl. ex Torr.,Shrub,L48:N,Multiple Stem,Irregular,Fine,Moderate,Moderate,Yes,Yes,Yes,No,Late Spring,Spring and Summer,Summer,Summer,6.0,High,High,Low,Yes,Yes,No,7.0,8.0
arizona-fescue,Arizona fescue,Festuca arizonica,grass,3-5,5,#e8d24a,,#5b7a4b,,,full-sun,low,clay,,2,,,,#6b5a4a,3-8,heavy,FEAR2,Festuca arizonica Vasey,Graminoid,L48:N,Bunch,Erect,Medium,Moderate,Porous,No,No,No,No,Late Spring,Spring,Spring,Summer,2.0,High,Medium,Low,No,No,Yes,6.5,7.7
cliff-fendlerbush,cliff fendlerbush,Fendlera rupicola,vase,6-8,7,#f1f1e2,,#5b7a4b,,,full-sun,low,sandy,,6,,,,,6-11,light,FERU,Fendlera rupicola A. Gray,Shrub,L48:N,Multiple Stem,Erect,Fine,Moderate,Porous,Yes,Yes,No,No,Mid Summer,Summer,Summer,Fall,6.0,High,High,Low,Yes,No,No,7.0,8.5
red-fescue,red fescue,Festuca rubra,grass,"3,4,5,9,10,11",4,#e8d24a,,#5b7a4b,,,part-sun,medium,"loamy,clay",,2.4,,,,#6b5a4a,6-8,heavy,FERU2,Festuca rubra L.,Graminoid,AK:I|AK:N|CAN:I|CAN:N|GL:I|GL:N|HI:I|L48:I|L48:N|SPM:N,Rhizomatous,Semi-Erect,Fine,Porous,Porous,No,No,No,No,Mid Spring,Spring and Fall,Summer,Summer,2.4,Medium,Medium,Medium,No,Yes,Yes,5.0,8.0
nodding-fescue,nodding fescue,Festuca subverticillata,grass,3-8,5,#e8d24a,,#5b7a4b,,,part-sun,medium,"sandy,loamy",,3,,,,#6b5a4a,3-8,moderate,FESU3,Festuca subverticillata (Pers.) Alexeev,Graminoid,CAN:N|L48:N,Bunch,Erect,Fine,Porous,Porous,No,No,No,No,Late Spring,Spring and Summer,Spring,Summer,3.0,Medium,Low,Medium,Yes,Yes,No,5.5,7.2
candy-barrelcactus,candy barrelcactus,Ferocactus wislizeni,vase,6-8,5,#d98a3d,,#5b7a4b,,,full-sun,low,"sandy,loamy",,11,,,,#3a3a34,6-8,heavy,FEWI,Ferocactus wislizeni (Engelm.) Britton & Rose,Shrub,L48:N,Single Stem,Climbing,Coarse,Porous,Porous,No,Yes,Yes,No,Late Spring,Summer,Summer,Summer,11.0,High,High,Low,Yes,Yes,No,7.0,8.5
american-tarwort,American tarwort,Flourensia cernua,vase,6-8,5,#e8d24a,,#5b7a4b,,,full-sun,low,"sandy,loamy,clay",,3,,,,#f1f1e2,6-8,moderate,FLCE,Flourensia cernua DC.,Shrub,L48:N,Multiple Stem,Rounded,Medium,Moderate,Moderate,Yes,No,No,No,Late Spring,Summer,Summer,Summer,3.0,High,High,Low,Yes,Yes,Yes,7.0,8.5
eastern-swampprivet,eastern swampprivet,Forestiera acuminata,vase,6-8,3-5,#5b7a4b,,#5b7a4b,,,shade,high,"loamy,clay",,33,,,,#3a3a34,3-8,light,FOAC,Forestiera acuminata (Michx.) Poir.,Shrub,L48:N,Single Stem,Erect,Medium,Dense,Moderate,No,No,No,No,Spring,Summer,Spring,Summer,33.0,Low,Low,High,No,Yes,Yes,6.0,8.0
stretchberry,stretchberry,Forestiera pubescens var. pubescens,vase,3-8,3,#e8d24a,,,,,full-sun,medium,"sandy,loamy,clay",,6,,,,#3a3a34,6-8,moderate,FOPUP,Forestiera pubescens Nutt. var. pubescens,Shrub,L48:N,Bunch,Irregular,Fine,Moderate,Porous,No,No,Yes,Yes,Early Spring,Spring and Summer,Summer,Summer,6.0,High,Medium,Medium,Yes,Yes,Yes,7.0,8.5
ocotillo,ocotillo,Fouquieria splendens,vase,"3,4,5,9,10,11",,#b3261e,,#5b7a4b,,,full-sun,low,sandy,,10,,,,#6b5a4a,6-11,moderate,FOSP2,Fouquieria splendens Engelm.,Shrub,L48:N,Multiple Stem,Erect,Fine,Porous,Porous,No,No,No,No,Indeterminate,Spring and Fall,Summer,Fall,10.0,High,High,Low,Yes,No,No,7.0,8.5
white-ash,white ash,Fraxinus americana,tree,3-8,4,#e8d24a,,#5b7a4b,,,full-sun,high,"sandy,loamy",,90,,,,#6b5a4a,6-11,heavy,FRAM2,Fraxinus americana L.,Tree,CAN:N|HI:I|L48:N,Single Stem,Erect,Fine,Dense,Porous,No,No,Yes,Yes,Mid Spring,Spring and Summer,Summer,Fall,90.0,High,Low,High,Yes,Yes,No,4.7,7.5
carolina-buckthorn,Carolina buckthorn,Frangula caroliniana,vase,,5,#e8d24a,,#5b7a4b,,,shade,low,"sandy,loamy,clay",,20,,,,#3a3a34,6-11,,FRCA13,Frangula caroliniana (Walter) A. Gray,Shrub,L48:N,Single Crown,Erect,Coarse,Moderate,Porous,No,No,No,No,Late Spring,,Summer,Fall,20.0,Low,Low,,Yes,Yes,Yes,6.0,7.5
carolina-ash,Carolina ash,Fraxinus caroliniana,vase,3-5,3-5,#5b7a4b,,#5b7a4b,,,shade,high,"sandy,loamy",,39,,,,#3a3a34,6-11,moderate,FRCA3,Fraxinus caroliniana Mill.,Shrub,L48:N,Single Stem,Erect,Coarse,Dense,Porous,No,No,No,Yes,Spring,Spring,Summer,Fall,39.0,Low,Low,High,Yes,Yes,No,3.5,6.0
green-ash,green ash,Fraxinus pennsylvanica,tree,3-8,5,#5b7a4b,,,,,shade,medium,"sandy,loamy,clay",,80,,,,#6b5a4a,3-8,heavy,FRPE,Fraxinus pennsylvanica Marshall,Tree,CAN:N|L48:N,Single Crown,Irregular,Coarse,Dense,Moderate,No,Yes,No,Yes,Late Spring,Spring and Summer,Spring,Summer,80.0,Low,Medium,Medium,Yes,Yes,Yes,5.0,8.1
velvet-ash,velvet ash,Fraxinus velutina,tree,3-8,5,#e8d24a,,#5b7a4b,,,full-sun,low,clay,,40,,,,#6b5a4a,6-11,heavy,FRVE2,Fraxinus velutina Torr.,Tree,L48:N,Single Stem,Erect,Fine,Dense,Moderate,No,No,No,Yes,Late Spring,Spring and Summer,Summer,Fall,40.0,High,Medium,Low,No,No,Yes,5.8,7.5
stickywilly,stickywilly,Galium aparine,mound,3-5,4,#5b7a4b,,#5b7a4b,,,shade,high,"loamy,clay",,0.9,,,,#6b5a4a,3-5,moderate,GAAP2,Galium aparine L.,Forb/herb,AK:N|CAN:I|CAN:N|GL:I|L48:N,Single Crown,Decumbent,Coarse,Porous,Porous,No,No,No,No,Mid Spring,Spring,Spring,Spring,0.9,Low,None,High,No,Yes,Yes,5.4,7.2
northern-bedstraw,northern bedstraw,Galium boreale,mound,3-8,5,#f1f1e2,,#5b7a4b,,,part-sun,medium,"sandy,loamy",,3,,,,#6b5a4a,6-8,heavy,GABO2,Galium boreale L.,Forb/herb,AK:N|CAN:N|GL:N|L48:N,Single Crown,Erect,Medium,Moderate,Porous,No,Yes,No,No,Late Spring,Spring and Summer,Summer,Summer,3.0,Medium,Medium,Medium,Yes,Yes,No,5.0,7.2
bluntleaf-bedstraw,bluntleaf bedstraw,Galium obtusum,mound,3-8,4,#f1f1e2,,#5b7a4b,,,shade,high,"sandy,loamy,clay",,1.5,,,,#6b5a4a,3-8,heavy,GAOB,Galium obtusum Bigelow,Forb/herb,CAN:N|L48:N,Single Crown,Irregular,Fine,Moderate,Porous,No,Yes,No,No,Mid Spring,Spring and Summer,Spring,Summer,1.5,Low,None,High,Yes,Yes,Yes,4.6,7.0
indian-blanket,Indian blanket,Gaillardia pulchella,mound,3-11,,#e8d24a,,#5b7a4b,,,full-sun,medium,"sandy,loamy,clay",,2,,,,#3a3a34,6-11,heavy,GAPU,Gaillardia pulchella Foug.,Forb/herb,AK:I|CAN:I|HI:I|L48:N|PB:I,Single Crown,Decumbent,Coarse,Dense,Porous,No,Yes,No,No,Indeterminate,"Spring, Summer, Fall",Summer,Fall,2.0,High,High,Medium,Yes,Yes,Yes,7.0,8.5
stiff-marsh-bedstraw,stiff marsh bedstraw,Galium tinctorium,mound,3-8,5,#f1f1e2,,#5b7a4b,,,shade,high,"sandy,loamy,clay",,0.8,,,,#6b5a4a,6-8,heavy,GATI,Galium tinctorium (L.) Scop.,Forb/herb,CAN:N|L48:N|SPM:N,Single Crown,Decumbent,Fine,Porous,Porous,No,Yes,No,No,Late Spring,Spring and Summer,Summer,Summer,0.8,Low,None,High,Yes,Yes,Yes,4.6,7.0
threepetal-bedstraw,threepetal bedstraw,Galium trifidum,mound,6-8,6,#f1f1e2,,#5b7a4b,,,part-sun,high,"sandy,loamy,clay",,0.8,,,,#6b5a4a,6-8,heavy,GATR2,Galium trifidum L.,Forb/herb,AK:N|CAN:N|GL:N|L48:N|SPM:N,Single Crown,Decumbent,Fine,Porous,Porous,No,No,No,No,Early Summer,Summer,Summer,Summer,0.8,Medium,None,High,Yes,Yes,Yes,4.6,8.0
wright-s-silktassel,Wright's silktassel,Garrya wrightii,vase,3-11,5,#f1f1e2,,#5b7a4b,,,full-sun,low,"sandy,loamy",,6,,,,#8f6fb3,6-11,heavy,GAWR3,Garrya wrightii Torr.,Shrub,L48:N,Multiple Stem,Semi-Erect,Coarse,Dense,Dense,Yes,No,Yes,Yes,Late Spring,"Spring, Summer, Fall",Summer,Fall,6.0,High,High,Low,Yes,Yes,No,6.5,8.8
white-avens,white avens,Geum canadense,mound,3-5,3-5,#f1f1e2,,#5b7a4b,,,shade,medium,"sandy,loamy,clay",,3.9,,,,#6b5a4a,6-11,light,GECA7,Geum canadense Jacq.,Forb/herb,CAN:N|L48:N,Single Stem,Erect,Medium,Porous,Porous,No,No,No,No,Spring,Spring,Summer,Fall,3.9,Low,Low,Medium,Yes,Yes,Yes,4.5,7.5
spring-avens,spring avens,Geum vernum,mound,3-8,4,#e8d24a,,#5b7a4b,,,shade,medium,"sandy,loamy,clay",,1.6,,,,#3a3a34,3-5,moderate,GEVE,Geum vernum (Raf.) Torr. & A. Gray,Forb/herb,CAN:N|L48:N,Single Crown,Semi-Erect,Medium,Porous,Porous,No,Yes,No,No,Mid Spring,Spring and Summer,Spring,Spring,1.6,Low,Low,Medium,Yes,Yes,Yes,4.8,7.0
water-locust,water locust,Gleditsia aquatica,vase,3-5,7,#5b7a4b,,#5b7a4b,,,part-sun,,"sandy,loamy,clay",,40,,,,#6b5a4a,9-12,light,GLAQ,Gleditsia aquatica Marshall,Shrub,L48:N,Single Stem,Erect,Fine,Moderate,Porous,No,No,No,No,Mid Summer,Spring,Fall,Winter,40.0,Medium,None,,Yes,Yes,Yes,6.0,8.0
american-licorice,American licorice,Glycyrrhiza lepidota,mound,3-8,5,#f1f1e2,,#5b7a4b,,,part-sun,high,"loamy,clay",,4,,,,#6b5a4a,3-8,moderate,GLLE3,Glycyrrhiza lepidota Pursh,Forb/herb,CAN:N|L48:N,Single Crown,Erect,Coarse,Moderate,Porous,No,Yes,Yes,Yes,Late Spring,Spring and Summer,Spring,Summer,4.0,Medium,None,High,No,Yes,Yes,5.5,8.0
fowl-mannagrass,fowl mannagrass,Glyceria striata,grass,3-5,6,#5b7a4b,,#5b7a4b,,,shade,medium,"loamy,clay",,5.7,,,,#b3261e,3-11,moderate,GLST,Glyceria striata (Lam.) Hitchc.,Graminoid,AK:N|CAN:N|L48:N|SPM:N,Rhizomatous,Semi-Erect,Fine,Moderate,Porous,No,No,No,No,Early Summer,Spring,Spring,Fall,5.7,Low,Low,Medium,No,Yes,Yes,4.0,8.0
honeylocust,honeylocust,Gleditsia triacanthos,vase,3-8,5,#e8d24a,,#5b7a4b,,,full-sun,medium,"loamy,clay",,70,,,,#5b7a4b,6-11,moderate,GLTR,Gleditsia triacanthos L.,Shrub,CAN:N|L48:N,Single Stem,Rounded,Medium,Moderate,Porous,No,No,Yes,Yes,Late Spring,Spring and Summer,Summer,Fall,70.0,High,High,Medium,No,Yes,Yes,5.0,8.0
broom-snakeweed,broom snakeweed,Gutierrezia sarothrae,mound,3-8,6,#e8d24a,,#5b7a4b,,,full-sun,medium,"sandy,loamy,clay",,1.5,,,,#6b5a4a,6-11,moderate,GUSA2,Gutierrezia sarothrae (Pursh) Britton & Rusby,Forb/herb,CAN:N|L48:N,Single Crown,Erect,Coarse,Porous,Porous,No,No,Yes,No,Early Summer,Spring and Summer,Summer,Fall,1.5,High,High,Medium,Yes,Yes,Yes,6.0,8.0
kentucky-coffeetree,Kentucky coffeetree,Gymnocladus dioicus,tree,3-8,6,#f1f1e2,,#5b7a4b,,,full-sun,medium,"sandy,loamy,clay",,100,,,,#5b7a4b,9-5,moderate,GYDI,Gymnocladus dioicus (L.) K. Koch,Tree,CAN:N|L48:N,,Rounded,Coarse,Moderate,Porous,No,Yes,Yes,No,Early Summer,Spring and Summer,Fall,Spring,100.0,High,Medium,Medium,Yes,Yes,Yes,6.0,8.0
two-wing-silverbell,two-wing silverbell,Halesia diptera,vase,3-5,3-5,#f1f1e2,,#5b7a4b,,,part-sun,low,"loamy,clay",,15,,,,,,,HADI3,Halesia diptera Ellis,Shrub,L48:N,Single Stem,Erect,Coarse,Moderate,Porous,No,Yes,No,Yes,Spring,Spring,,,15.0,Medium,Low,,No,Yes,Yes,6.0,8.0
american-witchhazel,American witchhazel,Hamamelis virginiana,vase,3-8,9-11,#e8d24a,,#5b7a4b,,,part-sun,medium,"loamy,clay",,20,,,,#6b5a4a,3-8,light,HAVI4,Hamamelis virginiana L.,Shrub,CAN:N|L48:N,Multiple Stem,Semi-Erect,Coarse,Dense,Porous,No,Yes,Yes,No,Fall,Spring and Summer,Spring,Summer,20.0,Medium,Low,Medium,No,Yes,Yes,4.5,6.2
limpograss,limpograss,Hemarthria altissima,grass,3-11,,,,#5b7a4b,,,full-sun,high,"loamy,clay",,1.4,,,,,,,HEAL5,Hemarthria altissima (Poir.) Stapf & C.E. Hubbard,Graminoid,L48:I,Rhizomatous,Decumbent,Medium,Moderate,Moderate,No,No,No,No,,"Spring, Summer, Fall",,,1.4,High,Low,High,No,Yes,Yes,5.5,7.5
swamp-sunflower,swamp sunflower,Helianthus angustifolius,mound,3-8,8,#e8d24a,,,,,part-sun,medium,"sandy,loamy",,5.6,,,,#6b5a4a,6-11,moderate,HEAN2,Helianthus angustifolius L.,Forb/herb,L48:N,Rhizomatous,Erect,Medium,Moderate,Porous,No,Yes,No,Yes,Late Summer,Spring and Summer,Summer,Fall,5.6,Medium,Medium,Medium,Yes,Yes,No,4.0,7.0
common-sunflower,common sunflower,Helianthus annuus,mound,6-8,6-8,#e8d24a,,#5b7a4b,,,full-sun,medium,"sandy,loamy,clay",,9,,,,#5b7ea3,6-11,heavy,HEAN3,Helianthus annuus L.,Forb/herb,AK:I|CAN:I|HI:I|L48:N|PR:I|SPM:I,Single Crown,Erect,Coarse,Porous,Moderate,No,Yes,Yes,Yes,Summer,Summer,Summer,Fall,9.0,High,Medium,Medium,Yes,Yes,Yes,5.5,7.8
arizona-cypress,Arizona cypress,Hesperocyparis arizonica,tree,6-8,3-5,#e8d24a,,#5b7a4b,,,shade,medium,"sandy,loamy,clay",,50,,,,#6b5a4a,6-11,heavy,HEAR22,Hesperocyparis arizonica (Greene) Bartel,Tree,L48:N|PR:I,Single Stem,Erect,Medium,Dense,Dense,Yes,No,No,Yes,Spring,Summer,Summer,Fall,50.0,Low,Medium,Medium,Yes,Yes,Yes,6.1,7.9
common-sneezeweed,common sneezeweed,Helenium autumnale,mound,3-8,9-11,#e8d24a,,#5b7a4b,,,full-sun,medium,"sandy,loamy,clay",,4.9,,,,#6b5a4a,9-11,moderate,HEAU,Helenium autumnale L.,Forb/herb,CAN:N|L48:N,Single Stem,Erect,Fine,Moderate,Porous,No,Yes,No,No,Fall,Spring and Summer,Fall,Fall,4.9,High,Low,Medium,Yes,Yes,Yes,4.0,7.5
utah-sweetvetch-hebo,Utah sweetvetch,Hedysarum boreale,mound,3-8,5,#b3261e,,#5b7a4b,,,full-sun,medium,"sandy,loamy,clay",,2,,,,#6b5a4a,3-8,moderate,HEBO,Hedysarum boreale Nutt.,Forb/herb,AK:N|CAN:N|L48:N,Single Crown,Semi-Erect,Fine,Porous,Porous,No,Yes,No,No,Late Spring,Spring and Summer,Spring,Summer,2.0,High,High,Medium,Yes,Yes,Yes,5.3,8.2
utah-sweetvetch-hebob2,Utah sweetvetch,Hedysarum boreale ssp. boreale var. boreale,mound,3-8,4,#b3261e,,#5b7a4b,,,full-sun,medium,"sandy,loamy,clay",,2,,,,#6b5a4a,3-8,moderate,HEBOB2,Hedysarum boreale Nutt. ssp. boreale var. boreale,Forb/herb,CAN:N|L48:N,Single Crown,Semi-Erect,Fine,Porous,Porous,No,Yes,No,No,Mid Spring,Spring and Summer,Spring,Summer,2.0,High,High,Medium,Yes,Yes,Yes,5.2,8.0
tanglehead,tanglehead,Heteropogon contortus,grass,3-8,6,#e8d24a,,#5b7a4b,,,full-sun,low,"sandy,loamy",,0.7,,,,#6b5a4a,6-11,light,HECO10,Heteropogon contortus (L.) P. Beauv. ex Roem. & Schult.,Graminoid,HI:N|L48:N|PR:N|VI:N,Bunch,Erect,Medium,Moderate,Porous,No,No,No,No,Early Summer,Spring and Summer,Summer,Fall,0.7,High,High,Low,Yes,Yes,No,6.0,8.0
needle-and-thread,needle and thread,Hesperostipa comata ssp. comata,grass,3-5,6,#f1f1e2,,#5b7a4b,,,full-sun,low,"sandy,loamy",,3,,,,#f1f1e2,6-11,moderate,HECOC8,Hesperostipa comata (Trin. & Rupr.) Barkworth ssp. comata,Graminoid,CAN:N|L48:N,Thicket Forming,Semi-Erect,Medium,Dense,Moderate,No,No,Yes,No,Early Summer,Spring,Summer,Fall,3.0,High,High,Low,Yes,Yes,No,6.6,8.4
salt-heliotrope,salt heliotrope,Heliotropium curassavicum,mound,3-11,4,#f1f1e2,,,,,full-sun,medium,"loamy,clay",,1.2,,,,#6b5a4a,6-11,heavy,HECU3,Heliotropium curassavicum L.,Forb/herb,CAN:N|HI:N|L48:N|PR:N|VI:N,Rhizomatous,Decumbent,Coarse,Moderate,Porous,No,Yes,No,No,Mid Spring,"Spring, Summer, Fall",Summer,Fall,1.2,High,Medium,Medium,No,Yes,Yes,6.5,8.5
cucumberleaf-sunflower,cucumberleaf sunflower,Helianthus debilis,mound,3-8,6-8,#e8d24a,,#5b7a4b,,,full-sun,medium,"sandy,loamy",,0.5,,,,#6b5a4a,6-11,light,HEDE4,Helianthus debilis Nutt.,Forb/herb,L48:N,Stoloniferous,Prostrate,Coarse,Porous,Porous,No,Yes,No,Yes,Summer,Spring and Summer,Summer,Fall,0.5,High,Medium,Medium,Yes,Yes,No,5.2,7.2
purplehead-sneezeweed,purplehead sneezeweed,Helenium flexuosum,mound,3-5,6-8,#e8d24a,,#5b7a4b,,,full-sun,low,"sandy,loamy,clay",,3.2,,,,#6b5a4a,6-11,heavy,HEFL,Helenium flexuosum Raf.,Forb/herb,CAN:I|L48:N,Multiple Stem,Erect,Medium,Moderate,Porous,No,Yes,No,No,Summer,Spring,Summer,Fall,3.2,High,Medium,Low,Yes,Yes,Yes,4.5,7.5
sawtooth-sunflower,sawtooth sunflower,Helianthus grosseserratus,mound,3-11,8,#e8d24a,,,,,full-sun,medium,"sandy,loamy,clay",,5,,,,#6b5a4a,6-11,heavy,HEGR4,Helianthus grosseserratus M. Martens,Forb/herb,CAN:I|L48:N,Rhizomatous,Erect,Coarse,Moderate,Porous,No,Yes,No,Yes,Late Summer,"Spring, Summer, Fall",Summer,Fall,5.0,High,Medium,Medium,Yes,Yes,Yes,5.8,7.3
english-ivy,English ivy,Hedera helix,low-climber,3-8,5,,,#5b7a4b,,,shade,medium,"sandy,loamy,clay",,5,,,,,,,HEHE,Hedera helix L.,Vine,CAN:I|HI:I|L48:I,Stoloniferous,Prostrate,Coarse,Porous,Porous,No,No,No,No,Late Spring,Spring and Summer,,,5.0,Low,Low,Medium,Yes,Yes,Yes,5.2,7.8
smooth-oxeye,smooth oxeye,Heliopsis helianthoides var. scabra,mound,3-8,6-8,#f1f1e2,,#5b7a4b,,,part-sun,low,"sandy,loamy",,4,,,,#6b5a4a,6-11,moderate,HEHES,Heliopsis helianthoides (L.) Sweet var. scabra (Dunal) Fernald,Forb/herb,CAN:N|L48:N,Single Crown,Erect,Coarse,Moderate,Porous,No,Yes,No,No,Summer,Spring and Summer,Summer,Fall,4.0,Medium,High,Low,Yes,Yes,No,5.6,6.8
maximilian-sunflower,Maximilian sunflower,Helianthus maximiliani,mound,6-11,8,#e8d24a,,#5b7a4b,,,full-sun,medium,"sandy,loamy,clay",,5,,,,#6b5a4a,6-11,heavy,HEMA2,Helianthus maximiliani Schrad.,Forb/herb,CAN:N|L48:N,Rhizomatous,Erect,Coarse,Moderate,Porous,No,Yes,No,No,Late Summer,Summer and Fall,Summer,Fall,5.0,High,Medium,Medium,Yes,Yes,Yes,6.0,8.0
daylily,daylily,Hemerocallis,mound,3-8,6-8,#d98a3d,,#5b7a4b,,,part-sun,medium,"sandy,loamy,clay",,3,,,,#6b5a4a,6-11,moderate,HEMER,Hemerocallis L.,Forb/herb,CAN:I|L48:I,Rhizomatous,Erect,Medium,Porous,Porous,No,Yes,No,No,Summer,Spring and Summer,Summer,Fall,3.0,Medium,Medium,Medium,Yes,Yes,Yes,4.8,8.0
jerusalem-artichoke,Jerusalem artichoke,Helianthus tuberosus,mound,3-8,8,#e8d24a,,,,,part-sun,low,"sandy,loamy",,9.8,,,,#6b5a4a,6-11,moderate,HETU,Helianthus tuberosus L.,Forb/herb,CAN:N|L48:N,Rhizomatous,Erect,Coarse,Dense,Porous,No,Yes,No,Yes,Late Summer,Spring and Summer,Summer,Fall,9.8,Medium,High,Low,Yes,Yes,No,4.0,7.0
hairy-false-goldenaster,hairy false goldenaster,Heterotheca villosa,mound,3-8,7,#e8d24a,,,,,full-sun,low,"sandy,loamy",,3,,,,#6b5a4a,6-11,moderate,HEVI4,Heterotheca villosa (Pursh) Shinners,Forb/herb,CAN:N|L48:N,Multiple Stem,Erect,Coarse,Moderate,Porous,No,Yes,No,No,Mid Summer,Spring and Summer,Summer,Fall,3.0,High,Medium,Low,Yes,Yes,No,6.0,7.5
comfortroot,comfortroot,Hibiscus aculeatus,mound,6-8,6-8,#f1f1e2,,#5b7a4b,,,full-sun,medium,"loamy,clay",,3,,,,#5b7a4b,6-11,moderate,HIAC,Hibiscus aculeatus Walter,Forb/herb,L48:N,Stoloniferous,Erect,Coarse,Moderate,Porous,No,Yes,Yes,No,Summer,Summer,Summer,Fall,3.0,High,Medium,Medium,No,Yes,Yes,6.0,8.5
curly-mesquite,curly-mesquite,Hilaria belangeri,grass,3-8,5,#e8d24a,,#5b7a4b,,,full-sun,low,"sandy,loamy,clay",,0.8,,,,#6b5a4a,6-8,light,HIBE,Hilaria belangeri (Steud.) Nash,Graminoid,L48:N,Stoloniferous,Semi-Erect,Fine,Moderate,Porous,No,No,No,No,Late Spring,Spring and Summer,Summer,Summer,0.8,High,High,Low,Yes,Yes,Yes,6.0,8.0
halberdleaf-rosemallow,halberdleaf rosemallow,Hibiscus laevis,mound,3-11,7,#8f6fb3,,#5b7a4b,,,part-sun,high,"loamy,clay",,8,,,,#6b5a4a,6-11,moderate,HILA2,Hibiscus laevis All.,Forb/herb,CAN:N|L48:N,Multiple Stem,Erect,Coarse,Moderate,Porous,No,Yes,No,No,Mid Summer,"Spring, Summer, Fall",Summer,Fall,8.0,Medium,Low,High,No,Yes,Yes,5.5,7.2
crimsoneyed-rosemallow,crimsoneyed rosemallow,Hibiscus moscheutos,mound,3-5,6-8,#f1f1e2,,,,,full-sun,high,"loamy,clay",,6.6,,,,#6b5a4a,6-11,light,HIMO,Hibiscus moscheutos L.,Forb/herb,CAN:N|L48:N,Multiple Stem,Erect,Coarse,Moderate,Porous,No,Yes,No,No,Summer,Spring,Summer,Fall,6.6,High,None,High,No,Yes,Yes,4.0,7.5
meadow-barley,meadow barley,Hordeum brachyantherum,grass,3-8,6,#e8d24a,,#5b7a4b,,,full-sun,medium,"sandy,loamy,clay",,2,,,,#6b5a4a,6-11,moderate,HOBR2,Hordeum brachyantherum Nevski,Graminoid,AK:N|CAN:N|HI:I|L48:N,Bunch,Semi-Erect,Medium,Moderate,Porous,No,No,No,No,Early Summer,Spring and Summer,Summer,Fall,2.0,High,Medium,Medium,Yes,Yes,Yes,6.0,8.5
rockspirea,rockspirea,Holodiscus dumosus,vase,6-11,8,#f1f1e2,,,,,full-sun,low,"sandy,loamy",,3,,,,#6b5a4a,6-11,moderate,HODU,Holodiscus dumosus (Nutt. ex Hook.) A. Heller,Shrub,L48:N,Thicket Forming,Rounded,Medium,Moderate,Porous,No,Yes,No,No,Late Summer,Summer and Fall,Summer,Fall,3.0,High,High,Low,Yes,Yes,No,7.0,8.0
common-velvetgrass,common velvetgrass,Holcus lanatus,grass,3-5,6-8,#5b7a4b,,,,,part-sun,low,"sandy,loamy",,3.3,,,,#e8d24a,6-11,moderate,HOLA,Holcus lanatus L.,Graminoid,AK:I|CAN:I|HI:I|L48:I|PR:I,Multiple Stem,Erect,Fine,Moderate,Porous,No,No,No,No,Summer,Spring,Summer,Fall,3.3,Medium,Medium,Low,Yes,Yes,No,4.0,7.0
little-barley,little barley,Hordeum pusillum,grass,3-5,5,#e8d24a,,#5b7a4b,,,full-sun,medium,"loamy,clay",,1.2,,,,#6b5a4a,3-8,moderate,HOPU,Hordeum pusillum Nutt.,Graminoid,CAN:N|L48:N,Bunch,Erect,Medium,Moderate,Porous,No,No,No,No,Late Spring,Spring,Spring,Summer,1.2,High,Low,Medium,No,Yes,Yes,6.2,8.0
common-barley,common barley,Hordeum vulgare,grass,"1,2,3,4,5,9,10,11,12",3-5,#e8d24a,,#5b7a4b,,,full-sun,medium,"loamy,clay",,3,,,,#6b5a4a,3-8,heavy,HOVU,Hordeum vulgare L.,Graminoid,AK:I|CAN:W|GL:W|HI:I|L48:I,Bunch,Erect,Medium,Porous,Porous,No,No,Yes,No,Spring,"Fall, Winter and Spring",Spring,Summer,3.0,High,Medium,Medium,No,Yes,Yes,6.5,8.5
roundpod-st-johnswort,roundpod St. Johnswort,Hypericum cistifolium,mound,6-8,6,#e8d24a,,#5b7a4b,,,full-sun,medium,"sandy,loamy",,2.5,,,,#6b5a4a,6-8,moderate,HYCI,Hypericum cistifolium Lam.,Forb/herb,L48:N,Stoloniferous,Semi-Erect,Coarse,Moderate,Porous,No,Yes,No,No,Early Summer,Summer,Summer,Summer,2.5,High,Medium,Medium,Yes,Yes,No,4.6,7.0
st-peterswort,St. Peterswort,Hypericum crux-andreae,vase,3-8,7,#e8d24a,,#5b7a4b,,,part-sun,medium,"sandy,loamy",,2,,,,#6b5a4a,6-11,moderate,HYCR3,Hypericum crux-andreae (L.) Crantz,Shrub,L48:N,Single Crown,Erect,Medium,Porous,Porous,No,Yes,No,No,Mid Summer,Spring and Summer,Summer,Fall,2.0,Medium,Medium,Medium,Yes,Yes,No,4.6,7.0
bushy-st-johnswort,bushy St. Johnswort,Hypericum densiflorum,vase,3-5,5,#e8d24a,,#5b7a4b,,,shade,medium,"sandy,loamy,clay",,6.6,,,,#6b5a4a,3-8,moderate,HYDE,Hypericum densiflorum Pursh,Shrub,L48:N,Multiple Stem,Erect,Fine,Dense,Moderate,No,No,No,No,Late Spring,Spring,Spring,Summer,6.6,Low,Low,Medium,Yes,Yes,Yes,4.0,7.5
bedstraw-st-johnswort,bedstraw St. Johnswort,Hypericum galioides,mound,3-8,6,#e8d24a,,#5b7a4b,,,full-sun,high,loamy,,2.5,,,,#6b5a4a,6-8,moderate,HYGA,Hypericum galioides Lam.,Subshrub,L48:N,Multiple Stem,Semi-Erect,Coarse,Moderate,Porous,No,Yes,No,No,Early Summer,Spring and Summer,Summer,Summer,2.5,High,None,High,No,Yes,No,4.6,7.2
orangegrass,orangegrass,Hypericum gentianoides,mound,3-11,5,#e8d24a,,#5b7a4b,,,part-sun,low,"sandy,loamy",,2,,,,#3a3a34,6-11,heavy,HYGE,"Hypericum gentianoides (L.) Britton, Sterns & Poggenb.",Forb/herb,CAN:N|L48:N,Single Crown,Erect,Fine,Porous,Porous,No,Yes,No,No,Late Spring,"Spring, Summer, Fall",Summer,Fall,2.0,Medium,Medium,Low,Yes,Yes,No,4.6,7.0
common-goldstar,common goldstar,Hypoxis hirsuta,mound,3-5,3,#e8d24a,,#5b7a4b,,,part-sun,medium,"loamy,clay",,0.8,,,,#3a3a34,3-8,light,HYHI2,Hypoxis hirsuta (L.) Coville,Forb/herb,CAN:N|L48:N,Single Crown,Erect,Coarse,Porous,Porous,No,Yes,No,No,Early Spring,Spring,Spring,Summer,0.8,Medium,Medium,Medium,No,Yes,Yes,5.2,7.3
spring-spiderlily,spring spiderlily,Hymenocallis liriosme,mound,3-5,4,#f1f1e2,,#5b7a4b,,,full-sun,medium,"loamy,clay",,3,,,,#5b7a4b,3-8,moderate,HYLI,Hymenocallis liriosme (Raf.) Shinners,Forb/herb,L48:N,Bunch,Erect,Coarse,Porous,Porous,No,Yes,No,No,Mid Spring,Spring,Spring,Summer,3.0,High,Low,Medium,No,Yes,Yes,5.5,9.0
singlewhorl-burrobrush,singlewhorl burrobrush,Hymenoclea monogyra,vase,,3-5,#f1f1e2,,#5b7a4b,,,,high,"sandy,loamy",,2,,,,#f1f1e2,3-11,,HYMO,Hymenoclea monogyra Torr. & A. Gray,Shrub,L48:N,,Erect,Coarse,,,No,No,No,No,Spring,,Spring,Fall,2.0,,High,,Yes,Yes,No,6.1,7.9
dwarf-st-johnswort,dwarf St. Johnswort,Hypericum mutilum,mound,6-8,7,#e8d24a,,#5b7a4b,,,part-sun,medium,"loamy,clay",,2.6,,,,#6b5a4a,6-11,moderate,HYMU,Hypericum mutilum L.,Forb/herb,CAN:N|HI:I|L48:N,Single Crown,Semi-Erect,Medium,Porous,Porous,No,No,No,No,Mid Summer,Summer,Summer,Fall,2.6,Medium,None,Medium,No,Yes,Yes,4.6,7.2
shrubby-st-johnswort,shrubby St. Johnswort,Hypericum prolificum,vase,3-8,5,#e8d24a,,#5b7a4b,,,part-sun,high,"sandy,loamy,clay",,3.2,,,,#6b5a4a,6-8,moderate,HYPR,Hypericum prolificum L.,Shrub,CAN:N|L48:N,Single Crown,Erect,Medium,Moderate,Porous,No,Yes,No,No,Late Spring,Spring and Summer,Summer,Summer,3.2,Medium,Low,High,Yes,Yes,Yes,4.6,7.2
spotted-st-johnswort,spotted St. Johnswort,Hypericum punctatum,mound,6-8,6,#e8d24a,,#5b7a4b,,,shade,medium,"sandy,loamy,clay",,3,,,,#6b5a4a,6-8,moderate,HYPU,Hypericum punctatum Lam.,Forb/herb,CAN:N|L48:N,Single Crown,Erect,Coarse,Moderate,Porous,No,Yes,No,No,Early Summer,Summer,Summer,Summer,3.0,Low,Low,Medium,Yes,Yes,Yes,4.6,7.0
dahoon,dahoon,Ilex cassine,vase,3-8,3-5,#e8d24a,,,,,shade,high,"sandy,loamy,clay",,26,,,,#b3261e,6-11,heavy,ILCA,Ilex cassine L.,Shrub,HI:I|L48:N|PR:I,Single Stem,Erect,Medium,Dense,Dense,Yes,No,Yes,No,Spring,Spring and Summer,Summer,Fall,26.0,Low,Low,High,Yes,Yes,Yes,3.5,6.5
large-gallberry,large gallberry,Ilex coriacea,vase,3-8,5,#f1f1e2,,,,,shade,high,"loamy,clay",,12,,,,#3a3a34,6-11,heavy,ILCO,Ilex coriacea (Pursh) Chapm.,Shrub,L48:N,Thicket Forming,Erect,Medium,Dense,Dense,Yes,No,Yes,Yes,Late Spring,Spring and Summer,Summer,Fall,12.0,Low,Low,High,No,Yes,Yes,5.5,6.7
possumhaw,possumhaw,Ilex decidua,vase,3-8,3-5,#e8d24a,,,,,shade,medium,"sandy,loamy,clay",,33,,,,#b3261e,6-11,heavy,ILDE,Ilex decidua Walter,Shrub,L48:N,Multiple Stem,Erect,Medium,Dense,Moderate,No,No,Yes,No,Spring,Spring and Summer,Summer,Fall,33.0,Low,Medium,Medium,Yes,Yes,Yes,3.5,6.5
inkberry,inkberry,Ilex glabra,vase,6-11,3-5,#f1f1e2,,#5b7a4b,,,full-sun,high,"sandy,loamy,clay",,8,,,,#3a3a34,6-11,moderate,ILGL,Ilex glabra (L.) A. Gray,Shrub,CAN:N|L48:N,Multiple Stem,Erect,Coarse,Moderate,Porous,Yes,No,Yes,No,Spring,Summer and Fall,Summer,Fall,8.0,High,Low,High,Yes,Yes,Yes,4.5,7.0
american-holly,American holly,Ilex opaca,vase,3-8,4,#e8d24a,,#5b7a4b,,,shade,medium,"sandy,loamy",,40,,,,#b3261e,6-11,light,ILOP,Ilex opaca Aiton,Shrub,L48:N,Single Stem,Erect,Coarse,Dense,Dense,Yes,No,Yes,Yes,Mid Spring,Spring and Summer,Summer,Fall,40.0,Low,Medium,Medium,Yes,Yes,No,4.5,7.0
common-winterberry,common winterberry,Ilex verticillata,vase,3-8,5,#f1f1e2,,#5b7a4b,,,part-sun,high,"loamy,clay",,9,,,,#b3261e,6-11,heavy,ILVE,Ilex verticillata (L.) A. Gray,Shrub,CAN:N|L48:N|SPM:N,Multiple Stem,Climbing,Coarse,Dense,Moderate,No,No,Yes,Yes,Late Spring,Spring and Summer,Summer,Fall,9.0,Medium,Low,High,No,Yes,Yes,4.5,7.5
yaupon,yaupon,Ilex vomitoria,vase,3-8,4,#f1f1e2,,#5b7a4b,,,part-sun,low,"sandy,loamy",,25,,,,#b3261e,,moderate,ILVO,Ilex vomitoria Aiton,Shrub,L48:N,Multiple Stem,Erect,Coarse,Moderate,Moderate,Yes,No,Yes,Yes,Mid Spring,Spring and Summer,,,25.0,Medium,High,Low,Yes,Yes,No,4.5,7.0
jewelweed,jewelweed,Impatiens capensis,mound,6-8,,#e8d24a,,#5b7a4b,,,shade,medium,"sandy,loamy,clay",,4.9,,,,#6b5a4a,6-11,moderate,IMCA,Impatiens capensis Meerb.,Forb/herb,CAN:N|L48:N|SPM:N,Single Crown,Erect,Medium,Moderate,Porous,No,No,No,No,Indeterminate,Summer,Summer,Fall,4.9,Low,Low,Medium,Yes,Yes,Yes,6.4,7.4
bayhops,bayhops,Ipomoea pes-caprae,mound,1-12,,#b3261e,,#5b7a4b,,,part-sun,medium,"sandy,loamy",,1,,,,#5b7a4b,1-12,moderate,IPPE,Ipomoea pes-caprae (L.) R. Br.,Forb/herb,HI:N|L48:N|NAV:N|PB:N|PR:N|VI:N,Single Stem,Prostrate,Medium,Dense,Dense,Yes,Yes,No,No,Indeterminate,Year Round,Year Round,Year Round,1.0,Medium,Medium,Medium,Yes,Yes,No,6.0,7.5
copper-iris,copper iris,Iris fulva,mound,3-5,4,#b3261e,,#5b7a4b,,,shade,high,"loamy,clay",,3.3,,,,#5b7a4b,3-8,heavy,IRFU,Iris fulva Ker Gawl.,Forb/herb,L48:N,Rhizomatous,Erect,Medium,Moderate,Porous,No,Yes,No,No,Mid Spring,Spring,Spring,Summer,3.3,Low,Low,High,No,Yes,Yes,5.0,8.5
virginia-iris,Virginia iris,Iris virginica,mound,3-5,3-5,#5b7ea3,,#5b7a4b,,,shade,high,"loamy,clay",,3.3,,,,#3a3a34,6-11,light,IRVI,Iris virginica L.,Forb/herb,CAN:N|L48:N,Rhizomatous,Erect,Coarse,Porous,Porous,No,Yes,No,No,Spring,Spring,Summer,Fall,3.3,Low,None,High,No,Yes,Yes,4.8,7.3
virginia-sweetspire,Virginia sweetspire,Itea virginica,vase,3-5,4,#f1f1e2,,#5b7a4b,,,shade,high,"loamy,clay",,10,,,,#6b5a4a,6-11,light,ITVI,Itea virginica L.,Shrub,L48:N,Stoloniferous,Erect,Medium,Porous,Porous,No,Yes,No,No,Mid Spring,Spring,Summer,Fall,10.0,Low,Low,High,No,Yes,Yes,4.0,7.5
jesuit-s-bark,Jesuit's bark,Iva frutescens,mound,3-8,8,#f1f1e2,,#5b7a4b,,,full-sun,high,"sandy,loamy,clay",,9,,,,#f1f1e2,6-11,heavy,IVFR,Iva frutescens L.,Forb/herb,CAN:N|L48:N,Multiple Stem,Vase,Coarse,Dense,Moderate,No,Yes,No,No,Late Summer,Spring and Summer,Summer,Fall,9.0,High,Low,High,Yes,Yes,Yes,5.0,5.7
tapertip-rush,tapertip rush,Juncus acuminatus,grass,3-8,3-5,#8f6fb3,,#5b7a4b,,,part-sun,high,"sandy,loamy,clay",,3,,,,#6b5a4a,6-8,moderate,JUAC,Juncus acuminatus Michx.,Graminoid,CAN:N|HI:I|L48:N,Bunch,Erect,Medium,Porous,Porous,No,No,No,No,Spring,Spring and Summer,Summer,Summer,3.0,Medium,Low,High,Yes,Yes,Yes,4.4,7.2
american-water-willow,American water-willow,Justicia americana,mound,3-5,5,#f1f1e2,,,,,shade,medium,"sandy,loamy,clay",,2.5,,,,#6b5a4a,3-11,moderate,JUAM,Justicia americana (L.) Vahl,Forb/herb,CAN:N|L48:N,Rhizomatous,Erect,Fine,,,No,Yes,No,No,Late Spring,Spring,Spring,Fall,2.5,Low,Low,Medium,Yes,Yes,Yes,5.4,7.6
mountain-rush,mountain rush,Juncus arcticus ssp. littoralis,grass,3-8,6,#6b5a4a,,#5b7a4b,,,part-sun,high,"loamy,clay",,4,,,,#6b5a4a,6-8,heavy,JUARL,Juncus arcticus Willd. ssp. littoralis (Engelm.) Hultén,Graminoid,AK:N|CAN:N|GL:N|L48:N|SPM:N,Rhizomatous,Erect,Fine,Dense,Porous,No,No,No,No,Early Summer,Spring and Summer,Summer,Summer,4.0,Medium,Low,High,No,Yes,Yes,6.0,9.0
bog-rush,bog rush,Juncus biflorus,grass,3-11,3-5,#b3261e,,#5b7a4b,,,shade,high,"sandy,loamy,clay",,3.5,,,,#6b5a4a,6-8,moderate,JUBI,Juncus biflorus Elliott,Graminoid,L48:N,Rhizomatous,Erect,Coarse,Moderate,Porous,No,No,No,No,Spring,"Spring, Summer, Fall",Summer,Summer,3.5,Low,None,High,Yes,Yes,Yes,4.5,7.0
whiteroot-rush,whiteroot rush,Juncus brachycarpus,grass,3-8,5,#5b7a4b,,#5b7a4b,,,part-sun,medium,"sandy,loamy,clay",,3,,,,#6b5a4a,6-8,heavy,JUBR,Juncus brachycarpus Engelm.,Graminoid,CAN:N|L48:N,Rhizomatous,Erect,Fine,Moderate,Porous,No,No,No,No,Late Spring,Spring and Summer,Summer,Summer,3.0,Medium,Low,Medium,Yes,Yes,Yes,4.5,6.7
toad-rush,toad rush,Juncus bufonius,grass,3-11,3-5,#5b7a4b,,#5b7a4b,,,full-sun,medium,"sandy,loamy,clay",,1,,,,#6b5a4a,6-11,heavy,JUBU,Juncus bufonius L.,Graminoid,AK:N|CAN:N|HI:I|L48:N|SPM:N,Bunch,Semi-Erect,Fine,Porous,Porous,No,No,No,No,Spring,"Spring, Summer, Fall",Summer,Fall,1.0,High,Low,Medium,Yes,Yes,Yes,4.6,7.6
forked-rush,forked rush,Juncus dichotomus,grass,3-11,6,#5b7a4b,,#b3261e,,,part-sun,medium,"sandy,loamy",,2.9,,,,#6b5a4a,6-11,light,JUDI,Juncus dichotomus Elliott,Graminoid,L48:N|PR:N,Bunch,Erect,Coarse,Dense,Porous,No,No,No,No,Early Summer,"Spring, Summer, Fall",Summer,Fall,2.9,Medium,Low,Medium,Yes,Yes,No,4.5,6.5
common-rush,common rush,Juncus effusus,grass,3-5,6-8,#6b5a4a,,,,,full-sun,medium,"sandy,loamy,clay",,6.6,,,,#e8d24a,6-11,moderate,JUEF,Juncus effusus L.,Graminoid,AK:N|CAN:N|HI:I|L48:N|SPM:N,Bunch,Erect,Coarse,Moderate,Porous,No,No,No,No,Summer,Spring,Summer,Fall,6.6,High,Medium,Medium,Yes,Yes,Yes,5.5,8.8
inland-rush,inland rush,Juncus interior,grass,3-8,5,#5b7a4b,,#5b7a4b,,,part-sun,medium,"sandy,loamy,clay",,3,,,,#6b5a4a,6-8,light,JUIN2,Juncus interior Wiegand,Graminoid,CAN:N|L48:N,Bunch,Erect,Medium,Moderate,Porous,No,No,No,No,Late Spring,Spring and Summer,Summer,Summer,3.0,Medium,Low,Medium,Yes,Yes,Yes,5.7,7.0
arizona-walnut,Arizona walnut,Juglans major,tree,3-8,5,#6b5a4a,,,,,full-sun,medium,"sandy,loamy",,50,,,,#6b5a4a,9-12,moderate,JUMA,Juglans major (Torr.) A. Heller,Tree,L48:N,Single Stem,Erect,Coarse,Moderate,Porous,No,No,Yes,Yes,Late Spring,Spring and Summer,Fall,Winter,50.0,High,Medium,Medium,Yes,Yes,No,6.0,7.0
grassleaf-rush,grassleaf rush,Juncus marginatus,grass,3-8,5,#6b5a4a,,#5b7a4b,,,part-sun,medium,"sandy,loamy",,2,,,,#6b5a4a,6-8,moderate,JUMA4,Juncus marginatus Rostk.,Graminoid,CAN:N|L48:N,Rhizomatous,Erect,Medium,Moderate,Porous,No,No,No,No,Late Spring,Spring and Summer,Summer,Summer,2.0,Medium,Low,Medium,Yes,Yes,No,5.5,6.8
bighead-rush,bighead rush,Juncus megacephalus,grass,3-11,6,#5b7a4b,,#5b7a4b,,,shade,high,"sandy,loamy,clay",,3.1,,,,#6b5a4a,6-8,moderate,JUME,Juncus megacephalus M.A. Curtis,Graminoid,L48:N,Rhizomatous,Erect,Coarse,Moderate,Porous,No,No,No,No,Early Summer,"Spring, Summer, Fall",Summer,Summer,3.1,Low,None,High,Yes,Yes,Yes,4.5,6.8
mexican-rush,Mexican rush,Juncus mexicanus,grass,3-8,3-5,#5b7a4b,,#5b7a4b,,,full-sun,medium,"loamy,clay",,0.8,,,,#6b5a4a,6-8,light,JUME4,Juncus mexicanus Willd. ex Schult. & Schult. f.,Graminoid,L48:N,Rhizomatous,Erect,Fine,Porous,Porous,No,No,No,No,Spring,Spring and Summer,Summer,Summer,0.8,High,Low,Medium,No,Yes,Yes,6.2,8.2
little-walnut,little walnut,Juglans microcarpa,vase,3-8,4,#5b7a4b,,#5b7a4b,,,full-sun,medium,"sandy,loamy,clay",,20,,,,#3a3a34,6-8,moderate,JUMI,Juglans microcarpa Berl.,Shrub,L48:N,Single Stem,Erect,Coarse,Dense,Moderate,No,No,Yes,Yes,Mid Spring,Spring and Summer,Summer,Summer,20.0,High,Medium,Medium,Yes,Yes,Yes,5.5,6.9
oneseed-juniper,oneseed juniper,Juniperus monosperma,vase,3-8,3,#d98a3d,,,,,full-sun,low,"sandy,loamy,clay",,40,,,,#8f6fb3,6-11,heavy,JUMO,Juniperus monosperma (Engelm.) Sarg.,Shrub,L48:N,Multiple Stem,Erect,Fine,Dense,Dense,Yes,No,Yes,No,Early Spring,Spring and Summer,Summer,Fall,40.0,High,High,Low,Yes,Yes,Yes,7.0,8.5
black-walnut,black walnut,Juglans nigra,tree,3-5,5,#e8d24a,,#5b7a4b,,,full-sun,high,loamy,,100,,,,#6b5a4a,9-11,light,JUNI,Juglans nigra L.,Tree,CAN:N|L48:N,Single Stem,Erect,Medium,Porous,Porous,No,No,Yes,No,Late Spring,Spring,Fall,Fall,100.0,High,Low,High,No,Yes,No,4.6,8.2
knotted-rush,knotted rush,Juncus nodosus,grass,3-5,6-8,#5b7a4b,,,,,full-sun,medium,"sandy,loamy,clay",,2,,,,#6b5a4a,6-11,moderate,JUNO2,Juncus nodosus L.,Graminoid,AK:N|CAN:N|L48:N,Single Stem,Erect,Coarse,Moderate,Porous,No,No,No,No,Summer,Spring,Summer,Fall,2.0,High,Medium,Medium,Yes,Yes,Yes,4.0,7.5
lesser-creeping-rush,lesser creeping rush,Juncus repens,grass,3-11,5,#5b7a4b,,#5b7a4b,,,full-sun,high,"sandy,loamy,clay",,6.8,,,,#6b5a4a,6-11,light,JURE2,Juncus repens Michx.,Graminoid,L48:N,Rhizomatous,Decumbent,Fine,Porous,Porous,No,No,No,No,Late Spring,"Spring, Summer, Fall",Summer,Fall,6.8,High,None,High,Yes,Yes,Yes,5.5,7.0
needlegrass-rush,needlegrass rush,Juncus roemerianus,grass,3-5,3-5,#5b7a4b,,,,,full-sun,high,"loamy,clay",,4.9,,,,#6b5a4a,6-11,moderate,JURO,Juncus roemerianus Scheele,Graminoid,L48:N,Bunch,Erect,Coarse,Moderate,Porous,No,No,No,No,Spring,Spring,Summer,Fall,4.9,High,None,High,No,Yes,Yes,4.0,7.0
needlepod-rush,needlepod rush,Juncus scirpoides,grass,3-8,5,#5b7a4b,,#5b7a4b,,,shade,high,"sandy,loamy",,3,,,,#6b5a4a,6-8,heavy,JUSC,Juncus scirpoides Lam.,Graminoid,L48:N,Rhizomatous,Erect,Medium,Moderate,Porous,No,No,No,No,Late Spring,Spring and Summer,Summer,Summer,3.0,Low,None,High,Yes,Yes,No,5.6,6.8
rocky-mountain-juniper,Rocky Mountain juniper,Juniperus scopulorum,vase,3-8,3,#e8d24a,,#5b7a4b,,,full-sun,low,"sandy,loamy",,50,,,,#5b7ea3,9-12,heavy,JUSC2,Juniperus scopulorum Sarg.,Shrub,CAN:N|L48:N,Stoloniferous,Erect,Medium,Dense,Dense,Yes,No,Yes,No,Early Spring,Spring and Summer,Fall,Winter,50.0,High,High,Low,Yes,Yes,No,5.0,8.5
poverty-rush,poverty rush,Juncus tenuis,grass,3-8,5,#5b7a4b,,#5b7a4b,,,part-sun,medium,"sandy,loamy,clay",,1.5,,,,#6b5a4a,6-8,light,JUTE,Juncus tenuis Willd.,Graminoid,AK:N|CAN:N|HI:I|L48:N|PR:N|SPM:N,Bunch,Erect,Fine,Porous,Porous,No,No,No,No,Late Spring,Spring and Summer,Summer,Summer,1.5,Medium,Low,Medium,Yes,Yes,Yes,4.5,7.0
torrey-s-rush,Torrey's rush,Juncus torreyi,grass,6-8,7,#5b7a4b,,#5b7a4b,,,full-sun,medium,"sandy,loamy",,3.1,,,,#6b5a4a,6-11,moderate,JUTO,Juncus torreyi Coville,Graminoid,CAN:N|L48:N,Rhizomatous,Erect,Coarse,Moderate,Porous,No,No,No,No,Mid Summer,Summer,Summer,Fall,3.1,High,Low,Medium,Yes,Yes,No,4.5,6.5
roundhead-rush,roundhead rush,Juncus validus,grass,3-11,7,#5b7a4b,,#5b7a4b,,,part-sun,high,"sandy,loamy",,3.2,,,,#6b5a4a,6-11,heavy,JUVA2,Juncus validus Coville,Graminoid,L48:N,Bunch,Erect,Coarse,Dense,Porous,No,No,No,No,Mid Summer,"Spring, Summer, Fall",Summer,Fall,3.2,Medium,Low,High,Yes,Yes,No,5.0,6.8
eastern-redcedar,eastern redcedar,Juniperus virginiana,tree,3-8,5,#5b7a4b,,#5b7a4b,,,part-sun,low,"sandy,loamy,clay",,50,,,,#f1f1e2,6-11,moderate,JUVI,Juniperus virginiana L.,Tree,CAN:N|L48:N,Single Stem,Conical,Medium,Dense,Dense,No,No,Yes,No,Late Spring,Spring and Summer,Summer,Fall,50.0,Medium,High,Low,Yes,Yes,Yes,4.7,8.0
prairie-junegrass,prairie Junegrass,Koeleria macrantha,grass,"3,4,5,9,10,11",5,#e8d24a,,#5b7a4b,,,shade,high,"sandy,loamy",,1.5,,,,#6b5a4a,6-8,light,KOMA,Koeleria macrantha (Ledeb.) Schult.,Graminoid,AK:N|CAN:N|HI:I|L48:N,Bunch,Erect,Fine,Moderate,Porous,No,No,No,No,Late Spring,Spring and Fall,Summer,Summer,1.5,Low,High,High,Yes,Yes,No,6.0,8.0
goldenrain-tree,goldenrain tree,Koelreuteria paniculata,tree,3-5,5,#e8d24a,,#5b7a4b,,,full-sun,medium,"sandy,loamy,clay",,45,,,,#6b5a4a,6-11,heavy,KOPA,Koelreuteria paniculata Laxm.,Tree,L48:I,Single Stem,Erect,Fine,Moderate,Porous,No,Yes,Yes,Yes,Late Spring,Spring,Summer,Fall,45.0,High,Medium,Medium,Yes,Yes,Yes,4.5,8.0
littleleaf-ratany,littleleaf ratany,Krameria erecta,vase,3-8,3,#8f6fb3,,,,,full-sun,low,"sandy,loamy",,2,,,,#8f6fb3,6-11,moderate,KRER,Krameria erecta Willd. ex Schult.,Shrub,L48:N,Multiple Stem,Rounded,Fine,Porous,Porous,No,Yes,Yes,No,Early Spring,Spring and Summer,Summer,Fall,2.0,High,High,Low,Yes,Yes,No,7.0,8.5
winterfat,winterfat,Krascheninnikovia lanata,vase,6-8,3-5,#e8d24a,,,,,part-sun,low,"sandy,loamy,clay",,2,,,,#f1f1e2,6-11,moderate,KRLA2,Krascheninnikovia lanata (Pursh) A. Meeuse & Smit,Shrub,CAN:N|L48:N,Multiple Stem,Erect,Medium,Moderate,Porous,Yes,No,Yes,No,Spring,Summer,Summer,Fall,2.0,Medium,High,Low,Yes,Yes,Yes,6.6,8.5
korean-clover,Korean clover,Kummerowia stipulacea,mound,3-8,5,#8f6fb3,,#5b7a4b,,,full-sun,low,"sandy,loamy,clay",,1.5,,,,#3a3a34,3-8,heavy,KUST,Kummerowia stipulacea (Maxim.) Makino,Forb/herb,L48:I,Multiple Stem,Decumbent,Fine,Porous,Porous,No,No,No,No,Late Spring,Spring and Summer,Spring,Summer,1.5,High,Medium,Low,Yes,Yes,Yes,5.5,7.5
japanese-clover,Japanese clover,Kummerowia striata,mound,3-8,3,#8f6fb3,,#5b7a4b,,,full-sun,low,"sandy,loamy,clay",,1.3,,,,#3a3a34,3-8,heavy,KUST2,Kummerowia striata (Thunb.) Schindl.,Forb/herb,L48:I,Multiple Stem,Decumbent,Fine,Porous,Porous,No,No,No,No,Early Spring,Spring and Summer,Spring,Summer,1.3,High,Medium,Low,Yes,Yes,Yes,4.9,7.3
caley-pea,Caley pea,Lathyrus hirsutus,mound,"1,2,3,4,5,9,10,11,12",3-5,#5b7ea3,,,,,full-sun,high,"sandy,loamy,clay",,3,,,,#6b5a4a,3-8,light,LAHI2,Lathyrus hirsutus L.,Forb/herb,L48:I,Multiple Stem,Climbing,Fine,Moderate,Porous,No,Yes,Yes,No,Spring,"Fall, Winter and Spring",Spring,Summer,3.0,High,None,High,Yes,Yes,Yes,5.8,6.2
crapemyrtle,crapemyrtle,Lagerstroemia indica,vase,3-5,6-8,#8f6fb3,,#5b7a4b,,,full-sun,low,"sandy,loamy",,25,,,,#6b5a4a,6-11,light,LAIN,Lagerstroemia indica L.,Shrub,L48:I|PB:I|PR:I,Multiple Stem,Erect,Coarse,Moderate,Porous,No,Yes,No,No,Summer,Spring,Summer,Fall,25.0,High,Medium,Low,Yes,Yes,No,5.0,7.5
perennial-pea,perennial pea,Lathyrus latifolius,mound,3-8,5,#8f6fb3,,#5b7a4b,,,full-sun,low,"sandy,loamy",,2,,,,#6b5a4a,6-8,light,LALA4,Lathyrus latifolius L.,Forb/herb,CAN:I|HI:I|L48:I,Rhizomatous,Decumbent,Coarse,Moderate,Porous,No,Yes,No,No,Late Spring,Spring and Summer,Summer,Summer,2.0,High,High,Low,Yes,Yes,No,5.8,7.5
white-mangrove,white mangrove,Laguncularia racemosa,vase,"1,2,3,4,5,9,10,11,12",3-5,#f1f1e2,,#5b7a4b,,,full-sun,high,"sandy,loamy,clay",,50,,,,#5b7a4b,3-11,moderate,LARA2,Laguncularia racemosa (L.) C.F. Gaertn.,Shrub,L48:N|PR:N|VI:N,,Rounded,Coarse,Dense,Dense,Yes,No,No,No,Spring,"Fall, Winter and Spring",Spring,Fall,50.0,High,Low,High,Yes,Yes,Yes,6.0,8.5
shrub-lespedeza,shrub lespedeza,Lespedeza bicolor,mound,6-8,6,#8f6fb3,,#5b7a4b,,,full-sun,medium,"sandy,loamy,clay",,8,,,,#6b5a4a,6-11,moderate,LEBI2,Lespedeza bicolor Turcz.,Forb/herb,CAN:I|L48:I,Multiple Stem,Erect,Coarse,Dense,Porous,No,Yes,No,No,Early Summer,Summer,Summer,Fall,8.0,High,Low,Medium,Yes,Yes,Yes,5.8,7.5
roundhead-lespedeza,roundhead lespedeza,Lespedeza capitata,mound,6-8,8,#f1f1e2,,#5b7a4b,,,full-sun,low,"sandy,loamy",,2.6,,,,#e8d24a,6-11,light,LECA8,Lespedeza capitata Michx.,Forb/herb,CAN:N|L48:N,Multiple Stem,Erect,Medium,Moderate,Porous,No,No,No,No,Late Summer,Summer,Summer,Fall,2.6,High,High,Low,Yes,Yes,No,5.7,8.2
green-sprangletop,green sprangletop,Leptochloa dubia,grass,3-8,4,#e8d24a,,#5b7a4b,,,full-sun,medium,"sandy,loamy,clay",,3,,,,#6b5a4a,3-8,heavy,LEDU,Leptochloa dubia (Kunth) Nees,Graminoid,L48:N,Bunch,Erect,Medium,Dense,Porous,No,No,No,No,Mid Spring,Spring and Summer,Spring,Summer,3.0,High,High,Medium,Yes,Yes,Yes,6.0,8.0
bearded-sprangletop,bearded sprangletop,Leptochloa fusca ssp. fascicularis,grass,3-5,6-8,#5b7a4b,,#5b7a4b,,,full-sun,high,"sandy,loamy",,3.3,,,,#e8d24a,6-11,heavy,LEFUF,Leptochloa fusca (L.) Kunth ssp. fascicularis (Lam.) N. Snow,Graminoid,CAN:I|L48:N|PR:N|VI:N,Multiple Stem,Erect,Fine,Porous,Porous,No,No,No,No,Summer,Spring,Summer,Fall,3.3,High,Low,High,Yes,Yes,No,4.0,7.5
hairy-lespedeza,hairy lespedeza,Lespedeza hirta,mound,6-8,8,#f1f1e2,,,,,full-sun,low,"sandy,loamy,clay",,6,,,,#3a3a34,9-12,heavy,LEHI2,Lespedeza hirta (L.) Hornem.,Forb/herb,CAN:N|L48:N,Multiple Stem,Erect,Medium,Dense,Dense,No,Yes,Yes,Yes,Late Summer,Summer,Fall,Winter,6.0,High,Medium,Low,Yes,Yes,Yes,5.8,6.9
white-leadtree,white leadtree,Leucaena leucocephala,vase,3-8,,#f1f1e2,,#5b7a4b,,,full-sun,low,"sandy,loamy,clay",,20,,,,#6b5a4a,1-12,moderate,LELE10,Leucaena leucocephala (Lam.) de Wit,Shrub,L48:I|NAV:I|PB:I|VI:I,Single Stem,Erect,Fine,Dense,Dense,Yes,No,Yes,Yes,Indeterminate,Spring and Summer,Year Round,Year Round,20.0,High,High,Low,Yes,Yes,Yes,5.0,8.7
catchfly-grass,catchfly grass,Leersia lenticularis,grass,3-5,9-11,#5b7a4b,,#5b7a4b,,,full-sun,medium,"sandy,loamy,clay",,2.6,,,,#b3261e,9-11,moderate,LELE2,Leersia lenticularis Michx.,Graminoid,L48:N,Rhizomatous,Erect,Fine,,,No,No,No,No,Fall,Spring,Fall,Fall,2.6,High,Low,Medium,Yes,Yes,Yes,5.0,8.0
common-duckweed,common duckweed,Lemna minor,mound,6-8,6-8,#5b7a4b,,#5b7a4b,,,full-sun,high,,,,,,,,6-8,,LEMI3,Lemna minor L.,Forb/herb,AK:N|CAN:N|L48:N,Single Crown,Decumbent,Fine,,,No,No,No,No,Summer,Summer,Summer,Summer,,High,None,High,No,No,No,4.1,8.8
rice-cutgrass,rice cutgrass,Leersia oryzoides,grass,6-8,,#5b7a4b,,,,,full-sun,high,"sandy,loamy,clay",,4.9,,,,#b3261e,3-11,heavy,LEOR,Leersia oryzoides (L.) Sw.,Graminoid,CAN:N|L48:N,Rhizomatous,Erect,Fine,Moderate,Porous,No,No,No,No,Indeterminate,Summer,Spring,Fall,4.9,High,Low,High,Yes,Yes,Yes,5.1,8.8
littleleaf-leadtree,littleleaf leadtree,Leucaena retusa,vase,6-11,3,#e8d24a,,#5b7a4b,,,full-sun,low,"sandy,loamy",,25,,,,#5b7ea3,6-11,heavy,LERE5,Leucaena retusa Benth.,Shrub,L48:N,Multiple Stem,Erect,Fine,Porous,Porous,No,Yes,Yes,No,Early Spring,Summer and Fall,Summer,Fall,25.0,High,High,Low,Yes,Yes,No,6.2,8.5
star-duckweed,star duckweed,Lemna trisulca,mound,6-8,5,#5b7a4b,,#5b7a4b,,,full-sun,high,,,0.3,,,,#5b7a4b,6-8,,LETR,Lemna trisulca L.,Forb/herb,AK:N|CAN:N|L48:N,Stoloniferous,Decumbent,Fine,Porous,Porous,No,No,No,No,Late Spring,Summer,Summer,Summer,0.3,High,None,High,No,No,No,5.7,7.0
beardless-wildrye,beardless wildrye,Leymus triticoides,grass,3-11,5,#e8d24a,,#5b7a4b,,,full-sun,low,"sandy,loamy,clay",,3,,,,#6b5a4a,6-8,light,LETR5,Leymus triticoides (Buckley) Pilg.,Graminoid,CAN:N|HI:I|L48:N,Rhizomatous,Erect,Coarse,Moderate,Porous,No,No,No,No,Late Spring,"Spring, Summer, Fall",Summer,Summer,3.0,High,High,Low,Yes,Yes,Yes,6.6,9.0
valdivia-duckweed,valdivia duckweed,Lemna valdiviana,mound,6-11,5,#5b7a4b,,#5b7a4b,,,full-sun,high,,,0.1,,,,#5b7a4b,6-8,,LEVA,Lemna valdiviana Phil.,Forb/herb,L48:N|PR:N,Stoloniferous,Decumbent,Fine,Porous,Porous,No,No,No,No,Late Spring,Summer and Fall,Summer,Summer,0.1,High,None,High,No,No,No,5.7,7.0
whitegrass,whitegrass,Leersia virginica,grass,3-5,8,#5b7a4b,,#5b7a4b,,,shade,medium,"sandy,loamy",,3.9,,,,#b3261e,6-11,moderate,LEVI2,Leersia virginica Willd.,Graminoid,CAN:N|L48:N,Rhizomatous,Erect,Fine,Porous,Porous,No,No,No,No,Late Summer,Spring,Summer,Fall,3.9,Low,None,Medium,Yes,Yes,No,4.5,8.5
oxeye-daisy,oxeye daisy,Leucanthemum vulgare,mound,3-8,6-8,#f1f1e2,,#5b7a4b,,,part-sun,low,"sandy,loamy",,1.3,,,,#6b5a4a,6-11,moderate,LEVU,Leucanthemum vulgare Lam.,Forb/herb,AK:I|CAN:I|HI:I|L48:I|SPM:I,Bunch,Erect,Coarse,Moderate,Porous,No,No,Yes,No,Summer,Spring and Summer,Summer,Fall,1.3,Medium,Medium,Low,Yes,Yes,No,5.2,7.0
amur-privet,Amur privet,Ligustrum amurense,vase,3-5,5,#f1f1e2,,#5b7a4b,,,part-sun,medium,"loamy,clay",,12,,,,#3a3a34,6-11,moderate,LIAM,Ligustrum amurense Carrière,Shrub,L48:I,Multiple Stem,Erect,Coarse,Dense,Dense,No,Yes,Yes,No,Late Spring,Spring,Summer,Fall,12.0,Medium,Medium,Medium,No,Yes,Yes,5.8,7.5
northern-spicebush,northern spicebush,Lindera benzoin,vase,3-8,4,#f1f1e2,,#5b7a4b,,,part-sun,medium,"loamy,clay",,12,,,,#b3261e,6-11,light,LIBE3,Lindera benzoin (L.) Blume,Shrub,CAN:N|L48:N,Multiple Stem,Erect,Coarse,Moderate,Porous,No,Yes,No,No,Mid Spring,Spring and Summer,Summer,Fall,12.0,Medium,Low,Medium,No,Yes,Yes,4.5,6.0
lavender-thrift,lavender thrift,Limonium carolinianum,mound,3-5,6-8,#8f6fb3,,#5b7a4b,,,full-sun,high,"sandy,loamy,clay",,2,,,,#5b7ea3,6-11,light,LICA17,Limonium carolinianum (Walter) Britton,Forb/herb,CAN:N|L48:N,Single Crown,Erect,Medium,,,No,Yes,No,No,Summer,Spring,Summer,Fall,2.0,High,Low,High,Yes,Yes,Yes,6.0,8.5
japanese-privet,Japanese privet,Ligustrum japonicum,vase,3-8,6-8,#f1f1e2,,,,,shade,low,"sandy,loamy,clay",,10,,,,#3a3a34,6-11,heavy,LIJA,Ligustrum japonicum Thunb.,Shrub,L48:I|PR:I,Multiple Stem,Erect,Medium,Dense,Dense,Yes,Yes,Yes,No,Summer,Spring and Summer,Summer,Fall,10.0,Low,Medium,Low,Yes,Yes,Yes,5.5,6.9
lewis-flax,Lewis flax,Linum lewisii,mound,3-5,,#5b7ea3,,#5b7a4b,,,full-sun,medium,"sandy,loamy",,2.5,,,,#6b5a4a,6-8,moderate,LILE3,Linum lewisii Pursh,Forb/herb,AK:N|CAN:N|L48:N,Single Stem,Erect,Medium,Porous,Porous,No,Yes,No,No,Indeterminate,Spring,Summer,Summer,2.5,High,Medium,Medium,Yes,Yes,No,5.6,8.4
california-privet,California privet,Ligustrum ovalifolium,vase,3-8,6,#f1f1e2,,#5b7a4b,,,full-sun,medium,"loamy,clay",,16,,,,#3a3a34,6-11,moderate,LIOV,Ligustrum ovalifolium Hassk.,Shrub,CAN:I|L48:I|PR:I,Multiple Stem,Erect,Coarse,Dense,Dense,Yes,Yes,Yes,No,Early Summer,Spring and Summer,Summer,Fall,16.0,High,Medium,Medium,No,Yes,Yes,5.9,7.7
dotted-blazing-star,dotted blazing star,Liatris punctata,mound,6-8,7,#8f6fb3,,#5b7a4b,,,full-sun,medium,"sandy,loamy,clay",,2,,,,#6b5a4a,6-11,light,LIPU,Liatris punctata Hook.,Forb/herb,CAN:N|L48:N,Multiple Stem,Erect,Coarse,Moderate,Porous,No,Yes,No,No,Mid Summer,Summer,Summer,Fall,2.0,High,High,Medium,Yes,Yes,Yes,6.0,7.8
prairie-blazing-star,prairie blazing star,Liatris pycnostachya,mound,6-8,7,#8f6fb3,,#5b7a4b,,,full-sun,medium,"sandy,loamy,clay",,3.5,,,,#6b5a4a,6-11,moderate,LIPY,Liatris pycnostachya Michx.,Forb/herb,L48:N,Multiple Stem,Erect,Coarse,Moderate,Porous,No,Yes,No,No,Mid Summer,Summer,Summer,Fall,3.5,High,Medium,Medium,Yes,Yes,Yes,6.0,8.5
american-spongeplant,American spongeplant,Limnobium spongia,mound,3-5,4,#f1f1e2,,#5b7a4b,,,full-sun,high,"loamy,clay",,0.5,,,,#5b7a4b,3-11,heavy,LISP2,Limnobium spongia (Bosc) Rich. ex Steud.,Forb/herb,L48:N,Stoloniferous,Decumbent,Coarse,,,No,No,No,No,Mid Spring,Spring,Spring,Fall,0.5,High,None,High,No,Yes,Yes,5.0,5.9
appalachian-blazing-star,Appalachian blazing star,Liatris squarrulosa,mound,6-11,8,#8f6fb3,,#5b7a4b,,,part-sun,medium,"loamy,clay",,2.5,,,,#6b5a4a,6-11,light,LISQ2,Liatris squarrulosa Michx.,Forb/herb,L48:N,Bunch,Erect,Coarse,Moderate,Porous,No,Yes,No,No,Late Summer,Summer and Fall,Summer,Fall,2.5,Medium,Medium,Medium,No,Yes,Yes,5.4,7.5
ridged-yellow-flax,ridged yellow flax,Linum striatum,mound,3-5,6-8,#e8d24a,,#5b7a4b,,,shade,medium,"loamy,clay",,2.6,,,,#6b5a4a,9-11,moderate,LIST,Linum striatum Walter,Forb/herb,CAN:N|L48:N,Single Stem,Erect,Fine,Porous,Porous,No,No,Yes,No,Summer,Spring,Fall,Fall,2.6,Low,Low,Medium,No,Yes,Yes,5.0,8.0
sweetgum,sweetgum,Liquidambar styraciflua,tree,3-8,4,#5b7a4b,,#5b7a4b,,,full-sun,high,"sandy,loamy,clay",,100,,,,#6b5a4a,6-11,moderate,LIST2,Liquidambar styraciflua L.,Tree,L48:N,Single Stem,Erect,Medium,Dense,Porous,No,No,Yes,Yes,Mid Spring,Spring and Summer,Summer,Fall,100.0,High,Low,High,Yes,Yes,Yes,4.5,7.0
tuliptree,tuliptree,Liriodendron tulipifera,tree,3-8,4,#e8d24a,,#5b7a4b,,,full-sun,medium,"sandy,loamy",,120,,,,#6b5a4a,6-8,heavy,LITU,Liriodendron tulipifera L.,Tree,CAN:N|L48:N,Single Stem,Erect,Medium,Dense,Porous,No,Yes,Yes,Yes,Mid Spring,Spring and Summer,Summer,Summer,120.0,High,Low,Medium,Yes,Yes,No,4.5,6.5
european-privet,European privet,Ligustrum vulgare,vase,3-8,4,#f1f1e2,,#5b7a4b,,,part-sun,medium,"loamy,clay",,12,,,,#3a3a34,6-11,moderate,LIVU,Ligustrum vulgare L.,Shrub,CAN:I|L48:I,Multiple Stem,Erect,Medium,Dense,Moderate,No,Yes,Yes,No,Mid Spring,Spring and Summer,Summer,Fall,12.0,Medium,Medium,Medium,No,Yes,Yes,5.0,7.5
cardinalflower,cardinalflower,Lobelia cardinalis,mound,3-5,6-8,#b3261e,,#5b7a4b,,,shade,low,loamy,,5.9,,,,#5b7ea3,6-11,moderate,LOCA2,Lobelia cardinalis L.,Forb/herb,CAN:N|L48:N,Single Stem,Erect,Medium,,,No,Yes,No,No,Summer,Spring,Summer,Fall,5.9,Low,Medium,Low,No,Yes,No,5.8,7.8
bird-s-foot-trefoil,bird's-foot trefoil,Lotus corniculatus,mound,3-8,3-5,#e8d24a,,#5b7a4b,,,full-sun,medium,"sandy,loamy,clay",,2.4,,,,#6b5a4a,6-8,moderate,LOCO6,Lotus corniculatus L.,Forb/herb,CAN:I|L48:I|SPM:I,Single Crown,Semi-Erect,Medium,Porous,Porous,No,Yes,No,No,Spring,Spring and Summer,Summer,Summer,2.4,High,Medium,Medium,Yes,Yes,Yes,6.0,8.0
japanese-honeysuckle,Japanese honeysuckle,Lonicera japonica,low-climber,3-11,4,#f1f1e2,,#5b7a4b,,,shade,medium,"sandy,loamy,clay",,1,,,,#3a3a34,6-8,light,LOJA,Lonicera japonica Thunb.,Vine,CAN:I|HI:I|L48:I|PR:I,Stoloniferous,Prostrate,Medium,Dense,Moderate,Yes,Yes,Yes,No,Mid Spring,"Spring, Summer, Fall",Summer,Summer,1.0,Low,Medium,Medium,Yes,Yes,Yes,4.9,8.3
amur-honeysuckle,Amur honeysuckle,Lonicera maackii,vase,3-8,5,#e8d24a,,#5b7a4b,,,part-sun,medium,"sandy,loamy,clay",,16,,,,#b3261e,6-11,moderate,LOMA6,Lonicera maackii (Rupr.) Herder,Shrub,CAN:I|L48:I,Multiple Stem,Semi-Erect,Coarse,Dense,Moderate,No,Yes,Yes,Yes,Late Spring,Spring and Summer,Summer,Fall,16.0,Medium,Low,Medium,Yes,Yes,Yes,6.0,8.0
perennial-ryegrass,perennial ryegrass,Lolium perenne,grass,3-11,4,#e8d24a,,#5b7a4b,,,part-sun,medium,"loamy,clay",,3.5,,,,#6b5a4a,3-8,heavy,LOPE,Lolium perenne L.,Graminoid,AK:I|CAN:I|GL:I|HI:I|L48:I|PR:I|SPM:I,Bunch,Erect,Medium,Porous,Porous,No,No,No,No,Mid Spring,"Spring, Summer, Fall",Spring,Summer,3.5,Medium,Medium,Medium,No,Yes,Yes,5.2,8.0
italian-ryegrass,Italian ryegrass,Lolium perenne ssp. multiflorum,grass,3-8,3,#e8d24a,,#5b7a4b,,,part-sun,medium,"sandy,loamy,clay",,3,,,,#6b5a4a,3-5,heavy,LOPEM2,Lolium perenne L. ssp. multiflorum (Lam.) Husnot,Graminoid,AK:I|CAN:I|GL:I|HI:I|L48:I|SPM:I,Bunch,Erect,Fine,Porous,Porous,No,No,No,No,Early Spring,Spring and Summer,Spring,Spring,3.0,Medium,Low,Medium,Yes,Yes,Yes,5.0,7.9
wimmera-ryegrass,Wimmera ryegrass,Lolium rigidum,grass,"1,2,3,4,5,9,10,11,12",4,#e8d24a,,#5b7a4b,,,full-sun,medium,"sandy,loamy,clay",,3.5,,,,#6b5a4a,3-8,heavy,LORI,Lolium rigidum Gaudin,Graminoid,CAN:I|L48:I,Bunch,Erect,Medium,Porous,Porous,No,No,No,No,Mid Spring,"Fall, Winter and Spring",Spring,Summer,3.5,High,Low,Medium,Yes,Yes,Yes,6.0,8.5
trumpet-honeysuckle,trumpet honeysuckle,Lonicera sempervirens,low-climber,3-5,8,#b3261e,,#5b7a4b,,,shade,medium,"loamy,clay",,16,,,,#3a3a34,6-11,moderate,LOSE,Lonicera sempervirens L.,Vine,CAN:I|L48:N,Multiple Stem,Climbing,Medium,Dense,Dense,Yes,Yes,Yes,No,Late Summer,Spring,Summer,Fall,16.0,Low,Low,Medium,No,Yes,Yes,6.0,8.5
tatarian-honeysuckle,Tatarian honeysuckle,Lonicera tatarica,vase,3-8,4,#b3261e,,#5b7a4b,,,part-sun,medium,"sandy,loamy",,9,,,,#b3261e,6-8,moderate,LOTA,Lonicera tatarica L.,Shrub,AK:I|CAN:I|L48:I,Multiple Stem,Erect,Coarse,Dense,Moderate,No,Yes,Yes,No,Mid Spring,Spring and Summer,Summer,Summer,9.0,Medium,Medium,Medium,Yes,Yes,No,5.2,7.5
silvery-lupine,silvery lupine,Lupinus argenteus,mound,3-8,8,#5b7ea3,,,,,full-sun,low,"sandy,loamy,clay",,1.5,,,,#6b5a4a,6-11,heavy,LUAR3,Lupinus argenteus Pursh,Forb/herb,CAN:N|L48:N,Multiple Stem,Erect,Fine,Porous,Porous,No,Yes,Yes,No,Late Summer,Spring and Summer,Summer,Fall,1.5,High,Medium,Low,Yes,Yes,Yes,7.0,8.0
tailcup-lupine,tailcup lupine,Lupinus caudatus,mound,3-8,6-8,#5b7ea3,,#5b7a4b,,,full-sun,low,"sandy,loamy",,5,,,,#6b5a4a,3-11,moderate,LUCA,Lupinus caudatus Kellogg,Forb/herb,L48:N,Multiple Stem,Erect,Fine,Porous,Porous,No,Yes,Yes,No,Summer,Spring and Summer,Spring,Fall,5.0,High,Medium,Low,Yes,Yes,No,7.0,8.0
wingleaf-primrose-willow,wingleaf primrose-willow,Ludwigia decurrens,mound,6-8,7,#f1f1e2,,#5b7a4b,,,shade,high,"loamy,clay",,4.5,,,,#6b5a4a,6-11,moderate,LUDE4,Ludwigia decurrens Walter,Forb/herb,L48:N|PR:N,Single Crown,Erect,Medium,Moderate,Porous,No,No,No,No,Mid Summer,Summer,Summer,Fall,4.5,Low,None,High,No,Yes,Yes,4.0,6.0
big-bend-bluebonnet,Big Bend bluebonnet,Lupinus havardii,mound,3-11,3,#5b7ea3,,#5b7a4b,,,part-sun,low,"sandy,loamy",,20,,,,#6b5a4a,3-11,moderate,LUHA,Lupinus havardii S. Watson,Forb/herb,L48:N,Multiple Stem,Erect,Fine,Porous,Porous,No,Yes,Yes,No,Early Spring,"Spring, Summer, Fall",Spring,Fall,20.0,Medium,High,Low,Yes,Yes,No,7.5,8.0
marsh-seedbox,marsh seedbox,Ludwigia palustris,mound,6-8,3-5,#5b7a4b,,,,,full-sun,high,"sandy,loamy,clay",,0.2,,,,#e8d24a,6-11,light,LUPA,Ludwigia palustris (L.) Elliott,Forb/herb,CAN:N|HI:I|L48:N|PR:N,Stoloniferous,Prostrate,Fine,,,No,No,No,No,Spring,Summer,Summer,Fall,0.2,High,None,High,Yes,Yes,Yes,5.0,8.5
american-water-horehound,American water horehound,Lycopus americanus,mound,6-11,6,#f1f1e2,,#5b7a4b,,,shade,high,"loamy,clay",,1.8,,,,#6b5a4a,6-11,moderate,LYAM,Lycopus americanus Muhl. ex W.P.C. Barton,Forb/herb,CAN:N|L48:N,Single Crown,Erect,Coarse,Moderate,Porous,No,No,No,No,Early Summer,Summer and Fall,Summer,Fall,1.8,Low,Low,High,No,Yes,Yes,5.2,7.8
rough-bugleweed,rough bugleweed,Lycopus asper,mound,6-11,7,,,#5b7a4b,,,shade,high,"sandy,loamy,clay",,2.1,,,,#6b5a4a,6-11,moderate,LYAS,Lycopus asper Greene,Forb/herb,AK:N|CAN:N|L48:N,Single Crown,Erect,Coarse,Moderate,Porous,No,No,No,No,Mid Summer,Summer and Fall,Summer,Fall,2.1,Low,Low,High,Yes,Yes,Yes,6.0,8.0
carolina-desert-thorn,Carolina desert-thorn,Lycium carolinianum,vase,3-5,9-11,#8f6fb3,,#5b7a4b,,,full-sun,high,"sandy,loamy,clay",,9,,,,#b3261e,9-11,light,LYCA2,Lycium carolinianum Walter,Shrub,L48:N,Single Stem,Erect,Medium,Moderate,Porous,No,Yes,Yes,No,Fall,Spring,Fall,Fall,9.0,High,None,High,Yes,Yes,Yes,5.5,9.0
lanceleaf-loosestrife,lanceleaf loosestrife,Lysimachia lanceolata,mound,3-8,5,#8f6fb3,,#5b7a4b,,,shade,medium,"sandy,loamy,clay",,2.5,,,,#6b5a4a,6-11,moderate,LYLA,Lysimachia lanceolata Walter,Forb/herb,CAN:N|L48:N,Rhizomatous,Erect,Medium,Moderate,Porous,No,Yes,Yes,No,Late Spring,Spring and Summer,Summer,Fall,2.5,Low,Medium,Medium,Yes,Yes,Yes,5.0,7.0
maleberry,maleberry,Lyonia ligustrina,vase,,3-5,#f1f1e2,,#5b7a4b,,,shade,high,"loamy,clay",,9,,,,,3-12,,LYLI,Lyonia ligustrina (L.) DC.,Shrub,L48:N,,,Coarse,Moderate,Porous,No,No,No,No,Spring,,Spring,Winter,9.0,Low,High,,No,Yes,Yes,5.0,6.5
pale-desert-thorn,pale desert-thorn,Lycium pallidum,vase,6-8,3,#8f6fb3,,#5b7a4b,,,full-sun,medium,"sandy,loamy",,6,,,,,6-11,heavy,LYPA,Lycium pallidum Miers,Shrub,L48:N,Multiple Stem,Rounded,Medium,Moderate,Porous,No,Yes,Yes,Yes,Early Spring,Summer,Summer,Fall,6.0,High,High,Medium,Yes,Yes,No,7.0,8.5
taperleaf-water-horehound,taperleaf water horehound,Lycopus rubellus,mound,6-11,7,,,#5b7a4b,,,shade,high,"sandy,loamy,clay",,1.6,,,,#6b5a4a,6-11,moderate,LYRU,Lycopus rubellus Moench,Forb/herb,L48:N,Single Crown,Erect,Coarse,Moderate,Porous,No,No,No,No,Mid Summer,Summer and Fall,Summer,Fall,1.6,Low,Low,High,Yes,Yes,Yes,5.2,7.2
virginia-water-horehound,Virginia water horehound,Lycopus virginicus,mound,3-8,6-8,#f1f1e2,,,,,shade,high,"loamy,clay",,4,,,,#3a3a34,9-12,moderate,LYVI4,Lycopus virginicus L.,Forb/herb,CAN:N|L48:N,Stoloniferous,Erect,Medium,Porous,Porous,No,Yes,Yes,No,Summer,Spring and Summer,Fall,Winter,4.0,Low,Low,High,No,Yes,Yes,5.0,6.3
roving-sailor,roving sailor,Maurandella antirrhiniflora,mound,3-5,4,#8f6fb3,,#5b7a4b,,,full-sun,medium,"sandy,loamy,clay",,0.8,,,,#6b5a4a,3-5,moderate,MAAN9,Maurandella antirrhiniflora (Humb. & Bonpl. ex Willd.) Rothm.,Forb/herb,HI:I|L48:N,Single Crown,Prostrate,Medium,Porous,Porous,No,Yes,No,No,Mid Spring,Spring,Spring,Spring,0.8,High,Medium,Medium,Yes,Yes,Yes,6.8,9.0
purple-bushbean,purple bushbean,Macroptilium atropurpureum,mound,3-8,,#8f6fb3,,,,,part-sun,low,"sandy,loamy,clay",,4,,,,#6b5a4a,1-12,light,MAAT80,Macroptilium atropurpureum (Moc. & Sessé ex DC.) Urb.,Forb/herb,HI:I|L48:N|PR:N,Thicket Forming,Climbing,Fine,Dense,Moderate,Yes,Yes,Yes,Yes,Indeterminate,Spring and Summer,Year Round,Year Round,4.0,Medium,Medium,Low,Yes,Yes,Yes,5.0,8.0
cassava,cassava,Manihot esculenta,mound,1-12,,#5b7a4b,,#5b7a4b,,,full-sun,medium,"loamy,clay",,10,,,,#6b5a4a,1-12,,MAES,Manihot esculenta Crantz,Forb/herb,HI:I|L48:I|NAV:I|PB:I|PR:I|VI:I,Single Stem,Semi-Erect,Medium,Dense,Moderate,Yes,No,No,Yes,Indeterminate,Year Round,Year Round,Year Round,10.0,High,Low,Medium,No,Yes,Yes,5.0,5.5
southern-magnolia,southern magnolia,Magnolia grandiflora,tree,3-8,4,#f1f1e2,,#5b7a4b,,,shade,high,"loamy,clay",,100,,,,#b3261e,6-8,moderate,MAGR4,Magnolia grandiflora L.,Tree,L48:N|PR:I,Single Stem,Rounded,Coarse,Dense,Dense,Yes,Yes,Yes,Yes,Mid Spring,Spring and Summer,Summer,Summer,100.0,Low,Low,High,No,Yes,Yes,4.5,6.5
prairie-crab-apple,prairie crab apple,Malus ioensis,vase,3-8,4,#f1f1e2,,#5b7a4b,,,full-sun,medium,"sandy,loamy,clay",,25,,,,#5b7a4b,6-8,moderate,MAIO,Malus ioensis (Alph. Wood) Britton,Shrub,L48:N,Single Stem,Irregular,Medium,Dense,Moderate,No,Yes,Yes,Yes,Mid Spring,Spring and Summer,Summer,Summer,25.0,High,High,Medium,Yes,Yes,Yes,5.0,7.0
apple,apple,Malus,vase,3-8,4,#8f6fb3,,#5b7a4b,,,full-sun,medium,"sandy,loamy",,30,,,,#b3261e,6-11,moderate,MALUS,Malus Mill.,Shrub,AK:N|CAN:I|CAN:N|L48:I|L48:N|SPM:I,Multiple Stem,Erect,Coarse,Dense,Porous,No,Yes,Yes,Yes,Mid Spring,Spring and Summer,Summer,Fall,30.0,High,Medium,Medium,Yes,Yes,No,5.0,7.5
osage-orange,Osage-orange,Maclura pomifera,vase,3-8,5,#5b7a4b,,#5b7a4b,,,full-sun,medium,"sandy,loamy",,35,,,,#d98a3d,6-11,moderate,MAPO,Maclura pomifera (Raf.) C.K. Schneid.,Shrub,CAN:I|L48:N,Single Stem,Erect,Coarse,Dense,Porous,No,No,Yes,No,Late Spring,Spring and Summer,Summer,Fall,35.0,High,Medium,Medium,Yes,Yes,No,4.5,7.5
creeping-barberry,creeping barberry,Mahonia repens,vase,3-5,4,#e8d24a,,#5b7a4b,,,shade,medium,loamy,,2,,,,#5b7ea3,6-11,moderate,MARE11,Mahonia repens (Lindl.) G. Don,Shrub,CAN:N|L48:N,Stoloniferous,Semi-Erect,Coarse,Moderate,Moderate,Yes,Yes,Yes,Yes,Mid Spring,Spring,Summer,Fall,2.0,Low,High,Medium,No,Yes,No,5.5,7.5
tanseyleaf-tansyaster,tanseyleaf tansyaster,Machaeranthera tanacetifolia,mound,3-8,5,#8f6fb3,,#5b7a4b,,,full-sun,medium,loamy,,2,,,,#6b5a4a,6-8,moderate,MATA2,Machaeranthera tanacetifolia (Kunth) Nees,Forb/herb,CAN:N|L48:N,Single Crown,Erect,Medium,Porous,Porous,No,Yes,No,No,Late Spring,Spring and Summer,Summer,Summer,2.0,High,Medium,Medium,No,Yes,No,6.5,8.5
sweetbay,sweetbay,Magnolia virginiana,vase,3-8,6-8,#f1f1e2,,,,,part-sun,high,"sandy,loamy,clay",,60,,,,#3a3a34,6-12,moderate,MAVI2,Magnolia virginiana L.,Shrub,L48:N,Single Stem,Climbing,Medium,Moderate,Moderate,Yes,Yes,Yes,No,Summer,Spring and Summer,Summer,Winter,60.0,Medium,None,High,Yes,Yes,Yes,5.0,6.9
wild-mint,wild mint,Mentha arvensis,mound,3-5,3-5,#f1f1e2,,#5b7a4b,,,part-sun,medium,"loamy,clay",,2.6,,,,#6b5a4a,6-11,moderate,MEAR4,Mentha arvensis L.,Forb/herb,AK:N|CAN:N|L48:N|SPM:N,Single Stem,Erect,Medium,Moderate,Porous,No,Yes,No,No,Spring,Spring,Summer,Fall,2.6,Medium,Low,Medium,No,Yes,Yes,5.0,7.0
chinaberrytree,Chinaberrytree,Melia azedarach,vase,1-12,,#8f6fb3,,#5b7a4b,,,full-sun,low,"sandy,loamy,clay",,50,,,,#6b5a4a,1-12,heavy,MEAZ,Melia azedarach L.,Shrub,HI:I|L48:I|NAV:I|PB:I|PR:I|VI:I,Single Stem,Irregular,Fine,Dense,Dense,Yes,Yes,Yes,No,Indeterminate,Year Round,Year Round,Year Round,50.0,High,High,Low,Yes,Yes,Yes,4.0,8.0
oniongrass,oniongrass,Melica bulbosa,grass,3-8,5,#e8d24a,,#5b7a4b,,,part-sun,low,"sandy,loamy,clay",,1.8,,,,#6b5a4a,6-8,light,MEBU,Melica bulbosa Geyer ex Porter & J.M. Coult.,Graminoid,CAN:N|L48:N,Bunch,Erect,Fine,Porous,Porous,No,No,No,No,Late Spring,Spring and Summer,Summer,Summer,1.8,Medium,High,Low,Yes,Yes,Yes,5.5,8.0
tenpetal-blazingstar,tenpetal blazingstar,Mentzelia decapetala,mound,3-8,7,#f1f1e2,,#5b7a4b,,,full-sun,medium,"sandy,loamy",,3.5,,,,#6b5a4a,6-11,moderate,MEDE2,Mentzelia decapetala (Pursh ex Sims) Urb. & Gilg ex Gilg,Forb/herb,CAN:N|L48:N,Single Crown,Erect,Coarse,Porous,Porous,No,Yes,No,No,Mid Summer,Spring and Summer,Summer,Fall,3.5,High,High,Medium,Yes,Yes,No,6.0,8.4
annual-yellow-sweetclover,annual yellow sweetclover,Melilotus indicus,mound,"1,2,3,4,5,9,10,11,12",3,#e8d24a,,#5b7a4b,,,full-sun,medium,loamy,,2.5,,,,#6b5a4a,3-5,heavy,MEIN2,Melilotus indicus (L.) All.,Forb/herb,CAN:I|GL:I|HI:I|L48:I|PB:I,Single Crown,Erect,Fine,Moderate,Porous,No,Yes,No,No,Early Spring,"Fall, Winter and Spring",Spring,Spring,2.5,High,Medium,Medium,No,Yes,No,6.1,8.2
black-medick,black medick,Medicago lupulina,mound,"1,2,3,4,5,9,10,11,12",6-8,#e8d24a,,,,,full-sun,medium,"loamy,clay",,2,,,,#6b5a4a,6-11,heavy,MELU,Medicago lupulina L.,Forb/herb,AK:I|CAN:I|GL:I|HI:I|L48:I|PB:I|SPM:I,Single Crown,Decumbent,Fine,Porous,Porous,No,No,Yes,No,Summer,"Fall, Winter and Spring",Summer,Fall,2.0,High,None,Medium,No,Yes,Yes,5.5,8.0
sweetclover,sweetclover,Melilotus officinalis,mound,3-8,6-8,#e8d24a,,#5b7a4b,,,full-sun,medium,"sandy,loamy,clay",,6,,,,#e8d24a,6-8,heavy,MEOF,Melilotus officinalis (L.) Lam.,Forb/herb,AK:I|CAN:I|GL:I|HI:I|L48:I|PB:I|PR:I|SPM:I,Single Crown,Erect,Coarse,Porous,Porous,No,Yes,No,No,Summer,Spring and Summer,Summer,Summer,6.0,High,High,Medium,Yes,Yes,Yes,6.5,8.2
burclover,burclover,Medicago polymorpha,mound,"1,2,3,4,5,9,10,11,12","1,2,12",#e8d24a,,,,,full-sun,medium,"loamy,clay",,1.3,,,,#6b5a4a,3-8,heavy,MEPO3,Medicago polymorpha L.,Forb/herb,AK:I|CAN:I|HI:I|L48:I|PB:I,Single Crown,Prostrate,Fine,Porous,Porous,No,No,Yes,No,Winter,"Fall, Winter and Spring",Spring,Summer,1.3,High,None,Medium,No,Yes,Yes,5.9,8.2
alfalfa,alfalfa,Medicago sativa,mound,3-11,3-5,#8f6fb3,,#5b7a4b,,,full-sun,medium,"loamy,clay",,2,,,,#6b5a4a,6-8,moderate,MESA,Medicago sativa L.,Forb/herb,AK:I|CAN:I|HI:I|L48:I|PR:I|VI:I,Single Crown,Erect,Fine,Moderate,Porous,No,Yes,No,Yes,Spring,"Spring, Summer, Fall",Summer,Summer,2.0,High,High,Medium,No,Yes,Yes,6.2,8.5
rough-menodora,rough menodora,Menodora scabra,mound,3-8,6,#e8d24a,,#5b7a4b,,,full-sun,low,"sandy,loamy",,1,,,,#e8d24a,6-11,moderate,MESC,Menodora scabra A. Gray,Forb/herb,L48:N,Multiple Stem,Erect,Medium,Porous,Porous,No,Yes,Yes,No,Early Summer,Spring and Summer,Summer,Fall,1.0,High,High,Low,Yes,Yes,No,6.6,8.4
sharpwing-monkeyflower,sharpwing monkeyflower,Mimulus alatus,mound,3-5,6-8,#5b7ea3,,#5b7a4b,,,shade,high,"loamy,clay",,2.3,,,,#3a3a34,6-11,heavy,MIAL2,Mimulus alatus Aiton,Forb/herb,CAN:N|L48:N,Single Stem,Erect,Medium,Porous,Porous,No,Yes,No,No,Summer,Spring,Summer,Fall,2.3,Low,None,High,No,Yes,Yes,6.2,7.8
colorado-four-o-clock,Colorado four o'clock,Mirabilis multiflora,mound,3-8,5,#8f6fb3,,#5b7a4b,,,full-sun,low,"sandy,loamy",,2,,,,#6b5a4a,6-8,moderate,MIMU,Mirabilis multiflora (Torr.) A. Gray,Forb/herb,L48:N,Single Crown,Semi-Erect,Medium,Moderate,Porous,No,Yes,No,No,Late Spring,Spring and Summer,Summer,Summer,2.0,High,High,Low,Yes,Yes,No,6.5,8.5
climbing-hempvine,climbing hempvine,Mikania scandens,mound,6-8,6-8,#f1f1e2,,#5b7a4b,,,shade,medium,"loamy,clay",,1,,,,#5b7ea3,6-11,heavy,MISC,Mikania scandens (L.) Willd.,Forb/herb,CAN:I|L48:N,Single Crown,Climbing,Medium,,,No,Yes,Yes,Yes,Summer,Summer,Summer,Fall,1.0,Low,Low,Medium,No,Yes,Yes,5.7,8.7
white-mulberry,white mulberry,Morus alba,vase,3-8,3,#5b7a4b,,#5b7a4b,,,part-sun,low,"sandy,loamy,clay",,50,,,,#8f6fb3,3-8,heavy,MOAL,Morus alba L.,Shrub,CAN:I|HI:I|L48:I,Single Stem,Rounded,Medium,Moderate,Porous,No,No,Yes,No,Early Spring,Spring and Summer,Spring,Summer,50.0,Medium,Medium,Low,Yes,Yes,Yes,5.0,7.0
southern-bayberry,southern bayberry,Morella caroliniensis,vase,3-5,3-5,#5b7a4b,,,,,shade,medium,"sandy,loamy,clay",,7,,,,#f1f1e2,6-11,moderate,MOCA7,Morella caroliniensis (Mill.) Small,Shrub,L48:N,Multiple Stem,Erect,Medium,Dense,Dense,Yes,No,Yes,No,Spring,Spring,Summer,Fall,7.0,Low,Low,Medium,Yes,Yes,Yes,4.5,7.0
wax-myrtle,wax myrtle,Morella cerifera,vase,3-8,3-5,#f1f1e2,,#5b7a4b,,,full-sun,high,"sandy,loamy,clay",,10,,,,#5b7ea3,6-11,heavy,MOCE2,Morella cerifera (L.) Small,Shrub,HI:I|L48:N|PR:N,Rhizomatous,Erect,Coarse,,Moderate,Yes,No,Yes,No,Spring,Spring and Summer,Summer,Fall,10.0,High,Medium,High,Yes,Yes,Yes,5.4,9.1
wild-bergamot,wild bergamot,Monarda fistulosa,mound,3-5,6-8,#b3261e,,,,,part-sun,high,"loamy,clay",,4.9,,,,#6b5a4a,6-11,moderate,MOFI,Monarda fistulosa L.,Forb/herb,CAN:N|L48:N,Single Stem,Erect,Medium,Moderate,Porous,No,Yes,No,No,Summer,Spring,Summer,Fall,4.9,Medium,None,High,No,Yes,Yes,6.0,8.0
mintleaf-bergamot,mintleaf bergamot,Monarda fistulosa ssp. fistulosa var. menthifolia,mound,3-8,5,#8f6fb3,,#5b7a4b,,,part-sun,medium,"sandy,loamy,clay",,3,,,,#6b5a4a,6-11,moderate,MOFIM2,Monarda fistulosa L. ssp. fistulosa var. menthifolia (Graham) Fernald,Forb/herb,CAN:N|L48:N,Rhizomatous,Erect,Coarse,Porous,Porous,No,Yes,No,No,Late Spring,Spring and Summer,Summer,Fall,3.0,Medium,Low,Medium,Yes,Yes,Yes,6.5,8.5
nuttall-s-povertyweed,Nuttall's povertyweed,Monolepis nuttalliana,mound,3-8,4,#5b7a4b,,,,,full-sun,medium,"loamy,clay",,0.8,,,,#6b5a4a,6-8,moderate,MONU,Monolepis nuttalliana (Schult.) Greene,Forb/herb,AK:N|CAN:N|L48:N,Single Crown,Decumbent,Coarse,Porous,Porous,No,No,No,No,Mid Spring,Spring and Summer,Summer,Summer,0.8,High,Medium,Medium,No,Yes,Yes,6.5,9.0
red-mulberry,red mulberry,Morus rubra,tree,3-8,3,#5b7a4b,,#5b7a4b,,,shade,medium,"sandy,loamy,clay",,70,,,,#8f6fb3,3-8,heavy,MORU2,Morus rubra L.,Tree,CAN:N|L48:N,Single Stem,Rounded,Medium,Moderate,Porous,No,No,Yes,No,Early Spring,Spring and Summer,Spring,Summer,70.0,Low,Medium,Medium,Yes,Yes,Yes,5.0,7.0
scratchgrass,scratchgrass,Muhlenbergia asperifolia,grass,3-11,6,#8f6fb3,,,,,shade,high,"loamy,clay",,2,,,,#6b5a4a,6-11,light,MUAS,Muhlenbergia asperifolia (Nees & Meyen ex Trin.) Parodi,Graminoid,CAN:N|L48:N,Rhizomatous,Decumbent,Medium,Porous,Porous,No,No,No,No,Early Summer,"Spring, Summer, Fall",Summer,Fall,2.0,Low,Low,High,No,Yes,Yes,6.0,8.4
hairawn-muhly,hairawn muhly,Muhlenbergia capillaris,grass,3-8,9-11,#b3261e,,,,,full-sun,high,"sandy,loamy,clay",,3,,,,#8f6fb3,9-12,heavy,MUCA2,Muhlenbergia capillaris (Lam.) Trin.,Graminoid,L48:N|PR:N,Bunch,Erect,Fine,Dense,Moderate,No,No,No,Yes,Fall,Spring and Summer,Fall,Winter,3.0,High,Low,High,Yes,Yes,Yes,5.8,6.8
gulfhairawn-muhly,gulfhairawn muhly,Muhlenbergia filipes,grass,3-8,9-11,#b3261e,,,,,full-sun,high,"sandy,loamy,clay",,3,,,,#8f6fb3,9-12,heavy,MUFI3,Muhlenbergia filipes M.A. Curtis,Graminoid,L48:N,Bunch,Erect,Fine,Dense,Moderate,No,No,No,Yes,Fall,Spring and Summer,Fall,Winter,3.0,High,Low,High,Yes,Yes,Yes,6.4,7.2
wirestem-muhly,wirestem muhly,Muhlenbergia frondosa,grass,3-11,3-5,#e8d24a,,#5b7a4b,,,shade,medium,"loamy,clay",,2,,,,#6b5a4a,6-11,heavy,MUFR2,Muhlenbergia frondosa (Poir.) Fernald,Graminoid,CAN:N|L48:N,Rhizomatous,Prostrate,Medium,Porous,Porous,No,No,No,No,Spring,"Spring, Summer, Fall",Summer,Fall,2.0,Low,Low,Medium,No,Yes,Yes,5.9,7.9
mexican-muhly,Mexican muhly,Muhlenbergia mexicana,grass,3-11,8,#5b7a4b,,#5b7a4b,,,part-sun,medium,loamy,,3,,,,#6b5a4a,6-11,light,MUME2,Muhlenbergia mexicana (L.) Trin.,Graminoid,CAN:N|HI:I|L48:N,Rhizomatous,Semi-Erect,Medium,Porous,Porous,No,No,No,No,Late Summer,"Spring, Summer, Fall",Summer,Fall,3.0,Medium,Low,Medium,No,Yes,No,5.5,7.5
mountain-muhly,mountain muhly,Muhlenbergia montana,grass,3-5,6,#e8d24a,,#5b7a4b,,,full-sun,medium,"sandy,loamy",,1.5,,,,#6b5a4a,6-8,heavy,MUMO,Muhlenbergia montana (Nutt.) Hitchc.,Graminoid,L48:N,Bunch,Erect,Fine,Moderate,Porous,No,No,No,No,Early Summer,Spring,Summer,Summer,1.5,High,High,Medium,Yes,Yes,No,6.5,7.5
bush-muhly,bush muhly,Muhlenbergia porteri,grass,3-11,5,#e8d24a,,#5b7a4b,,,part-sun,medium,"sandy,loamy,clay",,2.8,,,,#6b5a4a,6-8,light,MUPO2,Muhlenbergia porteri Scribn. ex Beal,Graminoid,L48:N,Single Crown,Decumbent,Fine,Dense,Moderate,Yes,No,No,No,Late Spring,"Spring, Summer, Fall",Summer,Summer,2.8,Medium,High,Medium,Yes,Yes,Yes,6.2,8.0
sandhill-muhly,sandhill muhly,Muhlenbergia pungens,grass,3-5,8,#e8d24a,,#5b7a4b,,,full-sun,low,"sandy,loamy",,1.5,,,,#6b5a4a,6-11,light,MUPU2,Muhlenbergia pungens Thurb.,Graminoid,L48:N,Rhizomatous,Erect,Fine,Moderate,Porous,No,No,No,No,Late Summer,Spring,Summer,Fall,1.5,High,High,Low,Yes,Yes,No,5.0,7.0
marsh-muhly,marsh muhly,Muhlenbergia racemosa,grass,3-11,8,#5b7a4b,,#5b7a4b,,,shade,medium,"sandy,loamy,clay",,3,,,,#6b5a4a,6-11,light,MURA,"Muhlenbergia racemosa (Michx.) Britton, Sterns & Poggenb.",Graminoid,CAN:N|L48:N,Rhizomatous,Semi-Erect,Medium,Porous,Porous,No,No,No,No,Late Summer,"Spring, Summer, Fall",Summer,Fall,3.0,Low,Low,Medium,Yes,Yes,Yes,5.9,8.0
creeping-muhly,creeping muhly,Muhlenbergia repens,grass,3-8,7,#e8d24a,,#5b7a4b,,,full-sun,low,"sandy,loamy",,1,,,,#6b5a4a,6-11,light,MURE,Muhlenbergia repens (J. Presl) Hitchc.,Graminoid,L48:N,Rhizomatous,Decumbent,Medium,Porous,Porous,No,No,No,No,Mid Summer,Spring and Summer,Summer,Fall,1.0,High,High,Low,Yes,Yes,No,5.0,7.0
deergrass,deergrass,Muhlenbergia rigens,grass,3-8,5,#e8d24a,,#5b7a4b,,,part-sun,low,"sandy,loamy",,4.5,,,,#6b5a4a,6-8,moderate,MURI2,Muhlenbergia rigens (Benth.) Hitchc.,Graminoid,L48:N,Bunch,Erect,Coarse,Dense,Moderate,No,No,No,No,Late Spring,Spring and Summer,Summer,Summer,4.5,Medium,High,Low,Yes,Yes,No,5.5,7.5
nimblewill,nimblewill,Muhlenbergia schreberi,grass,3-5,6-8,#5b7a4b,,#5b7a4b,,,shade,low,"loamy,clay",,3.2,,,,#e8d24a,6-11,light,MUSC,Muhlenbergia schreberi J.F. Gmel.,Graminoid,CAN:N|L48:N,Multiple Stem,Erect,Fine,Porous,Porous,No,No,No,No,Summer,Spring,Summer,Fall,3.2,Low,Medium,Low,No,Yes,Yes,4.5,7.5
woodland-muhly,woodland muhly,Muhlenbergia sylvatica,grass,3-11,7,#e8d24a,,#5b7a4b,,,part-sun,medium,loamy,,3,,,,#6b5a4a,6-11,light,MUSY,Muhlenbergia sylvatica (Torr.) Torr. ex A. Gray,Graminoid,CAN:N|L48:N,Rhizomatous,Semi-Erect,Medium,Porous,Porous,No,No,No,No,Mid Summer,"Spring, Summer, Fall",Summer,Fall,3.0,Medium,Low,Medium,No,Yes,No,5.9,7.5
spike-muhly,spike muhly,Muhlenbergia wrightii,grass,3-5,6,#e8d24a,,#5b7a4b,,,full-sun,medium,"sandy,loamy",,2,,,,#6b5a4a,6-11,moderate,MUWR,Muhlenbergia wrightii Vasey ex J.M. Coult.,Graminoid,L48:N,Bunch,Erect,Fine,Moderate,Porous,No,No,No,No,Early Summer,Spring,Summer,Fall,2.0,High,Medium,Medium,Yes,Yes,No,5.8,7.5
tiny-mousetail,tiny mousetail,Myosurus minimus,mound,3-8,4,#5b7a4b,,#5b7a4b,,,part-sun,medium,"loamy,clay",,0.4,,,,#6b5a4a,3-8,light,MYMI2,Myosurus minimus L.,Forb/herb,CAN:N|L48:N,Single Crown,Semi-Erect,Medium,Porous,Porous,No,No,No,No,Mid Spring,Spring and Summer,Spring,Summer,0.4,Medium,Low,Medium,No,Yes,Yes,5.2,7.5
sacred-bamboo,sacred bamboo,Nandina domestica,vase,3-8,6,#f1f1e2,,#5b7a4b,,,shade,high,"sandy,loamy,clay",,8,,,,#b3261e,6-11,heavy,NADO,Nandina domestica Thunb.,Shrub,L48:I|PB:I,Multiple Stem,Erect,Fine,Moderate,Moderate,Yes,Yes,Yes,No,Early Summer,Spring and Summer,Summer,Fall,8.0,Low,Low,High,Yes,Yes,Yes,4.5,6.0
southern-waternymph,southern waternymph,Najas guadalupensis,mound,6-8,6-8,#5b7a4b,,,,,full-sun,high,"sandy,loamy,clay",,1,,,,#6b5a4a,6-11,moderate,NAGU,Najas guadalupensis (Spreng.) Magnus,Forb/herb,CAN:N|HI:I|L48:N|PR:N,Single Crown,Prostrate,Fine,,,No,No,No,No,Summer,Summer,Summer,Fall,1.0,High,None,High,Yes,Yes,Yes,5.2,9.6
brittle-waternymph,brittle waternymph,Najas minor,mound,3-8,8,#5b7a4b,,#5b7a4b,,,part-sun,high,"loamy,clay",,2,,,,#5b7a4b,6-11,moderate,NAMI,Najas minor All.,Forb/herb,CAN:I|L48:I,Colonizing,Semi-Erect,Fine,Porous,Porous,No,No,No,No,Late Summer,Spring and Summer,Summer,Fall,2.0,Medium,None,High,No,Yes,Yes,6.3,7.2
peppervine,peppervine,Nekemias arborea,vase,6-8,5,#5b7a4b,,#5b7a4b,,,shade,medium,"sandy,loamy,clay",,0.1,,,,#3a3a34,3-8,light,NEAR5,Nekemias arborea (L.) J. Wen & Boggan,Shrub,L48:N|PR:N,Multiple Stem,Climbing,Medium,Porous,Porous,No,No,No,No,Late Spring,Summer,Spring,Summer,0.1,Low,Medium,Medium,Yes,Yes,Yes,4.0,8.0
american-lotus,American lotus,Nelumbo lutea,mound,6-8,7,#e8d24a,,#5b7a4b,,,full-sun,high,"sandy,loamy,clay",,3,,,,#6b5a4a,6-11,moderate,NELU,Nelumbo lutea Willd.,Forb/herb,CAN:N|L48:N,Rhizomatous,Erect,Coarse,,,No,Yes,Yes,No,Mid Summer,Summer,Summer,Fall,3.0,High,None,High,Yes,Yes,Yes,4.6,8.7
oleander,oleander,Nerium oleander,vase,3-11,6-8,#b3261e,,#5b7a4b,,,full-sun,low,"sandy,loamy,clay",,12,,,,#6b5a4a,6-11,moderate,NEOL,Nerium oleander L.,Shrub,L48:I|PB:I|PR:I|VI:I,Multiple Stem,Erect,Coarse,Dense,Dense,Yes,Yes,No,Yes,Summer,"Spring, Summer, Fall",Summer,Fall,12.0,High,High,Low,Yes,Yes,Yes,5.5,7.8
water-tupelo,water tupelo,Nyssa aquatica,tree,3-8,4,#5b7a4b,,#5b7a4b,,,full-sun,high,"sandy,loamy,clay",,100,,,,#8f6fb3,6-11,moderate,NYAQ2,Nyssa aquatica L.,Tree,L48:N,Single Stem,Erect,Coarse,Moderate,Porous,No,No,No,Yes,Mid Spring,Spring and Summer,Summer,Fall,100.0,High,None,High,Yes,Yes,Yes,4.3,5.7
swamp-tupelo,swamp tupelo,Nyssa biflora,tree,3-8,5,#5b7a4b,,#5b7a4b,,,full-sun,high,"loamy,clay",,115,,,,#5b7ea3,6-11,moderate,NYBI,Nyssa biflora Walter,Tree,L48:N,Single Stem,Erect,Coarse,Dense,Porous,No,No,No,Yes,Late Spring,Spring and Summer,Summer,Fall,115.0,High,None,High,No,Yes,Yes,4.5,5.7
yellow-waterlily,yellow waterlily,Nymphaea mexicana,mound,3-5,3-5,#e8d24a,,#5b7a4b,,,full-sun,high,"loamy,clay",,,,,,#6b5a4a,3-5,moderate,NYME,Nymphaea mexicana Zucc.,Forb/herb,CAN:I|L48:N,Rhizomatous,Decumbent,Coarse,,,No,Yes,No,No,Spring,Spring,Spring,Spring,,High,None,High,No,Yes,Yes,5.0,9.0
blackgum,blackgum,Nyssa sylvatica,tree,3-8,5,#5b7a4b,,#5b7a4b,,,shade,medium,"sandy,loamy",,95,,,,#5b7ea3,6-11,moderate,NYSY,Nyssa sylvatica Marshall,Tree,CAN:N|L48:N,Single Stem,Erect,Coarse,Dense,Porous,No,No,No,Yes,Late Spring,Spring and Summer,Summer,Fall,95.0,Low,Low,Medium,Yes,Yes,No,4.5,6.0
common-evening-primrose,common evening primrose,Oenothera biennis,mound,3-11,5,#e8d24a,,#5b7a4b,,,full-sun,medium,"sandy,loamy,clay",,5,,,,#6b5a4a,6-11,heavy,OEBI,Oenothera biennis L.,Forb/herb,CAN:N|L48:N,Single Crown,Erect,Coarse,Dense,Porous,No,Yes,No,No,Late Spring,"Spring, Summer, Fall",Summer,Fall,5.0,High,Medium,Medium,Yes,Yes,Yes,5.0,7.0
tufted-evening-primrose,tufted evening primrose,Oenothera caespitosa,mound,3-8,5,#f1f1e2,,#5b7a4b,,,full-sun,low,"sandy,loamy",,0.5,,,,#6b5a4a,6-11,heavy,OECA10,Oenothera caespitosa Nutt.,Forb/herb,CAN:N|L48:N,Single Crown,Decumbent,Medium,Porous,Porous,No,Yes,No,No,Late Spring,Spring and Summer,Summer,Fall,0.5,High,High,Low,Yes,Yes,No,6.5,8.0
hooker-s-evening-primrose,Hooker's evening primrose,Oenothera elata,mound,3-8,7,#e8d24a,,#5b7a4b,,,full-sun,high,"sandy,loamy",,5,,,,#6b5a4a,6-11,moderate,OEEL,Oenothera elata Kunth,Forb/herb,L48:N,Bunch,Erect,Fine,Porous,Porous,No,Yes,No,Yes,Mid Summer,Spring and Summer,Summer,Fall,5.0,High,Low,High,Yes,Yes,No,5.5,7.5
yellow-evening-primrose,yellow evening primrose,Oenothera flava,mound,3-8,4,#e8d24a,,#5b7a4b,,,part-sun,medium,"sandy,loamy",,2.5,,,,#6b5a4a,3-8,moderate,OEFL,Oenothera flava (A. Nelson) Garrett,Forb/herb,CAN:N|L48:N,Bunch,Erect,Medium,Porous,Porous,No,Yes,No,No,Mid Spring,Spring and Summer,Spring,Summer,2.5,Medium,Low,Medium,Yes,Yes,No,6.0,7.8
pale-evening-primrose,pale evening primrose,Oenothera pallida,mound,3-8,5,#f1f1e2,,#5b7a4b,,,full-sun,low,"sandy,loamy",,2,,,,#6b5a4a,3-8,heavy,OEPA,Oenothera pallida Lindl.,Forb/herb,CAN:N|L48:N,Rhizomatous,Erect,Fine,Porous,Porous,No,Yes,No,No,Late Spring,Spring and Summer,Spring,Summer,2.0,High,High,Low,Yes,Yes,No,6.0,8.0
meadow-evening-primrose,meadow evening primrose,Oenothera pilosella,mound,3-8,5,#8f6fb3,,,,,part-sun,medium,loamy,,2,,,,#6b5a4a,3-8,moderate,OEPI2,Oenothera pilosella Raf.,Forb/herb,CAN:N|L48:N,Stoloniferous,Semi-Erect,Fine,Moderate,Porous,No,Yes,No,No,Late Spring,Spring and Summer,Spring,Summer,2.0,Medium,Low,Medium,No,Yes,No,5.8,7.2
stiff-goldenrod,stiff goldenrod,Oligoneuron rigidum var. rigidum,mound,3-8,8,#e8d24a,,#5b7a4b,,,part-sun,medium,"sandy,loamy",,3.6,,,,#6b5a4a,6-11,heavy,OLRIR,Oligoneuron rigidum (L.) Small var. rigidum,Forb/herb,CAN:N|L48:N,Rhizomatous,Erect,Coarse,Dense,Porous,No,Yes,No,No,Late Summer,Spring and Summer,Summer,Fall,3.6,Medium,High,Medium,Yes,Yes,No,5.0,7.5
barbary-fig,Barbary fig,Opuntia ficus-indica,vase,6-8,7,#b3261e,,#5b7a4b,,,full-sun,low,"sandy,loamy,clay",,10,,,,,6-11,heavy,OPFI,Opuntia ficus-indica (L.) Mill.,Shrub,HI:I|L48:I|PR:I,Multiple Stem,Irregular,Coarse,Porous,Porous,Yes,Yes,Yes,No,Mid Summer,Summer,Summer,Fall,10.0,High,High,Low,Yes,Yes,Yes,7.0,8.5
plains-pricklypear,plains pricklypear,Opuntia polyacantha,vase,3-11,5,#e8d24a,,#5b7a4b,,,full-sun,low,"sandy,loamy,clay",,2,,,,#b3261e,6-11,heavy,OPPO,Opuntia polyacantha Haw.,Shrub,CAN:N|L48:N,Stoloniferous,Decumbent,Coarse,Porous,Porous,Yes,Yes,Yes,No,Late Spring,"Spring, Summer, Fall",Summer,Fall,2.0,High,High,Low,Yes,Yes,Yes,7.0,8.8
cinnamon-fern,cinnamon fern,Osmunda cinnamomea,mound,"3,4,5,9,10,11",3-5,#d98a3d,,#5b7a4b,,,shade,medium,"loamy,clay",,4.9,,,,#6b5a4a,3-5,moderate,OSCI,Osmunda cinnamomea L.,Forb/herb,CAN:N|L48:N|PR:N|SPM:N,Bunch,Erect,Fine,Moderate,Porous,No,No,No,No,Spring,Spring and Fall,Spring,Spring,4.9,Low,Medium,Medium,No,Yes,Yes,4.5,7.0
royal-fern-osre,royal fern,Osmunda regalis,mound,3-11,,,,,,,shade,high,"sandy,loamy,clay",,6,,,,,,,OSRE,Osmunda regalis L.,Forb/herb,CAN:N|L48:N|SPM:N,Rhizomatous,Semi-Erect,Fine,Dense,Porous,No,No,No,Yes,,"Spring, Summer, Fall",,,6.0,Low,Low,High,Yes,Yes,Yes,4.0,6.0
royal-fern-osres,royal fern,Osmunda regalis var. spectabilis,mound,3-5,5,,,#5b7a4b,,,shade,medium,"sandy,loamy,clay",,4.5,,,,,3-8,light,OSRES,Osmunda regalis L. var. spectabilis (Willd.) A. Gray,Forb/herb,CAN:N|L48:N|SPM:N,Rhizomatous,Erect,Fine,Moderate,Porous,No,No,No,No,Late Spring,Spring,Spring,Summer,4.5,Low,Low,Medium,Yes,Yes,Yes,4.3,5.2
hophornbeam,hophornbeam,Ostrya virginiana,vase,3-8,4,#e8d24a,,#5b7a4b,,,shade,low,"sandy,loamy,clay",,45,,,,#6b5a4a,6-8,light,OSVI,Ostrya virginiana (Mill.) K. Koch,Shrub,CAN:N|L48:N,Single Stem,Erect,Medium,Moderate,Porous,No,No,No,No,Mid Spring,Spring and Summer,Summer,Summer,45.0,Low,Medium,Low,Yes,Yes,Yes,4.2,7.6
alpine-mountainsorrel,alpine mountainsorrel,Oxyria digyna,mound,6-8,7,#5b7a4b,,#5b7a4b,,,part-sun,medium,"sandy,loamy",,1,,,,#6b5a4a,6-8,light,OXDI3,Oxyria digyna (L.) Hill,Forb/herb,AK:N|CAN:N|GL:N|L48:N,Single Crown,Erect,Fine,Porous,Porous,No,No,No,No,Mid Summer,Summer,Summer,Summer,1.0,Medium,Low,Medium,Yes,Yes,No,6.0,8.0
purple-locoweed,purple locoweed,Oxytropis lambertii,mound,3-8,4,#b3261e,,,,,full-sun,low,"sandy,loamy",,1.4,,,,#6b5a4a,3-8,moderate,OXLA3,Oxytropis lambertii Pursh,Forb/herb,CAN:N|L48:N,Single Crown,Semi-Erect,Medium,Porous,Porous,No,Yes,No,No,Mid Spring,Spring and Summer,Spring,Summer,1.4,High,Medium,Low,Yes,Yes,No,6.4,9.0
bitter-panicgrass,bitter panicgrass,Panicum amarum,grass,6-8,7,#e8d24a,,#5b7a4b,,,full-sun,medium,"sandy,loamy",,5,,,,#6b5a4a,6-11,,PAAM2,Panicum amarum Elliott,Graminoid,L48:N,Rhizomatous,Erect,Coarse,Porous,Porous,No,No,No,No,Mid Summer,Summer,Summer,Fall,5.0,High,High,Medium,Yes,Yes,No,5.0,7.6
blue-panicum,blue panicum,Panicum antidotale,grass,6-8,7,#e8d24a,,#5b7a4b,,,full-sun,high,"loamy,clay",,6,,,,#6b5a4a,6-11,heavy,PAAN4,Panicum antidotale Retz.,Graminoid,HI:I|L48:I,Bunch,Erect,Coarse,Dense,Moderate,No,No,No,No,Mid Summer,Summer,Summer,Fall,6.0,High,Medium,High,No,Yes,Yes,6.0,8.0
golden-ragwort,golden ragwort,Packera aurea,mound,3-5,3,#e8d24a,,#5b7a4b,,,shade,high,"loamy,clay",,3.9,,,,#6b5a4a,6-8,moderate,PAAU3,Packera aurea (L.) Á. Löve & D. Löve,Forb/herb,CAN:N|L48:N|SPM:N,Rhizomatous,Erect,Fine,Porous,,No,Yes,No,No,Early Spring,Spring,Summer,Summer,3.9,Low,Low,High,No,Yes,Yes,4.5,8.5
hilograss,hilograss,Paspalum conjugatum,grass,1-12,,#e8d24a,,#5b7a4b,,,shade,medium,"sandy,loamy,clay",,3,,,,#f1f1e2,1-12,heavy,PACO14,Paspalum conjugatum P.J. Bergius,Graminoid,HI:I|L48:N|PB:I|PR:N|VI:N,Stoloniferous,Decumbent,Medium,Moderate,Moderate,Yes,No,No,No,Indeterminate,Year Round,Year Round,Year Round,3.0,Low,Medium,Medium,Yes,Yes,Yes,5.0,7.0
kleingrass,kleingrass,Panicum coloratum,grass,6-8,5,#e8d24a,,#5b7a4b,,,full-sun,medium,"loamy,clay",,3.5,,,,#6b5a4a,6-8,heavy,PACO2,Panicum coloratum L.,Graminoid,HI:I|L48:I,Bunch,Semi-Erect,Fine,Dense,Porous,No,No,No,No,Late Spring,Summer,Summer,Summer,3.5,High,High,Medium,No,Yes,Yes,6.5,8.5
longtom,longtom,Paspalum denticulatum,grass,3-11,5,#e8d24a,,#5b7a4b,,,part-sun,high,loamy,,2,,,,#6b5a4a,6-11,moderate,PADE24,Paspalum denticulatum Trin.,Graminoid,L48:N,Stoloniferous,Semi-Erect,Coarse,Moderate,Porous,No,No,No,No,Late Spring,"Spring, Summer, Fall",Summer,Fall,2.0,Medium,Low,High,No,Yes,No,5.6,6.9
fall-panicgrass,fall panicgrass,Panicum dichotomiflorum,grass,6-11,6-8,#5b7a4b,,#5b7a4b,,,full-sun,high,"sandy,loamy,clay",,3.3,,,,#e8d24a,6-11,heavy,PADI,Panicum dichotomiflorum Michx.,Graminoid,CAN:I|HI:I|L48:N|PR:N,Bunch,Semi-Erect,Fine,Porous,Porous,No,No,No,No,Summer,Summer and Fall,Summer,Fall,3.3,High,None,High,Yes,Yes,Yes,4.8,7.0
dallisgrass,dallisgrass,Paspalum dilatatum,grass,3-5,4,#e8d24a,,#5b7a4b,,,part-sun,high,"loamy,clay",,3,,,,#6b5a4a,3-8,light,PADI3,Paspalum dilatatum Poir.,Graminoid,HI:I|L48:I|PB:I|PR:I,Bunch,Decumbent,Medium,Moderate,Porous,No,No,No,No,Mid Spring,Spring,Spring,Summer,3.0,Medium,Low,High,No,Yes,Yes,4.9,6.5
knotgrass,knotgrass,Paspalum distichum,grass,3-11,8,#5b7a4b,,#5b7a4b,,,full-sun,high,"loamy,clay",,0.9,,,,#6b5a4a,6-11,light,PADI6,Paspalum distichum L.,Graminoid,HI:I|L48:N|PB:I|PR:N|VI:N,Stoloniferous,Prostrate,Fine,Porous,Dense,No,No,No,No,Late Summer,"Spring, Summer, Fall",Summer,Fall,0.9,High,None,High,No,Yes,Yes,4.9,8.9
horsetail-paspalum,horsetail paspalum,Paspalum fluitans,grass,3-8,8,#5b7a4b,,,,,part-sun,high,"loamy,clay",,2.5,,,,#e8d24a,6-11,moderate,PAFL5,Paspalum fluitans (Elliott) Kunth,Graminoid,L48:N,Stoloniferous,Decumbent,Fine,Porous,Porous,No,No,No,No,Late Summer,Spring and Summer,Summer,Fall,2.5,Medium,None,High,No,Yes,Yes,6.0,8.6
butterweed,butterweed,Packera glabella,mound,3-5,3-5,#e8d24a,,#5b7a4b,,,full-sun,high,"sandy,clay",,3.2,,,,#6b5a4a,3-5,moderate,PAGL17,Packera glabella (Poir.) C. Jeffrey,Forb/herb,CAN:W|L48:N,Bunch,Erect,Medium,Moderate,Porous,No,Yes,No,No,Spring,Spring,Spring,Spring,3.2,High,Medium,High,Yes,No,Yes,4.0,7.5
maidencane,maidencane,Panicum hemitomon,grass,1-12,,#e8d24a,,#5b7a4b,,,part-sun,high,"sandy,loamy,clay",,2.5,,,,,,,PAHE2,Panicum hemitomon Schult.,Graminoid,L48:N,Rhizomatous,Erect,Coarse,Moderate,Porous,No,No,No,No,Indeterminate,Year Round,,,2.5,Medium,None,High,Yes,Yes,Yes,4.7,8.6
field-paspalum,field paspalum,Paspalum laeve,grass,3-8,8,#5b7a4b,,#5b7a4b,,,part-sun,medium,"sandy,loamy",,2.9,,,,#e8d24a,9-11,moderate,PALA10,Paspalum laeve Michx.,Graminoid,L48:N,Bunch,Erect,Fine,Moderate,Porous,No,No,No,No,Late Summer,Spring and Summer,Fall,Fall,2.9,Medium,Medium,Medium,Yes,Yes,No,4.5,7.5
yellow-passionflower,yellow passionflower,Passiflora lutea,mound,3-5,6-8,#e8d24a,,#5b7a4b,,,shade,low,"sandy,loamy,clay",,16,,,,#6b5a4a,9-11,light,PALU2,Passiflora lutea L.,Forb/herb,L48:N,Single Stem,Climbing,Medium,Porous,Porous,No,Yes,Yes,No,Summer,Spring,Fall,Fall,16.0,Low,Low,Low,Yes,Yes,Yes,4.5,8.0
proso-millet,proso millet,Panicum miliaceum,grass,6-8,6-8,#f1f1e2,,#5b7a4b,,,full-sun,low,"sandy,loamy,clay",,3.3,,,,#6b5a4a,6-12,heavy,PAMI2,Panicum miliaceum L.,Graminoid,CAN:I|HI:I|L48:I|PR:I|VI:I,Bunch,Erect,Fine,Porous,Porous,No,No,Yes,Yes,Summer,Summer,Summer,Winter,3.3,High,Low,Low,Yes,Yes,Yes,5.8,6.8
bahiagrass,bahiagrass,Paspalum notatum var. saurae,grass,6-8,6,#e8d24a,,#5b7a4b,,,part-sun,low,"sandy,loamy,clay",,2,,,,#6b5a4a,6-11,heavy,PANOS,Paspalum notatum Flueggé var. saurae Parodi,Graminoid,HI:I|L48:I,Rhizomatous,Prostrate,Medium,Moderate,Porous,Yes,No,No,No,Early Summer,Summer,Summer,Fall,2.0,Medium,High,Low,Yes,Yes,Yes,4.5,6.5
vine-mesquite,vine mesquite,Panicum obtusum,grass,6-8,6-8,#e8d24a,,#5b7a4b,,,part-sun,high,"sandy,loamy",,2,,,,#6b5a4a,6-11,light,PAOB,Panicum obtusum Kunth,Graminoid,L48:N,Rhizomatous,Erect,Medium,Moderate,Porous,No,No,No,No,Summer,Summer,Summer,Fall,2.0,Medium,Low,High,Yes,Yes,No,4.8,7.0
brownseed-paspalum,brownseed paspalum,Paspalum plicatulum,grass,3-5,6-8,#5b7a4b,,#5b7a4b,,,part-sun,low,"sandy,loamy",,3.3,,,,#e8d24a,6-11,moderate,PAPL3,Paspalum plicatulum Michx.,Graminoid,L48:N|PR:N|VI:N,Bunch,Erect,Fine,Moderate,Porous,No,No,No,No,Summer,Spring,Summer,Fall,3.3,Medium,Low,Low,Yes,Yes,No,4.0,6.5
virginia-creeper,Virginia creeper,Parthenocissus quinquefolia,low-climber,3-8,5,,,#5b7a4b,,,part-sun,low,"loamy,clay",,1,,,,#5b7ea3,3-11,light,PAQU2,Parthenocissus quinquefolia (L.) Planch.,Vine,CAN:N|L48:N,Stoloniferous,Prostrate,Coarse,,,No,No,No,Yes,Late Spring,Spring and Summer,Spring,Fall,1.0,Medium,High,Low,No,Yes,Yes,5.0,7.5
redtop-panicgrass,redtop panicgrass,Panicum rigidulum,grass,6-8,8,#5b7a4b,,#5b7a4b,,,full-sun,high,"loamy,clay",,3.3,,,,#6b5a4a,9-11,heavy,PARI4,Panicum rigidulum Bosc ex Nees,Graminoid,CAN:N|L48:N|PR:N,Bunch,Erect,Medium,Dense,Dense,No,No,No,No,Late Summer,Summer,Fall,Fall,3.3,High,Low,High,No,Yes,Yes,5.0,7.5
western-wheatgrass,western wheatgrass,Pascopyrum smithii,grass,3-11,7,#e8d24a,,#5b7a4b,,,full-sun,medium,"sandy,loamy,clay",,3,,,,#6b5a4a,6-11,moderate,PASM,Pascopyrum smithii (Rydb.) Á. Löve,Graminoid,AK:I|CAN:N|L48:N,Rhizomatous,Semi-Erect,Medium,Moderate,Porous,No,No,No,No,Mid Summer,"Spring, Summer, Fall",Summer,Fall,3.0,High,Medium,Medium,Yes,Yes,Yes,4.5,9.0
princesstree,princesstree,Paulownia tomentosa,tree,3-8,4,#8f6fb3,,#5b7a4b,,,full-sun,medium,"sandy,loamy",,70,,,,#6b5a4a,6-11,light,PATO2,Paulownia tomentosa (Thunb.) Siebold & Zucc. ex Steud.,Tree,L48:I,Single Crown,Irregular,Coarse,Dense,Porous,No,Yes,Yes,Yes,Mid Spring,Spring and Summer,Summer,Fall,70.0,High,Medium,Medium,Yes,Yes,No,4.5,7.5
threetooth-ragwort,threetooth ragwort,Packera tridenticulata,mound,3-8,8,#e8d24a,,#5b7a4b,,,full-sun,medium,"sandy,loamy,clay",,3,,,,#6b5a4a,3-8,moderate,PATR7,Packera tridenticulata (Rydb.) W.A. Weber & Á. Löve,Forb/herb,CAN:N|L48:N,Multiple Stem,Erect,Fine,Porous,Porous,No,Yes,No,No,Late Summer,Spring and Summer,Spring,Summer,3.0,High,Medium,Medium,Yes,Yes,Yes,5.0,7.5
seashore-paspalum,seashore paspalum,Paspalum vaginatum,grass,6-8,6-8,#5b7a4b,,#5b7a4b,,,full-sun,high,"sandy,loamy,clay",,0.8,,,,#e8d24a,6-11,light,PAVA,Paspalum vaginatum Sw.,Graminoid,HI:I|L48:N|PB:N|PR:N|VI:N,Stoloniferous,Prostrate,Medium,Porous,Porous,No,No,No,No,Summer,Summer,Summer,Fall,0.8,High,None,High,Yes,Yes,Yes,5.5,8.0
switchgrass,switchgrass,Panicum virgatum,grass,6-8,7,#e8d24a,,#5b7a4b,,,full-sun,medium,"sandy,loamy,clay",,6,,,,#6b5a4a,6-11,moderate,PAVI2,Panicum virgatum L.,Graminoid,CAN:N|HI:I|L48:N,Rhizomatous,Erect,Medium,Dense,Porous,No,No,No,No,Mid Summer,Summer,Summer,Fall,6.0,High,Medium,Medium,Yes,Yes,Yes,4.5,8.0
lemonscent,lemonscent,Pectis angustifolia,mound,3-8,5,#e8d24a,,#5b7a4b,,,full-sun,low,"sandy,loamy",,0.7,,,,#6b5a4a,6-8,moderate,PEAN,Pectis angustifolia Torr.,Forb/herb,L48:N,Bunch,Erect,Medium,Porous,Porous,No,No,No,No,Late Spring,Spring and Summer,Summer,Summer,0.7,High,High,Low,Yes,Yes,No,5.9,7.2
redbay,redbay,Persea borbonia,vase,3-8,5,#e8d24a,,,,,shade,high,"loamy,clay",,70,,,,#3a3a34,6-11,moderate,PEBO,Persea borbonia (L.) Spreng.,Shrub,L48:N,Single Stem,Erect,Medium,Dense,Dense,Yes,Yes,Yes,No,Late Spring,Spring and Summer,Summer,Fall,70.0,Low,Low,High,No,Yes,Yes,5.0,6.7
canadian-lousewort,Canadian lousewort,Pedicularis canadensis,mound,3-8,5,#e8d24a,,,,,shade,medium,"loamy,clay",,1.3,,,,#3a3a34,6-8,light,PECA,Pedicularis canadensis L.,Forb/herb,CAN:N|L48:N,Single Stem,Erect,Fine,Porous,Porous,No,Yes,No,No,Late Spring,Spring and Summer,Summer,Summer,1.3,Low,Low,Medium,No,Yes,Yes,4.0,7.0
buffelgrass,buffelgrass,Pennisetum ciliare,grass,6-11,7,#e8d24a,,#5b7a4b,,,full-sun,low,"sandy,loamy,clay",,3,,,,#6b5a4a,6-11,heavy,PECI,Pennisetum ciliare (L.) Link,Graminoid,HI:I|L48:I|PB:I|PR:I|VI:I,Bunch,Erect,Medium,Moderate,Porous,No,No,No,No,Mid Summer,Summer and Fall,Summer,Fall,3.0,High,High,Low,Yes,Yes,Yes,6.5,8.5
foxglove-beardtongue,foxglove beardtongue,Penstemon digitalis,mound,3-8,5,#8f6fb3,,#b3261e,,,shade,low,"sandy,loamy,clay",,4,,,,#6b5a4a,6-8,moderate,PEDI,Penstemon digitalis Nutt. ex Sims,Forb/herb,CAN:I|L48:N,Rhizomatous,Erect,Fine,Porous,Porous,No,Yes,No,No,Late Spring,Spring and Summer,Summer,Summer,4.0,Low,High,Low,Yes,Yes,Yes,5.5,7.0
pearl-millet,pearl millet,Pennisetum glaucum,grass,6-8,7,#e8d24a,,#5b7a4b,,,full-sun,low,"sandy,loamy",,6,,,,#6b5a4a,6-11,heavy,PEGL2,Pennisetum glaucum (L.) R. Br.,Graminoid,L48:I|PB:I|PR:I,Bunch,Erect,Coarse,Dense,Moderate,No,No,Yes,No,Mid Summer,Summer,Summer,Fall,6.0,High,Medium,Low,Yes,Yes,No,5.5,6.8
swamp-bay,swamp bay,Persea palustris,vase,3-8,3,#e8d24a,,#5b7a4b,,,part-sun,high,"sandy,loamy",,35,,,,#3a3a34,3-8,moderate,PEPA37,Persea palustris (Raf.) Sarg.,Shrub,L48:N,Single Stem,Irregular,Coarse,Dense,Moderate,No,Yes,Yes,No,Early Spring,Spring and Summer,Spring,Summer,35.0,Medium,Low,High,Yes,Yes,No,5.0,7.0
elephant-grass,elephant grass,Pennisetum purpureum,grass,6-11,7,#e8d24a,,#5b7a4b,,,full-sun,medium,"sandy,loamy,clay",,10,,,,#6b5a4a,6-11,light,PEPU2,Pennisetum purpureum Schumach.,Graminoid,HI:I|L48:I|PB:I|PR:I|VI:I,Rhizomatous,Erect,Coarse,Dense,Dense,No,No,No,No,Mid Summer,Summer and Fall,Summer,Fall,10.0,High,High,Medium,Yes,Yes,Yes,5.2,8.7
ditch-stonecrop,ditch stonecrop,Penthorum sedoides,mound,3-5,3-5,#e8d24a,,#5b7a4b,,,part-sun,medium,clay,,2.6,,,,,3-8,moderate,PESE6,Penthorum sedoides L.,Forb/herb,CAN:N|L48:N,Stoloniferous,Erect,Medium,Porous,Porous,No,No,No,No,Spring,Spring,Spring,Summer,2.6,Medium,Medium,Medium,No,No,Yes,5.0,7.0
green-arrow-arum,green arrow arum,Peltandra virginica,mound,3-5,3-5,#e8d24a,,#5b7a4b,,,part-sun,high,"sandy,loamy,clay",,2.3,,,,#6b5a4a,3-11,moderate,PEVI,Peltandra virginica (L.) Schott,Forb/herb,CAN:N|L48:N,Bunch,Erect,Coarse,Moderate,Porous,No,Yes,No,No,Spring,Spring,Spring,Fall,2.3,Medium,None,High,Yes,Yes,Yes,5.0,8.8
american-pokeweed,American pokeweed,Phytolacca americana,mound,3-8,7,#f1f1e2,,#5b7a4b,,,shade,medium,"sandy,loamy,clay",,7.3,,,,#3a3a34,6-11,heavy,PHAM4,Phytolacca americana L.,Forb/herb,CAN:N|L48:N,Single Stem,Erect,Coarse,Moderate,Porous,No,Yes,Yes,Yes,Mid Summer,Spring and Summer,Summer,Fall,7.3,Low,Medium,Medium,Yes,Yes,Yes,4.7,8.0
bulbous-canarygrass,bulbous canarygrass,Phalaris aquatica,grass,"1,2,3,4,5,9,10,11,12",3,#e8d24a,,#5b7a4b,,,full-sun,high,"loamy,clay",,6,,,,#e8d24a,3-5,moderate,PHAQ,Phalaris aquatica L.,Graminoid,HI:I|L48:I,Rhizomatous,Erect,Medium,Moderate,Dense,No,No,No,No,Early Spring,"Fall, Winter and Spring",Spring,Spring,6.0,High,High,High,No,Yes,Yes,5.7,7.5
common-reed,common reed,Phragmites australis,grass,3-5,6-8,#f1f1e2,,#5b7a4b,,,full-sun,medium,"sandy,loamy,clay",,13,,,,#f1f1e2,6-11,moderate,PHAU7,Phragmites australis (Cav.) Trin. ex Steud.,Graminoid,CAN:I|CAN:N|HI:I|L48:I|L48:N|PR:N?,Rhizomatous,Erect,Coarse,Dense,Moderate,No,No,Yes,No,Summer,Spring,Summer,Fall,13.0,High,Low,Medium,Yes,Yes,Yes,4.5,8.7
golden-bamboo,golden bamboo,Phyllostachys aurea,grass,3-11,,,,#5b7a4b,,,full-sun,low,"sandy,loamy,clay",,15,,,,,,,PHAU8,Phyllostachys aurea Carrière ex A. Rivière & C. Rivière,Graminoid,L48:I,Rhizomatous,Erect,Coarse,Dense,Dense,Yes,No,No,Yes,,"Spring, Summer, Fall",,,15.0,High,Low,Low,Yes,Yes,Yes,5.0,7.5
wild-blue-phlox,wild blue phlox,Phlox divaricata,mound,3-8,7,#8f6fb3,,#5b7a4b,,,part-sun,medium,"sandy,loamy,clay",,3,,,,#6b5a4a,6-11,heavy,PHDI5,Phlox divaricata L.,Forb/herb,CAN:N|L48:N,Multiple Stem,Erect,Medium,Moderate,Porous,No,Yes,No,No,Mid Summer,Spring and Summer,Summer,Fall,3.0,Medium,Low,Medium,Yes,Yes,Yes,5.5,7.2
littleleaf-mock-orange,littleleaf mock orange,Philadelphus microphyllus,vase,3-8,3-5,#f1f1e2,,#5b7a4b,,,full-sun,low,"sandy,loamy",,15,,,,#3a3a34,6-11,moderate,PHMI4,Philadelphus microphyllus A. Gray,Shrub,L48:N,Multiple Stem,Erect,Fine,Moderate,Porous,No,Yes,Yes,Yes,Spring,Spring and Summer,Summer,Fall,15.0,High,High,Low,Yes,Yes,No,7.0,8.5
turkey-tangle-fogfruit,turkey tangle fogfruit,Phyla nodiflora,mound,6-8,,#f1f1e2,,#5b7a4b,,,part-sun,low,"sandy,loamy,clay",,0.2,,,,,3-11,moderate,PHNO2,Phyla nodiflora (L.) Greene,Forb/herb,HI:I|L48:N|PB:I|PR:N|VI:N,Stoloniferous,Prostrate,Medium,Porous,Porous,No,No,No,No,Indeterminate,Summer,Spring,Fall,0.2,Medium,Medium,Low,Yes,Yes,Yes,6.0,8.5
timothy,timothy,Phleum pratense,grass,3-8,4,#e8d24a,,,,,part-sun,medium,"sandy,loamy,clay",,3,,,,#6b5a4a,6-8,moderate,PHPR3,Phleum pratense L.,Graminoid,AK:I|CAN:I|GL:I|HI:I|L48:I|SPM:I,Bunch,Erect,Medium,Moderate,Porous,No,No,No,No,Mid Spring,Spring and Summer,Summer,Summer,3.0,Medium,Low,Medium,Yes,Yes,Yes,5.6,8.4
mexican-pinyon,Mexican pinyon,Pinus cembroides,tree,6-8,3-5,#e8d24a,,,,,full-sun,low,"sandy,loamy,clay",,25,,,,#6b5a4a,6-11,moderate,PICE,Pinus cembroides Zucc.,Tree,L48:N,Single Stem,Climbing,Fine,Moderate,Moderate,Yes,No,Yes,Yes,Spring,Summer,Summer,Fall,25.0,High,High,Low,Yes,Yes,Yes,7.0,8.5
sand-pine,sand pine,Pinus clausa,tree,3-11,9-11,#e8d24a,,#5b7a4b,,,part-sun,medium,sandy,,80,,,,#6b5a4a,1-11,moderate,PICL,Pinus clausa (Chapm. ex Engelm.) Vasey ex Sarg.,Tree,L48:N,Single Stem,Erect,Fine,Moderate,Moderate,Yes,No,No,No,Fall,"Spring, Summer, Fall",Winter,Fall,80.0,Medium,Low,Medium,Yes,No,No,4.2,5.5
shortleaf-pine,shortleaf pine,Pinus echinata,tree,3-8,4,#e8d24a,,#5b7a4b,,,full-sun,medium,"sandy,loamy,clay",,100,,,,#6b5a4a,6-11,heavy,PIEC2,Pinus echinata Mill.,Tree,L48:N,Single Stem,Conical,Medium,Dense,Dense,Yes,No,No,No,Mid Spring,Spring and Summer,Summer,Fall,100.0,High,Medium,Medium,Yes,Yes,Yes,4.0,6.0
twoneedle-pinyon,twoneedle pinyon,Pinus edulis,tree,3-8,6,#e8d24a,,#5b7a4b,,,full-sun,low,"sandy,loamy,clay",,50,,,,#6b5a4a,6-11,heavy,PIED,Pinus edulis Engelm.,Tree,L48:N,Single Stem,Conical,Medium,Moderate,Moderate,Yes,No,No,No,Early Summer,Spring and Summer,Summer,Fall,50.0,High,High,Low,Yes,Yes,Yes,6.5,8.5
slash-pine,slash pine,Pinus elliottii,tree,3-8,"1,2,12",#b3261e,,,,,full-sun,medium,"loamy,clay",,100,,,,#6b5a4a,6-11,moderate,PIEL,Pinus elliottii Engelm.,Tree,L48:N,Single Stem,Erect,Fine,Moderate,Moderate,Yes,No,Yes,No,Winter,Spring and Summer,Summer,Fall,100.0,High,Low,Medium,No,Yes,Yes,4.0,6.4
narrowleaf-silkgrass,narrowleaf silkgrass,Pityopsis graminifolia,mound,3-8,5,#f1f1e2,,#5b7a4b,,,part-sun,medium,"loamy,clay",,2.8,,,,#6b5a4a,6-11,moderate,PIGR4,Pityopsis graminifolia (Michx.) Nutt.,Forb/herb,L48:N,Rhizomatous,Semi-Erect,Medium,Porous,Porous,No,Yes,No,No,Late Spring,Spring and Summer,Summer,Fall,2.8,Medium,High,Medium,No,Yes,Yes,5.8,7.0
littleseed-ricegrass,littleseed ricegrass,Piptatheropsis micrantha,grass,3-8,5,#e8d24a,,#5b7a4b,,,full-sun,low,"sandy,loamy",,2.5,,,,#6b5a4a,6-8,light,PIMI,"Piptatheropsis micrantha (Trin. & Rupr.) Romasch., P.M. Peterson & R.J. Soreng",Graminoid,CAN:N|L48:N,Bunch,Erect,Coarse,Porous,Porous,No,No,No,No,Late Spring,Spring and Summer,Summer,Summer,2.5,High,Medium,Low,Yes,Yes,No,5.9,7.5
longleaf-pine,longleaf pine,Pinus palustris,tree,3-8,2,#6b5a4a,,,,,full-sun,medium,"sandy,loamy",,120,,,,#6b5a4a,9-12,heavy,PIPA2,Pinus palustris Mill.,Tree,L48:N,Single Stem,Erect,Medium,Moderate,Moderate,Yes,No,Yes,No,Late Winter,Spring and Summer,Fall,Winter,120.0,High,Medium,Medium,Yes,Yes,No,6.0,7.0
ponderosa-pine,ponderosa pine,Pinus ponderosa,tree,3-8,4,#e8d24a,,#5b7a4b,,,full-sun,medium,"sandy,loamy",,223,,,,#6b5a4a,6-11,heavy,PIPO,Pinus ponderosa Lawson & C. Lawson,Tree,CAN:N|L48:N,Single Stem,Rounded,Medium,Dense,Dense,Yes,No,No,No,Mid Spring,Spring and Summer,Summer,Fall,223.0,High,High,Medium,Yes,Yes,No,5.0,9.0
loblolly-pine,loblolly pine,Pinus taeda,tree,3-8,4,,,#5b7a4b,,,full-sun,high,"sandy,loamy,clay",,100,,,,#6b5a4a,6-11,heavy,PITA,Pinus taeda L.,Tree,L48:N,Single Stem,Rounded,Medium,Dense,Dense,Yes,No,No,No,Mid Spring,Spring and Summer,Summer,Fall,100.0,High,Low,High,Yes,Yes,Yes,4.0,7.0
planertree,planertree,Planera aquatica,tree,3-8,3,#5b7a4b,,#5b7a4b,,,shade,medium,"loamy,clay",,50,,,,#3a3a34,3-5,light,PLAQ,Planera aquatica J.F. Gmel.,Tree,L48:N,Single Stem,Erect,Coarse,Moderate,Porous,No,No,No,No,Early Spring,Spring and Summer,Spring,Spring,50.0,Low,Low,Medium,No,Yes,Yes,5.0,8.5
james-galleta,James' galleta,Pleuraphis jamesii,grass,6-8,7,#e8d24a,,#5b7a4b,,,full-sun,low,"sandy,loamy,clay",,2,,,,#6b5a4a,6-11,moderate,PLJA,Pleuraphis jamesii Torr.,Graminoid,L48:N,Rhizomatous,Erect,Medium,Moderate,Porous,No,No,No,No,Mid Summer,Summer,Summer,Fall,2.0,High,High,Low,Yes,Yes,Yes,6.6,8.4
common-plantain,common plantain,Plantago major,mound,3-8,5,#5b7a4b,,#5b7a4b,,,part-sun,medium,"sandy,loamy,clay",,0.3,,,,#5b7a4b,6-11,moderate,PLMA2,Plantago major L.,Forb/herb,AK:I|CAN:I|GL:I|HI:I|L48:I|PB:I|PR:I|SPM:I|VI:I,Single Crown,Prostrate,Medium,Dense,Moderate,No,No,No,No,Late Spring,Spring and Summer,Summer,Fall,0.3,Medium,Medium,Medium,Yes,Yes,Yes,4.8,7.3
tobosagrass,tobosagrass,Pleuraphis mutica,grass,3-8,,#e8d24a,,#5b7a4b,,,full-sun,low,"sandy,loamy,clay",,2.3,,,,#6b5a4a,6-11,light,PLMU3,Pleuraphis mutica Buckley,Graminoid,L48:N,Rhizomatous,Erect,Medium,Moderate,Porous,No,No,No,No,Indeterminate,Spring and Summer,Summer,Fall,2.3,High,Medium,Low,Yes,Yes,Yes,6.0,7.8
american-sycamore,American sycamore,Platanus occidentalis,tree,3-8,3-5,#b3261e,,#5b7a4b,,,part-sun,high,"sandy,loamy",,100,,,,#6b5a4a,6-11,moderate,PLOC,Platanus occidentalis L.,Tree,CAN:N|L48:N,Single Stem,Erect,Coarse,Dense,Porous,No,No,Yes,Yes,Spring,Spring and Summer,Summer,Fall,100.0,Medium,Low,High,Yes,Yes,No,4.9,6.5
sweetscent,sweetscent,Pluchea odorata var. odorata,mound,6-8,,#8f6fb3,,#5b7a4b,,,full-sun,medium,"loamy,clay",,4.9,,,,,6-11,moderate,PLODO,Pluchea odorata (L.) Cass. var. odorata,Forb/herb,L48:N|PB:I|PR:N|VI:N,Single Crown,Erect,Medium,Moderate,Porous,No,No,No,No,Indeterminate,Summer,Summer,Fall,4.9,High,Medium,Medium,No,Yes,Yes,4.5,7.0
woolly-plantain,woolly plantain,Plantago patagonica,mound,3-8,4,#e8d24a,,,,,full-sun,low,"sandy,loamy,clay",,0.5,,,,#6b5a4a,3-5,moderate,PLPA2,Plantago patagonica Jacq.,Forb/herb,CAN:N|L48:N,Single Crown,Erect,Medium,Porous,Porous,No,No,No,No,Mid Spring,Spring and Summer,Spring,Spring,0.5,High,High,Low,Yes,Yes,Yes,6.4,9.0
white-poplar,white poplar,Populus alba,tree,3-8,3,#e8d24a,,#5b7a4b,,,full-sun,high,"sandy,loamy,clay",,80,,,,#f1f1e2,3-5,moderate,POAL7,Populus alba L.,Tree,CAN:I|L48:I,Single Stem,Erect,Coarse,Dense,Porous,No,No,Yes,No,Early Spring,Spring and Summer,Spring,Spring,80.0,High,Medium,High,Yes,Yes,Yes,4.9,7.0
water-knotweed,water knotweed,Polygonum amphibium,mound,6-8,5,#e8d24a,,#5b7a4b,,,full-sun,high,"loamy,clay",,0.1,,,,#6b5a4a,6-11,light,POAM8,Polygonum amphibium L.,Forb/herb,AK:N|CAN:N|L48:N|SPM:N,Rhizomatous,Prostrate,Medium,Porous,Porous,No,No,No,No,Late Spring,Summer,Summer,Fall,0.1,High,None,High,No,Yes,Yes,4.0,7.0
annual-bluegrass,annual bluegrass,Poa annua,grass,3-5,4,#e8d24a,,#5b7a4b,,,part-sun,medium,"sandy,loamy,clay",,0.3,,,,#6b5a4a,3-8,heavy,POAN,Poa annua L.,Graminoid,AK:I|CAN:I|GL:I|HI:I|L48:I|PB:I|PR:I|SPM:I,Bunch,Decumbent,Fine,Porous,Porous,No,No,No,No,Mid Spring,Spring,Spring,Summer,0.3,Medium,Low,Medium,Yes,Yes,Yes,4.8,8.0
narrowleaf-cottonwood,narrowleaf cottonwood,Populus angustifolia,tree,6-8,3-5,#f1f1e2,,#5b7a4b,,,full-sun,high,"sandy,loamy",,60,,,,#f1f1e2,6-8,heavy,POAN3,Populus angustifolia James,Tree,CAN:N|L48:N,Single Stem,Erect,Medium,Dense,Porous,No,Yes,Yes,Yes,Spring,Summer,Summer,Summer,60.0,High,Low,High,Yes,Yes,No,6.0,7.5
autumn-bluegrass,autumn bluegrass,Poa autumnalis,grass,3-8,5,#5b7a4b,,#5b7a4b,,,part-sun,medium,"sandy,loamy",,1.5,,,,#6b5a4a,6-11,light,POAU,Poa autumnalis Muhl. ex Elliott,Graminoid,CAN:N|GL:N|L48:N,Bunch,Erect,Medium,Moderate,Porous,No,No,No,No,Late Spring,Spring and Summer,Summer,Fall,1.5,Medium,Low,Medium,Yes,Yes,No,5.8,6.9
bulbous-bluegrass,bulbous bluegrass,Poa bulbosa,grass,"3,4,5,9,10,11",5,#e8d24a,,#5b7a4b,,,part-sun,medium,"sandy,loamy,clay",,1.5,,,,#6b5a4a,6-8,moderate,POBU,Poa bulbosa L.,Graminoid,L48:I,Bunch,Decumbent,Fine,Moderate,Porous,No,No,No,No,Late Spring,Spring and Fall,Summer,Summer,1.5,Medium,Medium,Medium,Yes,Yes,Yes,5.0,7.2
canada-bluegrass,Canada bluegrass,Poa compressa,grass,3-5,4,#e8d24a,,#5b7a4b,,,shade,medium,"sandy,loamy,clay",,2,,,,#6b5a4a,3-8,moderate,POCO,Poa compressa L.,Graminoid,AK:I|CAN:I|HI:I|L48:I|SPM:I,Rhizomatous,Semi-Erect,Fine,Moderate,Porous,No,No,No,No,Mid Spring,Spring,Spring,Summer,2.0,Low,Medium,Medium,Yes,Yes,Yes,5.0,7.0
pickerelweed,pickerelweed,Pontederia cordata,mound,3-5,5,#5b7ea3,,#5b7a4b,,,full-sun,high,"sandy,loamy,clay",,3.2,,,,,6-11,moderate,POCO14,Pontederia cordata L.,Forb/herb,CAN:N|L48:N,Bunch,Erect,Coarse,Moderate,Porous,No,Yes,No,No,Late Spring,Spring,Summer,Fall,3.2,High,None,High,Yes,Yes,Yes,4.9,8.7
curly-pondweed,curly pondweed,Potamogeton crispus,mound,3-11,4,#5b7a4b,,#b3261e,,,full-sun,high,,,,,,,#6b5a4a,3-8,moderate,POCR3,Potamogeton crispus L.,Forb/herb,CAN:I|L48:I,Single Crown,Prostrate,Fine,Porous,Porous,No,No,No,No,Mid Spring,"Spring, Summer, Fall",Spring,Summer,,High,None,High,No,No,No,6.4,8.5
eastern-cottonwood,eastern cottonwood,Populus deltoides,tree,3-8,3-5,#e8d24a,,#5b7a4b,,,full-sun,high,"sandy,loamy,clay",,90,,,,#f1f1e2,3-8,heavy,PODE3,Populus deltoides W. Bartram ex Marshall,Tree,CAN:N|L48:N,Single Stem,Erect,Medium,Moderate,Porous,No,No,Yes,No,Spring,Spring and Summer,Spring,Summer,90.0,High,Medium,High,Yes,Yes,Yes,5.2,7.3
plains-cottonwood,plains cottonwood,Populus deltoides ssp. monilifera,tree,3-8,4,#e8d24a,,#5b7a4b,,,full-sun,high,"sandy,loamy,clay",,85,,,,#f1f1e2,3-5,heavy,PODEM,Populus deltoides W. Bartram ex Marshall ssp. monilifera (Aiton) Eckenwalder,Tree,CAN:N|L48:N,Single Stem,Erect,Coarse,Dense,Porous,No,No,Yes,No,Mid Spring,Spring and Summer,Spring,Spring,85.0,High,High,High,Yes,Yes,Yes,5.0,7.0
waterthread-pondweed,waterthread pondweed,Potamogeton diversifolius,mound,3-5,5,#b3261e,,#5b7a4b,,,full-sun,high,"sandy,loamy,clay",,3.2,,,,#3a3a34,3-11,moderate,PODI,Potamogeton diversifolius Raf.,Forb/herb,L48:N,Bunch,Erect,Medium,Moderate,Porous,No,No,No,No,Late Spring,Spring,Spring,Fall,3.2,High,None,High,Yes,Yes,Yes,5.0,7.7
muttongrass-pofe,muttongrass,Poa fendleriana,grass,3-5,3,#e8d24a,,#5b7a4b,,,full-sun,low,"sandy,loamy",,2,,,,#6b5a4a,3-11,light,POFE,Poa fendleriana (Steud.) Vasey,Graminoid,CAN:N|L48:N,Bunch,Erect,Fine,Moderate,Porous,No,No,No,No,Early Spring,Spring,Spring,Fall,2.0,High,High,Low,Yes,Yes,No,6.0,8.0
muttongrass-pofef,muttongrass,Poa fendleriana ssp. fendleriana,grass,3-8,4,#e8d24a,,#5b7a4b,,,part-sun,low,"sandy,loamy",,2.6,,,,#6b5a4a,3-8,light,POFEF,Poa fendleriana (Steud.) Vasey ssp. fendleriana,Graminoid,CAN:N|L48:N,Bunch,Erect,Fine,Moderate,Porous,No,No,No,No,Mid Spring,Spring and Summer,Spring,Summer,2.6,Medium,High,Low,Yes,Yes,No,6.3,8.0
fremont-cottonwood,Fremont cottonwood,Populus fremontii,tree,3-8,3,#f1f1e2,,#5b7a4b,,,full-sun,high,"sandy,loamy,clay",,90,,,,#f1f1e2,3-5,heavy,POFR2,Populus fremontii S. Watson,Tree,L48:N,Single Stem,Irregular,Medium,Moderate,Porous,No,No,No,Yes,Early Spring,Spring and Summer,Spring,Spring,90.0,High,Medium,High,Yes,Yes,Yes,6.0,8.0
marshpepper-knotweed,marshpepper knotweed,Polygonum hydropiper,mound,6-8,5,#b3261e,,#5b7a4b,,,full-sun,high,"sandy,loamy,clay",,1.6,,,,#3a3a34,6-11,heavy,POHY,Polygonum hydropiper L.,Forb/herb,AK:I|CAN:I|HI:I|L48:I|SPM:I,Single Crown,Semi-Erect,Medium,Moderate,Porous,No,No,No,No,Late Spring,Summer,Summer,Fall,1.6,High,None,High,Yes,Yes,Yes,5.0,7.5
swamp-smartweed,swamp smartweed,Polygonum hydropiperoides,mound,6-8,,#5b7a4b,,,,,full-sun,medium,"loamy,clay",,,,,,#5b7a4b,3-8,moderate,POHY2,Polygonum hydropiperoides Michx.,Forb/herb,AK:I|CAN:N|L48:N|PR:N,Single Crown,Decumbent,Fine,Porous,Porous,No,No,No,No,Indeterminate,Summer,Spring,Summer,,High,Low,Medium,No,Yes,Yes,4.5,8.8
annual-rabbitsfoot-grass,annual rabbitsfoot grass,Polypogon monspeliensis,grass,3-8,5,#e8d24a,,#5b7a4b,,,full-sun,high,"sandy,loamy,clay",,1.7,,,,#6b5a4a,6-8,moderate,POMO5,Polypogon monspeliensis (L.) Desf.,Graminoid,AK:I|CAN:I|HI:I|L48:I|PB:I,Bunch,Erect,Fine,Moderate,Porous,No,No,No,No,Late Spring,Spring and Summer,Summer,Summer,1.7,High,Low,High,Yes,Yes,Yes,4.8,7.8
lombardy-poplar,Lombardy poplar,Populus nigra,tree,3-8,3,#f1f1e2,,#5b7a4b,,,full-sun,high,"sandy,loamy,clay",,190,,,,#f1f1e2,3-5,,PONI,Populus nigra L.,Tree,CAN:I|L48:I,Single Stem,Erect,Medium,Dense,Porous,No,No,No,No,Early Spring,Spring and Summer,Spring,Spring,190.0,High,Low,High,Yes,Yes,Yes,5.1,8.5
longleaf-pondweed,longleaf pondweed,Potamogeton nodosus,mound,6-8,7,#5b7a4b,,#5b7a4b,,,full-sun,high,,,,,,,#6b5a4a,6-8,light,PONO2,Potamogeton nodosus Poir.,Forb/herb,CAN:N|HI:N|L48:N|PR:N,Rhizomatous,Prostrate,Fine,Porous,Porous,No,No,No,No,Mid Summer,Summer,Summer,Summer,,High,None,High,No,No,No,5.8,7.0
pennsylvania-smartweed,Pennsylvania smartweed,Polygonum pensylvanicum,mound,6-8,3-5,#b3261e,,#5b7a4b,,,full-sun,medium,"sandy,loamy,clay",,3.9,,,,#3a3a34,3-11,moderate,POPE2,Polygonum pensylvanicum L.,Forb/herb,AK:N|CAN:N|L48:N,Single Crown,Erect,Medium,Moderate,Porous,No,Yes,No,No,Spring,Summer,Spring,Fall,3.9,High,Medium,Medium,Yes,Yes,Yes,4.0,8.5
spotted-ladysthumb,spotted ladysthumb,Polygonum persicaria,mound,3-5,3-5,#b3261e,,#5b7a4b,,,full-sun,medium,"sandy,loamy,clay",,3.2,,,,#3a3a34,3-11,moderate,POPE3,Polygonum persicaria L.,Forb/herb,AK:I|CAN:I|GL:I|L48:I|SPM:I,Single Crown,Erect,Medium,Moderate,Porous,No,Yes,No,No,Spring,Spring,Spring,Fall,3.2,High,Medium,Medium,Yes,Yes,Yes,4.0,8.5
kentucky-bluegrass,Kentucky bluegrass,Poa pratensis,grass,3-11,4,#e8d24a,,#5b7a4b,,,part-sun,medium,"sandy,loamy,clay",,2,,,,#6b5a4a,3-8,heavy,POPR,Poa pratensis L.,Graminoid,AK:I|AK:N|CAN:I|CAN:N|GL:I|GL:N|HI:I|L48:I|L48:N|PR:I|SPM:I,Rhizomatous,Erect,Medium,Porous,Porous,No,No,No,No,Mid Spring,"Spring, Summer, Fall",Spring,Summer,2.0,Medium,Medium,Medium,Yes,Yes,Yes,5.8,8.4
dotted-smartweed,dotted smartweed,Polygonum punctatum,mound,6-8,6-8,#f1f1e2,,#5b7a4b,,,full-sun,medium,"sandy,loamy,clay",,3.2,,,,#3a3a34,6-11,moderate,POPU5,Polygonum punctatum Elliott,Forb/herb,CAN:N|HI:I|L48:N|PR:N,Single Crown,Erect,Medium,Moderate,Porous,No,Yes,No,No,Summer,Summer,Summer,Fall,3.2,High,Low,Medium,Yes,Yes,Yes,6.0,8.7
arrowleaf-tearthumb,arrowleaf tearthumb,Polygonum sagittatum,mound,6-8,5,#b3261e,,#5b7a4b,,,full-sun,medium,"sandy,loamy,clay",,1,,,,#3a3a34,3-11,moderate,POSA5,Polygonum sagittatum L.,Forb/herb,CAN:N|L48:N|SPM:N,Single Crown,Prostrate,Medium,Porous,Porous,No,No,No,No,Late Spring,Summer,Spring,Fall,1.0,High,Low,Medium,Yes,Yes,Yes,4.0,8.5
woodland-bluegrass,woodland bluegrass,Poa sylvestris,grass,3-8,4,#e8d24a,,#5b7a4b,,,shade,high,"sandy,loamy",,3,,,,#6b5a4a,3-8,moderate,POSY,Poa sylvestris A. Gray,Graminoid,CAN:N|L48:N,Bunch,Erect,Medium,Moderate,Porous,No,No,No,No,Mid Spring,Spring and Summer,Spring,Summer,3.0,Low,Low,High,Yes,Yes,No,5.9,7.0
rough-bluegrass,rough bluegrass,Poa trivialis,grass,"3,4,5,9,10,11",3,#e8d24a,,#5b7a4b,,,shade,high,"loamy,clay",,2.5,,,,#6b5a4a,6-8,moderate,POTR2,Poa trivialis L.,Graminoid,AK:I|CAN:I|GL:I|L48:I|SPM:I,Bunch,Erect,Medium,Moderate,Porous,No,No,No,No,Early Spring,Spring and Fall,Summer,Summer,2.5,Low,Low,High,No,Yes,Yes,4.8,7.5
quaking-aspen,quaking aspen,Populus tremuloides,tree,3-8,4,#5b7ea3,,#5b7a4b,,,full-sun,high,"sandy,loamy,clay",,65,,,,#f1f1e2,3-8,heavy,POTR5,Populus tremuloides Michx.,Tree,AK:N|CAN:N|L48:N|SPM:N,Single Stem,Rounded,Medium,Dense,Porous,No,No,No,No,Mid Spring,Spring and Summer,Spring,Summer,65.0,High,Low,High,Yes,Yes,Yes,4.3,9.0
chickasaw-plum,Chickasaw plum,Prunus angustifolia,vase,3-8,3,#f1f1e2,,#5b7a4b,,,full-sun,medium,"sandy,loamy",,12,,,,#b3261e,6-8,moderate,PRAN3,Prunus angustifolia Marshall,Shrub,L48:N,Multiple Stem,Semi-Erect,Medium,Dense,Porous,No,Yes,Yes,No,Early Spring,Spring and Summer,Summer,Summer,12.0,High,None,Medium,Yes,Yes,No,5.0,7.5
honey-mesquite,honey mesquite,Prosopis glandulosa var. glandulosa,vase,3-8,3,#e8d24a,,#5b7a4b,,,full-sun,low,"sandy,loamy,clay",,50,,,,#f1f1e2,6-8,heavy,PRGLG,Prosopis glandulosa Torr. var. glandulosa,Shrub,HI:I|L48:N|VI:I,Multiple Stem,Rounded,Fine,Porous,Porous,No,Yes,Yes,No,Early Spring,Spring and Summer,Summer,Summer,50.0,High,High,Low,Yes,Yes,Yes,7.0,8.5
screwbean-mesquite,screwbean mesquite,Prosopis pubescens,vase,3-11,3,,,#5b7a4b,,,part-sun,medium,"sandy,loamy,clay",,25,,,,#6b5a4a,6-8,heavy,PRPU,Prosopis pubescens Benth.,Shrub,L48:N,Single Stem,Erect,Fine,Porous,Porous,No,Yes,Yes,No,Early Spring,"Spring, Summer, Fall",Summer,Summer,25.0,Medium,Medium,Medium,Yes,Yes,Yes,7.5,9.0
black-cherry-prse2,black cherry,Prunus serotina,vase,3-8,5,#f1f1e2,,#5b7a4b,,,full-sun,medium,"sandy,loamy",,80,,,,#3a3a34,6-8,heavy,PRSE2,Prunus serotina Ehrh.,Shrub,CAN:N|L48:N,Multiple Stem,Erect,Medium,Moderate,Porous,No,Yes,Yes,No,Late Spring,Spring and Summer,Summer,Summer,80.0,High,Medium,Medium,Yes,Yes,No,4.0,7.5
black-cherry-prser2,black cherry,Prunus serotina var. rufula,vase,3-8,3,#f1f1e2,,#5b7a4b,,,part-sun,medium,"sandy,loamy,clay",,40,,,,#8f6fb3,6-11,moderate,PRSER2,Prunus serotina Ehrh. var. rufula (Wooton & Standl.) McVaugh,Shrub,L48:N,Multiple Stem,Erect,Medium,Dense,Porous,No,Yes,Yes,Yes,Early Spring,Spring and Summer,Summer,Fall,40.0,Medium,High,Medium,Yes,Yes,Yes,7.0,8.5
chokecherry,chokecherry,Prunus virginiana,vase,3-8,4,#f1f1e2,,#5b7a4b,,,full-sun,medium,"sandy,loamy,clay",,25,,,,#3a3a34,6-8,heavy,PRVI,Prunus virginiana L.,Shrub,AK:I|AK:N|CAN:N|L48:N|SPM:N,Multiple Stem,Erect,Medium,Dense,Porous,No,Yes,Yes,Yes,Mid Spring,Spring and Summer,Summer,Summer,25.0,High,Medium,Medium,Yes,Yes,Yes,5.2,8.4
western-chokecherry,western chokecherry,Prunus virginiana var. demissa,vase,3-8,3-5,#f1f1e2,,#5b7a4b,,,part-sun,medium,"sandy,loamy,clay",,20,,,,#b3261e,6-8,heavy,PRVID,Prunus virginiana L. var. demissa (Nutt.) Torr.,Shrub,CAN:N|L48:N,Thicket Forming,Erect,Medium,Moderate,Porous,No,Yes,No,No,Spring,Spring and Summer,Summer,Summer,20.0,Medium,Medium,Medium,Yes,Yes,Yes,5.5,8.0
common-selfheal,common selfheal,Prunella vulgaris,mound,3-8,7,#8f6fb3,,,,,part-sun,medium,"sandy,loamy,clay",,1.5,,,,#5b7a4b,6-11,moderate,PRVU,Prunella vulgaris L.,Forb/herb,AK:N|CAN:I|CAN:N|HI:I|L48:N|SPM:N,Stoloniferous,Decumbent,Coarse,Moderate,Porous,No,Yes,No,No,Mid Summer,Spring and Summer,Summer,Fall,1.5,Medium,Medium,Medium,Yes,Yes,Yes,5.4,8.0
russian-wildrye,Russian wildrye,Psathyrostachys juncea,grass,3-11,4,#e8d24a,,#5b7a4b,,,part-sun,low,"loamy,clay",,3,,,,#6b5a4a,3-8,heavy,PSJU3,Psathyrostachys juncea (Fisch.) Nevski,Graminoid,AK:I|CAN:I|L48:I,Bunch,Erect,Coarse,Porous,Porous,No,No,No,No,Mid Spring,"Spring, Summer, Fall",Spring,Summer,3.0,Medium,High,Low,No,Yes,Yes,6.6,9.0
douglas-fir,Douglas-fir,Pseudotsuga menziesii,tree,3-8,4,,,#5b7a4b,,,part-sun,medium,"sandy,loamy",,200,,,,#6b5a4a,6-11,heavy,PSME,Pseudotsuga menziesii (Mirb.) Franco,Tree,CAN:N|L48:N,Single Stem,Conical,Medium,Dense,Dense,Yes,No,No,No,Mid Spring,Spring and Summer,Summer,Fall,200.0,Medium,Low,Medium,Yes,Yes,No,5.0,7.5
rocky-mountain-douglas-fir,Rocky Mountain Douglas-fir,Pseudotsuga menziesii var. glauca,tree,3-8,4,#e8d24a,,#5b7a4b,,,part-sun,medium,"sandy,loamy",,110,,,,#6b5a4a,6-11,heavy,PSMEG,Pseudotsuga menziesii (Mirb.) Franco var. glauca (Beissn.) Franco,Tree,CAN:N|L48:N,Single Stem,Conical,Medium,Dense,Dense,No,No,No,No,Mid Spring,Spring and Summer,Summer,Fall,110.0,Medium,High,Medium,Yes,Yes,No,5.9,7.2
beardless-wheatgrass,beardless wheatgrass,Pseudoroegneria spicata ssp. inermis,grass,3-11,3,#e8d24a,,#5b7a4b,,,full-sun,low,"sandy,loamy,clay",,2.5,,,,#6b5a4a,6-8,heavy,PSSPI,Pseudoroegneria spicata (Pursh) Á. Löve ssp. inermis (Scribn. & J.G. Sm.) Á. Löve,Graminoid,CAN:N|L48:N,Bunch,Erect,Medium,Dense,Porous,No,No,No,No,Early Spring,"Spring, Summer, Fall",Summer,Summer,2.5,High,High,Low,Yes,Yes,Yes,6.4,8.4
western-brackenfern,western brackenfern,Pteridium aquilinum,mound,3-8,6-8,#5b7a4b,,,,,shade,medium,"sandy,loamy",,6.6,,,,#6b5a4a,6-11,moderate,PTAQ,Pteridium aquilinum (L.) Kuhn,Forb/herb,AK:N|CAN:N|HI:N|L48:N|SPM:N,Rhizomatous,Erect,Medium,Porous,Porous,No,No,No,No,Summer,Spring and Summer,Summer,Fall,6.6,Low,Medium,Medium,Yes,Yes,No,4.5,7.0
common-hoptree,common hoptree,Ptelea trifoliata,vase,3-8,6,#e8d24a,,#5b7a4b,,,part-sun,high,"sandy,loamy",,25,,,,#b3261e,6-8,heavy,PTTR,Ptelea trifoliata L.,Shrub,CAN:N|L48:N,Single Stem,Erect,Medium,Moderate,Porous,Yes,No,No,Yes,Early Summer,Spring and Summer,Summer,Summer,25.0,Medium,Low,High,Yes,Yes,No,4.8,7.0
pomegranate,pomegranate,Punica granatum,vase,3-8,3-5,#d98a3d,,#5b7a4b,,,part-sun,medium,"loamy,clay",,20,,,,#b3261e,6-11,heavy,PUGR2,Punica granatum L.,Shrub,L48:I|PB:I|PR:I|VI:I,Stoloniferous,Vase,Medium,Porous,Porous,No,Yes,Yes,Yes,Spring,Spring and Summer,Summer,Fall,20.0,Medium,None,Medium,No,Yes,Yes,6.0,6.9
callery-pear,Callery pear,Pyrus calleryana,tree,3-8,3,#f1f1e2,,#5b7a4b,,,full-sun,medium,"sandy,loamy,clay",,50,,,,#3a3a34,3-8,moderate,PYCA80,Pyrus calleryana Decne.,Tree,L48:I,Single Stem,Erect,Medium,Dense,Moderate,No,Yes,Yes,Yes,Early Spring,Spring and Summer,Spring,Summer,50.0,High,Low,Medium,Yes,Yes,Yes,5.0,7.5
common-pear,common pear,Pyrus communis,tree,3-8,3,#f1f1e2,,#5b7a4b,,,full-sun,medium,"loamy,clay",,50,,,,#e8d24a,6-8,moderate,PYCO,Pyrus communis L.,Tree,CAN:I|L48:I,Single Stem,Erect,Medium,Moderate,Porous,No,Yes,Yes,Yes,Early Spring,Spring and Summer,Summer,Summer,50.0,High,Low,Medium,No,Yes,Yes,5.2,6.7
scarlet-firethorn,scarlet firethorn,Pyracantha coccinea,vase,3-8,4,#f1f1e2,,#5b7a4b,,,part-sun,medium,"sandy,loamy,clay",,9,,,,#b3261e,6-8,heavy,PYCO2,Pyracantha coccinea M. Roem.,Shrub,CAN:N|L48:I,Single Crown,Semi-Erect,Medium,Dense,Moderate,Yes,Yes,Yes,Yes,Mid Spring,Spring and Summer,Summer,Summer,9.0,Medium,Low,Medium,Yes,Yes,Yes,5.8,8.0
white-oak,white oak,Quercus alba,tree,3-8,4,#e8d24a,,#5b7a4b,,,part-sun,medium,"sandy,loamy",,100,,,,#6b5a4a,6-11,heavy,QUAL,Quercus alba L.,Tree,CAN:N|L48:N,Single Stem,Erect,Medium,Dense,Porous,No,No,Yes,Yes,Mid Spring,Spring and Summer,Summer,Fall,100.0,Medium,Medium,Medium,Yes,Yes,No,4.5,6.8
southern-red-oak,southern red oak,Quercus falcata,tree,3-8,4,#e8d24a,,#5b7a4b,,,part-sun,medium,"sandy,loamy,clay",,75,,,,#6b5a4a,6-11,moderate,QUFA,Quercus falcata Michx.,Tree,L48:N,Single Stem,Erect,Coarse,Dense,Porous,No,No,No,Yes,Mid Spring,Spring and Summer,Summer,Fall,75.0,Medium,High,Medium,Yes,Yes,Yes,4.8,7.0
gambel-oak,Gambel oak,Quercus gambelii,vase,3-8,4,#e8d24a,,#5b7a4b,,,full-sun,low,"sandy,loamy",,40,,,,#6b5a4a,6-11,moderate,QUGA,Quercus gambelii Nutt.,Shrub,L48:N,Single Crown,Irregular,Coarse,Moderate,Porous,No,No,No,Yes,Mid Spring,Spring and Summer,Summer,Fall,40.0,High,Low,Low,Yes,Yes,No,6.5,8.0
laurel-oak,laurel oak,Quercus laurifolia,tree,3-8,3,#e8d24a,,#5b7a4b,,,shade,medium,"sandy,loamy",,70,,,,#6b5a4a,6-11,moderate,QULA3,Quercus laurifolia Michx.,Tree,L48:N,Single Stem,Erect,Medium,Moderate,Porous,No,No,Yes,Yes,Early Spring,Spring and Summer,Summer,Fall,70.0,Low,Low,Medium,Yes,Yes,No,4.2,6.5
overcup-oak,overcup oak,Quercus lyrata,tree,3-8,4,#e8d24a,,#5b7a4b,,,part-sun,high,"loamy,clay",,80,,,,#6b5a4a,6-11,moderate,QULY,Quercus lyrata Walter,Tree,L48:N,Single Stem,Erect,Medium,Dense,Porous,No,No,Yes,Yes,Mid Spring,Spring and Summer,Summer,Fall,80.0,Medium,None,High,No,Yes,Yes,4.5,7.5
bur-oak,bur oak,Quercus macrocarpa,vase,3-8,4,#e8d24a,,#5b7a4b,,,part-sun,medium,"sandy,loamy,clay",,100,,,,#6b5a4a,6-11,light,QUMA2,Quercus macrocarpa Michx.,Shrub,CAN:N|L48:N,Single Stem,Erect,Medium,Dense,Porous,No,No,Yes,Yes,Mid Spring,Spring and Summer,Summer,Fall,100.0,Medium,High,Medium,Yes,Yes,Yes,4.5,7.5
blackjack-oak,blackjack oak,Quercus marilandica,vase,3-8,4,#e8d24a,,,,,full-sun,low,"sandy,loamy",,25,,,,#6b5a4a,9-11,moderate,QUMA3,Quercus marilandica Münchh.,Shrub,L48:N,Single Stem,Erect,Coarse,Moderate,Porous,No,No,No,Yes,Mid Spring,Spring and Summer,Fall,Fall,25.0,High,High,Low,Yes,Yes,No,4.6,5.6
swamp-chestnut-oak,swamp chestnut oak,Quercus michauxii,tree,3-8,4,#e8d24a,,#5b7a4b,,,full-sun,medium,"loamy,clay",,80,,,,#6b5a4a,6-11,moderate,QUMI,Quercus michauxii Nutt.,Tree,L48:N,Single Stem,Erect,Medium,Dense,Porous,No,No,Yes,Yes,Mid Spring,Spring and Summer,Summer,Fall,80.0,High,Low,Medium,No,Yes,Yes,4.5,6.5
chinquapin-oak,chinquapin oak,Quercus muehlenbergii,tree,3-8,4,#e8d24a,,#5b7a4b,,,full-sun,medium,loamy,,70,,,,#6b5a4a,6-11,moderate,QUMU,Quercus muehlenbergii Engelm.,Tree,CAN:N|L48:N,Single Stem,Erect,Medium,Dense,Porous,No,No,Yes,Yes,Mid Spring,Spring and Summer,Summer,Fall,70.0,High,High,Medium,No,Yes,No,5.0,8.0
water-oak,water oak,Quercus nigra,tree,3-8,4,#e8d24a,,#5b7a4b,,,full-sun,high,"loamy,clay",,90,,,,#6b5a4a,6-8,moderate,QUNI,Quercus nigra L.,Tree,L48:N,Single Stem,Erect,Medium,Dense,Porous,No,No,Yes,Yes,Mid Spring,Spring and Summer,Summer,Summer,90.0,High,Low,High,No,Yes,Yes,4.8,7.3
cherrybark-oak,cherrybark oak,Quercus pagoda,tree,3-8,4,#e8d24a,,#5b7a4b,,,full-sun,medium,"loamy,clay",,120,,,,#6b5a4a,6-11,heavy,QUPA5,Quercus pagoda Raf.,Tree,L48:N,Single Stem,Erect,Medium,Dense,Porous,No,No,Yes,Yes,Mid Spring,Spring and Summer,Summer,Fall,120.0,High,Low,Medium,No,Yes,Yes,4.5,6.0
willow-oak,willow oak,Quercus phellos,tree,3-8,4,#e8d24a,,#5b7a4b,,,full-sun,high,"loamy,clay",,100,,,,#6b5a4a,6-11,heavy,QUPH,Quercus phellos L.,Tree,L48:N,Single Stem,Erect,Fine,Dense,Porous,No,No,Yes,Yes,Mid Spring,Spring and Summer,Summer,Fall,100.0,High,None,High,No,Yes,Yes,4.5,6.5
shumard-s-oak,Shumard's oak,Quercus shumardii,vase,3-8,3,#e8d24a,,#5b7a4b,,,full-sun,medium,"sandy,loamy",,100,,,,#6b5a4a,3-11,moderate,QUSH,Quercus shumardii Buckley,Shrub,CAN:N|L48:N,Single Stem,Erect,Medium,Dense,Porous,No,No,Yes,Yes,Early Spring,Spring and Summer,Spring,Fall,100.0,High,High,Medium,Yes,Yes,No,5.0,7.6
post-oak,post oak,Quercus stellata,tree,3-8,3,#e8d24a,,#5b7a4b,,,full-sun,medium,"sandy,loamy",,60,,,,#6b5a4a,6-11,moderate,QUST,Quercus stellata Wangenh.,Tree,L48:N,Single Stem,Erect,Coarse,Dense,Porous,No,No,No,Yes,Early Spring,Spring and Summer,Summer,Fall,60.0,High,High,Medium,Yes,Yes,No,4.8,6.5
nuttall-oak,Nuttall oak,Quercus texana,vase,3-8,3,#e8d24a,,#5b7a4b,,,full-sun,medium,clay,,110,,,,#6b5a4a,3-11,heavy,QUTE,Quercus texana Buckley,Shrub,L48:N,Single Stem,Erect,Medium,Moderate,Porous,No,No,Yes,Yes,Early Spring,Spring and Summer,Spring,Fall,110.0,High,None,Medium,No,No,Yes,4.5,5.5
black-oak,black oak,Quercus velutina,tree,3-8,3,#e8d24a,,#5b7a4b,,,part-sun,medium,"sandy,loamy,clay",,80,,,,#6b5a4a,3-11,heavy,QUVE,Quercus velutina Lam.,Tree,CAN:N|L48:N,Single Stem,Erect,Medium,Moderate,Porous,No,No,Yes,Yes,Early Spring,Spring and Summer,Spring,Fall,80.0,Medium,Low,Medium,Yes,Yes,Yes,4.5,6.5
live-oak,live oak,Quercus virginiana,tree,3-8,3,#e8d24a,,#5b7a4b,,,part-sun,medium,"sandy,loamy,clay",,50,,,,#6b5a4a,3-11,,QUVI,Quercus virginiana Mill.,Tree,L48:N,Single Stem,Rounded,Medium,Moderate,Porous,Yes,No,Yes,No,Early Spring,Spring and Summer,Spring,Fall,50.0,Medium,Medium,Medium,Yes,Yes,Yes,4.5,7.3
littleleaf-buttercup,littleleaf buttercup,Ranunculus abortivus,mound,3-8,3-5,#e8d24a,,#5b7a4b,,,shade,medium,"loamy,clay",,2.8,,,,#3a3a34,6-8,light,RAAB,Ranunculus abortivus L.,Forb/herb,AK:N|CAN:N|L48:N|SPM:N,Multiple Stem,Erect,Medium,Porous,Porous,No,No,No,No,Spring,Spring and Summer,Summer,Summer,2.8,Low,Low,Medium,No,Yes,Yes,5.0,7.5
upright-prairie-coneflower,upright prairie coneflower,Ratibida columnifera,mound,6-8,7,#e8d24a,,#5b7a4b,,,full-sun,medium,"sandy,loamy,clay",,3.1,,,,#6b5a4a,6-11,moderate,RACO3,Ratibida columnifera (Nutt.) Wooton & Standl.,Forb/herb,CAN:N|L48:N,Single Crown,Erect,Medium,Porous,Porous,No,Yes,Yes,No,Mid Summer,Summer,Summer,Fall,3.1,High,Medium,Medium,Yes,Yes,Yes,5.9,7.0
alkali-buttercup,alkali buttercup,Ranunculus cymbalaria,mound,3-8,5,#e8d24a,,#5b7a4b,,,shade,high,"loamy,clay",,1,,,,#6b5a4a,3-8,moderate,RACY,Ranunculus cymbalaria Pursh,Forb/herb,AK:N|CAN:N|GL:N|L48:N|SPM:N,Single Crown,Semi-Erect,Fine,Porous,Porous,No,Yes,No,No,Late Spring,Spring and Summer,Spring,Summer,1.0,Low,Low,High,No,Yes,Yes,6.5,8.0
bristly-buttercup,bristly buttercup,Ranunculus hispidus,mound,3-5,3,#e8d24a,,,,,shade,medium,"loamy,clay",,2.5,,,,#e8d24a,6-8,moderate,RAHI,Ranunculus hispidus Michx.,Forb/herb,CAN:N|L48:N,Single Stem,Erect,Medium,Moderate,Porous,No,Yes,No,No,Early Spring,Spring,Summer,Summer,2.5,Low,Low,Medium,No,Yes,Yes,4.5,8.0
mississippi-buttercup,Mississippi buttercup,Ranunculus laxicaulis,mound,3-8,5,#e8d24a,,#5b7a4b,,,part-sun,high,loamy,,1.2,,,,#e8d24a,3-8,heavy,RALA2,Ranunculus laxicaulis (Torr. & A. Gray) Darby,Forb/herb,L48:N,Single Crown,Decumbent,Fine,Porous,Porous,No,Yes,No,Yes,Late Spring,Spring and Summer,Spring,Summer,1.2,Medium,Low,High,No,Yes,No,6.0,7.5
longbeak-buttercup,longbeak buttercup,Ranunculus longirostris,mound,3-8,5,#e8d24a,,#5b7a4b,,,shade,high,"loamy,clay",,1,,,,#6b5a4a,3-8,light,RALO2,Ranunculus longirostris Godr.,Forb/herb,CAN:N|GL:N|L48:N,Single Crown,Semi-Erect,Medium,Porous,Porous,No,Yes,No,No,Late Spring,Spring and Summer,Spring,Summer,1.0,Low,Low,High,No,Yes,Yes,5.0,8.0
macoun-s-buttercup,Macoun's buttercup,Ranunculus macounii,mound,3-5,6,#e8d24a,,#5b7a4b,,,full-sun,low,,,1,,,,,,,RAMA2,Ranunculus macounii Britton,Forb/herb,AK:N|CAN:N|L48:N,Stoloniferous,Erect,Coarse,Moderate,Porous,No,Yes,No,No,Early Summer,Spring,,,1.0,High,Low,,No,No,No,5.0,8.0
creeping-buttercup,creeping buttercup,Ranunculus repens,mound,3-8,4,#e8d24a,,#5b7a4b,,,shade,medium,"loamy,clay",,2,,,,#6b5a4a,6-11,moderate,RARE3,Ranunculus repens L.,Forb/herb,AK:I|CAN:I|GL:I|HI:I|L48:I|SPM:I,Stoloniferous,Prostrate,Coarse,Moderate,Porous,No,Yes,No,No,Mid Spring,Spring and Summer,Summer,Fall,2.0,Low,Low,Medium,No,Yes,Yes,5.6,7.2
cursed-buttercup,cursed buttercup,Ranunculus sceleratus,mound,3-8,5,#e8d24a,,#5b7a4b,,,shade,high,"sandy,loamy,clay",,2,,,,#6b5a4a,3-8,moderate,RASC3,Ranunculus sceleratus L.,Forb/herb,AK:N|CAN:I|CAN:N|L48:N|SPM:I,Single Crown,Erect,Fine,Porous,Porous,No,Yes,No,No,Late Spring,Spring and Summer,Spring,Summer,2.0,Low,None,High,Yes,Yes,Yes,4.8,8.4
green-prairie-coneflower,green prairie coneflower,Ratibida tagetes,mound,3-8,8,#e8d24a,,#5b7a4b,,,full-sun,low,"sandy,loamy",,1,,,,#3a3a34,6-8,heavy,RATA,Ratibida tagetes (James) Barnhart,Forb/herb,L48:N,Single Stem,Erect,Fine,Porous,Porous,No,Yes,No,No,Late Summer,Spring and Summer,Summer,Summer,1.0,High,High,Low,Yes,Yes,No,7.0,8.5
fragrant-sumac-rhars,fragrant sumac,Rhus aromatica var. serotina,vase,3-8,4,#e8d24a,,#5b7a4b,,,full-sun,low,"sandy,loamy,clay",,5,,,,#b3261e,6-11,moderate,RHARS,Rhus aromatica Aiton var. serotina (Greene) Rehder,Shrub,L48:N,Multiple Stem,Rounded,Coarse,Moderate,Porous,No,No,Yes,Yes,Mid Spring,Spring and Summer,Summer,Fall,5.0,High,High,Low,Yes,Yes,Yes,5.0,8.0
mountain-azalea,mountain azalea,Rhododendron canescens,vase,3-8,3-5,#8f6fb3,,#5b7a4b,,,shade,medium,"loamy,clay",,14,,,,#6b5a4a,6-8,moderate,RHCA7,Rhododendron canescens (Michx.) Sweet,Shrub,L48:N,Multiple Stem,Erect,Coarse,Dense,Moderate,No,Yes,No,No,Spring,Spring and Summer,Summer,Summer,14.0,Low,Low,Medium,No,Yes,Yes,4.3,5.8
winged-sumac,winged sumac,Rhus copallinum,vase,3-8,4,#e8d24a,,#5b7a4b,,,full-sun,low,"sandy,loamy,clay",,8,,,,#6b5a4a,6-11,heavy,RHCO,Rhus copallinum L.,Shrub,CAN:N|L48:N,Rhizomatous,Erect,Coarse,Dense,Porous,No,No,Yes,Yes,Mid Spring,Spring and Summer,Summer,Fall,8.0,High,Medium,Low,Yes,Yes,Yes,5.3,7.5
shortbristle-horned-beaksedge,shortbristle horned beaksedge,Rhynchospora corniculata,grass,6-8,5,#5b7a4b,,,,,full-sun,medium,"sandy,loamy,clay",,6.6,,,,#e8d24a,6-11,moderate,RHCO2,Rhynchospora corniculata (Lam.) A. Gray,Graminoid,L48:N,Single Crown,Erect,Coarse,Dense,Porous,No,No,Yes,No,Late Spring,Summer,Summer,Fall,6.6,High,Medium,Medium,Yes,Yes,Yes,5.1,7.4
smooth-sumac,smooth sumac,Rhus glabra,vase,3-8,4,#e8d24a,,#5b7a4b,,,full-sun,low,"sandy,loamy",,12,,,,#6b5a4a,6-11,heavy,RHGL,Rhus glabra L.,Shrub,CAN:N|L48:N,Rhizomatous,Erect,Coarse,Dense,Porous,No,No,Yes,Yes,Mid Spring,Spring and Summer,Summer,Fall,12.0,High,Medium,Low,Yes,Yes,No,5.3,7.5
littleleaf-sumac,littleleaf sumac,Rhus microphylla,vase,3-8,3-5,#f1f1e2,,#5b7a4b,,,full-sun,low,"sandy,loamy",,10,,,,#b3261e,6-11,moderate,RHMI3,Rhus microphylla Engelm. ex A. Gray,Shrub,L48:N,Multiple Stem,Rounded,Fine,Moderate,Moderate,No,No,Yes,Yes,Spring,Spring and Summer,Summer,Fall,10.0,High,High,Low,Yes,Yes,No,7.0,8.5
skunkbush-sumac,skunkbush sumac,Rhus trilobata,vase,3-8,6,#e8d24a,,#5b7a4b,,,part-sun,low,"sandy,loamy",,4,,,,#b3261e,6-8,moderate,RHTR,Rhus trilobata Nutt.,Shrub,CAN:N|L48:N,Rhizomatous,Vase,Medium,Dense,Porous,No,Yes,Yes,Yes,Early Summer,Spring and Summer,Summer,Summer,4.0,Medium,Medium,Low,Yes,Yes,No,6.5,8.2
swamp-azalea,swamp azalea,Rhododendron viscosum,vase,3-5,,#b3261e,,#5b7a4b,,,shade,high,"sandy,loamy,clay",,16,,,,,6-11,moderate,RHVI2,Rhododendron viscosum (L.) Torr.,Shrub,L48:N,Multiple Stem,Erect,Medium,Moderate,Porous,No,Yes,No,No,Indeterminate,Spring,Summer,Fall,16.0,Low,Medium,High,Yes,Yes,Yes,4.0,7.0
golden-currant-riau,golden currant,Ribes aureum,vase,3-8,4,#e8d24a,,#5b7a4b,,,part-sun,low,loamy,,10,,,,#b3261e,6-11,moderate,RIAU,Ribes aureum Pursh,Shrub,CAN:I|CAN:N|L48:N,Rhizomatous,Erect,Medium,Dense,Moderate,No,Yes,Yes,No,Mid Spring,Spring and Summer,Summer,Fall,10.0,Medium,Medium,Low,No,Yes,No,6.0,8.0
golden-currant-riauv,golden currant,Ribes aureum var. villosum,vase,,3-5,#b3261e,,#5b7a4b,,,,medium,"sandy,loamy,clay",,3,,,,#3a3a34,3-8,,RIAUV,Ribes aureum Pursh var. villosum DC.,Shrub,CAN:I|L48:N,Thicket Forming,Decumbent,Medium,Dense,Porous,No,Yes,No,No,Spring,,Spring,Summer,3.0,,Medium,,Yes,Yes,Yes,4.7,7.8
carolina-rose,Carolina rose,Rosa carolina,mound,3-8,6,#f1f1e2,,#5b7a4b,,,part-sun,low,"sandy,loamy",,5,,,,#b3261e,6-11,light,ROCA4,Rosa carolina L.,Subshrub,CAN:N|L48:N,Multiple Stem,Erect,Medium,Dense,Moderate,No,Yes,Yes,No,Early Summer,Spring and Summer,Summer,Fall,5.0,Medium,High,Low,Yes,Yes,No,4.0,7.0
new-mexico-locust,New Mexico locust,Robinia neomexicana,vase,3-8,5,#8f6fb3,,#5b7a4b,,,full-sun,medium,"sandy,loamy,clay",,25,,,,#6b5a4a,6-11,moderate,RONE,Robinia neomexicana A. Gray,Shrub,L48:N,Multiple Stem,Irregular,Fine,Porous,Porous,No,Yes,Yes,Yes,Late Spring,Spring and Summer,Summer,Fall,25.0,High,Medium,Medium,Yes,Yes,Yes,7.0,8.5
rosemary,rosemary,Rosmarinus officinalis,vase,3-8,4,#5b7ea3,,,,,full-sun,low,"sandy,loamy",,5,,,,#6b5a4a,3-8,moderate,ROOF,Rosmarinus officinalis L.,Shrub,L48:I|PR:I,Multiple Stem,Semi-Erect,Fine,Dense,Dense,Yes,Yes,No,No,Mid Spring,Spring and Summer,Spring,Summer,5.0,High,High,Low,Yes,Yes,No,5.0,7.5
black-locust,black locust,Robinia pseudoacacia,tree,3-5,3-5,#f1f1e2,,#5b7a4b,,,full-sun,medium,"sandy,loamy,clay",,60,,,,#3a3a34,3-8,moderate,ROPS,Robinia pseudoacacia L.,Tree,CAN:I|L48:N,Multiple Stem,Erect,Medium,Porous,Porous,No,Yes,Yes,No,Spring,Spring,Spring,Summer,60.0,High,High,Medium,Yes,Yes,Yes,4.8,8.2
sweetbriar-rose,sweetbriar rose,Rosa rubiginosa,mound,3-8,6,#b3261e,,#5b7a4b,,,full-sun,medium,"sandy,loamy,clay",,10,,,,#8f6fb3,6-11,heavy,RORU82,Rosa rubiginosa L.,Subshrub,CAN:I|L48:I,Multiple Stem,Erect,Coarse,Moderate,Porous,No,Yes,Yes,Yes,Early Summer,Spring and Summer,Summer,Fall,10.0,High,Medium,Medium,Yes,Yes,Yes,5.2,7.5
stalkless-yellowcress,stalkless yellowcress,Rorippa sessiliflora,mound,3-11,,#e8d24a,,#5b7a4b,,,part-sun,high,"sandy,loamy,clay",,1.5,,,,#6b5a4a,3-8,heavy,ROSE,Rorippa sessiliflora (Nutt.) Hitchc.,Forb/herb,L48:N,Single Crown,Erect,Fine,Porous,Porous,No,Yes,Yes,No,Indeterminate,"Spring, Summer, Fall",Spring,Summer,1.5,Medium,None,High,Yes,Yes,Yes,5.5,7.5
climbing-rose,climbing rose,Rosa setigera,mound,3-5,3-5,#f1f1e2,,,,,full-sun,low,"sandy,loamy",,16,,,,#b3261e,6-11,moderate,ROSE2,Rosa setigera Michx.,Subshrub,CAN:N|L48:N,Single Stem,Climbing,Fine,Moderate,Porous,No,Yes,Yes,No,Spring,Spring,Summer,Fall,16.0,High,High,Low,Yes,Yes,No,5.0,7.5
spreading-yellowcress,spreading yellowcress,Rorippa sinuata,mound,3-8,,#e8d24a,,#5b7a4b,,,full-sun,medium,"sandy,loamy",,1,,,,#6b5a4a,3-8,heavy,ROSI2,Rorippa sinuata (Nutt.) Hitchc.,Forb/herb,CAN:N|L48:N,Rhizomatous,Erect,Fine,Porous,Porous,No,Yes,No,No,Indeterminate,Spring and Summer,Spring,Summer,1.0,High,Low,Medium,Yes,Yes,No,5.0,8.5
woods-rose,Woods' rose,Rosa woodsii,mound,3-8,5,#b3261e,,#5b7a4b,,,part-sun,medium,"sandy,loamy",,3,,,,#b3261e,6-11,moderate,ROWO,Rosa woodsii Lindl.,Subshrub,AK:N|CAN:N|L48:N,Rhizomatous,Erect,Medium,Dense,Moderate,No,Yes,Yes,No,Late Spring,Spring and Summer,Summer,Fall,3.0,Medium,Medium,Medium,Yes,Yes,No,5.0,8.0
sawtooth-blackberry,sawtooth blackberry,Rubus argutus,mound,3-5,3-5,#f1f1e2,,#5b7a4b,,,full-sun,medium,"sandy,loamy,clay",,8.2,,,,#3a3a34,6-11,heavy,RUAR2,Rubus argutus Link,Subshrub,HI:I|L48:N,Multiple Stem,Erect,Medium,Dense,Moderate,No,Yes,Yes,No,Spring,Spring,Summer,Fall,8.2,High,Medium,Medium,Yes,Yes,Yes,4.5,7.0
northern-dewberry,northern dewberry,Rubus flagellaris,mound,3-8,5,#f1f1e2,,#5b7a4b,,,part-sun,high,"sandy,loamy,clay",,3,,,,#3a3a34,6-11,heavy,RUFL,Rubus flagellaris Willd.,Subshrub,CAN:N|L48:N,Thicket Forming,Prostrate,Coarse,Dense,Porous,No,Yes,Yes,No,Late Spring,Spring and Summer,Summer,Fall,3.0,Medium,Low,High,Yes,Yes,Yes,5.0,7.0
blackeyed-susan,blackeyed Susan,Rudbeckia hirta,mound,"1,2,3,4,5,9,10,11,12",6-8,#d98a3d,,#5b7a4b,,,full-sun,medium,"loamy,clay",,1,,,,#6b5a4a,6-8,heavy,RUHI2,Rudbeckia hirta L.,Forb/herb,AK:I|CAN:N|L48:N,Single Stem,Semi-Erect,Coarse,Porous,Porous,No,Yes,No,No,Summer,"Fall, Winter and Spring",Summer,Summer,1.0,High,Medium,Medium,No,Yes,Yes,6.0,7.0
fringeleaf-wild-petunia,fringeleaf wild petunia,Ruellia humilis,mound,6-8,6-8,#8f6fb3,,#5b7a4b,,,shade,low,"sandy,loamy,clay",,2.6,,,,#e8d24a,6-11,light,RUHU,Ruellia humilis Nutt.,Forb/herb,L48:N,Single Stem,Erect,Fine,Porous,Porous,No,Yes,No,No,Summer,Summer,Summer,Fall,2.6,Low,Medium,Low,Yes,Yes,Yes,4.5,7.5
cutleaf-coneflower,cutleaf coneflower,Rudbeckia laciniata,mound,3-5,8,#e8d24a,,,,,shade,low,"sandy,loamy,clay",,8.2,,,,#6b5a4a,9-11,moderate,RULA3,Rudbeckia laciniata L.,Forb/herb,CAN:N|L48:N,Rhizomatous,Erect,Coarse,Dense,Dense,No,Yes,No,Yes,Late Summer,Spring,Fall,Fall,8.2,Low,High,Low,Yes,Yes,Yes,4.5,7.0
great-coneflower,great coneflower,Rudbeckia maxima,mound,3-5,6-8,#e8d24a,,,,,full-sun,high,"sandy,loamy,clay",,9.8,,,,#3a3a34,6-11,moderate,RUMA3,Rudbeckia maxima Nutt.,Forb/herb,L48:N,Single Stem,Erect,Coarse,Porous,Porous,No,Yes,No,No,Summer,Spring,Summer,Fall,9.8,High,None,High,Yes,Yes,Yes,4.0,7.0
golden-dock,golden dock,Rumex maritimus,mound,3-8,5,#e8d24a,,#5b7a4b,,,part-sun,high,"sandy,loamy,clay",,2,,,,#6b5a4a,6-8,moderate,RUMA4,Rumex maritimus L.,Forb/herb,AK:I|CAN:N|L48:N,Rhizomatous,Semi-Erect,Coarse,Porous,Porous,No,No,No,No,Late Spring,Spring and Summer,Summer,Summer,2.0,Medium,None,High,Yes,Yes,Yes,5.0,8.2
widgeongrass,widgeongrass,Ruppia maritima,mound,3-8,4,#5b7a4b,,#5b7a4b,,,full-sun,high,"loamy,clay",,0.2,,,,#6b5a4a,3-8,moderate,RUMA5,Ruppia maritima L.,Forb/herb,AK:N|CAN:N|HI:N|L48:N|PR:N|SPM:N|VI:N,Rhizomatous,Decumbent,Fine,Porous,Porous,No,No,No,No,Mid Spring,Spring and Summer,Spring,Summer,0.2,High,None,High,No,Yes,Yes,5.4,8.5
limestone-wild-petunia,limestone wild petunia,Ruellia strepens,mound,3-5,3,#8f6fb3,,#5b7a4b,,,shade,low,"loamy,clay",,3.6,,,,#e8d24a,6-8,light,RUST2,Ruellia strepens L.,Forb/herb,L48:N,Single Stem,Erect,Medium,Porous,Porous,No,Yes,No,No,Early Spring,Spring,Summer,Summer,3.6,Low,Medium,Low,No,Yes,Yes,6.0,8.5
sassafras,sassafras,Sassafras albidum,vase,3-8,5,#e8d24a,,#5b7a4b,,,full-sun,low,"sandy,loamy",,75,,,,#5b7ea3,6-8,moderate,SAAL5,Sassafras albidum (Nutt.) Nees,Shrub,CAN:N|L48:N,Single Stem,Irregular,Coarse,Moderate,Porous,No,Yes,No,Yes,Late Spring,Spring and Summer,Summer,Summer,75.0,High,High,Low,Yes,Yes,No,4.5,7.3
peachleaf-willow,peachleaf willow,Salix amygdaloides,vase,3-8,5,#f1f1e2,,#5b7a4b,,,full-sun,high,"sandy,loamy",,60,,,,,3-5,heavy,SAAM2,Salix amygdaloides Andersson,Shrub,CAN:N|L48:N,Multiple Stem,Irregular,Medium,Dense,Porous,No,No,No,No,Late Spring,Spring and Summer,Spring,Spring,60.0,High,Low,High,Yes,Yes,No,6.0,8.0
pitcher-sage,pitcher sage,Salvia azurea var. grandiflora,mound,3-8,3-5,#5b7ea3,,#5b7a4b,,,full-sun,medium,"loamy,clay",,3,,,,#6b5a4a,6-11,moderate,SAAZG,Salvia azurea Michx. ex Lam. var. grandiflora Benth.,Forb/herb,L48:N,Single Stem,Erect,Medium,Moderate,Porous,No,Yes,No,No,Spring,Spring and Summer,Summer,Fall,3.0,High,Low,Medium,No,Yes,Yes,6.0,8.0
shortbeard-plumegrass,shortbeard plumegrass,Saccharum brevibarbe,grass,6-8,9-11,#5b7a4b,,#5b7a4b,,,full-sun,medium,"sandy,loamy,clay",,6.5,,,,#e8d24a,9-11,light,SABR18,Saccharum brevibarbe (Michx.) Pers.,Graminoid,L48:N,Bunch,Erect,Medium,Dense,Porous,No,No,No,No,Fall,Summer,Fall,Fall,6.5,High,Medium,Medium,Yes,Yes,Yes,4.0,7.5
coastal-plain-willow,coastal plain willow,Salix caroliniana,tree,3-5,3,#5b7a4b,,#5b7a4b,,,part-sun,high,"sandy,loamy,clay",,33,,,,#f1f1e2,3-5,heavy,SACA5,Salix caroliniana Michx.,Tree,L48:N,Multiple Stem,Erect,Coarse,Dense,Porous,No,No,No,Yes,Early Spring,Spring,Spring,Spring,33.0,Medium,Medium,High,Yes,Yes,Yes,4.5,8.8
arumleaf-arrowhead,arumleaf arrowhead,Sagittaria cuneata,mound,3-5,,#e8d24a,,#5b7a4b,,,full-sun,medium,"loamy,clay",,2.6,,,,,6-8,moderate,SACU,Sagittaria cuneata Sheldon,Forb/herb,AK:N|CAN:N|L48:N,Bunch,Erect,Medium,Moderate,Porous,No,Yes,No,No,Indeterminate,Spring,Summer,Summer,2.6,High,None,Medium,No,Yes,Yes,4.7,8.6
virginia-glasswort,Virginia glasswort,Salicornia depressa,mound,6-8,5,#5b7a4b,,#5b7a4b,,,full-sun,medium,"sandy,loamy",,1,,,,,6-11,moderate,SADE10,Salicornia depressa Standl.,Forb/herb,AK:N|CAN:N|HI:I|L48:N|SPM:N,Single Crown,Erect,Medium,Porous,Porous,No,No,No,No,Late Spring,Summer,Summer,Fall,1.0,High,None,Medium,Yes,Yes,No,6.6,8.5
narrowleaf-willow,narrowleaf willow,Salix exigua,vase,3-8,3,#e8d24a,,#5b7a4b,,,part-sun,high,"sandy,loamy",,10,,,,#f1f1e2,6-5,heavy,SAEX,Salix exigua Nutt.,Shrub,CAN:N|L48:N,Rhizomatous,Erect,Medium,Dense,Porous,No,No,No,No,Early Spring,Spring and Summer,Summer,Spring,10.0,Medium,Medium,High,Yes,Yes,No,6.0,8.5
sugarcane-plumegrass,sugarcane plumegrass,Saccharum giganteum,grass,6-8,6-8,#5b7a4b,,#5b7a4b,,,full-sun,medium,"sandy,loamy",,9.8,,,,#f1f1e2,6-11,moderate,SAGI,Saccharum giganteum (Walter) Pers.,Graminoid,L48:N,Bunch,Erect,Coarse,Porous,Porous,No,No,No,Yes,Summer,Summer,Summer,Fall,9.8,High,None,Medium,Yes,Yes,No,3.5,7.0
goodding-s-willow,Goodding's willow,Salix gooddingii,tree,3-8,3,#5b7a4b,,#5b7a4b,,,full-sun,high,"sandy,loamy",,40,,,,#6b5a4a,3-5,light,SAGO,Salix gooddingii C.R. Ball,Tree,L48:N,Multiple Stem,Erect,Coarse,Dense,Moderate,No,No,No,No,Early Spring,Spring and Summer,Spring,Spring,40.0,High,Medium,High,Yes,Yes,No,5.7,7.4
prairie-willow,prairie willow,Salix humilis,vase,3-8,3-5,#e8d24a,,,,,part-sun,high,"sandy,loamy",,10,,,,#6b5a4a,6-8,light,SAHU2,Salix humilis Marshall,Shrub,CAN:N|L48:N,Multiple Stem,Semi-Erect,Coarse,Dense,Moderate,No,No,No,Yes,Spring,Spring and Summer,Summer,Summer,10.0,Medium,Low,High,Yes,Yes,No,5.9,7.0
broadleaf-arrowhead,broadleaf arrowhead,Sagittaria latifolia,mound,3-5,5,#e8d24a,,#5b7a4b,,,full-sun,high,"loamy,clay",,4.9,,,,,3-8,moderate,SALA2,Sagittaria latifolia Willd.,Forb/herb,CAN:N|HI:I|L48:N|PR:N,Bunch,Erect,Medium,Moderate,Porous,No,Yes,No,No,Late Spring,Spring,Spring,Summer,4.9,High,None,High,No,Yes,Yes,4.7,8.9
arroyo-willow,arroyo willow,Salix lasiolepis,vase,3-8,,,,#5b7a4b,,,full-sun,high,"sandy,loamy,clay",,35,,,,,,,SALA6,Salix lasiolepis Benth.,Shrub,L48:N,Multiple Stem,Erect,Coarse,Dense,Dense,No,No,No,No,,Spring and Summer,,,35.0,High,None,High,Yes,Yes,Yes,5.5,7.5
small-burnet,small burnet,Sanguisorba minor,mound,3-5,3,#b3261e,,#5b7a4b,,,part-sun,medium,"sandy,loamy,clay",,1.3,,,,#6b5a4a,3-8,moderate,SAMI3,Sanguisorba minor Scop.,Forb/herb,CAN:I|L48:I,Multiple Stem,Erect,Medium,Moderate,Porous,No,Yes,No,No,Early Spring,Spring,Spring,Summer,1.3,Medium,Low,Medium,Yes,Yes,Yes,6.0,8.0
dwarf-palmetto,dwarf palmetto,Sabal minor,vase,3-8,5,#f1f1e2,,,,,shade,high,"loamy,clay",,9,,,,#3a3a34,9-12,light,SAMI8,Sabal minor (Jacq.) Pers.,Shrub,L48:N,Bunch,Erect,Coarse,Dense,Dense,Yes,No,No,No,Late Spring,Spring and Summer,Fall,Winter,9.0,Low,None,High,No,Yes,Yes,5.5,6.5
black-willow,black willow,Salix nigra,tree,3-8,3,,,#5b7a4b,,,full-sun,high,"sandy,loamy,clay",,100,,,,,3-8,heavy,SANI,Salix nigra Marshall,Tree,CAN:N|L48:N,Multiple Stem,Erect,Medium,Moderate,Porous,No,No,No,No,Early Spring,Spring and Summer,Spring,Summer,100.0,High,Low,High,Yes,Yes,Yes,4.8,8.0
american-black-elderberry,American black elderberry,Sambucus nigra ssp. canadensis,vase,3-8,3-5,#f1f1e2,,#5b7a4b,,,full-sun,medium,loamy,,7,,,,#5b7ea3,3-8,heavy,SANIC4,Sambucus nigra L. ssp. canadensis (L.) R. Bolli,Shrub,CAN:N|HI:I|L48:N|PB:I|PR:N|VI:I,Multiple Stem,Erect,Medium,Dense,Porous,No,Yes,Yes,Yes,Spring,Spring and Summer,Spring,Summer,7.0,High,Medium,Medium,No,Yes,No,5.0,8.9
blue-elderberry,blue elderberry,Sambucus nigra ssp. cerulea,vase,3-8,3-5,#f1f1e2,,#5b7a4b,,,part-sun,low,"sandy,loamy",,23,,,,#3a3a34,6-11,heavy,SANIC5,Sambucus nigra L. ssp. cerulea (Raf.) R. Bolli,Shrub,CAN:N|L48:N,Multiple Stem,Erect,Coarse,Moderate,,No,Yes,Yes,No,Spring,Spring and Summer,Summer,Fall,23.0,Medium,High,Low,Yes,Yes,No,4.9,7.5
sugarcane,sugarcane,Saccharum officinarum,grass,3-8,2,#f1f1e2,,#5b7a4b,,,part-sun,medium,"sandy,loamy,clay",,12,,,,#6b5a4a,1-5,moderate,SAOF,Saccharum officinarum L.,Graminoid,L48:I|PB:I|PR:I|VI:I,Bunch,Semi-Erect,Medium,Dense,Dense,Yes,No,Yes,Yes,Late Winter,Spring and Summer,Winter,Spring,12.0,Medium,High,Medium,Yes,Yes,Yes,4.0,7.0
bouncingbet,bouncingbet,Saponaria officinalis,mound,3-8,5,#8f6fb3,,#5b7a4b,,,part-sun,medium,"sandy,loamy",,2.2,,,,#6b5a4a,6-8,heavy,SAOF4,Saponaria officinalis L.,Forb/herb,CAN:I|L48:I,Rhizomatous,Erect,Medium,Dense,Porous,No,Yes,No,No,Late Spring,Spring and Summer,Summer,Summer,2.2,Medium,High,Medium,Yes,Yes,No,5.0,7.0
cabbage-palmetto,cabbage palmetto,Sabal palmetto,tree,3-8,6-8,#f1f1e2,,,,,shade,medium,"sandy,loamy,clay",,90,,,,#3a3a34,9-12,heavy,SAPA,Sabal palmetto (Walter) Lodd. ex Schult. & Schult. f.,Tree,L48:N,Single Stem,Climbing,Coarse,Dense,Dense,Yes,Yes,Yes,No,Summer,Spring and Summer,Fall,Winter,90.0,Low,Low,Medium,Yes,Yes,Yes,5.1,7.8
delta-arrowhead,delta arrowhead,Sagittaria platyphylla,mound,3-8,7,#f1f1e2,,#5b7a4b,,,full-sun,high,"sandy,loamy,clay",,3,,,,#5b7a4b,6-11,,SAPL,Sagittaria platyphylla (Engelm.) J.G. Sm.,Forb/herb,L48:N,Single Crown,Erect,Coarse,Porous,Porous,No,No,No,No,Mid Summer,Spring and Summer,Summer,Fall,3.0,High,None,High,Yes,Yes,Yes,5.0,7.0
western-soapberry,western soapberry,Sapindus saponaria var. drummondii,vase,6-8,3-5,#f1f1e2,,#5b7a4b,,,full-sun,low,"sandy,loamy,clay",,20,,,,#e8d24a,6-8,moderate,SASAD,Sapindus saponaria L. var. drummondii (Hook. & Arn.) L.D. Benson,Shrub,L48:N,Single Stem,Erect,Fine,Moderate,Porous,No,Yes,Yes,Yes,Spring,Summer,Summer,Summer,20.0,High,High,Low,Yes,Yes,Yes,7.0,8.5
american-cupscale,American cupscale,Sacciolepis striata,grass,6-8,6,#8f6fb3,,#5b7a4b,,,full-sun,low,"loamy,clay",,3,,,,#8f6fb3,6-11,,SAST,Sacciolepis striata (L.) Nash,Graminoid,L48:N|PR:N,Rhizomatous,Erect,Coarse,Porous,Porous,No,No,No,No,Early Summer,Summer,Summer,Fall,3.0,High,Medium,Low,No,Yes,Yes,5.0,7.3
yewleaf-willow,yewleaf willow,Salix taxifolia,tree,,5,#e8d24a,,,,,full-sun,medium,loamy,,40,,,,#6b5a4a,,,SATA,Salix taxifolia Kunth,Tree,L48:N,Rhizomatous,Erect,Fine,Porous,Porous,No,No,No,Yes,Late Spring,,,,40.0,High,Medium,,No,Yes,No,5.0,8.5
greasewood,greasewood,Sarcobatus vermiculatus,vase,6-8,3-5,#5b7a4b,,,,,full-sun,low,"loamy,clay",,10,,,,#b3261e,6-8,moderate,SAVE4,Sarcobatus vermiculatus (Hook.) Torr.,Shrub,CAN:N|L48:N,Multiple Stem,Irregular,Fine,Porous,Porous,No,No,Yes,No,Spring,Summer,Summer,Summer,10.0,High,High,Low,No,Yes,Yes,7.5,8.5
hardstem-bulrush,hardstem bulrush,Schoenoplectus acutus var. acutus,grass,6-8,5,#5b7a4b,,#5b7a4b,,,full-sun,high,"loamy,clay",,9.8,,,,#3a3a34,3-11,moderate,SCACA,Schoenoplectus acutus (Muhl. ex Bigelow) Á. Löve & D. Löve var. acutus,Graminoid,AK:N|CAN:N|L48:N|SPM:N,Rhizomatous,Erect,Coarse,Dense,Moderate,No,No,No,No,Late Spring,Summer,Spring,Fall,9.8,High,Medium,High,No,Yes,Yes,5.2,8.5
tall-fescue,tall fescue,Schedonorus arundinaceus,grass,1-12,3-5,#e8d24a,,#5b7a4b,,,part-sun,medium,"loamy,clay",,4,,,,#6b5a4a,6-8,heavy,SCAR7,"Schedonorus arundinaceus (Schreb.) Dumort., nom. cons.",Graminoid,AK:I|CAN:I|HI:I|L48:I|SPM:I,Rhizomatous,Semi-Erect,Medium,Moderate,Porous,No,No,No,No,Spring,Year Round,Summer,Summer,4.0,Medium,Medium,Medium,No,Yes,Yes,5.5,9.0
green-bulrush,green bulrush,Scirpus atrovirens,grass,3-5,6-8,#6b5a4a,,,,,full-sun,medium,"loamy,clay",,5.9,,,,#6b5a4a,6-11,moderate,SCAT2,Scirpus atrovirens Willd.,Graminoid,CAN:N|L48:N,Bunch,Erect,Coarse,Moderate,Porous,No,No,No,No,Summer,Spring,Summer,Fall,5.9,High,Low,Medium,No,Yes,Yes,4.0,8.0
california-bulrush,California bulrush,Schoenoplectus californicus,grass,6-8,5,#6b5a4a,,,,,full-sun,high,"loamy,clay",,6.6,,,,#6b5a4a,3-11,moderate,SCCA11,Schoenoplectus californicus (C.A. Mey.) Palla,Graminoid,HI:I|L48:N,Rhizomatous,Erect,Coarse,Dense,Porous,No,No,No,No,Late Spring,Summer,Spring,Fall,6.6,High,Low,High,No,Yes,Yes,5.0,9.0
woolgrass,woolgrass,Scirpus cyperinus,grass,3-5,8,#5b7a4b,,#5b7a4b,,,part-sun,high,"sandy,loamy,clay",,4.9,,,,#e8d24a,6-11,moderate,SCCY,Scirpus cyperinus (L.) Kunth,Graminoid,CAN:N|L48:N|SPM:N,Bunch,Erect,Coarse,Moderate,Porous,No,No,Yes,No,Late Summer,Spring,Summer,Fall,4.9,Medium,Low,High,Yes,Yes,Yes,4.8,7.2
georgia-bulrush,Georgia bulrush,Scirpus georgianus,grass,3-8,6,#e8d24a,,,,,part-sun,medium,"loamy,clay",,4.5,,,,#6b5a4a,6-8,light,SCGE2,Scirpus georgianus Harper,Graminoid,CAN:N|L48:N,Bunch,Semi-Erect,Fine,Moderate,Porous,No,No,No,No,Early Summer,Spring and Summer,Summer,Summer,4.5,Medium,Low,Medium,No,Yes,Yes,4.5,7.0
slender-bulrush,slender bulrush,Schoenoplectus heterochaetus,grass,6-8,8,#5b7a4b,,#5b7a4b,,,full-sun,high,"sandy,loamy,clay",,4.9,,,,#6b5a4a,6-11,moderate,SCHE5,Schoenoplectus heterochaetus (Chase) Soják,Graminoid,CAN:N|L48:N,Rhizomatous,Erect,Coarse,Moderate,Porous,No,No,No,No,Late Summer,Summer,Summer,Fall,4.9,High,Low,High,Yes,Yes,Yes,4.0,7.5
cloaked-bulrush,cloaked bulrush,Scirpus pallidus,grass,3-8,5,#b3261e,,#5b7a4b,,,full-sun,medium,"sandy,loamy,clay",,5,,,,#f1f1e2,6-8,light,SCPA8,Scirpus pallidus (Britton) Fernald,Graminoid,CAN:N|L48:N,Rhizomatous,Erect,Medium,Moderate,Porous,No,No,No,No,Late Spring,Spring and Summer,Summer,Summer,5.0,High,Low,Medium,Yes,Yes,Yes,5.3,7.2
rufous-bulrush,rufous bulrush,Scirpus pendulus,grass,3-8,4,#b3261e,,#5b7a4b,,,full-sun,medium,"sandy,loamy,clay",,4,,,,#6b5a4a,3-8,light,SCPE4,Scirpus pendulus Muhl.,Graminoid,CAN:N|L48:N,Rhizomatous,Erect,Medium,Moderate,Porous,No,No,No,No,Mid Spring,Spring and Summer,Spring,Summer,4.0,High,None,Medium,Yes,Yes,Yes,4.9,7.0
meadow-fescue,meadow fescue,Schedonorus pratensis,grass,6-11,5,#e8d24a,,#5b7a4b,,,part-sun,medium,"sandy,loamy,clay",,3,,,,#6b5a4a,6-8,light,SCPR4,Schedonorus pratensis (Huds.) P. Beauv.,Graminoid,AK:I|CAN:I|GL:I|L48:I|SPM:I,Bunch,Erect,Coarse,Moderate,Porous,No,No,No,No,Late Spring,Summer and Fall,Summer,Summer,3.0,Medium,Medium,Medium,Yes,Yes,Yes,5.8,8.5
little-bluestem-scsc,little bluestem,Schizachyrium scoparium,grass,6-11,6-8,#e8d24a,,#5b7a4b,,,full-sun,low,"sandy,loamy,clay",,3.5,,,,#6b5a4a,6-11,moderate,SCSC,Schizachyrium scoparium (Michx.) Nash,Graminoid,CAN:N|HI:I|L48:N,Bunch,Erect,Medium,Moderate,Porous,No,No,No,No,Summer,Summer and Fall,Summer,Fall,3.5,High,High,Low,Yes,Yes,Yes,5.6,8.4
little-bluestem-scscd,little bluestem,Schizachyrium scoparium var. divergens,grass,6-11,6,#e8d24a,,,,,full-sun,medium,"sandy,loamy,clay",,4,,,,#6b5a4a,6-11,light,SCSCD,Schizachyrium scoparium (Michx.) Nash var. divergens (Hack.) Gould,Graminoid,L48:N,Bunch,Erect,Medium,Moderate,Porous,No,No,No,No,Early Summer,Summer and Fall,Summer,Fall,4.0,High,High,Medium,Yes,Yes,Yes,5.8,6.8
softstem-bulrush,softstem bulrush,Schoenoplectus tabernaemontani,grass,3-11,5,#b3261e,,#5b7a4b,,,full-sun,high,"sandy,loamy,clay",,9,,,,#5b7a4b,6-8,light,SCTA2,Schoenoplectus tabernaemontani (C.C. Gmel.) Palla,Graminoid,AK:N|CAN:N|HI:N|L48:N|PR:N|SPM:N|VI:N,Rhizomatous,Erect,Coarse,Dense,Porous,No,No,No,No,Late Spring,"Spring, Summer, Fall",Summer,Summer,9.0,High,None,High,Yes,Yes,Yes,5.4,7.5
brazilian-peppertree,Brazilian peppertree,Schinus terebinthifolius,vase,1-12,6-8,#f1f1e2,,,,,full-sun,high,"sandy,loamy,clay",,30,,,,#b3261e,6-12,heavy,SCTE,Schinus terebinthifolius Raddi,Shrub,HI:I|L48:I|PB:I|PR:I|VI:I,Multiple Stem,Erect,Coarse,Moderate,Moderate,Yes,Yes,Yes,Yes,Summer,Year Round,Summer,Winter,30.0,High,Low,High,Yes,Yes,Yes,6.5,7.5
slender-little-bluestem,slender little bluestem,Schizachyrium tenerum,grass,6-11,5,#e8d24a,,,,,full-sun,medium,"sandy,loamy",,3,,,,#6b5a4a,6-11,light,SCTE5,Schizachyrium tenerum Nees,Graminoid,L48:N|PR:N,Bunch,Semi-Erect,Medium,Moderate,Porous,No,No,No,No,Late Spring,Summer and Fall,Summer,Fall,3.0,High,Medium,Medium,Yes,Yes,No,5.8,6.8
cereal-rye,cereal rye,Secale cereale,grass,3-11,3,#e8d24a,,#5b7a4b,,,full-sun,high,"sandy,loamy",,3.5,,,,#6b5a4a,3-8,heavy,SECE,Secale cereale L.,Graminoid,AK:I|CAN:W|GL:W|L48:I,Bunch,Erect,Fine,Moderate,Moderate,No,No,No,No,Early Spring,"Spring, Summer, Fall",Spring,Summer,3.5,High,Medium,High,Yes,Yes,No,5.2,8.2
catclaw-acacia,catclaw acacia,Senegalia greggii,vase,3-8,4,#e8d24a,,#5b7a4b,,,full-sun,low,"sandy,loamy,clay",,20,,,,#6b5a4a,6-11,heavy,SEGR4,Senegalia greggii (A. Gray) Britton & Rose,Shrub,L48:N,Multiple Stem,Erect,Fine,Porous,Porous,No,Yes,Yes,No,Mid Spring,Spring and Summer,Summer,Fall,20.0,High,High,Low,Yes,Yes,Yes,6.5,8.5
foxtail-millet,foxtail millet,Setaria italica,grass,3-8,6-8,#f1f1e2,,#5b7a4b,,,full-sun,low,"loamy,clay",,5,,,,#6b5a4a,9-12,heavy,SEIT,Setaria italica (L.) P. Beauv.,Graminoid,CAN:W|L48:I|VI:I,Bunch,Erect,Fine,Porous,Porous,No,No,Yes,Yes,Summer,Spring and Summer,Fall,Winter,5.0,High,Low,Low,No,Yes,Yes,5.3,6.9
maryland-senna,Maryland senna,Senna marilandica,mound,3-8,6-8,#e8d24a,,#5b7a4b,,,part-sun,low,"sandy,loamy",,6.6,,,,#6b5a4a,6-11,moderate,SEMA11,Senna marilandica (L.) Link,Forb/herb,L48:N,Single Stem,Erect,Medium,Moderate,,No,Yes,No,No,Summer,Spring and Summer,Summer,Fall,6.6,Medium,Medium,Low,Yes,Yes,No,4.0,7.0
yellow-foxtail,yellow foxtail,Setaria pumila,grass,3-8,6-8,#f1f1e2,,#5b7a4b,,,full-sun,low,"loamy,clay",,3,,,,#6b5a4a,9-12,heavy,SEPU8,Setaria pumila (Poir.) Roem. & Schult.,Graminoid,CAN:I|HI:I|L48:I|PB:I|SPM:W,Bunch,Erect,Fine,Porous,Porous,No,No,No,Yes,Summer,Spring and Summer,Fall,Winter,3.0,High,Low,Low,No,Yes,Yes,5.0,7.0
saw-palmetto,saw palmetto,Serenoa repens,vase,3-8,5,#f1f1e2,,,,,shade,high,"sandy,loamy,clay",,7,,,,#3a3a34,6-11,light,SERE2,Serenoa repens (W. Bartram) Small,Shrub,L48:N,Bunch,Erect,Coarse,Dense,Dense,Yes,No,No,No,Late Spring,Spring and Summer,Summer,Fall,7.0,Low,High,High,Yes,Yes,Yes,4.5,7.5
crownvetch,crownvetch,Securigera varia,mound,3-8,5,#8f6fb3,,#5b7a4b,,,part-sun,medium,"sandy,loamy",,3.3,,,,#b3261e,3-8,moderate,SEVA4,Securigera varia (L.) Lassen,Forb/herb,CAN:I|HI:I|L48:I,Rhizomatous,Decumbent,Medium,Moderate,Porous,No,Yes,No,No,Late Spring,Spring and Summer,Spring,Summer,3.3,Medium,High,Medium,Yes,Yes,No,5.0,7.8
old-man-in-the-spring,old-man-in-the-Spring,Senecio vulgaris,mound,3-8,3,#e8d24a,,#5b7a4b,,,full-sun,medium,"sandy,loamy,clay",,1.5,,,,#6b5a4a,3-8,heavy,SEVU,Senecio vulgaris L.,Forb/herb,AK:I|CAN:I|GL:I|HI:I|L48:I|SPM:I,Single Crown,Erect,Medium,Moderate,Porous,No,No,No,No,Early Spring,Spring and Summer,Spring,Summer,1.5,High,Medium,Medium,Yes,Yes,Yes,5.0,8.5
plains-bristlegrass,plains bristlegrass,Setaria vulpiseta,grass,3-8,6,#e8d24a,,#5b7a4b,,,part-sun,medium,loamy,,3,,,,#6b5a4a,6-11,moderate,SEVU2,Setaria vulpiseta (Lam.) Roem. & Schult.,Graminoid,L48:N|PR:I,Bunch,Erect,Medium,Dense,Porous,No,No,No,No,Early Summer,Spring and Summer,Summer,Fall,3.0,Medium,Medium,Medium,No,Yes,No,6.0,8.0
narrowleaf-blue-eyed-grass,narrowleaf blue-eyed grass,Sisyrinchium angustifolium,mound,3-8,4,#5b7ea3,,#5b7a4b,,,part-sun,medium,"loamy,clay",,2,,,,#3a3a34,3-8,light,SIAN3,Sisyrinchium angustifolium Mill.,Forb/herb,CAN:N|L48:N,Bunch,Erect,Fine,Moderate,Porous,No,Yes,No,No,Mid Spring,Spring and Summer,Spring,Summer,2.0,Medium,Low,Medium,No,Yes,Yes,5.0,7.0
buckthorn-bully,buckthorn bully,Sideroxylon lycioides,vase,3-11,6,#f1f1e2,,#5b7a4b,,,shade,low,sandy,,9.8,,,,#3a3a34,9-11,light,SILY,Sideroxylon lycioides L.,Shrub,L48:N,Single Crown,Rounded,Medium,Moderate,Porous,Yes,No,Yes,No,Early Summer,"Spring, Summer, Fall",Fall,Fall,9.8,Low,High,Low,Yes,No,No,4.0,7.0
salt-spring-checkerbloom,salt spring checkerbloom,Sidalcea neomexicana,mound,3-8,4,#8f6fb3,,#5b7a4b,,,shade,high,"loamy,clay",,2.5,,,,#6b5a4a,6-8,heavy,SINE3,Sidalcea neomexicana A. Gray,Forb/herb,L48:N,Single Crown,Erect,Coarse,Porous,Porous,No,Yes,No,No,Mid Spring,Spring and Summer,Summer,Summer,2.5,Low,Low,High,No,Yes,Yes,6.2,7.8
saw-greenbrier,saw greenbrier,Smilax bona-nox,vase,3-8,3-5,#5b7a4b,,#5b7a4b,,,shade,medium,"sandy,loamy,clay",,4,,,,#3a3a34,3-11,moderate,SMBO2,Smilax bona-nox L.,Shrub,L48:N,Thicket Forming,Climbing,Coarse,Moderate,Porous,Yes,No,Yes,No,Spring,Spring and Summer,Spring,Fall,4.0,Low,Medium,Medium,Yes,Yes,Yes,4.5,8.5
cat-greenbrier,cat greenbrier,Smilax glauca,vase,3-8,3-5,#5b7a4b,,,,,shade,medium,"sandy,loamy,clay",,1,,,,#3a3a34,3-11,light,SMGL,Smilax glauca Walter,Shrub,L48:N,Thicket Forming,Climbing,Coarse,Moderate,Porous,Yes,No,Yes,No,Spring,Spring and Summer,Spring,Fall,1.0,Low,Medium,Medium,Yes,Yes,Yes,4.5,7.5
laurel-greenbrier,laurel greenbrier,Smilax laurifolia,vase,3-8,8,#5b7a4b,,#5b7a4b,,,shade,high,"sandy,loamy,clay",,1,,,,#3a3a34,9-11,heavy,SMLA,Smilax laurifolia L.,Shrub,L48:N,Thicket Forming,Climbing,Coarse,Moderate,Moderate,Yes,No,Yes,No,Late Summer,Spring and Summer,Fall,Fall,1.0,Low,Low,High,Yes,Yes,Yes,4.0,7.0
roundleaf-greenbrier,roundleaf greenbrier,Smilax rotundifolia,vase,6-8,3-5,#f1f1e2,,#5b7a4b,,,full-sun,medium,loamy,,1,,,,#6b5a4a,3-8,light,SMRO,Smilax rotundifolia L.,Shrub,CAN:N|L48:N,Single Crown,Climbing,Medium,Porous,Porous,No,No,No,No,Spring,Summer,Spring,Summer,1.0,High,Medium,Medium,No,Yes,No,5.0,7.5
lanceleaf-greenbrier,lanceleaf greenbrier,Smilax smallii,vase,3-8,3-5,#5b7a4b,,#5b7a4b,,,shade,medium,"sandy,loamy,clay",,1,,,,#3a3a34,6-11,moderate,SMSM,Smilax smallii Morong,Shrub,L48:N|PR:N,Thicket Forming,Climbing,Coarse,Moderate,Moderate,Yes,No,Yes,No,Spring,Spring and Summer,Summer,Fall,1.0,Low,Low,Medium,Yes,Yes,Yes,4.0,7.0
coral-greenbrier,coral greenbrier,Smilax walteri,vase,3-8,3-5,#5b7a4b,,#5b7a4b,,,shade,high,"sandy,loamy,clay",,1,,,,#b3261e,6-11,heavy,SMWA,Smilax walteri Pursh,Shrub,L48:N,Thicket Forming,Climbing,Coarse,Moderate,Moderate,Yes,No,Yes,No,Spring,Spring and Summer,Summer,Fall,1.0,Low,Low,High,Yes,Yes,Yes,4.0,7.0
canada-goldenrod-soal6,Canada goldenrod,Solidago altissima,mound,3-11,5,#e8d24a,,,,,part-sun,medium,"sandy,loamy,clay",,5,,,,#6b5a4a,6-11,moderate,SOAL6,Solidago altissima L.,Forb/herb,CAN:N|HI:I|L48:N,Rhizomatous,Erect,Fine,Porous,Porous,No,Yes,No,Yes,Late Spring,"Spring, Summer, Fall",Summer,Fall,5.0,Medium,Low,Medium,Yes,Yes,Yes,5.2,7.3
sorghum,sorghum,Sorghum bicolor,grass,6-11,8,#6b5a4a,,#5b7a4b,,,full-sun,medium,"sandy,loamy,clay",,4,,,,#6b5a4a,6-11,heavy,SOBI2,Sorghum bicolor (L.) Moench,Graminoid,CAN:I|CAN:W|HI:I|L48:I|PB:I|PR:I|VI:I,Bunch,Erect,Coarse,Dense,Moderate,No,No,Yes,No,Late Summer,Summer and Fall,Summer,Fall,4.0,High,High,Medium,Yes,Yes,Yes,5.5,7.5
grain-sorghum,grain sorghum,Sorghum bicolor ssp. bicolor,grass,6-11,8,#e8d24a,,#5b7a4b,,,full-sun,medium,"sandy,loamy,clay",,8,,,,#6b5a4a,6-11,heavy,SOBIB,Sorghum bicolor (L.) Moench ssp. bicolor,Graminoid,CAN:W|HI:I|L48:I|PR:I|VI:I,Bunch,Erect,Coarse,Dense,Moderate,No,No,Yes,No,Late Summer,Summer and Fall,Summer,Fall,8.0,High,High,Medium,Yes,Yes,Yes,5.5,7.5
wreath-goldenrod,wreath goldenrod,Solidago caesia,mound,3-8,5,#e8d24a,,,,,part-sun,medium,"loamy,clay",,3,,,,#6b5a4a,6-11,moderate,SOCA4,Solidago caesia L.,Forb/herb,CAN:N|L48:N,Rhizomatous,Erect,Medium,Porous,Porous,No,Yes,No,Yes,Late Spring,Spring and Summer,Summer,Fall,3.0,Medium,Low,Medium,No,Yes,Yes,5.5,7.0
canada-goldenrod-soca6,Canada goldenrod,Solidago canadensis,mound,3-8,8,#e8d24a,,#5b7a4b,,,full-sun,medium,"sandy,loamy,clay",,3.5,,,,#6b5a4a,6-11,heavy,SOCA6,Solidago canadensis L.,Forb/herb,AK:N|CAN:N|L48:N,Rhizomatous,Erect,Coarse,Dense,Porous,No,Yes,No,No,Late Summer,Spring and Summer,Summer,Fall,3.5,High,Medium,Medium,Yes,Yes,Yes,4.8,7.5
giant-goldenrod,giant goldenrod,Solidago gigantea,mound,6-8,,#e8d24a,,#5b7a4b,,,part-sun,medium,"loamy,clay",,8.2,,,,#6b5a4a,6-11,moderate,SOGI,Solidago gigantea Aiton,Forb/herb,CAN:N|L48:N,Bunch,Erect,Medium,Moderate,Porous,No,Yes,No,Yes,Indeterminate,Summer,Summer,Fall,8.2,Medium,Medium,Medium,No,Yes,Yes,4.0,8.0
johnsongrass,Johnsongrass,Sorghum halepense,grass,6-11,8,#e8d24a,,#5b7a4b,,,full-sun,high,"sandy,loamy,clay",,3.5,,,,#6b5a4a,6-11,heavy,SOHA,Sorghum halepense (L.) Pers.,Graminoid,CAN:I|HI:I|L48:I|PB:I|PR:I,Rhizomatous,Erect,Coarse,Dense,Moderate,No,No,Yes,No,Late Summer,Summer and Fall,Summer,Fall,3.5,High,Low,High,Yes,Yes,Yes,5.0,7.0
garden-tomato,garden tomato,Solanum lycopersicum var. lycopersicum,mound,1-12,,#e8d24a,,#5b7a4b,,,part-sun,high,"loamy,clay",,6,,,,#b3261e,1-12,light,SOLYL,Solanum lycopersicum L. var. lycopersicum,Forb/herb,AK:I|CAN:W|HI:I|L48:I|PB:I|PR:I|VI:I,Single Stem,Erect,Fine,Dense,Dense,No,Yes,No,Yes,Indeterminate,Year Round,Year Round,Year Round,6.0,Medium,Low,High,No,Yes,Yes,5.5,7.0
missouri-goldenrod,Missouri goldenrod,Solidago missouriensis,mound,3-11,8,#e8d24a,,#5b7a4b,,,part-sun,low,"sandy,loamy",,3,,,,#6b5a4a,6-11,moderate,SOMI2,Solidago missouriensis Nutt.,Forb/herb,CAN:N|L48:N,Rhizomatous,Erect,Medium,Porous,Porous,No,Yes,No,Yes,Late Summer,"Spring, Summer, Fall",Summer,Fall,3.0,Medium,High,Low,Yes,Yes,No,5.5,7.5
gray-goldenrod,gray goldenrod,Solidago nemoralis,mound,3-8,6-8,#e8d24a,,#5b7a4b,,,full-sun,medium,"sandy,loamy",,2,,,,#6b5a4a,6-11,heavy,SONE,Solidago nemoralis Aiton,Forb/herb,CAN:N|L48:N,Rhizomatous,Decumbent,Medium,Moderate,Porous,No,Yes,No,No,Summer,Spring and Summer,Summer,Fall,2.0,High,Medium,Medium,Yes,Yes,No,6.5,7.5
indiangrass,Indiangrass,Sorghastrum nutans,grass,6-11,4,#e8d24a,,#5b7a4b,,,full-sun,medium,"sandy,loamy,clay",,6.5,,,,#6b5a4a,6-11,moderate,SONU2,Sorghastrum nutans (L.) Nash,Graminoid,CAN:N|L48:N,Bunch,Erect,Medium,Dense,Porous,No,No,No,No,Mid Spring,Summer and Fall,Summer,Fall,6.5,High,Medium,Medium,Yes,Yes,Yes,5.0,8.0
roundleaf-goldenrod,roundleaf goldenrod,Solidago patula,mound,6-8,9-11,#e8d24a,,#5b7a4b,,,part-sun,high,"sandy,loamy,clay",,6.6,,,,#f1f1e2,9-11,moderate,SOPA2,Solidago patula Muhl. ex Willd.,Forb/herb,CAN:N|L48:N,Rhizomatous,Erect,Medium,Moderate,Porous,No,Yes,No,Yes,Fall,Summer,Fall,Fall,6.6,Medium,Low,High,Yes,Yes,Yes,4.5,7.0
wrinkleleaf-goldenrod,wrinkleleaf goldenrod,Solidago rugosa,mound,3-8,8,#e8d24a,,#5b7a4b,,,part-sun,medium,"sandy,loamy",,3.3,,,,#6b5a4a,6-11,heavy,SORU2,Solidago rugosa Mill.,Forb/herb,CAN:N|L48:N|SPM:N,Rhizomatous,Erect,Coarse,Dense,Porous,No,Yes,No,No,Late Summer,Spring and Summer,Summer,Fall,3.3,Medium,Medium,Medium,Yes,Yes,No,5.0,7.5
seaside-goldenrod,seaside goldenrod,Solidago sempervirens,mound,3-8,8,#e8d24a,,,,,full-sun,low,"sandy,loamy",,3.5,,,,#6b5a4a,6-11,light,SOSE,Solidago sempervirens L.,Forb/herb,CAN:N|L48:N|PR:I,Multiple Stem,Semi-Erect,Coarse,Moderate,Porous,No,Yes,No,Yes,Late Summer,Spring and Summer,Summer,Fall,3.5,High,Medium,Low,Yes,Yes,No,5.5,7.5
mescal-bean,mescal bean,Sophora secundiflora,vase,3-8,3,#8f6fb3,,#5b7a4b,,,full-sun,medium,"loamy,clay",,15,,,,#3a3a34,3-8,moderate,SOSE3,Sophora secundiflora (Ortega) Lag. ex DC.,Shrub,L48:N,Multiple Stem,Semi-Erect,Medium,Dense,Dense,Yes,Yes,No,Yes,Early Spring,Spring and Summer,Spring,Summer,15.0,High,Medium,Medium,No,Yes,Yes,6.0,9.5
alkali-sacaton,alkali sacaton,Sporobolus airoides,grass,3-8,7,#e8d24a,,#5b7a4b,,,full-sun,low,"sandy,loamy,clay",,3,,,,#6b5a4a,6-11,moderate,SPAI,Sporobolus airoides (Torr.) Torr.,Graminoid,CAN:N|L48:N,Bunch,Erect,Fine,Moderate,Porous,No,No,No,No,Mid Summer,Spring and Summer,Summer,Fall,3.0,High,High,Low,Yes,Yes,Yes,6.6,9.0
smooth-cordgrass,smooth cordgrass,Spartina alterniflora,grass,3-8,6-8,#e8d24a,,#5b7a4b,,,full-sun,high,"sandy,loamy,clay",,3.5,,,,#6b5a4a,6-8,light,SPAL,Spartina alterniflora Loisel.,Graminoid,CAN:N|L48:N,Rhizomatous,Erect,Medium,Moderate,Porous,No,No,No,No,Summer,Spring and Summer,Summer,Summer,3.5,High,None,High,Yes,Yes,Yes,5.5,7.5
american-bur-reed,American bur-reed,Sparganium americanum,mound,3-5,,#5b7a4b,,#5b7a4b,,,part-sun,high,"sandy,loamy,clay",,3.2,,,,#5b7a4b,3-11,moderate,SPAM,Sparganium americanum Nutt.,Forb/herb,CAN:N|L48:N|SPM:N,Colonizing,Erect,Medium,Moderate,Porous,No,No,No,No,Indeterminate,Spring,Spring,Fall,3.2,Medium,None,High,Yes,Yes,Yes,4.9,7.3
sand-cordgrass,sand cordgrass,Spartina bakeri,grass,6-8,6-8,#5b7a4b,,#5b7a4b,,,full-sun,high,"sandy,loamy,clay",,6.6,,,,#6b5a4a,6-11,moderate,SPBA,Spartina bakeri Merr.,Graminoid,L48:N,Bunch,Erect,Fine,Dense,Dense,Yes,No,No,No,Summer,Summer,Summer,Fall,6.6,High,None,High,Yes,Yes,Yes,5.0,8.6
nodding-lady-s-tresses,nodding lady's tresses,Spiranthes cernua,mound,3-8,8,#f1f1e2,,#5b7a4b,,,full-sun,high,"loamy,clay",,1.5,,,,#6b5a4a,3-11,moderate,SPCE,Spiranthes cernua (L.) Rich.,Forb/herb,CAN:N|L48:N,Single Crown,Erect,Fine,Porous,Porous,No,Yes,No,No,Late Summer,Spring and Summer,Spring,Fall,1.5,High,None,High,No,Yes,Yes,4.5,6.5
scarlet-globemallow,scarlet globemallow,Sphaeralcea coccinea,mound,3-8,3-5,#b3261e,,#5b7a4b,,,full-sun,low,"sandy,loamy",,1.5,,,,#6b5a4a,6-11,heavy,SPCO,Sphaeralcea coccinea (Nutt.) Rydb.,Forb/herb,CAN:N|L48:N,Multiple Stem,Erect,Fine,Porous,Porous,No,Yes,Yes,No,Spring,Spring and Summer,Summer,Fall,1.5,High,High,Low,Yes,Yes,No,6.5,8.4
composite-dropseed,composite dropseed,Sporobolus compositus var. compositus,grass,3-8,6-8,#e8d24a,,#5b7a4b,,,full-sun,low,"sandy,loamy",,3,,,,#6b5a4a,6-11,moderate,SPCOC2,Sporobolus compositus (Poir.) Merr. var. compositus,Graminoid,CAN:N|L48:N,Bunch,Erect,Fine,Moderate,Porous,No,No,No,No,Summer,Spring and Summer,Summer,Fall,3.0,High,High,Low,Yes,Yes,No,5.5,7.0
sand-dropseed,sand dropseed,Sporobolus cryptandrus,grass,3-5,8,#e8d24a,,#5b7a4b,,,full-sun,low,"sandy,loamy",,3,,,,#6b5a4a,6-11,heavy,SPCR,Sporobolus cryptandrus (Torr.) A. Gray,Graminoid,CAN:N|L48:N,Bunch,Erect,Fine,Porous,Porous,No,No,No,No,Late Summer,Spring,Summer,Fall,3.0,High,High,Low,Yes,Yes,No,6.6,8.0
big-cordgrass,big cordgrass,Spartina cynosuroides,grass,3-8,3-5,#e8d24a,,#5b7a4b,,,full-sun,high,"sandy,loamy,clay",,8,,,,#6b5a4a,6-11,light,SPCY,Spartina cynosuroides (L.) Roth,Graminoid,L48:N,Rhizomatous,Erect,Coarse,Dense,Moderate,No,No,No,No,Spring,Spring and Summer,Summer,Fall,8.0,High,None,High,Yes,Yes,Yes,5.8,7.5
mesa-dropseed,mesa dropseed,Sporobolus flexuosus,grass,3-8,5,#e8d24a,,#5b7a4b,,,full-sun,low,"sandy,loamy",,3,,,,#6b5a4a,6-8,heavy,SPFL2,Sporobolus flexuosus (Thurb. ex Vasey) Rydb.,Graminoid,L48:N,Bunch,Erect,Medium,Moderate,Porous,No,No,No,No,Late Spring,Spring and Summer,Summer,Summer,3.0,High,High,Low,Yes,Yes,No,6.0,8.0
prairie-wedgescale,prairie wedgescale,Sphenopholis obtusata,grass,3-5,3-5,#5b7a4b,,#5b7a4b,,,part-sun,medium,"loamy,clay",,3.2,,,,#6b5a4a,6-8,moderate,SPOB,Sphenopholis obtusata (Michx.) Scribn.,Graminoid,CAN:N|HI:I|L48:N,Bunch,Erect,Fine,Moderate,Porous,No,No,No,No,Spring,Spring,Summer,Summer,3.2,Medium,Low,Medium,No,Yes,Yes,5.0,7.5
saltmeadow-cordgrass,saltmeadow cordgrass,Spartina patens,grass,3-8,4,#e8d24a,,#5b7a4b,,,full-sun,medium,"sandy,loamy,clay",,3.2,,,,#6b5a4a,6-11,light,SPPA,Spartina patens (Aiton) Muhl.,Graminoid,CAN:N|L48:N|PR:N|VI:N,Rhizomatous,Erect,Medium,Porous,Porous,No,No,No,No,Mid Spring,Spring and Summer,Summer,Fall,3.2,High,Medium,Medium,Yes,Yes,Yes,5.5,7.5
prairie-cordgrass,prairie cordgrass,Spartina pectinata,grass,3-8,7,#e8d24a,,#5b7a4b,,,full-sun,high,"sandy,loamy",,8,,,,#6b5a4a,6-11,light,SPPE,Spartina pectinata Bosc ex Link,Graminoid,CAN:N|L48:N|SPM:N,Rhizomatous,Erect,Coarse,Dense,Moderate,No,No,No,No,Mid Summer,Spring and Summer,Summer,Fall,8.0,High,Low,High,Yes,Yes,No,6.0,8.5
common-duckmeat,common duckmeat,Spirodela polyrrhiza,mound,3-5,8,#5b7a4b,,#5b7a4b,,,part-sun,high,"loamy,clay",,,,,,#6b5a4a,6-11,light,SPPO,Spirodela polyrrhiza (L.) Schleid.,Forb/herb,CAN:N|HI:N|L48:N|PR:N|VI:N,Single Crown,Prostrate,Fine,Porous,Porous,No,Yes,No,No,Late Summer,Spring,Summer,Fall,,Medium,None,High,No,Yes,Yes,5.0,8.6
gulf-cordgrass,gulf cordgrass,Spartina spartinae,grass,3-5,8,#5b7a4b,,#5b7a4b,,,full-sun,medium,"sandy,loamy,clay",,6.6,,,,#6b5a4a,3-8,heavy,SPSP,Spartina spartinae (Trin.) Merr. ex Hitchc.,Graminoid,L48:N,Bunch,Erect,Fine,Moderate,Porous,No,No,Yes,No,Late Summer,Spring,Spring,Summer,6.6,High,Medium,Medium,Yes,Yes,Yes,5.5,7.5
seashore-dropseed,seashore dropseed,Sporobolus virginicus,grass,1-12,6-8,#6b5a4a,,#5b7a4b,,,part-sun,low,"sandy,loamy,clay",,2,,,,#6b5a4a,6-11,light,SPVI3,Sporobolus virginicus (L.) Kunth,Graminoid,HI:N|L48:N|PB:N|PR:N|VI:N,Rhizomatous,Decumbent,Medium,Moderate,Moderate,Yes,No,No,No,Summer,Year Round,Summer,Fall,2.0,Medium,High,Low,Yes,Yes,Yes,6.0,8.0
big-sacaton,big sacaton,Sporobolus wrightii,grass,6-8,8,#e8d24a,,#5b7a4b,,,full-sun,medium,"sandy,loamy",,5.5,,,,#6b5a4a,6-11,heavy,SPWR2,Sporobolus wrightii Munro ex Scribn.,Graminoid,L48:N,Bunch,Erect,Coarse,Dense,Porous,No,No,No,No,Late Summer,Summer,Summer,Fall,5.5,High,Medium,Medium,Yes,Yes,No,5.6,8.0
american-snowbell,American snowbell,Styrax americanus,vase,,3-5,#f1f1e2,,#5b7a4b,,,part-sun,low,"sandy,loamy",,10,,,,,6-11,,STAM4,Styrax americanus Lam.,Shrub,L48:N,,,Fine,Porous,,No,No,No,Yes,Spring,,Summer,Fall,10.0,Medium,Low,,Yes,Yes,No,4.5,8.5
bigleaf-snowbell,bigleaf snowbell,Styrax grandifolius,vase,3-8,3-5,#f1f1e2,,#5b7a4b,,,part-sun,,"sandy,loamy",,10,,,,#6b5a4a,6-11,light,STGR4,Styrax grandifolius Aiton,Shrub,L48:N,Rhizomatous,Erect,Medium,Moderate,Porous,No,Yes,No,No,Spring,Spring and Summer,Summer,Fall,10.0,Medium,,,Yes,Yes,No,4.5,6.5
sago-pondweed,sago pondweed,Stuckenia pectinata,mound,6-8,4,#5b7a4b,,#5b7a4b,,,full-sun,high,"sandy,loamy,clay",,,,,,#5b7ea3,3-11,moderate,STPE15,Stuckenia pectinata (L.) Börner,Forb/herb,AK:N|CAN:N|HI:I|L48:N|SPM:N,Single Crown,Decumbent,Fine,Porous,Porous,No,No,No,No,Mid Spring,Summer,Spring,Fall,,High,None,High,Yes,Yes,Yes,6.0,8.5
st-augustine-grass,St. Augustine grass,Stenotaphrum secundatum,grass,6-11,,,,#5b7a4b,,,part-sun,medium,"loamy,clay",,0.9,,,,,,,STSE,Stenotaphrum secundatum (Walter) Kuntze,Graminoid,HI:I|L48:N|PB:I|PR:N|VI:N,Rhizomatous,Prostrate,Fine,Porous,Porous,No,No,No,No,,Summer and Fall,,,0.9,Medium,Medium,Medium,No,Yes,Yes,6.5,7.5
smooth-hedgenettle,smooth hedgenettle,Stachys tenuifolia,mound,3-8,5,#8f6fb3,,#5b7a4b,,,shade,high,"sandy,loamy,clay",,25,,,,#6b5a4a,6-8,moderate,STTE,Stachys tenuifolia Willd.,Forb/herb,CAN:N|L48:N,Single Crown,Erect,Coarse,Moderate,Porous,No,Yes,No,No,Late Spring,Spring and Summer,Summer,Summer,25.0,Low,Low,High,Yes,Yes,Yes,5.7,7.4
white-panicle-aster,white panicle aster,Symphyotrichum lanceolatum ssp. hesperium var. hesperium,mound,6-11,8,#e8d24a,,#5b7a4b,,,part-sun,high,"sandy,loamy,clay",,6,,,,#6b5a4a,9-11,moderate,SYLAH6,Symphyotrichum lanceolatum (Willd.) G.L. Nesom ssp. hesperium (A. Gray) G.L. Nesom var. hesperium,Forb/herb,CAN:N|L48:N,Rhizomatous,Erect,Coarse,Moderate,Porous,No,Yes,No,Yes,Late Summer,Summer and Fall,Fall,Fall,6.0,Medium,Low,High,Yes,Yes,Yes,5.8,7.4
calico-aster,calico aster,Symphyotrichum lateriflorum var. lateriflorum,mound,3-11,6-8,#f1f1e2,,#5b7a4b,,,full-sun,medium,"sandy,loamy,clay",,5,,,,#6b5a4a,6-12,moderate,SYLAL7,Symphyotrichum lateriflorum (L.) Á. Löve & D. Löve var. lateriflorum,Forb/herb,CAN:N|L48:N,Single Crown,Semi-Erect,Coarse,Porous,Porous,No,Yes,No,Yes,Summer,"Spring, Summer, Fall",Summer,Winter,5.0,High,Medium,Medium,Yes,Yes,Yes,5.2,7.5
western-snowberry,western snowberry,Symphoricarpos occidentalis,vase,3-5,5,#f1f1e2,,#5b7a4b,,,part-sun,low,loamy,,3,,,,#f1f1e2,6-11,moderate,SYOC,Symphoricarpos occidentalis Hook.,Shrub,CAN:N|L48:N,Thicket Forming,Semi-Erect,Medium,Dense,Moderate,No,No,Yes,No,Late Spring,Spring,Summer,Fall,3.0,Medium,High,Low,No,Yes,No,6.6,8.0
coralberry-syor,coralberry,Symphoricarpos orbiculatus,vase,3-8,4,#f1f1e2,,#5b7a4b,,,part-sun,high,"loamy,clay",,2,,,,#b3261e,6-11,heavy,SYOR,Symphoricarpos orbiculatus Moench,Shrub,CAN:I|L48:N,Rhizomatous,Erect,Coarse,Dense,Moderate,No,No,Yes,Yes,Mid Spring,Spring and Summer,Summer,Fall,2.0,Medium,Medium,High,No,Yes,Yes,5.5,7.5
mountain-snowberry,mountain snowberry,Symphoricarpos oreophilus,vase,3-8,5,#f1f1e2,,#5b7a4b,,,part-sun,low,"loamy,clay",,5,,,,#f1f1e2,6-8,moderate,SYOR2,Symphoricarpos oreophilus A. Gray,Shrub,CAN:N|L48:N,Rhizomatous,Decumbent,Medium,Dense,Porous,No,Yes,Yes,No,Late Spring,Spring and Summer,Summer,Summer,5.0,Medium,High,Low,No,Yes,Yes,5.2,7.5
late-purple-aster,late purple aster,Symphyotrichum patens var. patens,mound,3-11,8,#8f6fb3,,,,,shade,medium,"loamy,clay",,2.5,,,,#6b5a4a,6-11,heavy,SYPAP2,Symphyotrichum patens (Aiton) G.L. Nesom var. patens,Forb/herb,L48:N,Multiple Stem,Semi-Erect,Coarse,Dense,Porous,No,Yes,No,Yes,Late Summer,"Spring, Summer, Fall",Summer,Fall,2.5,Low,Medium,Medium,No,Yes,Yes,4.9,6.9
hairy-white-oldfield-aster,hairy white oldfield aster,Symphyotrichum pilosum var. pilosum,mound,3-11,8,#8f6fb3,,#5b7a4b,,,shade,medium,loamy,,3,,,,#6b5a4a,9-11,moderate,SYPIP3,Symphyotrichum pilosum (Willd.) G.L. Nesom var. pilosum,Forb/herb,CAN:N|L48:N,Rhizomatous,Erect,Medium,Porous,Porous,No,Yes,No,Yes,Late Summer,"Spring, Summer, Fall",Fall,Fall,3.0,Low,Medium,Medium,No,Yes,No,5.4,7.0
eastern-annual-saltmarsh-aster,eastern annual saltmarsh aster,Symphyotrichum subulatum,mound,3-11,8,#5b7ea3,,#5b7a4b,,,full-sun,medium,"loamy,clay",,3,,,,#6b5a4a,6-11,moderate,SYSU5,Symphyotrichum subulatum (Michx.) G.L. Nesom,Forb/herb,CAN:N|L48:N,Multiple Stem,Erect,Medium,Porous,Porous,No,Yes,No,Yes,Late Summer,"Spring, Summer, Fall",Summer,Fall,3.0,High,Low,Medium,No,Yes,Yes,5.6,7.0
common-sweetleaf,common sweetleaf,Symplocos tinctoria,vase,3-8,5,#e8d24a,,,,,shade,,"sandy,loamy",,20,,,,#6b5a4a,9-11,,SYTI,Symplocos tinctoria (L.) L'Hér.,Shrub,L48:N,Rhizomatous,Erect,Medium,Porous,Porous,No,Yes,No,No,Late Spring,Spring and Summer,Fall,Fall,20.0,Low,None,,Yes,Yes,No,4.5,6.5
bald-cypress,bald cypress,Taxodium distichum,tree,3-8,4,#8f6fb3,,#5b7a4b,,,part-sun,high,"sandy,loamy,clay",,130,,,,#6b5a4a,6-11,light,TADI2,Taxodium distichum (L.) Rich.,Tree,L48:N,Single Stem,Conical,Fine,Dense,Moderate,No,No,No,Yes,Mid Spring,Spring and Summer,Summer,Fall,130.0,Medium,Low,High,Yes,Yes,Yes,4.5,6.0
common-dandelion,common dandelion,Taraxacum officinale,mound,"3,4,5,9,10,11",3,#e8d24a,,#5b7a4b,,,part-sun,medium,"sandy,loamy,clay",,0.5,,,,#6b5a4a,3-8,heavy,TAOF,Taraxacum officinale F.H. Wigg.,Forb/herb,AK:I|AK:N|CAN:I|CAN:N|GL:I|GL:N|HI:I|L48:I|L48:N|PR:I|SPM:I,Single Crown,Prostrate,Coarse,Porous,Porous,No,Yes,No,No,Early Spring,Spring and Fall,Spring,Summer,0.5,Medium,Medium,Medium,Yes,Yes,Yes,4.8,7.5
canada-germander,Canada germander,Teucrium canadense,mound,3-8,6-8,#8f6fb3,,,,,part-sun,high,"loamy,clay",,3.3,,,,#6b5a4a,6-11,moderate,TECA3,Teucrium canadense L.,Forb/herb,CAN:N|L48:N,Single Stem,Erect,Medium,Porous,Porous,No,Yes,No,No,Summer,Spring and Summer,Summer,Fall,3.3,Medium,Low,High,No,Yes,Yes,4.5,8.0
yellow-trumpetbush,yellow trumpetbush,Tecoma stans,vase,3-8,,#e8d24a,,#5b7a4b,,,full-sun,low,"sandy,loamy",,20,,,,#6b5a4a,6-11,heavy,TEST,Tecoma stans (L.) Juss. ex Kunth,Shrub,HI:I|L48:N|PB:I|PR:N|VI:N,Multiple Stem,Erect,Fine,Porous,Porous,No,Yes,Yes,No,Indeterminate,Spring and Summer,Summer,Fall,20.0,High,High,Low,Yes,Yes,No,6.5,8.0
intermediate-wheatgrass,intermediate wheatgrass,Thinopyrum intermedium,grass,3-11,4,#e8d24a,,#5b7a4b,,,full-sun,medium,"sandy,loamy,clay",,4.5,,,,#6b5a4a,3-8,heavy,THIN6,Thinopyrum intermedium (Host) Barkworth & D.R. Dewey,Graminoid,CAN:I|L48:I,Rhizomatous,Erect,Medium,Moderate,Porous,No,No,No,No,Mid Spring,"Spring, Summer, Fall",Spring,Summer,4.5,High,Medium,Medium,Yes,Yes,Yes,5.6,8.4
tall-wheatgrass,tall wheatgrass,Thinopyrum ponticum,grass,3-5,7,#e8d24a,,#5b7a4b,,,full-sun,medium,"sandy,loamy,clay",,5,,,,#6b5a4a,6-8,heavy,THPO7,Thinopyrum ponticum (Podp.) Z.-W. Liu & R.-C. Wang,Graminoid,CAN:I|L48:I,Rhizomatous,Erect,Coarse,Dense,Moderate,No,No,No,No,Mid Summer,Spring,Summer,Summer,5.0,High,Medium,Medium,Yes,Yes,Yes,6.6,10.0
american-basswood,American basswood,Tilia americana,tree,3-8,5,#e8d24a,,#5b7a4b,,,shade,medium,"sandy,loamy",,100,,,,#6b5a4a,6-11,heavy,TIAM,Tilia americana L.,Tree,CAN:I|CAN:N|L48:N,Single Stem,Erect,Medium,Dense,Porous,No,Yes,No,Yes,Late Spring,Spring and Summer,Summer,Fall,100.0,Low,Low,Medium,Yes,Yes,No,4.5,7.5
spanish-moss,Spanish moss,Tillandsia usneoides,mound,3-8,8,#f1f1e2,,,,,shade,medium,,,,,,,#3a3a34,9-12,light,TIUS,Tillandsia usneoides (L.) L.,Forb/herb,L48:N|PR:N|VI:N,Multiple Stem,Irregular,Fine,Dense,Dense,Yes,No,No,Yes,Late Summer,Spring and Summer,Fall,Winter,,Low,None,Medium,No,No,No,6.0,6.9
common-wheat,common wheat,Triticum aestivum,grass,"1,2,3,4,5,9,10,11,12",3,#e8d24a,,#5b7a4b,,,shade,low,"sandy,loamy,clay",,3.3,,,,#6b5a4a,3-8,heavy,TRAE,Triticum aestivum L.,Graminoid,AK:I|CAN:W|GL:W|HI:I|L48:I|PR:I,Bunch,Erect,Medium,Dense,Porous,No,No,Yes,No,Early Spring,"Fall, Winter and Spring",Spring,Summer,3.3,Low,Medium,Low,Yes,Yes,Yes,5.5,8.0
eastern-gamagrass,eastern gamagrass,Tripsacum dactyloides,grass,3-8,5,#e8d24a,,#5b7a4b,,,full-sun,medium,"sandy,loamy,clay",,6,,,,#6b5a4a,6-8,light,TRDA3,Tripsacum dactyloides (L.) L.,Graminoid,L48:N,Bunch,Erect,Medium,Dense,Moderate,No,No,No,No,Late Spring,Spring and Summer,Summer,Summer,6.0,High,Medium,Medium,Yes,Yes,Yes,5.7,7.5
yellow-salsify,yellow salsify,Tragopogon dubius,mound,3-8,4,#e8d24a,,#5b7a4b,,,full-sun,low,"sandy,loamy,clay",,3,,,,#6b5a4a,6-11,heavy,TRDU,Tragopogon dubius Scop.,Forb/herb,AK:I|CAN:I|L48:I,Single Stem,Erect,Fine,Porous,Porous,No,Yes,Yes,No,Mid Spring,Spring and Summer,Summer,Fall,3.0,High,High,Low,Yes,Yes,Yes,6.5,7.5
purpletop-tridens,purpletop tridens,Tridens flavus,grass,6-8,8,#e8d24a,,#5b7a4b,,,full-sun,low,"sandy,loamy,clay",,2.5,,,,#6b5a4a,6-11,moderate,TRFL2,Tridens flavus (L.) Hitchc.,Graminoid,CAN:I|L48:N,Bunch,Erect,Medium,Moderate,Porous,No,No,Yes,Yes,Late Summer,Summer,Summer,Fall,2.5,High,High,Low,Yes,Yes,Yes,4.5,6.5
crimson-clover,crimson clover,Trifolium incarnatum,mound,"1,2,3,4,5,9,10,11,12",3,#b3261e,,#5b7a4b,,,full-sun,medium,"sandy,loamy,clay",,2,,,,#6b5a4a,3-8,heavy,TRIN3,Trifolium incarnatum L.,Forb/herb,CAN:W|HI:I|L48:I,Single Crown,Semi-Erect,Fine,Porous,Porous,No,Yes,No,No,Early Spring,"Fall, Winter and Spring",Spring,Summer,2.0,High,Low,Medium,Yes,Yes,Yes,5.5,7.5
confederate-jasmine,confederate jasmine,Trachelospermum jasminoides,low-climber,3-8,6,#d98a3d,,,,,part-sun,medium,"sandy,loamy,clay",,2,,,,,6-8,,TRJA,Trachelospermum jasminoides (Lindl.) Lem.,Vine,L48:I,Multiple Stem,Climbing,Medium,Dense,Dense,Yes,Yes,No,No,Early Summer,Spring and Summer,Summer,,2.0,Medium,Medium,Medium,Yes,Yes,Yes,5.5,7.0
salsify,salsify,Tragopogon porrifolius,mound,3-8,4,#8f6fb3,,#5b7a4b,,,part-sun,medium,"sandy,loamy,clay",,4.5,,,,#6b5a4a,3-8,heavy,TRPO,Tragopogon porrifolius L.,Forb/herb,CAN:I|HI:I|L48:I,Single Crown,Erect,Coarse,Porous,Porous,No,Yes,Yes,No,Mid Spring,Spring and Summer,Spring,Summer,4.5,Medium,Medium,Medium,Yes,Yes,Yes,5.2,7.8
red-clover,red clover,Trifolium pratense,mound,3-8,5,#b3261e,,#5b7a4b,,,part-sun,medium,"sandy,loamy,clay",,2,,,,#6b5a4a,3-8,heavy,TRPR2,Trifolium pratense L.,Forb/herb,AK:I|CAN:I|GL:I|HI:I|L48:I|PR:I|SPM:I,Single Crown,Semi-Erect,Medium,Moderate,Porous,No,Yes,No,No,Late Spring,Spring and Summer,Spring,Summer,2.0,Medium,Low,Medium,Yes,Yes,Yes,6.5,7.6
white-clover,white clover,Trifolium repens,mound,1-12,5,#f1f1e2,,#5b7a4b,,,part-sun,medium,"sandy,loamy,clay",,2,,,,#6b5a4a,1-12,moderate,TRRE3,Trifolium repens L.,Forb/herb,AK:I|CAN:I|GL:I|HI:I|L48:I|SPM:I,Stoloniferous,Prostrate,Medium,Porous,Porous,No,Yes,No,No,Late Spring,Year Round,Year Round,Year Round,2.0,Medium,Medium,Medium,Yes,Yes,Yes,6.0,8.0
longspike-tridens,longspike tridens,Tridens strictus,grass,3-5,8,#5b7a4b,,#5b7a4b,,,part-sun,low,"sandy,loamy",,4.9,,,,#e8d24a,6-11,light,TRST2,Tridens strictus (Nutt.) Nash,Graminoid,L48:N,Rhizomatous,Erect,Fine,Porous,Porous,No,No,No,No,Late Summer,Spring,Summer,Fall,4.9,Medium,High,Low,Yes,Yes,No,3.5,7.0
subterranean-clover,subterranean clover,Trifolium subterraneum,mound,"1,2,3,4,5,9,10,11,12",2,#e8d24a,,#5b7a4b,,,part-sun,medium,"sandy,loamy,clay",,5,,,,#5b7a4b,3-8,moderate,TRSU3,Trifolium subterraneum L.,Forb/herb,CAN:I|HI:I|L48:I,Stoloniferous,Prostrate,Medium,Porous,Porous,No,No,No,No,Late Winter,"Fall, Winter and Spring",Spring,Summer,5.0,Medium,Medium,Medium,Yes,Yes,Yes,5.5,8.0
arrowleaf-clover,arrowleaf clover,Trifolium vesiculosum,mound,1-12,5,#f1f1e2,,#5b7a4b,,,full-sun,medium,"sandy,loamy,clay",,3.5,,,,#6b5a4a,6-8,heavy,TRVE,Trifolium vesiculosum Savi,Forb/herb,L48:I,Single Crown,Semi-Erect,Medium,Moderate,Porous,No,Yes,No,No,Late Spring,Year Round,Summer,Summer,3.5,High,Low,Medium,Yes,Yes,Yes,6.0,7.5
cows-clover,cows clover,Trifolium wormskioldii,mound,3-8,5,#b3261e,,#5b7a4b,,,part-sun,medium,loamy,,3.5,,,,#6b5a4a,6-11,moderate,TRWO,Trifolium wormskioldii Lehm.,Forb/herb,AK:N?|CAN:N|L48:N,Rhizomatous,Decumbent,Fine,Moderate,Porous,No,Yes,Yes,No,Late Spring,Spring and Summer,Summer,Fall,3.5,Medium,Low,Medium,No,Yes,No,6.2,7.0
broadleaf-cattail,broadleaf cattail,Typha latifolia,mound,3-8,5,#6b5a4a,,#5b7a4b,,,part-sun,high,"sandy,loamy,clay",,5,,,,#6b5a4a,6-11,heavy,TYLA,Typha latifolia L.,Forb/herb,AK:N|CAN:N|HI:I|L48:N,Rhizomatous,Erect,Coarse,Porous,Porous,No,No,Yes,No,Late Spring,Spring and Summer,Summer,Fall,5.0,Medium,None,High,Yes,Yes,Yes,5.5,8.7
winged-elm,winged elm,Ulmus alata,tree,3-8,3,#e8d24a,,#5b7a4b,,,shade,medium,"sandy,loamy,clay",,65,,,,#6b5a4a,3-5,moderate,ULAL,Ulmus alata Michx.,Tree,L48:N,Single Stem,Erect,Coarse,Moderate,Porous,No,No,No,No,Early Spring,Spring and Summer,Spring,Spring,65.0,Low,Low,Medium,Yes,Yes,Yes,5.0,7.0
american-elm,American elm,Ulmus americana,tree,3-8,3,#5b7a4b,,#5b7a4b,,,part-sun,high,"sandy,loamy,clay",,120,,,,#6b5a4a,3-5,heavy,ULAM,Ulmus americana L.,Tree,CAN:N|L48:N,Single Stem,Erect,Coarse,Dense,Porous,No,No,No,Yes,Early Spring,Spring and Summer,Spring,Spring,120.0,Medium,Medium,High,Yes,Yes,Yes,5.0,8.0
cedar-elm,cedar elm,Ulmus crassifolia,tree,3-8,8,#5b7a4b,,#5b7a4b,,,part-sun,medium,"sandy,loamy,clay",,90,,,,#6b5a4a,6-11,heavy,ULCR,Ulmus crassifolia Nutt.,Tree,L48:N,Single Stem,Erect,Medium,Dense,Porous,No,No,No,Yes,Late Summer,Spring and Summer,Summer,Fall,90.0,Medium,Medium,Medium,Yes,Yes,Yes,5.0,8.1
siberian-elm,Siberian elm,Ulmus pumila,vase,3-8,4,#5b7a4b,,#5b7a4b,,,full-sun,medium,"sandy,loamy,clay",,70,,,,#6b5a4a,3-5,heavy,ULPU,Ulmus pumila L.,Shrub,CAN:I|L48:I,Single Stem,Erect,Medium,Dense,Porous,No,No,No,No,Mid Spring,Spring and Summer,Spring,Spring,70.0,High,High,Medium,Yes,Yes,Yes,5.5,8.0
slippery-elm,slippery elm,Ulmus rubra,tree,3-8,2,#e8d24a,,#5b7a4b,,,shade,high,"sandy,loamy,clay",,85,,,,#6b5a4a,3-5,heavy,ULRU,Ulmus rubra Muhl.,Tree,CAN:N|L48:N,Single Stem,Erect,Coarse,Moderate,Porous,No,No,No,No,Late Winter,Spring and Summer,Spring,Spring,85.0,Low,Medium,High,Yes,Yes,Yes,5.0,7.5
seaoats,seaoats,Uniola paniculata,grass,3-8,6,,,#5b7a4b,,,full-sun,low,"sandy,loamy",,6,,,,#6b5a4a,6-11,light,UNPA,Uniola paniculata L.,Graminoid,L48:N,Rhizomatous,Erect,Medium,Porous,Porous,No,No,Yes,Yes,Early Summer,Spring and Summer,Summer,Fall,6.0,High,High,Low,Yes,Yes,No,6.0,7.5
palisade-grass,palisade grass,Urochloa brizantha,grass,3-8,6,#f1f1e2,,#5b7a4b,,,full-sun,low,"loamy,clay",,2,,,,#6b5a4a,6-11,heavy,URBR2,Urochloa brizantha (Hochst. ex A. Rich.) R. Webster,Graminoid,PR:I,Stoloniferous,Decumbent,Fine,Moderate,Porous,No,No,No,Yes,Early Summer,Spring and Summer,Summer,Fall,2.0,High,Medium,Low,No,Yes,Yes,5.0,7.5
guineagrass,guineagrass,Urochloa maxima,grass,6-11,7,#e8d24a,,#5b7a4b,,,full-sun,medium,"sandy,loamy,clay",,5,,,,#6b5a4a,6-11,light,URMA3,Urochloa maxima (Jacq.) R. Webster,Graminoid,HI:I|L48:I|PB:I|PR:I|VI:I,Bunch,Erect,Medium,Dense,Moderate,No,No,No,No,Mid Summer,Summer and Fall,Summer,Fall,5.0,High,High,Medium,Yes,Yes,Yes,5.2,6.9
para-grass,para grass,Urochloa mutica,grass,1-12,,#8f6fb3,,#5b7a4b,,,part-sun,medium,"sandy,loamy,clay",,3,,,,#6b5a4a,1-12,light,URMU,Urochloa mutica (Forssk.) T.Q. Nguyen,Graminoid,HI:I|L48:I|PB:I|PR:I|VI:I,Stoloniferous,Decumbent,Coarse,Dense,Dense,No,No,No,No,Indeterminate,Year Round,Year Round,Year Round,3.0,Medium,Medium,Medium,Yes,Yes,Yes,5.3,8.7
broadleaf-signalgrass,broadleaf signalgrass,Urochloa platyphylla,grass,3-5,,#5b7a4b,,#5b7a4b,,,full-sun,medium,"loamy,clay",,3,,,,#e8d24a,6-11,heavy,URPL2,Urochloa platyphylla (Munro ex C. Wright) R.D. Webster,Graminoid,L48:N,Bunch,Erect,Fine,Moderate,Porous,No,No,No,No,Indeterminate,Spring,Summer,Fall,3.0,High,Low,Medium,No,Yes,Yes,5.0,7.0
urochloa-ramosa-l-nguyen,,Urochloa ramosa,grass,3-8,6-8,#f1f1e2,,#5b7a4b,,,full-sun,medium,"loamy,clay",,3,,,,#6b5a4a,9-12,heavy,URRA,Urochloa ramosa (L.) Nguyen,Graminoid,L48:I,Bunch,Erect,Fine,Porous,Porous,No,No,Yes,Yes,Summer,Spring and Summer,Fall,Winter,3.0,High,Low,Medium,No,Yes,Yes,5.5,6.9
american-eelgrass,American eelgrass,Vallisneria americana,mound,6-8,7,,,#5b7a4b,,,full-sun,high,"sandy,loamy,clay",,1,,,,#5b7a4b,6-8,light,VAAM3,Vallisneria americana Michx.,Forb/herb,CAN:N|L48:N,Stoloniferous,Decumbent,Fine,,,No,No,No,No,Mid Summer,Summer,Summer,Summer,1.0,High,None,High,Yes,Yes,Yes,5.0,8.8
farkleberry,farkleberry,Vaccinium arboreum,vase,3-8,8,#f1f1e2,,,,,shade,medium,"sandy,loamy",,28,,,,#3a3a34,6-11,moderate,VAAR,Vaccinium arboreum Marshall,Shrub,L48:N,Multiple Stem,Erect,Medium,Moderate,Moderate,Yes,Yes,Yes,No,Late Summer,Spring and Summer,Summer,Fall,28.0,Low,Medium,Medium,Yes,Yes,No,4.0,7.0
highbush-blueberry,highbush blueberry,Vaccinium corymbosum,vase,3-8,6,#f1f1e2,,#5b7a4b,,,shade,medium,"sandy,loamy,clay",,12,,,,#5b7ea3,6-8,moderate,VACO,Vaccinium corymbosum L.,Shrub,CAN:N|L48:N,Multiple Stem,Erect,Medium,Dense,Moderate,No,No,Yes,Yes,Early Summer,Spring and Summer,Summer,Summer,12.0,Low,Low,Medium,Yes,Yes,Yes,4.7,7.5
whitethorn-acacia,whitethorn acacia,Vachellia constricta,vase,3-8,5,#e8d24a,,#5b7a4b,,,full-sun,low,"sandy,loamy",,9,,,,#6b5a4a,6-11,heavy,VACO9,Vachellia constricta (Benth.) Seigler & Ebinger,Shrub,L48:N,Multiple Stem,Erect,Fine,Porous,Porous,No,Yes,Yes,No,Late Spring,Spring and Summer,Summer,Fall,9.0,High,High,Low,Yes,Yes,No,7.0,8.5
elliott-s-blueberry,Elliott's blueberry,Vaccinium elliottii,vase,3-8,3,#f1f1e2,,#5b7a4b,,,part-sun,medium,"sandy,loamy",,10,,,,#5b7ea3,3-5,moderate,VAEL,Vaccinium elliottii Chapm.,Shrub,L48:N,Multiple Stem,Erect,Fine,Moderate,Porous,No,Yes,Yes,No,Early Spring,Spring and Summer,Spring,Spring,10.0,Medium,Low,Medium,Yes,Yes,No,4.5,5.6
deerberry,deerberry,Vaccinium stamineum,vase,3-8,8,#f1f1e2,,#5b7a4b,,,shade,low,"sandy,loamy",,16,,,,#8f6fb3,6-11,moderate,VAST,Vaccinium stamineum L.,Shrub,CAN:N|L48:N,Multiple Stem,Erect,Medium,Moderate,Porous,No,Yes,Yes,No,Late Summer,Spring and Summer,Summer,Fall,16.0,Low,High,Low,Yes,Yes,No,4.0,7.0
american-speedwell,American speedwell,Veronica americana,mound,3-8,7,#5b7ea3,,#5b7a4b,,,shade,high,"loamy,clay",,0.8,,,,#e8d24a,6-11,moderate,VEAM2,Veronica americana Schwein. ex Benth.,Forb/herb,AK:N|CAN:N|L48:N|SPM:W,Rhizomatous,Decumbent,Fine,Porous,Porous,No,Yes,No,No,Mid Summer,Spring and Summer,Summer,Fall,0.8,Low,Low,High,No,Yes,Yes,5.7,7.5
golden-crownbeard,golden crownbeard,Verbesina encelioides,mound,6-8,6-8,#e8d24a,,#5b7a4b,,,full-sun,medium,"loamy,clay",,2,,,,#6b5a4a,6-11,moderate,VEEN,Verbesina encelioides (Cav.) Benth. & Hook. f. ex A. Gray,Forb/herb,HI:I|L48:N|PB:I|PR:N,Single Crown,Erect,Coarse,Porous,Porous,No,Yes,No,No,Summer,Summer,Summer,Fall,2.0,High,Low,Medium,No,Yes,Yes,6.4,8.5
missouri-ironweed,Missouri ironweed,Vernonia missurica,mound,3-8,8,#8f6fb3,,#5b7a4b,,,full-sun,medium,"sandy,loamy,clay",,6,,,,#6b5a4a,6-11,light,VEMI2,Vernonia missurica Raf.,Forb/herb,L48:N,Single Crown,Erect,Coarse,Moderate,Porous,No,Yes,No,Yes,Late Summer,Spring and Summer,Summer,Fall,6.0,High,Low,Medium,Yes,Yes,Yes,5.0,7.0
vetivergrass,vetivergrass,Vetiveria zizanioides,grass,1-12,8,#8f6fb3,,#5b7a4b,,,part-sun,low,"sandy,loamy,clay",,7,,,,#6b5a4a,9-11,heavy,VEZI80,Vetiveria zizanioides (L.) Nash,Graminoid,L48:I|PB:I|PR:I,Bunch,Erect,Coarse,Dense,Moderate,Yes,No,No,Yes,Late Summer,Year Round,Fall,Fall,7.0,Medium,High,Low,Yes,Yes,Yes,3.0,8.0
mapleleaf-viburnum,mapleleaf viburnum,Viburnum acerifolium,vase,3-8,,#f1f1e2,,#5b7a4b,,,shade,medium,"sandy,loamy",,6,,,,#b3261e,6-11,moderate,VIAC,Viburnum acerifolium L.,Shrub,CAN:N|L48:N,Multiple Stem,Erect,Medium,Moderate,Porous,No,Yes,Yes,Yes,Indeterminate,Spring and Summer,Summer,Fall,6.0,Low,High,Medium,Yes,Yes,No,4.8,7.5
summer-grape,summer grape,Vitis aestivalis,low-climber,3-8,5,#5b7a4b,,#5b7a4b,,,shade,medium,"sandy,loamy",,30,,,,#3a3a34,6-11,moderate,VIAE,Vitis aestivalis Michx.,Vine,CAN:N|L48:N,Multiple Stem,Climbing,Fine,Moderate,Porous,No,No,Yes,Yes,Late Spring,Spring and Summer,Summer,Fall,30.0,Low,High,Medium,Yes,Yes,No,5.3,7.0
american-vetch,American vetch,Vicia americana,mound,3-8,5,#8f6fb3,,#5b7a4b,,,full-sun,low,"sandy,loamy",,1.3,,,,#6b5a4a,6-11,light,VIAM,Vicia americana Muhl. ex Willd.,Forb/herb,AK:N|CAN:N|L48:N,Rhizomatous,Decumbent,Medium,Moderate,Porous,No,Yes,No,No,Late Spring,Spring and Summer,Summer,Fall,1.3,High,High,Low,Yes,Yes,No,5.9,7.2
graybark-grape,graybark grape,Vitis cinerea,low-climber,3-8,5,#5b7a4b,,,,,part-sun,medium,"sandy,loamy",,50,,,,#3a3a34,6-11,moderate,VICI2,Vitis cinerea (Engelm.) Engelm. ex Millard,Vine,L48:N,Multiple Stem,Climbing,Fine,Moderate,Porous,No,No,Yes,Yes,Late Spring,Spring and Summer,Summer,Fall,50.0,Medium,High,Medium,Yes,Yes,No,5.4,7.0
southern-arrowwood-vided4,southern arrowwood,Viburnum dentatum var. dentatum,vase,3-5,3,#f1f1e2,,,,,part-sun,low,"sandy,loamy,clay",,8,,,,#3a3a34,6-11,moderate,VIDED4,Viburnum dentatum L. var. dentatum,Shrub,L48:N,Multiple Stem,Erect,Coarse,Dense,Porous,No,Yes,No,Yes,Early Spring,Spring,Summer,Fall,8.0,Medium,Low,,Yes,Yes,Yes,4.5,7.3
smooth-yellow-vetch,smooth yellow vetch,Vicia lutea,mound,3-8,3-5,#e8d24a,,,,,full-sun,medium,"loamy,clay",,2,,,,#3a3a34,6-11,moderate,VILU2,Vicia lutea L.,Forb/herb,L48:I,Single Crown,Decumbent,Fine,Porous,Moderate,No,Yes,Yes,No,Spring,Spring and Summer,Summer,Fall,2.0,High,None,Medium,No,Yes,Yes,5.5,6.9
common-periwinkle,common periwinkle,Vinca minor,mound,3-8,6,#5b7ea3,,,,,shade,low,"sandy,loamy,clay",,0.3,,,,,,,VIMI2,Vinca minor L.,Forb/herb,CAN:I|L48:I,Stoloniferous,Prostrate,Coarse,,,Yes,Yes,No,No,Early Summer,Spring and Summer,,,0.3,Low,Medium,Low,Yes,Yes,Yes,5.5,7.7
catbird-grape,catbird grape,Vitis palmata,low-climber,3-8,5,#f1f1e2,,#5b7a4b,,,part-sun,medium,"sandy,loamy",,30,,,,#3a3a34,6-11,heavy,VIPA7,Vitis palmata Vahl,Vine,L48:N,Multiple Stem,Climbing,Fine,Moderate,Porous,No,No,Yes,Yes,Late Spring,Spring and Summer,Summer,Fall,30.0,Medium,Low,Medium,Yes,Yes,No,5.5,7.0
blackhaw,blackhaw,Viburnum prunifolium,vase,3-8,3-5,#f1f1e2,,#5b7a4b,,,shade,medium,"loamy,clay",,16,,,,#3a3a34,6-11,moderate,VIPR,Viburnum prunifolium L.,Shrub,L48:N,Multiple Stem,Erect,Medium,Moderate,Porous,No,Yes,Yes,Yes,Spring,Spring and Summer,Summer,Fall,16.0,Low,Medium,Medium,No,Yes,Yes,4.8,7.5
downy-yellow-violet,downy yellow violet,Viola pubescens,mound,3-8,3,#e8d24a,,,,,shade,medium,loamy,,1.3,,,,#6b5a4a,3-8,light,VIPU3,Viola pubescens Aiton,Forb/herb,CAN:N|L48:N,Rhizomatous,Decumbent,Medium,Porous,Porous,No,Yes,No,No,Early Spring,Spring and Summer,Spring,Summer,1.3,Low,Medium,Medium,No,Yes,No,6.0,7.0
southern-arrowwood-vire7,southern arrowwood,Viburnum recognitum,vase,3-8,5,#f1f1e2,,#5b7a4b,,,shade,medium,"loamy,clay",,9,,,,#3a3a34,6-11,light,VIRE7,Viburnum recognitum Fernald,Shrub,CAN:N|L48:N,Multiple Stem,Erect,Coarse,Dense,Porous,No,Yes,Yes,No,Late Spring,Spring and Summer,Summer,Fall,9.0,Low,Low,Medium,No,Yes,Yes,5.0,7.0
riverbank-grape,riverbank grape,Vitis riparia,low-climber,3-8,5,#f1f1e2,,#5b7a4b,,,part-sun,medium,"sandy,loamy",,45,,,,#5b7ea3,6-11,heavy,VIRI,Vitis riparia Michx.,Vine,CAN:N|L48:N,Multiple Stem,Climbing,Fine,Dense,Porous,No,No,No,No,Late Spring,Spring and Summer,Summer,Fall,45.0,Medium,Medium,Medium,Yes,Yes,No,6.1,8.5
muscadine,muscadine,Vitis rotundifolia,low-climber,3-11,5,#f1f1e2,,#5b7a4b,,,part-sun,medium,"loamy,clay",,30,,,,#8f6fb3,6-11,moderate,VIRO3,Vitis rotundifolia Michx.,Vine,L48:N,Multiple Stem,Climbing,Fine,Dense,Porous,No,No,Yes,Yes,Late Spring,"Spring, Summer, Fall",Summer,Fall,30.0,Medium,Medium,Medium,No,Yes,Yes,6.0,8.0
garden-vetch,garden vetch,Vicia sativa,mound,3-5,3,#8f6fb3,,#5b7a4b,,,shade,high,"loamy,clay",,4,,,,#3a3a34,3-5,heavy,VISA,Vicia sativa L.,Forb/herb,AK:I|CAN:I|HI:I|L48:I|SPM:I,Single Stem,Climbing,Coarse,Porous,Porous,No,Yes,No,No,Early Spring,Spring,Spring,Spring,4.0,Low,Low,High,No,Yes,Yes,6.0,7.0
common-blue-violet,common blue violet,Viola sororia,mound,3-5,4,#8f6fb3,,#5b7a4b,,,part-sun,high,"loamy,clay",,0.3,,,,#6b5a4a,3-8,moderate,VISO,Viola sororia Willd.,Forb/herb,CAN:N|L48:N,Rhizomatous,Semi-Erect,Medium,Porous,Porous,No,Yes,No,No,Mid Spring,Spring,Spring,Summer,0.3,Medium,Low,High,No,Yes,Yes,6.0,7.8
cowpea,cowpea,Vigna unguiculata,mound,3-8,6-8,#8f6fb3,,#5b7a4b,,,full-sun,medium,"loamy,clay",,2.5,,,,#3a3a34,6-11,heavy,VIUN,Vigna unguiculata (L.) Walp.,Forb/herb,L48:I|PB:I|PR:I|VI:I,Single Crown,Erect,Coarse,Porous,Porous,No,Yes,Yes,No,Summer,Spring and Summer,Summer,Fall,2.5,High,None,Medium,No,Yes,Yes,6.0,8.0
winter-vetch-vivi,winter vetch,Vicia villosa,mound,"1,2,3,4,5,9,10,11,12",2,#8f6fb3,,#5b7a4b,,,full-sun,medium,"sandy,loamy,clay",,1.5,,,,#6b5a4a,3-8,heavy,VIVI,Vicia villosa Roth,Forb/herb,AK:I|CAN:I|HI:I|L48:I,Single Crown,Columnar,Fine,Porous,Dense,No,Yes,No,No,Late Winter,"Fall, Winter and Spring",Spring,Summer,1.5,High,Medium,Medium,Yes,Yes,Yes,6.0,7.5
winter-vetch-viviv8,winter vetch,Vicia villosa ssp. varia,mound,"1,2,3,4,5,9,10,11,12",3,#8f6fb3,,#5b7a4b,,,full-sun,medium,"sandy,loamy,clay",,1.5,,,,#6b5a4a,3-8,heavy,VIVIV8,Vicia villosa Roth ssp. varia (Host) Corb.,Forb/herb,CAN:I|L48:I,Single Crown,Columnar,Fine,Porous,Porous,No,Yes,No,No,Early Spring,"Fall, Winter and Spring",Spring,Summer,1.5,High,Medium,Medium,Yes,Yes,Yes,6.0,7.5
frost-grape,frost grape,Vitis vulpina,low-climber,3-11,5,#f1f1e2,,#5b7a4b,,,part-sun,medium,"sandy,loamy",,83,,,,#3a3a34,6-11,moderate,VIVU,Vitis vulpina L.,Vine,CAN:N|L48:N,Multiple Stem,Climbing,Fine,Moderate,Porous,No,No,Yes,Yes,Late Spring,"Spring, Summer, Fall",Summer,Fall,83.0,Medium,Low,Medium,Yes,Yes,No,6.0,7.5
vulpia-myuros-l-c-c-gmel,,Vulpia myuros,grass,"1,2,3,4,5,9,10,11,12",2,#e8d24a,,#5b7a4b,,,full-sun,low,"sandy,loamy,clay",,1.5,,,,#6b5a4a,3-5,heavy,VUMY,Vulpia myuros (L.) C.C. Gmel.,Graminoid,AK:I|CAN:I|HI:I|L48:I|PB:I,Bunch,Erect,Fine,Dense,Porous,No,No,No,No,Late Winter,"Fall, Winter and Spring",Spring,Spring,1.5,High,High,Low,Yes,Yes,Yes,5.9,7.6
american-wisteria,American wisteria,Wisteria frutescens,low-climber,3-5,3-5,#8f6fb3,,#5b7a4b,,,shade,medium,"sandy,loamy,clay",,50,,,,#6b5a4a,6-8,moderate,WIFR,Wisteria frutescens (L.) Poir.,Vine,L48:N,Multiple Stem,Climbing,Medium,Dense,Moderate,No,Yes,No,No,Spring,Spring,Summer,Summer,50.0,Low,Low,Medium,Yes,Yes,Yes,4.0,7.0
aloe-yucca,aloe yucca,Yucca aloifolia,vase,3-5,6,#f1f1e2,,,,,part-sun,medium,"sandy,loamy,clay",,15,,,,#3a3a34,9-12,,YUAL,Yucca aloifolia L.,Shrub,L48:N|PR:I|VI:I,Colonizing,Erect,Coarse,,,Yes,Yes,Yes,No,Early Summer,Spring,Fall,Winter,15.0,Medium,Medium,,Yes,Yes,Yes,5.0,8.5
banana-yucca,banana yucca,Yucca baccata,mound,3-11,5,#f1f1e2,,#5b7a4b,,,full-sun,low,"sandy,loamy",,4,,,,#3a3a34,6-8,heavy,YUBA,Yucca baccata Torr.,Forb/herb,L48:N,Multiple Stem,Erect,Coarse,Porous,Porous,Yes,Yes,Yes,Yes,Late Spring,"Spring, Summer, Fall",Summer,Summer,4.0,High,High,Low,Yes,Yes,No,7.0,8.5
soaptree-yucca,soaptree yucca,Yucca elata,vase,3-8,5,#f1f1e2,,#5b7a4b,,,full-sun,low,"sandy,loamy",,20,,,,#3a3a34,6-8,heavy,YUEL,Yucca elata (Engelm.) Engelm.,Shrub,L48:N,Stoloniferous,Erect,Coarse,Porous,Porous,Yes,Yes,Yes,Yes,Late Spring,Spring and Summer,Summer,Summer,20.0,High,High,Low,Yes,Yes,No,7.0,8.5
soapweed-yucca,soapweed yucca,Yucca glauca,mound,3-8,5,#f1f1e2,,#5b7a4b,,,full-sun,low,"sandy,loamy",,1,,,,#3a3a34,6-8,heavy,YUGL,Yucca glauca Nutt.,Forb/herb,CAN:N|L48:N,Rhizomatous,Decumbent,Coarse,Porous,Porous,Yes,Yes,Yes,Yes,Late Spring,Spring and Summer,Summer,Summer,1.0,High,High,Low,Yes,Yes,No,7.0,8.5
corn,corn,Zea mays,grass,6-8,6,#e8d24a,,,,,shade,high,loamy,,8,,,,#e8d24a,6-8,heavy,ZEMA,Zea mays L.,Graminoid,CAN:I|L48:I|PB:I|PR:I|VI:I,Single Stem,Erect,Coarse,Moderate,Porous,No,No,Yes,No,Early Summer,Summer,Summer,Summer,8.0,Low,Low,High,No,Yes,No,5.5,7.5
giant-cutgrass,giant cutgrass,Zizaniopsis miliacea,grass,3-8,8,#e8d24a,,#5b7a4b,,,full-sun,high,"sandy,loamy,clay",,9,,,,#e8d24a,9-12,heavy,ZIMI,Zizaniopsis miliacea (Michx.) Döll & Asch.,Graminoid,L48:N,Rhizomatous,Erect,Coarse,Dense,Moderate,No,No,No,Yes,Late Summer,Spring and Summer,Fall,Winter,9.0,High,None,High,Yes,Yes,Yes,4.3,9.0
