genus,species,rank,infra_epithet,scientific_name,common_names,life_form,duration,habitat_tags,nativity_status,nativity_value,fnct_page,source
Abelmoschus,esculentus,species,,Abelmoschus esculentus,Okra; Gumbo; Gobo; Gombo; Lady’s-Finger; Bandakai; Gobbo,,annual,disturbed-ground,asserted,introduced,806,"Diggs, Lipscomb & O'Kennon 1999, p. 806"
Abronia,ameliae,species,,Abronia ameliae,Amelia’s Sand-Verbena,,,woods; sandy,asserted,native,836,"Diggs, Lipscomb & O'Kennon 1999, p. 836"
Abronia,fragrans,species,,Abronia fragrans,Sand-Verbena; Sweet Sand-Verbena; Snowball; Lasater’s-Pride,,,sandy,asserted,native,836,"Diggs, Lipscomb & O'Kennon 1999, p. 836"
Abutilon,fruticosum,species,,Abutilon fruticosum,Indian-Mallow; Pelotazo,,perennial,prairie; rocky-limestone,asserted,native,806,"Diggs, Lipscomb & O'Kennon 1999, p. 806"
Abutilon,theophrasti,species,,Abutilon theophrasti,Indian-Mallow; Velvet-Leaf Butterprint; Chingma,,annual,disturbed-ground,review,,806,"Diggs, Lipscomb & O'Kennon 1999, p. 806"
Acacia,angustissima,variety,hirta,Acacia angustissima var. hirta,Fern Acacia; Prairie Acacia; White-Ball Acacia,fern,perennial,prairie; sandy,asserted,native,624,"Diggs, Lipscomb & O'Kennon 1999, p. 624"
Acacia,farnesiana,species,,Acacia farnesiana,Huisache; Sweet Acacia,shrub,,sandy,asserted,native,624,"Diggs, Lipscomb & O'Kennon 1999, p. 624"
Acacia,greggii,species,,Acacia greggii,,shrub,,,asserted,native,624,"Diggs, Lipscomb & O'Kennon 1999, p. 624"
Acacia,greggii,variety,greggii,Acacia greggii var. greggii,Catclaw; Catclaw Acacia; Devil’s-Claw,,,rocky-limestone; sandy,asserted,native,625,"Diggs, Lipscomb & O'Kennon 1999, p. 625"
Acacia,greggii,variety,wrightii,Acacia greggii var. wrightii,Catclaw; Wright’s Acacia; Joint-Vetch; Uña De Gato; Huisachillo,,,,asserted,native,625,"Diggs, Lipscomb & O'Kennon 1999, p. 625"
Acacia,roemeriana,species,,Acacia roemeriana,Roemer’s Acacia; Catclaw,shrub,,rocky-limestone; sandy,asserted,native,625,"Diggs, Lipscomb & O'Kennon 1999, p. 625"
Acalypha,gracilens,species,,Acalypha gracilens,Slender Copperleaf,,annual,sandy,asserted,native,588,"Diggs, Lipscomb & O'Kennon 1999, p. 588"
Acalypha,monococca,species,,Acalypha monococca,Slender Oneseed Copperleaf,,annual,sandy,asserted,native,588,"Diggs, Lipscomb & O'Kennon 1999, p. 588"
Acalypha,ostryifolia,species,,Acalypha ostryifolia,Hop-Hornbeam Copperleaf,,annual,streamside; disturbed-ground,asserted,native,588,"Diggs, Lipscomb & O'Kennon 1999, p. 588"
Acalypha,phleoides,species,,Acalypha phleoides,Lindheimer’s Copperleaf,,perennial,rocky-limestone,asserted,native,588,"Diggs, Lipscomb & O'Kennon 1999, p. 588"
Acalypha,radians,species,,Acalypha radians,Round -Croton; Yerba De La Rabia,,perennial,sandy,asserted,native,589,"Diggs, Lipscomb & O'Kennon 1999, p. 589"
Acalypha,rhomboidea,species,,Acalypha rhomboidea,Rhomboid Copperleaf,,annual,sandy,asserted,native,589,"Diggs, Lipscomb & O'Kennon 1999, p. 589"
Acalypha,virginica,species,,Acalypha virginica,Virginia Copperleaf,,annual,woods; sandy,asserted,native,589,"Diggs, Lipscomb & O'Kennon 1999, p. 589"
Acer,grandidentatum,variety,sinuosum,Acer grandidentatum var. sinuosum,Plateau Big-Tooth Maple; Uvalde Big-Tooth Maple; Limerock Maple,,,wetland; rocky-limestone,asserted,native,219,"Diggs, Lipscomb & O'Kennon 1999, p. 219"
Acer,negundo,species,,Acer negundo,Box-Elder; Ash-Leaf Maple; Arce; Fresno De Guajuco,,,woods; streamside,asserted,native,219,"Diggs, Lipscomb & O'Kennon 1999, p. 219"
Acer,negundo,variety,texanum,Acer negundo var. texanum,Texas Box-Elder,,,prairie,asserted,native,220,"Diggs, Lipscomb & O'Kennon 1999, p. 220"
Acer,rubrum,species,,Acer rubrum,Red Maple; Scarlet Maple,,,woods; streamside,asserted,native,220,"Diggs, Lipscomb & O'Kennon 1999, p. 220"
Acer,saccharinum,species,,Acer saccharinum,Silver Maple; Soft Maple,,,woods; streamside; sandy,review,,220,"Diggs, Lipscomb & O'Kennon 1999, p. 220"
Achillea,millefolium,species,,Achillea millefolium,Milfoil; Western Yarrow; Common Yarrow,herb,perennial,disturbed-ground,asserted,native,308,"Diggs, Lipscomb & O'Kennon 1999, p. 308"
Acleisanthes,longiflora,species,,Acleisanthes longiflora,Angel-Trumpets; Yerba-De-La-Rabia,,perennial,rocky-limestone; sandy; disturbed-ground,asserted,native,836,"Diggs, Lipscomb & O'Kennon 1999, p. 836"
Acmella,oppositifolia,variety,repens,Acmella oppositifolia var. repens,Creeping Spotflower,herb,perennial,streamside,review,,308,"Diggs, Lipscomb & O'Kennon 1999, p. 308"
Acorus,calamus,species,,Acorus calamus,Sweetflag; Calamus,herb,perennial,,review,,1077,"Diggs, Lipscomb & O'Kennon 1999, p. 1077"
Adiantum,capillus-veneris,species,,Adiantum capillus-veneris,Venus ’-Hair Fern; Southern Maidenhair; Culantrillo,herb,,streamside; rocky-limestone,asserted,native,194,"Diggs, Lipscomb & O'Kennon 1999, p. 194"
Adonis,annua,species,,Adonis annua,Pheasant’s-Eye,,annual,disturbed-ground,asserted,introduced,917,"Diggs, Lipscomb & O'Kennon 1999, p. 917"
Aegilops,cylindrica,species,,Aegilops cylindrica,Jointed Goat Grass,,annual,rocky-limestone; disturbed-ground,asserted,introduced,1235,"Diggs, Lipscomb & O'Kennon 1999, p. 1235"
Aesculus,arguta,species,,Aesculus arguta,White Buckeye; Texas Buckeye; Western Buckeye,shrub,,woods; rocky-limestone; sandy,asserted,native,738,"Diggs, Lipscomb & O'Kennon 1999, p. 738"
Aesculus,pavia,variety,flavescens,Aesculus pavia var. flavescens,,,,,asserted,native,738,"Diggs, Lipscomb & O'Kennon 1999, p. 738"
Aesculus,pavia,variety,pavia,Aesculus pavia var. pavia,Red Buckeye; Scarlet Buckeye; Firecracker-Plant,shrub,,streamside; disturbed-ground,asserted,native,738,"Diggs, Lipscomb & O'Kennon 1999, p. 738"
Agalinis,aspera,species,,Agalinis aspera,,,,streamside,asserted,native,993,"Diggs, Lipscomb & O'Kennon 1999, p. 993"
Agalinis,auriculata,species,,Agalinis auriculata,Ear-Leaf Gerardia; Eared False Foxglove,,,woods; prairie,asserted,native,992,"Diggs, Lipscomb & O'Kennon 1999, p. 992"
Agalinis,densiflora,species,,Agalinis densiflora,Fine-Leaf Gerardia,,,prairie; rocky-limestone,asserted,native,993,"Diggs, Lipscomb & O'Kennon 1999, p. 993"
Agalinis,edwardsiana,species,,Agalinis edwardsiana,Plateau Gerardia,,,rocky-limestone,asserted,native,993,"Diggs, Lipscomb & O'Kennon 1999, p. 993"
Agalinis,fasciculata,species,,Agalinis fasciculata,Beach Gerardia,,,woods; disturbed-ground,asserted,native,993,"Diggs, Lipscomb & O'Kennon 1999, p. 993"
Agalinis,gattingeri,species,,Agalinis gattingeri,Gattinger's Gerardia,,,woods; streamside,asserted,native,993,"Diggs, Lipscomb & O'Kennon 1999, p. 993"
Agalinis,heterophylla,species,,Agalinis heterophylla,Prairie Agalinis,,,woods; prairie,asserted,native,993,"Diggs, Lipscomb & O'Kennon 1999, p. 993"
Agalinis,homalantha,species,,Agalinis homalantha,Flat-Flower Gerardia,,,streamside; sandy,asserted,native,993,"Diggs, Lipscomb & O'Kennon 1999, p. 993"
Agalinis,tenuifolia,variety,leucanthera,Agalinis tenuifolia var. leucanthera,Slender Gerardia,,,woods; streamside,asserted,native,993,"Diggs, Lipscomb & O'Kennon 1999, p. 993"
Agave,americana,species,,Agave americana,,,,disturbed-ground,review,,1080,"Diggs, Lipscomb & O'Kennon 1999, p. 1080"
Agrimonia,microcarpa,species,,Agrimonia microcarpa,Slender Groovebur; Small-Fruit Agrimony,,,woods; streamside; sandy,asserted,native,938,"Diggs, Lipscomb & O'Kennon 1999, p. 938"
Agrimonia,parviflora,species,,Agrimonia parviflora,Many-Flower Groovebur; Many-Flower Agrimony,,,woods,asserted,native,938,"Diggs, Lipscomb & O'Kennon 1999, p. 938"
Agrimonia,rostellata,species,,Agrimonia rostellata,Woodland Groovebur; Woodland Agrimony,,,woods; streamside; sandy; disturbed-ground,asserted,native,938,"Diggs, Lipscomb & O'Kennon 1999, p. 938"
Agrostemma,githago,species,,Agrostemma githago,Common Corn-Cockle,,annual,disturbed-ground,review,,513,"Diggs, Lipscomb & O'Kennon 1999, p. 513"
Agrostis,elliottiana,species,,Agrostis elliottiana,Elliott’s Bent Grass; Annual Tickle Grass,,annual,sandy; disturbed-ground,asserted,native,1236,"Diggs, Lipscomb & O'Kennon 1999, p. 1236"
Agrostis,hyemalis,species,,Agrostis hyemalis,Tickle Grass; Spring Bent Grass; Winter Bent Grass; Fly-Away Grass,,perennial,sandy,asserted,native,1236,"Diggs, Lipscomb & O'Kennon 1999, p. 1236"
Agrostis,perennans,species,,Agrostis perennans,Autumn Bent Grass,,perennial,woods; streamside; sandy,asserted,native,1236,"Diggs, Lipscomb & O'Kennon 1999, p. 1236"
Ailanthus,altissima,species,,Ailanthus altissima,Tree-Of-Heaven; Copaltree; Smoketree,tree,,disturbed-ground,asserted,introduced,1015,"Diggs, Lipscomb & O'Kennon 1999, p. 1015"
Aira,caryophyllea,variety,capillaris,Aira caryophyllea var. capillaris,Annual Hair Grass,,annual,sandy,asserted,introduced,1236,"Diggs, Lipscomb & O'Kennon 1999, p. 1236"
Aira,caryophyllea,variety,caryophyllea,Aira caryophyllea var. caryophyllea,,,,,asserted,introduced,1236,"Diggs, Lipscomb & O'Kennon 1999, p. 1236"
Ajuga,reptans,species,,Ajuga reptans,Carpet Ajuga; Bugle; Bugleweed,,perennial,disturbed-ground,asserted,introduced,755,"Diggs, Lipscomb & O'Kennon 1999, p. 755"
Albizia,julibrissin,species,,Albizia julibrissin,Mimosa; Silktree,tree,,disturbed-ground,review,,625,"Diggs, Lipscomb & O'Kennon 1999, p. 625"
Alcea,rosea,species,,Alcea rosea,Hollyhock; Amapola Grande,,biennial,disturbed-ground,asserted,introduced,807,"Diggs, Lipscomb & O'Kennon 1999, p. 807"
Aletris,aurea,species,,Aletris aurea,Yellow Star-Grass,herb,perennial,wetland,asserted,native,1194,"Diggs, Lipscomb & O'Kennon 1999, p. 1194"
Alisma,subcordatum,species,,Alisma subcordatum,Water-Plantain; Small-Flower Water-Plantain; Mud-Plantain,,perennial,,asserted,native,1086,"Diggs, Lipscomb & O'Kennon 1999, p. 1086"
Allium,ampeloprasum,species,,Allium ampeloprasum,Wild Leek,,,disturbed-ground,asserted,introduced,1196,"Diggs, Lipscomb & O'Kennon 1999, p. 1196"
Allium,canadense,species,,Allium canadense,Wild Onion,,,,asserted,native,1196,"Diggs, Lipscomb & O'Kennon 1999, p. 1196"
Allium,canadense,variety,ecristatum,Allium canadense var. ecristatum,,,,,asserted,native,1197,"Diggs, Lipscomb & O'Kennon 1999, p. 1197"
Allium,canadense,variety,fraseri,Allium canadense var. fraseri,,,,woods; rocky-limestone,asserted,native,1197,"Diggs, Lipscomb & O'Kennon 1999, p. 1197"
Allium,canadense,variety,hyacinthoides,Allium canadense var. hyacinthoides,,,,prairie; sandy,asserted,native,1197,"Diggs, Lipscomb & O'Kennon 1999, p. 1197"
Allium,canadense,variety,mobilense,Allium canadense var. mobilense,,,,woods; prairie; rocky-limestone; sandy,asserted,native,1197,"Diggs, Lipscomb & O'Kennon 1999, p. 1197"
Allium,cepa,species,,Allium cepa,Onion,,,disturbed-ground,asserted,introduced,1197,"Diggs, Lipscomb & O'Kennon 1999, p. 1197"
Allium,drummondii,species,,Allium drummondii,Drummond’s Onion; Prairie Onion,,,rocky-limestone; sandy,asserted,native,1197,"Diggs, Lipscomb & O'Kennon 1999, p. 1197"
Allium,perdulce,species,,Allium perdulce,,,,prairie; sandy,asserted,native,1197,"Diggs, Lipscomb & O'Kennon 1999, p. 1197"
Allium,runyonii,species,,Allium runyonii,Runyon’s Onion,,,sandy,asserted,native,1197,"Diggs, Lipscomb & O'Kennon 1999, p. 1197"
Allium,sativum,species,,Allium sativum,Garlic,,,disturbed-ground,asserted,introduced,1197,"Diggs, Lipscomb & O'Kennon 1999, p. 1197"
Allium,stellatum,species,,Allium stellatum,Prairie Onion; Wild Onion; Pink Wild Onion,,,prairie,asserted,native,1198,"Diggs, Lipscomb & O'Kennon 1999, p. 1198"
Allium,texanum,species,,Allium texanum,,,,,asserted,native,1198,"Diggs, Lipscomb & O'Kennon 1999, p. 1198"
Alnus,serrulata,species,,Alnus serrulata,Hazel Alder; Common Alder; Smooth Alder,shrub,,streamside,asserted,native,439,"Diggs, Lipscomb & O'Kennon 1999, p. 439"
Alopecurus,carolinianus,species,,Alopecurus carolinianus,Carolina Foxtail,,annual,sandy,asserted,native,1236,"Diggs, Lipscomb & O'Kennon 1999, p. 1236"
Alophia,drummondii,species,,Alophia drummondii,Purple Pleat-Leaf,,perennial,woods; streamside; sandy,asserted,native,1173,"Diggs, Lipscomb & O'Kennon 1999, p. 1173"
Aloysia,gratissima,species,,Aloysia gratissima,Common Beebush; Whitebrush; Beeblossom; Palo Amarillo; Cedrón; Poleo; Cedrón Del Monte; Niñarupá; Reseda Del Campo; Angel Favorita; Azmirillo; Organillo; Romerillo; Vara Dulce; Hierba De La Princesa,shrub,,rocky-limestone,asserted,native,1049,"Diggs, Lipscomb & O'Kennon 1999, p. 1049"
Alternanthera,caracasana,species,,Alternanthera caracasana,Mat Chaff-Flower; Verdolaga De Puerco,,,prairie; disturbed-ground,review,,222,"Diggs, Lipscomb & O'Kennon 1999, p. 222"
Alternanthera,philoxeroides,species,,Alternanthera philoxeroides,,grass,,,asserted,native,77,"Diggs, Lipscomb & O'Kennon 1999, p. 77"
Amaranthus,acanthochiton,species,,Amaranthus acanthochiton,Greenstripe,,,rocky-limestone; sandy,asserted,native,224,"Diggs, Lipscomb & O'Kennon 1999, p. 224"
Amaranthus,albus,species,,Amaranthus albus,Tumbleweed; Tumbleweed Amaranth; White Amaranth,,,disturbed-ground,asserted,native,224,"Diggs, Lipscomb & O'Kennon 1999, p. 224"
Amaranthus,arenicola,species,,Amaranthus arenicola,Torrey’s Amaranth; Sandhill Amaranth,,,sandy,asserted,native,224,"Diggs, Lipscomb & O'Kennon 1999, p. 224"
Amaranthus,australis,species,,Amaranthus australis,Southern Water-Hemp; Southern Amaranth,,,wetland,asserted,native,226,"Diggs, Lipscomb & O'Kennon 1999, p. 226"
Amaranthus,blitoides,species,,Amaranthus blitoides,Prostrate Pigweed; Quelite Manchado,,,disturbed-ground,asserted,native,226,"Diggs, Lipscomb & O'Kennon 1999, p. 226"
Amaranthus,blitum,species,,Amaranthus blitum,,,,,asserted,introduced,227,"Diggs, Lipscomb & O'Kennon 1999, p. 227"
Amaranthus,hybridus,species,,Amaranthus hybridus,Green Amaranth; Slender Pigweed; Slim Amaranth; Spleen Amaranth; Quelite De Cochino; Quelite Morado,,,disturbed-ground,review,,226,"Diggs, Lipscomb & O'Kennon 1999, p. 226"
Amaranthus,palmeri,species,,Amaranthus palmeri,Carelessweed; Palmer’s Pigweed; Palmer’s Amaranth; Redroot,,,disturbed-ground,asserted,native,226,"Diggs, Lipscomb & O'Kennon 1999, p. 226"
Amaranthus,polygonoides,species,,Amaranthus polygonoides,Tropical Amaranth; Berlandier’s Amaranth,,,disturbed-ground,asserted,native,226,"Diggs, Lipscomb & O'Kennon 1999, p. 226"
Amaranthus,retroflexus,species,,Amaranthus retroflexus,Red-Root Pigweed; Rough Pigweed; Green Amaranth; Quelite,,,disturbed-ground,review,,226,"Diggs, Lipscomb & O'Kennon 1999, p. 226"
Amaranthus,rudis,species,,Amaranthus rudis,Nuttall’s Water-Hemp; Water-Hemp,,,woods; disturbed-ground,asserted,native,226,"Diggs, Lipscomb & O'Kennon 1999, p. 226"
Amaranthus,spinosus,species,,Amaranthus spinosus,Spiny Pigweed; Thorny Amaranth; Quelite Espinso,,,disturbed-ground,asserted,introduced,226,"Diggs, Lipscomb & O'Kennon 1999, p. 226"
Amblyolepis,setigera,species,,Amblyolepis setigera,Huisache Daisy,,annual,rocky-limestone; sandy,asserted,native,308,"Diggs, Lipscomb & O'Kennon 1999, p. 308"
Ambrosia,artemisiifolia,species,,Ambrosia artemisiifolia,Common Ragweed; Roman Wormwood; Short Ragweed; Altamisa; Hogbrake,,annual,disturbed-ground,asserted,native,309,"Diggs, Lipscomb & O'Kennon 1999, p. 309"
Ambrosia,bidentata,species,,Ambrosia bidentata,Southern Ragweed; Lance-Leaf Ragweed,,annual,prairie; streamside,asserted,native,309,"Diggs, Lipscomb & O'Kennon 1999, p. 309"
Ambrosia,confertiflora,species,,Ambrosia confertiflora,Field Ragweed; Bur-Sage,,perennial,disturbed-ground,asserted,native,310,"Diggs, Lipscomb & O'Kennon 1999, p. 310"
Ambrosia,psilostachya,species,,Ambrosia psilostachya,Western Ragweed; Perennial Ragweed,,perennial,disturbed-ground,asserted,native,310,"Diggs, Lipscomb & O'Kennon 1999, p. 310"
Ambrosia,trifida,variety,texana,Ambrosia trifida var. texana,Blood Ragweed; Giant Ragweed; Buffaloweed,,annual,disturbed-ground,asserted,native,310,"Diggs, Lipscomb & O'Kennon 1999, p. 310"
Amelanchier,arborea,species,,Amelanchier arborea,June-Berry; Service-Berry; Shad-Berry; Common Service-Berry; Downy Service-Berry,tree,,woods,asserted,native,940,"Diggs, Lipscomb & O'Kennon 1999, p. 940"
Ammannia,auriculata,species,,Ammannia auriculata,Ear-Leaf Ammannia,,,streamside,asserted,native,800,"Diggs, Lipscomb & O'Kennon 1999, p. 800"
Ammannia,coccinea,species,,Ammannia coccinea,Purple Ammannia; Toothcup,,,streamside,asserted,native,800,"Diggs, Lipscomb & O'Kennon 1999, p. 800"
Ammannia,robusta,species,,Ammannia robusta,,,,streamside,asserted,native,800,"Diggs, Lipscomb & O'Kennon 1999, p. 800"
Ammi,majus,species,,Ammi majus,Greater Ammi; Bishop’s-Weed,,annual,rocky-limestone; disturbed-ground,asserted,introduced,243,"Diggs, Lipscomb & O'Kennon 1999, p. 243"
Ammoselinum,butleri,species,,Ammoselinum butleri,Butler’s Sand-Parsley,,,sandy; disturbed-ground,asserted,native,243,"Diggs, Lipscomb & O'Kennon 1999, p. 243"
Ammoselinum,popei,species,,Ammoselinum popei,Plains Sand-Parsley,,,prairie; sandy,asserted,native,243,"Diggs, Lipscomb & O'Kennon 1999, p. 243"
Amorpha,canescens,species,,Amorpha canescens,Leadplant,shrub,,prairie; sandy,asserted,native,626,"Diggs, Lipscomb & O'Kennon 1999, p. 626"
Amorpha,fruticosa,species,,Amorpha fruticosa,False Indigo; Bastard Indigo; Indigo-Bush Amorpha,shrub,,streamside; rocky-limestone,asserted,native,626,"Diggs, Lipscomb & O'Kennon 1999, p. 626"
Amorpha,paniculata,species,,Amorpha paniculata,Panicled Amorpha,shrub,,,asserted,native,626,"Diggs, Lipscomb & O'Kennon 1999, p. 626"
Amorpha,roemeriana,species,,Amorpha roemeriana,,,,,asserted,native,626,"Diggs, Lipscomb & O'Kennon 1999, p. 626"
Ampelopsis,arborea,species,,Ampelopsis arborea,Peppervine,,,streamside; disturbed-ground,asserted,native,1066,"Diggs, Lipscomb & O'Kennon 1999, p. 1066"
Ampelopsis,cordata,species,,Ampelopsis cordata,Heart-Leaf Ampelopsis; Racoon-Grape,vine,,woods; streamside,asserted,native,1066,"Diggs, Lipscomb & O'Kennon 1999, p. 1066"
Amphicarpaea,bracteata,species,,Amphicarpaea bracteata,Southern Hog-Peanut,,annual,,asserted,native,626,"Diggs, Lipscomb & O'Kennon 1999, p. 626"
Amsinckia,menziesii,species,,Amsinckia menziesii,Small-Flower Fiddleneck,,annual,,review,,445,"Diggs, Lipscomb & O'Kennon 1999, p. 445"
Amsonia,ciliata,species,,Amsonia ciliata,,,,,asserted,native,1411,"Diggs, Lipscomb & O'Kennon 1999, p. 1411"
Amsonia,ciliata,variety,tenuifolia,Amsonia ciliata var. tenuifolia,,,,,asserted,native,265,"Diggs, Lipscomb & O'Kennon 1999, p. 265"
Amsonia,ciliata,variety,texana,Amsonia ciliata var. texana,Texas Slimpod; Texas Amsonia,,,prairie; rocky-limestone; sandy,asserted,native,265,"Diggs, Lipscomb & O'Kennon 1999, p. 265"
Amsonia,longiflora,variety,salpignantha,Amsonia longiflora var. salpignantha,Trumpet Slimpod,,,prairie; streamside; rocky-limestone,asserted,native,265,"Diggs, Lipscomb & O'Kennon 1999, p. 265"
Amsonia,tabernaemontana,species,,Amsonia tabernaemontana,,,,streamside,asserted,native,266,"Diggs, Lipscomb & O'Kennon 1999, p. 266"
Anagallis,arvensis,species,,Anagallis arvensis,Scarlet Pimpernel; Poorman’s-Weatherglass; Common Pimpernel; Hierba Del Pájaro; Shepherd’s -Weatherglass,,annual,sandy; disturbed-ground,asserted,introduced,912,"Diggs, Lipscomb & O'Kennon 1999, p. 912"
Anagallis,minima,species,,Anagallis minima,Chaffweed; False Pimpernel,,annual,sandy,asserted,introduced,912,"Diggs, Lipscomb & O'Kennon 1999, p. 912"
Andropogon,gerardii,species,,Andropogon gerardii,,,,,asserted,native,1238,"Diggs, Lipscomb & O'Kennon 1999, p. 1238"
Andropogon,gerardii,subspecies,gerardii,Andropogon gerardii subsp. gerardii,Big Bluestem; Turkeyfoot,grass,,prairie,asserted,native,1238,"Diggs, Lipscomb & O'Kennon 1999, p. 1238"
Andropogon,glomeratus,species,,Andropogon glomeratus,Bushy Bluestem; Bushy Beard Grass,,,disturbed-ground,asserted,native,1239,"Diggs, Lipscomb & O'Kennon 1999, p. 1239"
Andropogon,gyrans,species,,Andropogon gyrans,Elliott’s Bluestem; Elliott’s Blue Grass,,,,asserted,native,1239,"Diggs, Lipscomb & O'Kennon 1999, p. 1239"
Andropogon,ternarius,species,,Andropogon ternarius,Split-Beard Bluestem; Split-Beard Beard Grass; Feather Bluestem; Silvery Beard Grass,,,woods; sandy,asserted,native,1239,"Diggs, Lipscomb & O'Kennon 1999, p. 1239"
Andropogon,virginicus,species,,Andropogon virginicus,Broomsedge Bluestem; Broomsedge; Virginia Bluestem; Yellowsedge Bluestem,,,rocky-limestone; sandy,asserted,native,1239,"Diggs, Lipscomb & O'Kennon 1999, p. 1239"
Androsace,occidentalis,species,,Androsace occidentalis,Western Rock-Jasmine,,annual,prairie; sandy,asserted,native,912,"Diggs, Lipscomb & O'Kennon 1999, p. 912"
Androstephium,coeruleum,species,,Androstephium coeruleum,Blue Funnel-Lily,,perennial,prairie,asserted,native,1198,"Diggs, Lipscomb & O'Kennon 1999, p. 1198"
Anemia,mexicana,species,,Anemia mexicana,Mexican Fern,fern,,rocky-limestone,asserted,native,179,"Diggs, Lipscomb & O'Kennon 1999, p. 179"
Anemone,berlandieri,species,,Anemone berlandieri,Tenpetal Anemone,,,prairie,asserted,native,918,"Diggs, Lipscomb & O'Kennon 1999, p. 918"
Anemone,caroliniana,species,,Anemone caroliniana,Carolina Anemone,,,woods; prairie; streamside; sandy; disturbed-ground,asserted,native,918,"Diggs, Lipscomb & O'Kennon 1999, p. 918"
Anemone,edwardsiana,species,,Anemone edwardsiana,,,,,asserted,native,918,"Diggs, Lipscomb & O'Kennon 1999, p. 918"
Anemone,okennonii,species,,Anemone okennonii,,,,,asserted,native,918,"Diggs, Lipscomb & O'Kennon 1999, p. 918"
Anemopsis,californica,species,,Anemopsis californica,Yerba Mansa,herb,perennial,disturbed-ground,review,,984,"Diggs, Lipscomb & O'Kennon 1999, p. 984"
Anethum,graveolens,species,,Anethum graveolens,Dill,,annual,disturbed-ground,asserted,introduced,243,"Diggs, Lipscomb & O'Kennon 1999, p. 243"
Anisacanthus,quadrifidus,variety,wrightii,Anisacanthus quadrifidus var. wrightii,Wright’s Anisacanthus; Hummingbird-Bush; Flame-Acanthus,shrub,,,review,,212,"Diggs, Lipscomb & O'Kennon 1999, p. 212"
Another,important,species,,Another important,,,,prairie; disturbed-ground,asserted,native,88,"Diggs, Lipscomb & O'Kennon 1999, p. 88"
Another,predator,species,,Another predator,,,,prairie; streamside,asserted,native,51,"Diggs, Lipscomb & O'Kennon 1999, p. 51"
Anredera,cordifolia,species,,Anredera cordifolia,Madeira-Vine; Mignonette-Vine,herb,perennial,disturbed-ground,asserted,introduced,434,"Diggs, Lipscomb & O'Kennon 1999, p. 434"
Antennaria,parlinii,subspecies,fallax,Antennaria parlinii subsp. fallax,Large-Leaf Pussy-Toes; Plain-Leaf Pussy-Toes,,perennial,woods; sandy,asserted,native,310,"Diggs, Lipscomb & O'Kennon 1999, p. 310"
Anthemis,cotula,species,,Anthemis cotula,Mayweed Chamomile; Mayweed; Dog-Fennel; Stinking Camomile; Stinkweed,,annual,sandy; disturbed-ground,asserted,introduced,310,"Diggs, Lipscomb & O'Kennon 1999, p. 310"
Antigonon,leptopus,species,,Antigonon leptopus,Queen ’s-Wreath; Coralvine; Corallita; Confederate-Vine; Coamecatl,vine,perennial,disturbed-ground,asserted,introduced,898,"Diggs, Lipscomb & O'Kennon 1999, p. 898"
Aphanostephus,pilosus,species,,Aphanostephus pilosus,Hairy Lazy Daisy,,annual,prairie; streamside; sandy,asserted,native,312,"Diggs, Lipscomb & O'Kennon 1999, p. 312"
Aphanostephus,ramosissimus,species,,Aphanostephus ramosissimus,Plains Lazy Daisy; Arizona Lazy Daisy,,annual,woods; prairie; sandy; disturbed-ground,asserted,native,312,"Diggs, Lipscomb & O'Kennon 1999, p. 312"
Aphanostephus,riddellii,species,,Aphanostephus riddellii,,,,,asserted,native,80,"Diggs, Lipscomb & O'Kennon 1999, p. 80"
Aphanostephus,skirrhobasis,species,,Aphanostephus skirrhobasis,Arkansas Lazy Daisy,,annual,woods; prairie; sandy; disturbed-ground,asserted,native,314,"Diggs, Lipscomb & O'Kennon 1999, p. 314"
Apios,americana,species,,Apios americana,Groundnut; American Potato-Bean,,perennial,woods,asserted,native,628,"Diggs, Lipscomb & O'Kennon 1999, p. 628"
Apocynum,cannabinum,species,,Apocynum cannabinum,Indian-Hemp; Hemp Dogbane; Prairie Dogbane; Hairy Dogbane; Smooth Dogbane; Willow Dogbane; Choctawroot,herb,perennial,sandy; disturbed-ground,asserted,native,266,"Diggs, Lipscomb & O'Kennon 1999, p. 266"
Aquilegia,canadensis,species,,Aquilegia canadensis,Common Columbine; American Columbine; Wild Columbine; Canadian Columbine,,perennial,,asserted,native,918,"Diggs, Lipscomb & O'Kennon 1999, p. 918"
Arabis,canadensis,species,,Arabis canadensis,Sicklepod,,perennial,woods,asserted,native,459,"Diggs, Lipscomb & O'Kennon 1999, p. 459"
Arabis,petiolaris,species,,Arabis petiolaris,Brazos Rockcress,,annual,rocky-limestone; sandy,asserted,native,459,"Diggs, Lipscomb & O'Kennon 1999, p. 459"
Arachis,hypogaea,species,,Arachis hypogaea,Common Peanut; Peanut; Goober; Groundnut; Monkeynut; Earthnut,,annual,streamside; sandy; disturbed-ground,asserted,introduced,628,"Diggs, Lipscomb & O'Kennon 1999, p. 628"
Arbutus,xalapensis,species,,Arbutus xalapensis,Texas Madrone; Madroño; Lady’s-Leg; Naked-Indian,tree,,streamside; rocky-limestone,asserted,native,582,"Diggs, Lipscomb & O'Kennon 1999, p. 582"
Arenaria,benthamii,species,,Arenaria benthamii,Hilly Sandwort,shrub,,rocky-limestone,asserted,native,514,"Diggs, Lipscomb & O'Kennon 1999, p. 514"
Arenaria,serpyllifolia,species,,Arenaria serpyllifolia,Thyme-Leaf Sandwort,,,streamside; sandy; disturbed-ground,asserted,introduced,514,"Diggs, Lipscomb & O'Kennon 1999, p. 514"
Argemone,albiflora,subspecies,texana,Argemone albiflora subsp. texana,White Prickly-Poppy,,annual,prairie; rocky-limestone; sandy,asserted,native,873,"Diggs, Lipscomb & O'Kennon 1999, p. 873"
Argemone,aurantiaca,species,,Argemone aurantiaca,,,annual,rocky-limestone; sandy; disturbed-ground,asserted,native,873,"Diggs, Lipscomb & O'Kennon 1999, p. 873"
Argemone,mexicana,species,,Argemone mexicana,Devil’ S -Fig; Yellow Prickly- Poppy; Cardo Santo; Chicalote; Mexican-Poppy; Thorn-Apple,,annual,disturbed-ground,review,,874,"Diggs, Lipscomb & O'Kennon 1999, p. 874"
Argemone,polyanthemos,species,,Argemone polyanthemos,,,annual,prairie; rocky-limestone; sandy; disturbed-ground,asserted,native,874,"Diggs, Lipscomb & O'Kennon 1999, p. 874"
Argyrochosma,dealbata,species,,Argyrochosma dealbata,Powdery Cloak Fern; False Cloak Fern,,,rocky-limestone,asserted,native,194,"Diggs, Lipscomb & O'Kennon 1999, p. 194"
Argyrochosma,microphylla,species,,Argyrochosma microphylla,,,,,asserted,native,194,"Diggs, Lipscomb & O'Kennon 1999, p. 194"
Arisaema,dracontium,species,,Arisaema dracontium,Green-Dragon; Dragonroot,,perennial,woods,asserted,native,1092,"Diggs, Lipscomb & O'Kennon 1999, p. 1092"
Arisaema,triphyllum,species,,Arisaema triphyllum,,herb,,,asserted,native,1092,"Diggs, Lipscomb & O'Kennon 1999, p. 1092"
Aristida,basiramea,species,,Aristida basiramea,Fork-Tip Threeawn,,annual,streamside; sandy,asserted,native,1240,"Diggs, Lipscomb & O'Kennon 1999, p. 1240"
Aristida,desmantha,species,,Aristida desmantha,Curly Threeawn; Western Tripleawn; Western Threeawn,,annual,rocky-limestone; sandy,asserted,native,1242,"Diggs, Lipscomb & O'Kennon 1999, p. 1242"
Aristida,dichotoma,species,,Aristida dichotoma,Church-Mouse Threeawn; Poverty Grass,,annual,prairie; sandy,asserted,native,1242,"Diggs, Lipscomb & O'Kennon 1999, p. 1242"
Aristida,lanosa,species,,Aristida lanosa,Woolly-Sheath Threeawn; Woolly Tripleawn Grass; Woolly Threeawn,,perennial,woods; sandy,asserted,native,1242,"Diggs, Lipscomb & O'Kennon 1999, p. 1242"
Aristida,longespica,species,,Aristida longespica,Slim-Spike Threeawn,,annual,sandy,asserted,native,1242,"Diggs, Lipscomb & O'Kennon 1999, p. 1242"
Aristida,longespica,variety,geniculata,Aristida longespica var. geniculata,Kearney’s Threeawn; Plains Threeawn,,,,asserted,native,1242,"Diggs, Lipscomb & O'Kennon 1999, p. 1242"
Aristida,oligantha,species,,Aristida oligantha,Oldfield Threeawn; Prairie Threeawn; Fewflower Aristida,,annual,,asserted,native,1242,"Diggs, Lipscomb & O'Kennon 1999, p. 1242"
Aristida,purpurascens,species,,Aristida purpurascens,Arrow-Feather Threeawn; Broomsedge; Arrow Grass,,perennial,woods; prairie; sandy,asserted,native,1242,"Diggs, Lipscomb & O'Kennon 1999, p. 1242"
Aristida,purpurea,species,,Aristida purpurea,,,perennial,,asserted,native,1242,"Diggs, Lipscomb & O'Kennon 1999, p. 1242"
Aristida,purpurea,variety,longiseta,Aristida purpurea var. longiseta,Red Threeawn; Dogtown Grass; Long-Awned Aristida; Long-Awned Threeawn,,,prairie; disturbed-ground,asserted,native,1243,"Diggs, Lipscomb & O'Kennon 1999, p. 1243"
Aristida,purpurea,variety,nealleyi,Aristida purpurea var. nealleyi,Blue Threeawn,,,rocky-limestone,asserted,native,1243,"Diggs, Lipscomb & O'Kennon 1999, p. 1243"
Aristida,purpurea,variety,purpurea,Aristida purpurea var. purpurea,Purple Threeawn; Purple Needle Grass,,,rocky-limestone; sandy,asserted,native,1243,"Diggs, Lipscomb & O'Kennon 1999, p. 1243"
Aristida,purpurea,variety,wrightii,Aristida purpurea var. wrightii,Wright’s Threeawn; Wright’s Tripleawn Grass,,,prairie,asserted,native,1243,"Diggs, Lipscomb & O'Kennon 1999, p. 1243"
Aristolochia,reticulata,species,,Aristolochia reticulata,Texas Dutchman’s-Pipe,herb,perennial,sandy,asserted,native,273,"Diggs, Lipscomb & O'Kennon 1999, p. 273"
Aristolochia,serpentaria,species,,Aristolochia serpentaria,Virginia Dutchman’s-Pipe; Virginia Snakeroot; Nash Dutchman’s-Pipe,herb,perennial,streamside,asserted,native,273,"Diggs, Lipscomb & O'Kennon 1999, p. 273"
Aristolochia,tomentosa,species,,Aristolochia tomentosa,Woolly Dutchman ’s-Pipe; Pipevine,vine,,woods; sandy,asserted,native,274,"Diggs, Lipscomb & O'Kennon 1999, p. 274"
Arnoglossum,plantagineum,species,,Arnoglossum plantagineum,Prairie-Plantain; Groovestem Indian-Plantain; Tuberous Indian-Plantain,,perennial,woods; prairie; disturbed-ground,asserted,native,314,"Diggs, Lipscomb & O'Kennon 1999, p. 314"
Artemisia,campestris,subspecies,caudata,Artemisia campestris subsp. caudata,Western Sagewort; Thread-Leaf Sagewort,herb,biennial,prairie; disturbed-ground,asserted,native,315,"Diggs, Lipscomb & O'Kennon 1999, p. 315"
Artemisia,ludoviciana,subspecies,mexicana,Artemisia ludoviciana subsp. mexicana,,herb,perennial,prairie; disturbed-ground,asserted,native,315,"Diggs, Lipscomb & O'Kennon 1999, p. 315"
Arundinaria,gigantea,species,,Arundinaria gigantea,Giant Cane; Southern Cane; Switch Cane,,perennial,woods; streamside,asserted,native,1243,"Diggs, Lipscomb & O'Kennon 1999, p. 1243"
Arundo,donax,species,,Arundo donax,Giant Reed,,perennial,streamside; disturbed-ground,asserted,introduced,1243,"Diggs, Lipscomb & O'Kennon 1999, p. 1243"
Asclepias,amplexicaulis,species,,Asclepias amplexicaulis,Blunt-Leaf Milkweed,,,,asserted,native,277,"Diggs, Lipscomb & O'Kennon 1999, p. 277"
Asclepias,arenaria,species,,Asclepias arenaria,Sand Milkweed,,,sandy; disturbed-ground,asserted,native,278,"Diggs, Lipscomb & O'Kennon 1999, p. 278"
Asclepias,asperula,subspecies,capricornu,Asclepias asperula subsp. capricornu,Antelope-Horns; Trailing Milkweed,,,prairie; rocky-limestone; sandy,asserted,native,278,"Diggs, Lipscomb & O'Kennon 1999, p. 278"
Asclepias,engelmanniana,species,,Asclepias engelmanniana,Engelmann’s Milkweed,,,rocky-limestone; sandy,asserted,native,278,"Diggs, Lipscomb & O'Kennon 1999, p. 278"
Asclepias,incarnata,species,,Asclepias incarnata,Swamp Milkweed,,,,asserted,native,278,"Diggs, Lipscomb & O'Kennon 1999, p. 278"
Asclepias,incarnata,subspecies,pulchra,Asclepias incarnata subsp. pulchra,,,,,asserted,native,278,"Diggs, Lipscomb & O'Kennon 1999, p. 278"
Asclepias,linearis,species,,Asclepias linearis,Slim Milkweed,,,prairie,asserted,native,278,"Diggs, Lipscomb & O'Kennon 1999, p. 278"
Asclepias,oenotheroides,species,,Asclepias oenotheroides,Sidecluster Milkweed; Hierba De Zizotes,,,sandy; disturbed-ground,asserted,native,278,"Diggs, Lipscomb & O'Kennon 1999, p. 278"
Asclepias,perennis,species,,Asclepias perennis,Shore Milkweed; Thin-Leaf Milkweed,,,woods; wetland,asserted,native,280,"Diggs, Lipscomb & O'Kennon 1999, p. 280"
Asclepias,stenophylla,species,,Asclepias stenophylla,Slim-Leaf Milkweed; Narrow-Leaf Milkweed,,,prairie,asserted,native,280,"Diggs, Lipscomb & O'Kennon 1999, p. 280"
Asclepias,texana,species,,Asclepias texana,Texas Milkweed,,,rocky-limestone,asserted,native,280,"Diggs, Lipscomb & O'Kennon 1999, p. 280"
Asclepias,tuberosa,subspecies,interior,Asclepias tuberosa subsp. interior,Butterfly-Weed; Butterfly Milkweed; Orange Milkweed; Chigger-Flower; Chiggerweed; Pleurisy-Root,,,woods; prairie; sandy,asserted,native,280,"Diggs, Lipscomb & O'Kennon 1999, p. 280"
Asclepias,variegata,species,,Asclepias variegata,White-Flower Milkweed,,,,asserted,native,280,"Diggs, Lipscomb & O'Kennon 1999, p. 280"
Asclepias,verticillata,species,,Asclepias verticillata,Whorled Milkweed; Eastern Whorled Milkweed,,,woods; prairie; rocky-limestone; sandy,asserted,native,280,"Diggs, Lipscomb & O'Kennon 1999, p. 280"
Asclepias,viridiflora,species,,Asclepias viridiflora,Green-Flower Milkweed; Green Antelope-Horns; Wand Milkweed,,,prairie; sandy,asserted,native,282,"Diggs, Lipscomb & O'Kennon 1999, p. 282"
Asclepias,viridis,species,,Asclepias viridis,Green Milkweed; Antelope-Horns,,,prairie; disturbed-ground,asserted,native,282,"Diggs, Lipscomb & O'Kennon 1999, p. 282"
Asimina,triloba,species,,Asimina triloba,Pawpaw; Common Pawpaw,shrub,,woods; streamside,asserted,native,238,"Diggs, Lipscomb & O'Kennon 1999, p. 238"
Asparagus,officinalis,species,,Asparagus officinalis,Garden Asparagus,,perennial,sandy; disturbed-ground,asserted,introduced,1198,"Diggs, Lipscomb & O'Kennon 1999, p. 1198"
Asperula,arvensis,species,,Asperula arvensis,Woodruff,,annual,prairie; disturbed-ground,asserted,introduced,961,"Diggs, Lipscomb & O'Kennon 1999, p. 961"
Asplenium,platyneuron,species,,Asplenium platyneuron,Ebony Spleenwort,,,sandy,asserted,native,179,"Diggs, Lipscomb & O'Kennon 1999, p. 179"
Asplenium,resiliens,species,,Asplenium resiliens,Little Ebony Spleenwort; Black-Stem Spleenwort,fern,,disturbed-ground,asserted,native,180,"Diggs, Lipscomb & O'Kennon 1999, p. 180"
Aster,drummondii,variety,texanus,Aster drummondii var. texanus,Texas Aster,,perennial,woods; prairie,asserted,native,318,"Diggs, Lipscomb & O'Kennon 1999, p. 318"
Aster,dumosus,species,,Aster dumosus,Bushy Aster; Rice-Button Aster,,perennial,streamside; sandy; disturbed-ground,asserted,native,318,"Diggs, Lipscomb & O'Kennon 1999, p. 318"
Aster,ericoides,species,,Aster ericoides,Heath Aster; White Prairie Aster; Wreath Aster,,perennial,disturbed-ground,asserted,native,318,"Diggs, Lipscomb & O'Kennon 1999, p. 318"
Aster,lanceolatus,species,,Aster lanceolatus,Panicled Aster; Tall White Aster,,perennial,,asserted,native,318,"Diggs, Lipscomb & O'Kennon 1999, p. 318"
Aster,lanceolatus,subspecies,hesperius,Aster lanceolatus subsp. hesperius,Siskiyou Aster,,,,asserted,native,318,"Diggs, Lipscomb & O'Kennon 1999, p. 318"
Aster,lateriflorus,species,,Aster lateriflorus,California Aster; Calico Aster; Side-Flower Aster; Starved Aster; White Woodland Aster,,perennial,rocky-limestone,asserted,native,319,"Diggs, Lipscomb & O'Kennon 1999, p. 319"
Aster,oblongifolius,species,,Aster oblongifolius,Aromatic Aster; Oblong-Leaf Aster,,perennial,prairie,asserted,native,319,"Diggs, Lipscomb & O'Kennon 1999, p. 319"
Aster,oolentangiensis,species,,Aster oolentangiensis,Azure Aster; Sky-Blue Aster,,perennial,sandy,asserted,native,319,"Diggs, Lipscomb & O'Kennon 1999, p. 319"
Aster,patens,species,,Aster patens,Spreading Aster; Late Purple Aster; Sky-Drop Aster,,perennial,sandy; disturbed-ground,asserted,native,319,"Diggs, Lipscomb & O'Kennon 1999, p. 319"
Aster,patens,variety,gracilis,Aster patens var. gracilis,,,,,asserted,native,320,"Diggs, Lipscomb & O'Kennon 1999, p. 320"
Aster,patens,variety,patentissimus,Aster patens var. patentissimus,,,,,asserted,native,320,"Diggs, Lipscomb & O'Kennon 1999, p. 320"
Aster,praealtus,species,,Aster praealtus,Willow-Leaf Aster; Will Aster; Tall Aster,,perennial,disturbed-ground,asserted,native,320,"Diggs, Lipscomb & O'Kennon 1999, p. 320"
Aster,pratensis,species,,Aster pratensis,Silky Aster,,perennial,woods; sandy,asserted,native,320,"Diggs, Lipscomb & O'Kennon 1999, p. 320"
Aster,sericeus,species,,Aster sericeus,Silky Aster,,perennial,rocky-limestone,asserted,native,320,"Diggs, Lipscomb & O'Kennon 1999, p. 320"
Aster,subulatus,variety,ligulatus,Aster subulatus var. ligulatus,Wireweed; Blackweed; Saltmarsh Aster; Slim Aster,,annual,,asserted,native,320,"Diggs, Lipscomb & O'Kennon 1999, p. 320"
Astragalus,canadensis,species,,Astragalus canadensis,Canada Milk-Vetch,,perennial,rocky-limestone; sandy,asserted,native,630,"Diggs, Lipscomb & O'Kennon 1999, p. 630"
Astragalus,crassicarpus,species,,Astragalus crassicarpus,Ground-Plum; Buffalo-Plum; Pomme De Prairie; Ground-Plum Milk-Vetch,,perennial,,asserted,native,630,"Diggs, Lipscomb & O'Kennon 1999, p. 630"
Astragalus,crassicarpus,variety,berlandieri,Astragalus crassicarpus var. berlandieri,,,,prairie; rocky-limestone,asserted,native,630,"Diggs, Lipscomb & O'Kennon 1999, p. 630"
Astragalus,crassicarpus,variety,trichocalyx,Astragalus crassicarpus var. trichocalyx,,,,woods,asserted,native,632,"Diggs, Lipscomb & O'Kennon 1999, p. 632"
Astragalus,distortus,species,,Astragalus distortus,,,perennial,streamside,asserted,native,632,"Diggs, Lipscomb & O'Kennon 1999, p. 632"
Astragalus,distortus,variety,engelmannii,Astragalus distortus var. engelmannii,Engelmann’s Milk-Vetch,,,streamside; sandy,asserted,native,632,"Diggs, Lipscomb & O'Kennon 1999, p. 632"
Astragalus,leptocarpus,species,,Astragalus leptocarpus,Slim-Pod Milk-Vetch; Bodkin Milk-Vetch,,annual,woods; rocky-limestone; sandy,asserted,native,632,"Diggs, Lipscomb & O'Kennon 1999, p. 632"
Astragalus,lindheimeri,species,,Astragalus lindheimeri,Lindheimer’s Milk-Vetch; Buffalo-Clover; Milk-Vetch,,annual,streamside; rocky-limestone; sandy,asserted,native,632,"Diggs, Lipscomb & O'Kennon 1999, p. 632"
Astragalus,lotiflorus,species,,Astragalus lotiflorus,Lotus Milk-Vetch,,,prairie; rocky-limestone,asserted,native,632,"Diggs, Lipscomb & O'Kennon 1999, p. 632"
Astragalus,nuttallianus,species,,Astragalus nuttallianus,Turkey-Pea; Small-Flower Milk-Vetch,,annual,,asserted,native,634,"Diggs, Lipscomb & O'Kennon 1999, p. 634"
Astragalus,nuttallianus,variety,austrinus,Astragalus nuttallianus var. austrinus,,,,,asserted,native,634,"Diggs, Lipscomb & O'Kennon 1999, p. 634"
Astragalus,nuttallianus,variety,macilentus,Astragalus nuttallianus var. macilentus,,,,rocky-limestone; disturbed-ground,asserted,native,634,"Diggs, Lipscomb & O'Kennon 1999, p. 634"
Astragalus,nuttallianus,variety,pleianthus,Astragalus nuttallianus var. pleianthus,,,,woods; prairie,asserted,native,634,"Diggs, Lipscomb & O'Kennon 1999, p. 634"
Astragalus,nuttallianus,variety,trichocarpus,Astragalus nuttallianus var. trichocarpus,Southwestern Milk-Vetch,,,sandy,asserted,native,635,"Diggs, Lipscomb & O'Kennon 1999, p. 635"
Astragalus,plattensis,species,,Astragalus plattensis,Platte River Milk-Vetch; Ground-Plum,,,woods; prairie; rocky-limestone; sandy,asserted,native,635,"Diggs, Lipscomb & O'Kennon 1999, p. 635"
Astragalus,reflexus,species,,Astragalus reflexus,Texas Milk-Vetch; Drooping Milk-Vetch,,annual,prairie; streamside; disturbed-ground,asserted,native,635,"Diggs, Lipscomb & O'Kennon 1999, p. 635"
Astragalus,wrightii,species,,Astragalus wrightii,Wright’s Milk-Vetch,,annual,sandy,asserted,native,635,"Diggs, Lipscomb & O'Kennon 1999, p. 635"
Astranthium,integrifolium,subspecies,ciliatum,Astranthium integrifolium subsp. ciliatum,Western Daisy; Blue Daisy,,annual,woods; prairie; sandy; disturbed-ground,asserted,native,322,"Diggs, Lipscomb & O'Kennon 1999, p. 322"
Astrolepis,integerrima,species,,Astrolepis integerrima,,,,woods,asserted,native,70,"Diggs, Lipscomb & O'Kennon 1999, p. 70"
Astrolepis,sinuata,species,,Astrolepis sinuata,Bulb Lip Fern; Wavy Cloak Fern; Long Cloak Fern,fern,,prairie; rocky-limestone,asserted,native,195,"Diggs, Lipscomb & O'Kennon 1999, p. 195"
Athyrium,filix-femina,subspecies,asplenioides,Athyrium filix-femina subsp. asplenioides,Southern Lady Fern; Lowland Lady Fern,,,woods; wetland; streamside; disturbed-ground,asserted,native,184,"Diggs, Lipscomb & O'Kennon 1999, p. 184"
Atriplex,argentea,species,,Atriplex argentea,,herb,annual,,asserted,native,532,"Diggs, Lipscomb & O'Kennon 1999, p. 532"
Atriplex,argentea,subspecies,expansa,Atriplex argentea subsp. expansa,Spreading Saltbush; Fogweed,,,,asserted,native,533,"Diggs, Lipscomb & O'Kennon 1999, p. 533"
Atriplex,canescens,species,,Atriplex canescens,Four-Wing Saltbush; Chamiza,herb,perennial,,asserted,native,533,"Diggs, Lipscomb & O'Kennon 1999, p. 533"
Aureolaria,grandiflora,variety,serrata,Aureolaria grandiflora var. serrata,Downy Oakleech,,perennial,,asserted,native,994,"Diggs, Lipscomb & O'Kennon 1999, p. 994"
Avena,fatua,species,,Avena fatua,Wild Oats,,,disturbed-ground,asserted,introduced,1244,"Diggs, Lipscomb & O'Kennon 1999, p. 1244"
Avena,sativa,species,,Avena sativa,Common Oats; Cultivated Oats,,,disturbed-ground,asserted,introduced,1244,"Diggs, Lipscomb & O'Kennon 1999, p. 1244"
Axonopus,fissifolius,species,,Axonopus fissifolius,Common Carpet Grass,,perennial,woods; rocky-limestone; sandy; disturbed-ground,asserted,native,1244,"Diggs, Lipscomb & O'Kennon 1999, p. 1244"
Azolla,caroliniana,species,,Azolla caroliniana,Mosquito Fern; Water Fern,,,streamside,asserted,native,180,"Diggs, Lipscomb & O'Kennon 1999, p. 180"
Baccharis,halimifolia,species,,Baccharis halimifolia,Eastern Baccharis; Seamyrtle; Consumption - Weed; Tree - Groundsel; Groundseltree; Manglier; Saltbush; Silverling,shrub,,woods; prairie; wetland; streamside; disturbed-ground,asserted,native,324,"Diggs, Lipscomb & O'Kennon 1999, p. 324"
Baccharis,neglecta,species,,Baccharis neglecta,Roosevelt-Weed; New Deal Weed; Jara Dulce,shrub,,,asserted,native,324,"Diggs, Lipscomb & O'Kennon 1999, p. 324"
Baccharis,salicina,species,,Baccharis salicina,Seep-Willow; Water-Willow; Water-Wally; Jara; Willow Baccharis,shrub,,sandy,asserted,native,324,"Diggs, Lipscomb & O'Kennon 1999, p. 324"
Baccharis,texana,species,,Baccharis texana,Prairie Baccharis,subshrub,,prairie,asserted,native,324,"Diggs, Lipscomb & O'Kennon 1999, p. 324"
Bacopa,monnieri,species,,Bacopa monnieri,Coastal Water-Hyssop,,,streamside,asserted,native,994,"Diggs, Lipscomb & O'Kennon 1999, p. 994"
Bacopa,rotundifolia,species,,Bacopa rotundifolia,Disc Water-Hyssop,,,streamside,asserted,native,994,"Diggs, Lipscomb & O'Kennon 1999, p. 994"
Baptisia,alba,variety,macrophylla,Baptisia alba var. macrophylla,,,,,asserted,native,639,"Diggs, Lipscomb & O'Kennon 1999, p. 639"
Baptisia,australis,variety,minor,Baptisia australis var. minor,Blue Wild Indigo; Wild Blue-Indigo; Blue -Indigo,,,prairie; streamside,asserted,native,636,"Diggs, Lipscomb & O'Kennon 1999, p. 636"
Baptisia,bracteata,variety,leucophaea,Baptisia bracteata var. leucophaea,Plains Wild Indigo,,,woods; prairie; streamside; sandy; disturbed-ground,asserted,native,638,"Diggs, Lipscomb & O'Kennon 1999, p. 638"
Baptisia,nuttalliana,species,,Baptisia nuttalliana,Nuttall’s Wild Indigo,,,,asserted,native,638,"Diggs, Lipscomb & O'Kennon 1999, p. 638"
Baptisia,sphaerocarpa,species,,Baptisia sphaerocarpa,Green Wild Indigo; Yellow Bush-Pea,,,prairie; streamside; sandy,asserted,native,638,"Diggs, Lipscomb & O'Kennon 1999, p. 638"
Bellardia,trixago,species,,Bellardia trixago,,,annual,rocky-limestone; sandy; disturbed-ground,asserted,introduced,996,"Diggs, Lipscomb & O'Kennon 1999, p. 996"
Berberis,trifoliolata,species,,Berberis trifoliolata,,,,woods; rocky-limestone,asserted,native,436,"Diggs, Lipscomb & O'Kennon 1999, p. 436"
Berchemia,scandens,species,,Berchemia scandens,,,,disturbed-ground,asserted,native,44,"Diggs, Lipscomb & O'Kennon 1999, p. 44"
Bergia,texana,species,,Bergia texana,Texas Bergia,,annual,streamside,asserted,native,580,"Diggs, Lipscomb & O'Kennon 1999, p. 580"
Berlandiera,betonicifolia,species,,Berlandiera betonicifolia,Texas Greeneyes,,,woods; sandy,asserted,native,325,"Diggs, Lipscomb & O'Kennon 1999, p. 325"
Berlandiera,lyrata,species,,Berlandiera lyrata,Chocolate Daisy; Green-Eyed Lyre-Leaf,herb,perennial,rocky-limestone; disturbed-ground,asserted,native,325,"Diggs, Lipscomb & O'Kennon 1999, p. 325"
Berlandiera,pumila,species,,Berlandiera pumila,Soft Greeneyes,herb,,sandy; disturbed-ground,asserted,native,325,"Diggs, Lipscomb & O'Kennon 1999, p. 325"
Berula,erecta,species,,Berula erecta,Stalky Berula; Water-Parsnip,,perennial,,asserted,native,244,"Diggs, Lipscomb & O'Kennon 1999, p. 244"
Beta,vulgaris,species,,Beta vulgaris,Beet; Sugar Beet; Swiss Chard,,annual,disturbed-ground,review,,533,"Diggs, Lipscomb & O'Kennon 1999, p. 533"
Betula,nigra,species,,Betula nigra,River Birch; Red Birch,tree,,woods; streamside; rocky-limestone,asserted,native,439,"Diggs, Lipscomb & O'Kennon 1999, p. 439"
Bidens,aristosa,species,,Bidens aristosa,Bearded Beggar-Ticks; Awnless Beggar-Ticks; Tickseed-Sunflower,,annual,streamside,asserted,native,326,"Diggs, Lipscomb & O'Kennon 1999, p. 326"
Bidens,bipinnata,species,,Bidens bipinnata,Spanish-Needles,,annual,,asserted,native,326,"Diggs, Lipscomb & O'Kennon 1999, p. 326"
Bidens,frondosa,species,,Bidens frondosa,Beggar-Ticks; Sticktights; Devil’s Beggar-Ticks,,annual,,asserted,native,326,"Diggs, Lipscomb & O'Kennon 1999, p. 326"
Bidens,laevis,species,,Bidens laevis,Smooth Beggar ’s -Ticks; Wild Goldenglow,,annual,streamside,asserted,native,326,"Diggs, Lipscomb & O'Kennon 1999, p. 326"
Bifora,americana,species,,Bifora americana,Prairie-Bishop,,annual,prairie; rocky-limestone; disturbed-ground,asserted,native,244,"Diggs, Lipscomb & O'Kennon 1999, p. 244"
Bigelowia,nuttallii,species,,Bigelowia nuttallii,Slender Bigelowia; Rayless-Goldenrod,,perennial,rocky-limestone; sandy,asserted,native,328,"Diggs, Lipscomb & O'Kennon 1999, p. 328"
Bignonia,capreolata,species,,Bignonia capreolata,Crossvine; Quartervine,vine,,woods; disturbed-ground,review,,442,"Diggs, Lipscomb & O'Kennon 1999, p. 442"
Boehmeria,cylindrica,species,,Boehmeria cylindrica,Bog-Hemp; Small-Spike False Nettle; Button-Hemp,,perennial,woods; streamside,asserted,native,1042,"Diggs, Lipscomb & O'Kennon 1999, p. 1042"
Boerhavia,diffusa,species,,Boerhavia diffusa,Scarlet Spiderling,,,rocky-limestone; sandy,asserted,native,838,"Diggs, Lipscomb & O'Kennon 1999, p. 838"
Boerhavia,erecta,species,,Boerhavia erecta,Erect Spiderling,,,disturbed-ground,asserted,native,838,"Diggs, Lipscomb & O'Kennon 1999, p. 838"
Boerhavia,intermedia,species,,Boerhavia intermedia,,,,woods; sandy; disturbed-ground,asserted,native,838,"Diggs, Lipscomb & O'Kennon 1999, p. 838"
Boerhavia,spicata,species,,Boerhavia spicata,Spicate Spiderling,,,rocky-limestone; sandy,asserted,native,838,"Diggs, Lipscomb & O'Kennon 1999, p. 838"
Bolboschoenus,maritimus,species,,Bolboschoenus maritimus,Alkali Bulrush; Bayonet-Grass; Prairie Bulrush; Koyama; Saltmarsh Bulrush,,perennial,,asserted,native,1108,"Diggs, Lipscomb & O'Kennon 1999, p. 1108"
Boltonia,diffusa,species,,Boltonia diffusa,Small-Head Boltonia; Doll’s Daisy,herb,perennial,streamside; rocky-limestone; sandy; disturbed-ground,review,,328,"Diggs, Lipscomb & O'Kennon 1999, p. 328"
Borago,officinalis,species,,Borago officinalis,Borage,,annual,woods; disturbed-ground,asserted,introduced,445,"Diggs, Lipscomb & O'Kennon 1999, p. 445"
Bothriochloa,barbinodis,species,,Bothriochloa barbinodis,,,,rocky-limestone; sandy,asserted,native,1246,"Diggs, Lipscomb & O'Kennon 1999, p. 1246"
Bothriochloa,barbinodis,variety,barbinodis,Bothriochloa barbinodis var. barbinodis,Cane Bluestem; Cane Beard Grass; Bristle-Joint Bluestem,,,prairie,asserted,native,1246,"Diggs, Lipscomb & O'Kennon 1999, p. 1246"
Bothriochloa,barbinodis,variety,perforata,Bothriochloa barbinodis var. perforata,Pinhole Bluestem; Pinhole Beard Grass; Perforated Bluestem,grass,,,asserted,native,1246,"Diggs, Lipscomb & O'Kennon 1999, p. 1246"
Bothriochloa,ischaemum,variety,songarica,Bothriochloa ischaemum var. songarica,King Ranch Bluestem; Kr Bluestem,,,disturbed-ground,asserted,introduced,1246,"Diggs, Lipscomb & O'Kennon 1999, p. 1246"
Bothriochloa,laguroides,subspecies,torreyana,Bothriochloa laguroides subsp. torreyana,Silver Bluestem; Silver Beard-Grass,,,prairie; sandy; disturbed-ground,asserted,native,1246,"Diggs, Lipscomb & O'Kennon 1999, p. 1246"
Botrychium,biternatum,species,,Botrychium biternatum,Southern Grape Fern; Sparselobed Grape Fern,herb,,woods; disturbed-ground,asserted,native,189,"Diggs, Lipscomb & O'Kennon 1999, p. 189"
Botrychium,lunarioides,species,,Botrychium lunarioides,Winter Grape Fern; Prostrate Grape Fern,,,prairie,asserted,native,189,"Diggs, Lipscomb & O'Kennon 1999, p. 189"
Botrychium,virginianum,species,,Botrychium virginianum,Rattlesnake Fern; Virginia Grape Fern; Common Grape Fern,herb,,woods,asserted,native,189,"Diggs, Lipscomb & O'Kennon 1999, p. 189"
Bouchetia,erecta,species,,Bouchetia erecta,Erect Bouchetia,,perennial,prairie; rocky-limestone,asserted,native,1016,"Diggs, Lipscomb & O'Kennon 1999, p. 1016"
Bouteloua,barbata,species,,Bouteloua barbata,Sixweeks Grama,,,sandy; disturbed-ground,asserted,native,1248,"Diggs, Lipscomb & O'Kennon 1999, p. 1248"
Bouteloua,curtipendula,species,,Bouteloua curtipendula,Side-Oats Grama,grass,,,asserted,native,1248,"Diggs, Lipscomb & O'Kennon 1999, p. 1248"
Bouteloua,curtipendula,variety,caespitosa,Bouteloua curtipendula var. caespitosa,,,,,asserted,native,1248,"Diggs, Lipscomb & O'Kennon 1999, p. 1248"
Bouteloua,gracilis,species,,Bouteloua gracilis,Blue Grama,,,,asserted,native,1248,"Diggs, Lipscomb & O'Kennon 1999, p. 1248"
Bouteloua,hirsuta,species,,Bouteloua hirsuta,Hairy Grama,,,,asserted,native,1248,"Diggs, Lipscomb & O'Kennon 1999, p. 1248"
Bouteloua,pectinata,species,,Bouteloua pectinata,Tall Grama,,,rocky-limestone; disturbed-ground,asserted,native,1248,"Diggs, Lipscomb & O'Kennon 1999, p. 1248"
Bouteloua,rigidiseta,species,,Bouteloua rigidiseta,Texas Grama; Mesquite Grass,,,,asserted,native,1248,"Diggs, Lipscomb & O'Kennon 1999, p. 1248"
Bouteloua,trifida,species,,Bouteloua trifida,Red Grama; Threeawn Grama,,,,asserted,native,1248,"Diggs, Lipscomb & O'Kennon 1999, p. 1248"
Bowlesia,incana,species,,Bowlesia incana,Hoary Bowlesia,,annual,,review,,244,"Diggs, Lipscomb & O'Kennon 1999, p. 244"
Brachypodium,distachyon,species,,Brachypodium distachyon,Purple False Broom,,annual,disturbed-ground,asserted,introduced,1250,"Diggs, Lipscomb & O'Kennon 1999, p. 1250"
Brasenia,schreberi,species,,Brasenia schreberi,Purple Wen-Dock; Water-Shield; Schreber’s Watershed,,,streamside; disturbed-ground,asserted,native,482,"Diggs, Lipscomb & O'Kennon 1999, p. 482"
Brassica,juncea,species,,Brassica juncea,Chinese Mustard; Leaf Mustard; Indian Mustard,,,prairie; disturbed-ground,asserted,introduced,459,"Diggs, Lipscomb & O'Kennon 1999, p. 459"
Brassica,nigra,species,,Brassica nigra,Black Mustard,,,,asserted,introduced,460,"Diggs, Lipscomb & O'Kennon 1999, p. 460"
Brassica,oleracea,species,,Brassica oleracea,,,,disturbed-ground,asserted,introduced,460,"Diggs, Lipscomb & O'Kennon 1999, p. 460"
Brassica,rapa,species,,Brassica rapa,Turnip; Bird’s Rape; Rape,,,sandy; disturbed-ground,review,,460,"Diggs, Lipscomb & O'Kennon 1999, p. 460"
Brazoria,truncata,variety,pulcherrima,Brazoria truncata var. pulcherrima,,,,,asserted,native,755,"Diggs, Lipscomb & O'Kennon 1999, p. 755"
Brazoria,truncata,variety,truncata,Brazoria truncata var. truncata,Blunt-Sepal Brazoria; Rattlesnake Weed,,,sandy,asserted,native,755,"Diggs, Lipscomb & O'Kennon 1999, p. 755"
Brickellia,cylindracea,species,,Brickellia cylindracea,Gravel -Bar Brickellbush,herb,perennial,rocky-limestone,asserted,native,328,"Diggs, Lipscomb & O'Kennon 1999, p. 328"
Brickellia,eupatorioides,species,,Brickellia eupatorioides,,herb,perennial,,asserted,native,329,"Diggs, Lipscomb & O'Kennon 1999, p. 329"
Brickellia,eupatorioides,variety,corymbulosa,Brickellia eupatorioides var. corymbulosa,,,,,asserted,native,329,"Diggs, Lipscomb & O'Kennon 1999, p. 329"
Briza,maxima,species,,Briza maxima,Big Quaking Grass,,,,asserted,introduced,1250,"Diggs, Lipscomb & O'Kennon 1999, p. 1250"
Briza,minor,species,,Briza minor,Little Quaking Grass,,,woods; sandy; disturbed-ground,review,,1250,"Diggs, Lipscomb & O'Kennon 1999, p. 1250"
Bromus,catharticus,species,,Bromus catharticus,Rescue Grass; Rescue Brome; Schrader’s Grass,,annual,disturbed-ground,asserted,introduced,1252,"Diggs, Lipscomb & O'Kennon 1999, p. 1252"
Bromus,hordeaceus,species,,Bromus hordeaceus,Soft Chess,,annual,rocky-limestone,asserted,introduced,1252,"Diggs, Lipscomb & O'Kennon 1999, p. 1252"
Bromus,japonicus,species,,Bromus japonicus,Japanese Brome; Japanese Chess; Spreading Brome,,annual,disturbed-ground,asserted,introduced,1252,"Diggs, Lipscomb & O'Kennon 1999, p. 1252"
Bromus,pubescens,species,,Bromus pubescens,,,perennial,woods,asserted,native,1252,"Diggs, Lipscomb & O'Kennon 1999, p. 1252"
Bromus,secalinus,species,,Bromus secalinus,Rye Brome,,annual,disturbed-ground,asserted,introduced,1252,"Diggs, Lipscomb & O'Kennon 1999, p. 1252"
Bromus,tectorum,species,,Bromus tectorum,Cheat Grass Brome,,annual,disturbed-ground,review,,1253,"Diggs, Lipscomb & O'Kennon 1999, p. 1253"
Bromus,tectorum,variety,glabratus,Bromus tectorum var. glabratus,Cheat Grass,grass,,,asserted,introduced,1253,"Diggs, Lipscomb & O'Kennon 1999, p. 1253"
Broussonetia,papyrifera,species,,Broussonetia papyrifera,Paper-Mulberry,tree,,,asserted,introduced,828,"Diggs, Lipscomb & O'Kennon 1999, p. 828"
Brunnichia,ovata,species,,Brunnichia ovata,Eardrop-Vine; American Buckwheatvine; Ladies’-Eardrops,vine,perennial,woods; streamside,asserted,native,898,"Diggs, Lipscomb & O'Kennon 1999, p. 898"
Buchloe,dactyloides,species,,Buchloe dactyloides,Buffalo Grass,,perennial,prairie,asserted,native,1253,"Diggs, Lipscomb & O'Kennon 1999, p. 1253"
Buchnera,americana,species,,Buchnera americana,American Bluehearts; Florida Bluehearts,,perennial,woods; prairie; sandy,asserted,native,996,"Diggs, Lipscomb & O'Kennon 1999, p. 996"
Buglossoides,arvensis,species,,Buglossoides arvensis,,,annual,disturbed-ground,asserted,introduced,446,"Diggs, Lipscomb & O'Kennon 1999, p. 446"
Bulbostylis,capillaris,species,,Bulbostylis capillaris,Hair-Sedge,sedge,annual,sandy,asserted,native,1109,"Diggs, Lipscomb & O'Kennon 1999, p. 1109"
Bulbostylis,ciliatifolia,species,,Bulbostylis ciliatifolia,,,annual,sandy,asserted,native,1109,"Diggs, Lipscomb & O'Kennon 1999, p. 1109"
Bulbostylis,ciliatifolia,variety,coarctata,Bulbostylis ciliatifolia var. coarctata,,,,,asserted,native,1109,"Diggs, Lipscomb & O'Kennon 1999, p. 1109"
Bupleurum,lancifolium,species,,Bupleurum lancifolium,,,,,asserted,introduced,246,"Diggs, Lipscomb & O'Kennon 1999, p. 246"
Bupleurum,rotundifolium,species,,Bupleurum rotundifolium,Round-Leaf Thoroughwax,,annual,,asserted,introduced,246,"Diggs, Lipscomb & O'Kennon 1999, p. 246"
Burmannia,capitata,species,,Burmannia capitata,Cap Burmannia,herb,,woods; wetland,asserted,native,1096,"Diggs, Lipscomb & O'Kennon 1999, p. 1096"
Cabomba,caroliniana,species,,Cabomba caroliniana,Carolina Fanwort; Fanwort,,,streamside,asserted,native,482,"Diggs, Lipscomb & O'Kennon 1999, p. 482"
Caesalpinia,gilliesii,species,,Caesalpinia gilliesii,Bird-Of-Paradise; Poinciana; Popbean Bush,shrub,,disturbed-ground,asserted,introduced,639,"Diggs, Lipscomb & O'Kennon 1999, p. 639"
Calamintha,arkansana,species,,Calamintha arkansana,Ozark Savory; Arkansas Calamint,,perennial,,asserted,native,755,"Diggs, Lipscomb & O'Kennon 1999, p. 755"
Calibrachoa,parviflora,species,,Calibrachoa parviflora,Wild Petunia; Seaside Petunia,,annual,streamside,asserted,native,1017,"Diggs, Lipscomb & O'Kennon 1999, p. 1017"
Calliandra,conferta,species,,Calliandra conferta,,shrub,,,review,,625,"Diggs, Lipscomb & O'Kennon 1999, p. 625"
Callicarpa,americana,species,,Callicarpa americana,American Beauty-Berry; French-Mulberry; Bermudamulberry; Sourbush; Bunchberry; Filigrana De Majorca; Filagrana De Piñar; Foxberry; Purple Beauty-Berry; Spanish-Mulberry; Turkey-Berry,shrub,,woods,asserted,native,1049,"Diggs, Lipscomb & O'Kennon 1999, p. 1049"
Callirhoe,alcaeoides,species,,Callirhoe alcaeoides,Plains Winecup; Plains Poppy-Mallow; Light Poppy-Mallow; Clustered Poppy-Mallow,,perennial,prairie,asserted,native,807,"Diggs, Lipscomb & O'Kennon 1999, p. 807"
Callirhoe,involucrata,species,,Callirhoe involucrata,Purple Poppy-Mallow,,,sandy; disturbed-ground,asserted,native,807,"Diggs, Lipscomb & O'Kennon 1999, p. 807"
Callirhoe,involucrata,variety,involucrata,Callirhoe involucrata var. involucrata,Low Winecup; Low Poppy-Mallow; Purple Poppy-Mallow; Buffalo-Rose; Winecup; Purple-Mallow,,,,asserted,native,807,"Diggs, Lipscomb & O'Kennon 1999, p. 807"
Callirhoe,involucrata,variety,lineariloba,Callirhoe involucrata var. lineariloba,Slim-Lobe Poppy-Mallow; Geranium Poppy-Mallow; Winecup; Cowboy-Rose,,,,asserted,native,808,"Diggs, Lipscomb & O'Kennon 1999, p. 808"
Callirhoe,leiocarpa,species,,Callirhoe leiocarpa,Tall Winecup; Tall Poppy-Mallow,,annual,prairie; disturbed-ground,asserted,native,808,"Diggs, Lipscomb & O'Kennon 1999, p. 808"
Callirhoe,pedata,species,,Callirhoe pedata,Finger Poppy-Mallow,,perennial,prairie; rocky-limestone,asserted,native,808,"Diggs, Lipscomb & O'Kennon 1999, p. 808"
Callitriche,heterophylla,species,,Callitriche heterophylla,Larger Waterwort,,,,asserted,native,496,"Diggs, Lipscomb & O'Kennon 1999, p. 496"
Callitriche,nuttallii,species,,Callitriche nuttallii,Nuttall’s Waterwort,,,sandy,asserted,native,496,"Diggs, Lipscomb & O'Kennon 1999, p. 496"
Callitriche,palustris,species,,Callitriche palustris,Common Waterwort,,,,asserted,native,496,"Diggs, Lipscomb & O'Kennon 1999, p. 496"
Callitriche,peploides,species,,Callitriche peploides,Mat Waterwort,,,sandy,asserted,native,496,"Diggs, Lipscomb & O'Kennon 1999, p. 496"
Callitriche,terrestris,species,,Callitriche terrestris,Annual Waterwort,,,disturbed-ground,asserted,native,496,"Diggs, Lipscomb & O'Kennon 1999, p. 496"
Calopogon,barbatus,species,,Calopogon barbatus,Bearded Grass-Pink,,,wetland,asserted,native,1214,"Diggs, Lipscomb & O'Kennon 1999, p. 1214"
Calopogon,oklahomensis,species,,Calopogon oklahomensis,,,,woods; wetland; sandy,asserted,native,1214,"Diggs, Lipscomb & O'Kennon 1999, p. 1214"
Calopogon,tuberosus,species,,Calopogon tuberosus,Grass-Pink,,,wetland; streamside,asserted,native,1214,"Diggs, Lipscomb & O'Kennon 1999, p. 1214"
Calycocarpum,lyonii,species,,Calycocarpum lyonii,Cupseed; Wild Sarsaparilla,vine,,woods; streamside,asserted,native,824,"Diggs, Lipscomb & O'Kennon 1999, p. 824"
Calylophus,berlandieri,species,,Calylophus berlandieri,Berlandier’s Evening-Primrose; Square-Bud Day-Primrose,,annual,,asserted,native,854,"Diggs, Lipscomb & O'Kennon 1999, p. 854"
Calylophus,berlandieri,subspecies,berlandieri,Calylophus berlandieri subsp. berlandieri,Half-Shrub Sundrops; Drummond’s Sundrops; Beach Evening -Primrose,,,prairie; rocky-limestone; sandy,asserted,native,854,"Diggs, Lipscomb & O'Kennon 1999, p. 854"
Calylophus,berlandieri,subspecies,pinifolius,Calylophus berlandieri subsp. pinifolius,,,,prairie; rocky-limestone; sandy,asserted,native,854,"Diggs, Lipscomb & O'Kennon 1999, p. 854"
Calylophus,hartwegii,subspecies,pubescens,Calylophus hartwegii subsp. pubescens,Grand Prairie Evening-Primrose,,perennial,prairie; rocky-limestone; sandy,asserted,native,854,"Diggs, Lipscomb & O'Kennon 1999, p. 854"
Calylophus,serrulatus,species,,Calylophus serrulatus,Yellow Evening-Primrose; Dayprimrose,,,prairie; rocky-limestone; sandy,asserted,native,854,"Diggs, Lipscomb & O'Kennon 1999, p. 854"
Calyptocarpus,vialis,species,,Calyptocarpus vialis,Prostrate Lawnflower; Hierba Del Caballo; Horse Herb,herb,perennial,,asserted,native,329,"Diggs, Lipscomb & O'Kennon 1999, p. 329"
Calystegia,macounii,species,,Calystegia macounii,,herb,perennial,woods; streamside; rocky-limestone; sandy,asserted,native,550,"Diggs, Lipscomb & O'Kennon 1999, p. 550"
Calystegia,sepium,subspecies,angulata,Calystegia sepium subsp. angulata,,,,woods; wetland,asserted,native,551,"Diggs, Lipscomb & O'Kennon 1999, p. 551"
Camassia,scilloides,species,,Camassia scilloides,Wild-Hyacinth; Eastern Camass; Atlantic Camassia; Camass; Camass-Lily; Meadow-Hyacinth; Meadow Quill; Siko,,perennial,woods; prairie,asserted,native,1200,"Diggs, Lipscomb & O'Kennon 1999, p. 1200"
Camelina,microcarpa,species,,Camelina microcarpa,Littlepod; False Flax; Smallseed False Flax,,annual,disturbed-ground,asserted,introduced,460,"Diggs, Lipscomb & O'Kennon 1999, p. 460"
Camelina,rumelica,species,,Camelina rumelica,,,annual,,review,,462,"Diggs, Lipscomb & O'Kennon 1999, p. 462"
Campsis,radicans,species,,Campsis radicans,Common Trumpet-Creeper; Cowitch Vine; Trumpet-Honeysuckle,vine,,streamside; disturbed-ground,asserted,native,442,"Diggs, Lipscomb & O'Kennon 1999, p. 442"
Cannabis,sativa,species,,Cannabis sativa,Hemp; Marijuana,herb,annual,disturbed-ground,asserted,introduced,502,"Diggs, Lipscomb & O'Kennon 1999, p. 502"
Capsella,bursa-pastoris,species,,Capsella bursa-pastoris,Shepherd’s-Purse; Pickpocket,,annual,disturbed-ground,asserted,introduced,462,"Diggs, Lipscomb & O'Kennon 1999, p. 462"
Capsicum,annuum,variety,annuum,Capsicum annuum var. annuum,Jalapeño,,,,asserted,native,1418,"Diggs, Lipscomb & O'Kennon 1999, p. 1418"
Capsicum,annuum,variety,glabriusculum,Capsicum annuum var. glabriusculum,Bird Pepper; Chilitepín; Chilipiquín; Chile Piquín; Bush Redpepper,shrub,,disturbed-ground,asserted,native,1017,"Diggs, Lipscomb & O'Kennon 1999, p. 1017"
Cardamine,bulbosa,species,,Cardamine bulbosa,,,,,asserted,native,464,"Diggs, Lipscomb & O'Kennon 1999, p. 464"
Cardamine,hirsuta,species,,Cardamine hirsuta,Hairy Bittercress,,annual,streamside; disturbed-ground,asserted,introduced,462,"Diggs, Lipscomb & O'Kennon 1999, p. 462"
Cardamine,parviflora,variety,arenicola,Cardamine parviflora var. arenicola,Sand Bittercress,,annual,streamside; sandy,asserted,native,464,"Diggs, Lipscomb & O'Kennon 1999, p. 464"
Cardamine,pensylvanica,species,,Cardamine pensylvanica,Bittercress,,annual,disturbed-ground,asserted,native,464,"Diggs, Lipscomb & O'Kennon 1999, p. 464"
Cardiospermum,halicacabum,species,,Cardiospermum halicacabum,Common Balloonvine; Farolitos; Heartseedvine,vine,annual,disturbed-ground,asserted,native,980,"Diggs, Lipscomb & O'Kennon 1999, p. 980"
Carduus,nutans,subspecies,macrocephalus,Carduus nutans subsp. macrocephalus,,,,streamside,asserted,native,76,"Diggs, Lipscomb & O'Kennon 1999, p. 76"
Carduus,tenuiflorus,species,,Carduus tenuiflorus,Slender Bristle-Thistle,,annual,disturbed-ground,asserted,introduced,330,"Diggs, Lipscomb & O'Kennon 1999, p. 330"
Carex,abscondita,species,,Carex abscondita,Hidden-Fruit Caric Sedge,,,prairie; wetland; streamside,asserted,native,1116,"Diggs, Lipscomb & O'Kennon 1999, p. 1116"
Carex,albicans,variety,australis,Carex albicans var. australis,Southern Bellows -Beak Caric Sedge,sedge,,woods; streamside; rocky-limestone; sandy,asserted,native,1116,"Diggs, Lipscomb & O'Kennon 1999, p. 1116"
Carex,albolutescens,species,,Carex albolutescens,Whitish Yellow Caric Sedge,,,woods,asserted,native,1118,"Diggs, Lipscomb & O'Kennon 1999, p. 1118"
Carex,arkansana,species,,Carex arkansana,Arkansas Caric Sedge,sedge,,woods; prairie; streamside,asserted,native,1118,"Diggs, Lipscomb & O'Kennon 1999, p. 1118"
Carex,austrina,species,,Carex austrina,Southern Caric Sedge,,,prairie; wetland,asserted,native,1118,"Diggs, Lipscomb & O'Kennon 1999, p. 1118"
Carex,basiantha,species,,Carex basiantha,Basal-Fruit Caric Sedge,,,woods; streamside; rocky-limestone; sandy,asserted,native,1118,"Diggs, Lipscomb & O'Kennon 1999, p. 1118"
Carex,blanda,species,,Carex blanda,Charming Caric Sedge,,,woods; prairie; wetland; streamside,asserted,native,1118,"Diggs, Lipscomb & O'Kennon 1999, p. 1118"
Carex,brevior,species,,Carex brevior,,,,,asserted,native,1118,"Diggs, Lipscomb & O'Kennon 1999, p. 1118"
Carex,bulbostylis,species,,Carex bulbostylis,Globose Caric Sedge,,,prairie; wetland; sandy,asserted,native,1118,"Diggs, Lipscomb & O'Kennon 1999, p. 1118"
Carex,bushii,species,,Carex bushii,Benjamin Bush’s Caric Sedge,,,prairie; wetland; streamside; sandy; disturbed-ground,asserted,native,1118,"Diggs, Lipscomb & O'Kennon 1999, p. 1118"
Carex,caroliniana,species,,Carex caroliniana,Carolina Caric Sedge,,,woods; prairie; wetland; streamside; sandy,asserted,native,1118,"Diggs, Lipscomb & O'Kennon 1999, p. 1118"
Carex,cephalophora,species,,Carex cephalophora,,,,,asserted,native,1118,"Diggs, Lipscomb & O'Kennon 1999, p. 1118"
Carex,cherokeensis,species,,Carex cherokeensis,Cherokee Caric Sedge,,,woods; prairie; wetland; streamside; sandy,asserted,native,1120,"Diggs, Lipscomb & O'Kennon 1999, p. 1120"
Carex,complanata,species,,Carex complanata,Flat-Fruit Caric Sedge,,,prairie; wetland; sandy,asserted,native,1120,"Diggs, Lipscomb & O'Kennon 1999, p. 1120"
Carex,corrugata,species,,Carex corrugata,Wrinkle-Fruit Caric Sedge,,,prairie; wetland,asserted,native,1120,"Diggs, Lipscomb & O'Kennon 1999, p. 1120"
Carex,crinita,variety,brevicrinis,Carex crinita var. brevicrinis,Short-Hair Caric Sedge,,,wetland; streamside,asserted,native,1120,"Diggs, Lipscomb & O'Kennon 1999, p. 1120"
Carex,crus-corvi,species,,Carex crus-corvi,,,,,asserted,native,1120,"Diggs, Lipscomb & O'Kennon 1999, p. 1120"
Carex,davisii,species,,Carex davisii,Emerson Davis’ Caric Sedge,,,woods,asserted,native,1120,"Diggs, Lipscomb & O'Kennon 1999, p. 1120"
Carex,debilis,species,,Carex debilis,Weak Caric Sedge,,,woods; prairie; wetland; streamside,asserted,native,1120,"Diggs, Lipscomb & O'Kennon 1999, p. 1120"
Carex,edwardsiana,species,,Carex edwardsiana,Edwards Plateau Caric Sedge,sedge,,sandy,asserted,native,1120,"Diggs, Lipscomb & O'Kennon 1999, p. 1120"
Carex,emoryi,species,,Carex emoryi,,,,,asserted,native,1120,"Diggs, Lipscomb & O'Kennon 1999, p. 1120"
Carex,festucacea,species,,Carex festucacea,Fescue-Like Caric Sedge,,,woods; prairie; wetland,asserted,native,1120,"Diggs, Lipscomb & O'Kennon 1999, p. 1120"
Carex,fissa,species,,Carex fissa,,,,,asserted,native,1122,"Diggs, Lipscomb & O'Kennon 1999, p. 1122"
Carex,flaccosperma,species,,Carex flaccosperma,Flaccid-Fruit Caric Sedge,,,prairie; wetland; sandy,asserted,native,1122,"Diggs, Lipscomb & O'Kennon 1999, p. 1122"
Carex,frankii,species,,Carex frankii,,,,woods; prairie; wetland; streamside,asserted,native,1122,"Diggs, Lipscomb & O'Kennon 1999, p. 1122"
Carex,glaucodea,species,,Carex glaucodea,Gray-Green-Fruit Caric Sedge,,,prairie,asserted,native,1122,"Diggs, Lipscomb & O'Kennon 1999, p. 1122"
Carex,granularis,species,,Carex granularis,Granular Caric Sedge,,,woods; streamside,asserted,native,1122,"Diggs, Lipscomb & O'Kennon 1999, p. 1122"
Carex,gravida,species,,Carex gravida,,sedge,,prairie,asserted,native,1122,"Diggs, Lipscomb & O'Kennon 1999, p. 1122"
Carex,grisea,species,,Carex grisea,Inflated Caric Sedge,,,sandy,asserted,native,1122,"Diggs, Lipscomb & O'Kennon 1999, p. 1122"
Carex,hyalina,species,,Carex hyalina,,,,,asserted,native,1122,"Diggs, Lipscomb & O'Kennon 1999, p. 1122"
Carex,hyalinolepis,species,,Carex hyalinolepis,,,,,asserted,native,1122,"Diggs, Lipscomb & O'Kennon 1999, p. 1122"
Carex,intumescens,species,,Carex intumescens,Bladdery Caric Sedge,,,woods; prairie; wetland; streamside,asserted,native,1124,"Diggs, Lipscomb & O'Kennon 1999, p. 1124"
Carex,leavenworthii,species,,Carex leavenworthii,Melines Leavenworth’s Caric Sedge,,,prairie; wetland; sandy; disturbed-ground,asserted,native,1124,"Diggs, Lipscomb & O'Kennon 1999, p. 1124"
Carex,longii,species,,Carex longii,,,,,asserted,native,1124,"Diggs, Lipscomb & O'Kennon 1999, p. 1124"
Carex,louisianica,species,,Carex louisianica,Louisiana Caric Sedge,sedge,,woods; prairie; wetland; streamside,asserted,native,1124,"Diggs, Lipscomb & O'Kennon 1999, p. 1124"
Carex,lupulina,species,,Carex lupulina,Hop Caric Sedge,,,prairie; wetland; streamside,asserted,native,1124,"Diggs, Lipscomb & O'Kennon 1999, p. 1124"
Carex,lurida,species,,Carex lurida,Sallow Caric Sedge,,,prairie; wetland; streamside,asserted,native,1124,"Diggs, Lipscomb & O'Kennon 1999, p. 1124"
Carex,meadii,species,,Carex meadii,,,,,asserted,native,1124,"Diggs, Lipscomb & O'Kennon 1999, p. 1124"
Carex,mesochorea,species,,Carex mesochorea,,,,,asserted,native,1124,"Diggs, Lipscomb & O'Kennon 1999, p. 1124"
Carex,microdonta,species,,Carex microdonta,,,,prairie,asserted,native,55,"Diggs, Lipscomb & O'Kennon 1999, p. 55"
Carex,microrhyncha,species,,Carex microrhyncha,Small-Beak Caric Sedge,tree,,woods; streamside; sandy,asserted,native,1128,"Diggs, Lipscomb & O'Kennon 1999, p. 1128"
Carex,muehlenbergii,species,,Carex muehlenbergii,,,,,asserted,native,1128,"Diggs, Lipscomb & O'Kennon 1999, p. 1128"
Carex,muehlenbergii,variety,enervis,Carex muehlenbergii var. enervis,Gotthilf Muhlenberg’s Veinless Caric Sedge,,,woods; prairie; wetland; rocky-limestone; sandy,asserted,native,1128,"Diggs, Lipscomb & O'Kennon 1999, p. 1128"
Carex,muehlenbergii,variety,muehlenbergii,Carex muehlenbergii var. muehlenbergii,Gotthilf Muhlenberg’s Caric Sedge,,,woods; rocky-limestone; sandy,asserted,native,1128,"Diggs, Lipscomb & O'Kennon 1999, p. 1128"
Carex,oxylepis,species,,Carex oxylepis,Sharp-Scale Caric Sedge,,,prairie; wetland; streamside,asserted,native,1128,"Diggs, Lipscomb & O'Kennon 1999, p. 1128"
Carex,ozarkana,species,,Carex ozarkana,,sedge,,wetland; streamside,asserted,native,1128,"Diggs, Lipscomb & O'Kennon 1999, p. 1128"
Carex,perdentata,species,,Carex perdentata,,sedge,,woods; rocky-limestone; sandy,asserted,native,1128,"Diggs, Lipscomb & O'Kennon 1999, p. 1128"
Carex,planostachys,species,,Carex planostachys,Cedar Caric Sedge,,,prairie; wetland,asserted,native,1128,"Diggs, Lipscomb & O'Kennon 1999, p. 1128"
Carex,reniformis,species,,Carex reniformis,,sedge,,woods; prairie; wetland; streamside,asserted,native,1128,"Diggs, Lipscomb & O'Kennon 1999, p. 1128"
Carex,retroflexa,species,,Carex retroflexa,Reflexed-Fruit Caric Sedge,,,woods; prairie; wetland; rocky-limestone; sandy,asserted,native,1128,"Diggs, Lipscomb & O'Kennon 1999, p. 1128"
Carex,socialis,species,,Carex socialis,,,,,asserted,native,1130,"Diggs, Lipscomb & O'Kennon 1999, p. 1130"
Carex,striatula,species,,Carex striatula,,,,,asserted,native,1130,"Diggs, Lipscomb & O'Kennon 1999, p. 1130"
Carex,tetrastachya,species,,Carex tetrastachya,Four-Angle Caric Sedge,,,prairie; wetland; disturbed-ground,asserted,native,1130,"Diggs, Lipscomb & O'Kennon 1999, p. 1130"
Carex,texensis,species,,Carex texensis,Texas Caric Sedge,sedge,,woods; prairie; wetland; rocky-limestone; sandy; disturbed-ground,asserted,native,1130,"Diggs, Lipscomb & O'Kennon 1999, p. 1130"
Carex,triangularis,species,,Carex triangularis,,,,,asserted,native,1130,"Diggs, Lipscomb & O'Kennon 1999, p. 1130"
Carex,tribuloides,species,,Carex tribuloides,Caltrop Caric Sedge,,,prairie; wetland; streamside,asserted,native,1130,"Diggs, Lipscomb & O'Kennon 1999, p. 1130"
Carex,vulpinoidea,species,,Carex vulpinoidea,,,,,asserted,native,1130,"Diggs, Lipscomb & O'Kennon 1999, p. 1130"
Carlowrightia,texana,species,,Carlowrightia texana,Texas Carlowrightia,,perennial,rocky-limestone; disturbed-ground,asserted,native,212,"Diggs, Lipscomb & O'Kennon 1999, p. 212"
Carpinus,caroliniana,species,,Carpinus caroliniana,American Hornbeam; Blue-Beech; Water-Beech; Muscletree; Lechillo; Leantree,tree,,woods; streamside,asserted,native,439,"Diggs, Lipscomb & O'Kennon 1999, p. 439"
Carthamus,lanatus,species,,Carthamus lanatus,Distaff-Thistle; Saffron-Thistle,,,disturbed-ground,asserted,introduced,330,"Diggs, Lipscomb & O'Kennon 1999, p. 330"
Carthamus,tinctorius,species,,Carthamus tinctorius,Safflower; False Saffron; Bastard Saffron,herb,,disturbed-ground,asserted,introduced,330,"Diggs, Lipscomb & O'Kennon 1999, p. 330"
Carya,alba,species,,Carya alba,Mockernut Hickory; White-Heart Hickory; White Hickory; Hard-Bark Hickory,,,woods,asserted,native,747,"Diggs, Lipscomb & O'Kennon 1999, p. 747"
Carya,aquatica,species,,Carya aquatica,Water Hickory; Swamp Hickory; Bitter Pecan; Water Pignut,,,woods; wetland; streamside,asserted,native,747,"Diggs, Lipscomb & O'Kennon 1999, p. 747"
Carya,cordiformis,species,,Carya cordiformis,Bitter-Nut; Bitter-Nut Hickory; Pignut,,,woods; streamside,asserted,native,747,"Diggs, Lipscomb & O'Kennon 1999, p. 747"
Carya,illinoinensis,species,,Carya illinoinensis,Pecan; Nogal Morado; Nuez Encarcelada,tree,,wetland; streamside; disturbed-ground,asserted,native,747,"Diggs, Lipscomb & O'Kennon 1999, p. 747"
Carya,myristiciformis,species,,Carya myristiciformis,Nutmeg Hickory; Nogal; Bitter Waternut,,,wetland; streamside,asserted,native,748,"Diggs, Lipscomb & O'Kennon 1999, p. 748"
Carya,ovata,species,,Carya ovata,Shag-Bark Hickory; Scaly-Bark Hickory; Upland Hickory; Red-Heart Hickory; Shellbark,,,woods; streamside,asserted,native,748,"Diggs, Lipscomb & O'Kennon 1999, p. 748"
Carya,texana,species,,Carya texana,Black Hickory; Texas Hickory; Buckley’s Hickory; Ozark Hickory,,,woods; rocky-limestone; sandy,asserted,native,748,"Diggs, Lipscomb & O'Kennon 1999, p. 748"
Castilleja,indivisa,species,,Castilleja indivisa,Texas Paintbrush; Entire-Leaf Paintbrush,,,woods; prairie; sandy; disturbed-ground,asserted,native,996,"Diggs, Lipscomb & O'Kennon 1999, p. 996"
Castilleja,purpurea,species,,Castilleja purpurea,Prairie Indian Paintbrush; Prairie Paintbrush; Purple Paintbrush,,,prairie,asserted,native,998,"Diggs, Lipscomb & O'Kennon 1999, p. 998"
Castilleja,purpurea,variety,citrina,Castilleja purpurea var. citrina,Yellow Paintbrush; Citron Indian Paintbrush; Lipped Indian Paintbrush; Citron Paintbrush; Lemon Paintedcup; Lemon Paintbrush,,,rocky-limestone; sandy,asserted,native,998,"Diggs, Lipscomb & O'Kennon 1999, p. 998"
Castilleja,purpurea,variety,lindheimeri,Castilleja purpurea var. lindheimeri,Lindheimer’s Indian Paintbrush; Lindheimer’s Paintbrush,,,prairie; sandy; disturbed-ground,asserted,native,998,"Diggs, Lipscomb & O'Kennon 1999, p. 998"
Castilleja,purpurea,variety,purpurea,Castilleja purpurea var. purpurea,Purple Paintbrush,,,prairie; rocky-limestone,asserted,native,998,"Diggs, Lipscomb & O'Kennon 1999, p. 998"
Catalpa,speciosa,species,,Catalpa speciosa,Northern Catalpa; Catawba-Tree; Cigartree; Hardy Catalpa,tree,,streamside; disturbed-ground,review,,443,"Diggs, Lipscomb & O'Kennon 1999, p. 443"
Catharanthus,roseus,species,,Catharanthus roseus,Madagascar Periwinkle; Rose Periwinkle; Old-Maid; Cayenne-Jasmine; Cape Periwinkle,herb,,,asserted,native,266,"Diggs, Lipscomb & O'Kennon 1999, p. 266"
Cayaponia,quinqueloba,species,,Cayaponia quinqueloba,,,perennial,streamside,asserted,native,565,"Diggs, Lipscomb & O'Kennon 1999, p. 565"
Ceanothus,americanus,species,,Ceanothus americanus,Redroot; New Jersey-Tea; Jersey-Tea,shrub,,woods; prairie; sandy,asserted,native,932,"Diggs, Lipscomb & O'Kennon 1999, p. 932"
Ceanothus,herbaceus,species,,Ceanothus herbaceus,Redroot; Inland Ceanothus; Fuzzy Ceanothus,,,prairie; rocky-limestone,asserted,native,932,"Diggs, Lipscomb & O'Kennon 1999, p. 932"
Celastrus,scandens,species,,Celastrus scandens,Climbing Bittersweet; American Bittersweet,shrub,,woods; disturbed-ground,review,,528,"Diggs, Lipscomb & O'Kennon 1999, p. 528"
Celtis,laevigata,species,,Celtis laevigata,Sugarberry; Sugar Hackberry; Palo Blanco,tree,,streamside,asserted,native,1038,"Diggs, Lipscomb & O'Kennon 1999, p. 1038"
Celtis,laevigata,variety,laevigata,Celtis laevigata var. laevigata,,,,,asserted,native,1038,"Diggs, Lipscomb & O'Kennon 1999, p. 1038"
Celtis,laevigata,variety,reticulata,Celtis laevigata var. reticulata,Net-Leaf Hackberry; Palo Blanco,,,,asserted,native,1038,"Diggs, Lipscomb & O'Kennon 1999, p. 1038"
Celtis,laevigata,variety,texana,Celtis laevigata var. texana,,,,,asserted,native,1038,"Diggs, Lipscomb & O'Kennon 1999, p. 1038"
Cenchrus,echinatus,species,,Cenchrus echinatus,Southern Sandbur; Hedge-Hog Grass; Cadillo,,annual,disturbed-ground,asserted,native,1254,"Diggs, Lipscomb & O'Kennon 1999, p. 1254"
Cenchrus,longispinus,species,,Cenchrus longispinus,Long-Spine Sandbur,,annual,sandy; disturbed-ground,asserted,native,1254,"Diggs, Lipscomb & O'Kennon 1999, p. 1254"
Cenchrus,spinifex,species,,Cenchrus spinifex,Common Sandbur; Grassbur,,perennial,sandy; disturbed-ground,asserted,native,1254,"Diggs, Lipscomb & O'Kennon 1999, p. 1254"
Centaurea,americana,species,,Centaurea americana,Basket -Flower; American Basket- Flower; Powderpuff Thistle; Thornless-Thistle; Cardo Del Valle; American Knapweed; Star-Thistle,,annual,disturbed-ground,asserted,native,332,"Diggs, Lipscomb & O'Kennon 1999, p. 332"
Centaurea,cyanus,species,,Centaurea cyanus,Bachelor-Button; Cornflower; Bluebottle,,annual,disturbed-ground,asserted,introduced,334,"Diggs, Lipscomb & O'Kennon 1999, p. 334"
Centaurea,melitensis,species,,Centaurea melitensis,Star-Thistle; Malta Centaurea; Malta Star-Thistle; Tocalote,,annual,disturbed-ground,asserted,introduced,334,"Diggs, Lipscomb & O'Kennon 1999, p. 334"
Centaurea,solstitialis,species,,Centaurea solstitialis,Yellow Star-Thistle; Barnaby’s Star-Thistle,,annual,streamside; disturbed-ground,asserted,introduced,334,"Diggs, Lipscomb & O'Kennon 1999, p. 334"
Centaurium,beyrichii,species,,Centaurium beyrichii,Rock Centaury; Mountain-Pink,,,prairie; rocky-limestone,asserted,native,724,"Diggs, Lipscomb & O'Kennon 1999, p. 724"
Centaurium,calycosum,species,,Centaurium calycosum,Buckley’s Centaury; Rosita,,,prairie; streamside,asserted,native,724,"Diggs, Lipscomb & O'Kennon 1999, p. 724"
Centaurium,floribundum,species,,Centaurium floribundum,June Centaury,,,,asserted,native,724,"Diggs, Lipscomb & O'Kennon 1999, p. 724"
Centaurium,glanduliferum,species,,Centaurium glanduliferum,,,,prairie,asserted,native,726,"Diggs, Lipscomb & O'Kennon 1999, p. 726"
Centaurium,pulchellum,species,,Centaurium pulchellum,,,,rocky-limestone; disturbed-ground,review,,726,"Diggs, Lipscomb & O'Kennon 1999, p. 726"
Centaurium,texense,species,,Centaurium texense,Texas Centaury; Lady Bird’s Centaury,,,rocky-limestone,asserted,native,726,"Diggs, Lipscomb & O'Kennon 1999, p. 726"
Centella,erecta,species,,Centella erecta,Spadeleaf,,perennial,streamside,asserted,native,246,"Diggs, Lipscomb & O'Kennon 1999, p. 246"
Centrosema,virginianum,species,,Centrosema virginianum,Butterfly-Pea,vine,perennial,woods; sandy; disturbed-ground,asserted,native,639,"Diggs, Lipscomb & O'Kennon 1999, p. 639"
Cephalanthus,occidentalis,species,,Cephalanthus occidentalis,Common Buttonbush; Honey-Balls; Globeflower,shrub,,woods; streamside; disturbed-ground,asserted,native,962,"Diggs, Lipscomb & O'Kennon 1999, p. 962"
Cerastium,brachypetalum,species,,Cerastium brachypetalum,Gray Chickweed,,annual,streamside; disturbed-ground,asserted,introduced,516,"Diggs, Lipscomb & O'Kennon 1999, p. 516"
Cerastium,brachypodum,species,,Cerastium brachypodum,Short-Stalk Chickweed,,annual,prairie; disturbed-ground,asserted,native,516,"Diggs, Lipscomb & O'Kennon 1999, p. 516"
Cerastium,fontanum,subspecies,vulgare,Cerastium fontanum subsp. vulgare,Common Mouse-Ear,,annual,sandy; disturbed-ground,asserted,introduced,516,"Diggs, Lipscomb & O'Kennon 1999, p. 516"
Cerastium,glomeratum,species,,Cerastium glomeratum,,,annual,disturbed-ground,asserted,introduced,516,"Diggs, Lipscomb & O'Kennon 1999, p. 516"
Cerastium,nutans,species,,Cerastium nutans,Powderhorn Chickweed; Nodding Chickweed,,annual,woods,asserted,native,516,"Diggs, Lipscomb & O'Kennon 1999, p. 516"
Cerastium,pumilum,species,,Cerastium pumilum,Dwarf Mouse-Ear Chickweed; Curtis’ Mouse-Ear Chickweed,,annual,streamside; disturbed-ground,asserted,introduced,516,"Diggs, Lipscomb & O'Kennon 1999, p. 516"
Ceratophyllum,demersum,species,,Ceratophyllum demersum,,,,streamside,asserted,native,529,"Diggs, Lipscomb & O'Kennon 1999, p. 529"
Ceratophyllum,echinatum,species,,Ceratophyllum echinatum,,,,streamside,asserted,native,530,"Diggs, Lipscomb & O'Kennon 1999, p. 530"
Cercis,canadensis,species,,Cercis canadensis,Redbud; Judastree,tree,,disturbed-ground,asserted,native,640,"Diggs, Lipscomb & O'Kennon 1999, p. 640"
Cercis,canadensis,variety,canadensis,Cercis canadensis var. canadensis,Eastern Redbud,,,streamside; sandy,asserted,native,640,"Diggs, Lipscomb & O'Kennon 1999, p. 640"
Cercis,canadensis,variety,texensis,Cercis canadensis var. texensis,,,,,asserted,native,56,"Diggs, Lipscomb & O'Kennon 1999, p. 56"
Cevallia,sinuata,species,,Cevallia sinuata,Stinging Cevallia; Shirley’s-Nettle,,perennial,rocky-limestone,asserted,native,794,"Diggs, Lipscomb & O'Kennon 1999, p. 794"
Chaenorrhinum,minus,species,,Chaenorrhinum minus,,,,sandy,asserted,native,77,"Diggs, Lipscomb & O'Kennon 1999, p. 77"
Chaerophyllum,tainturieri,species,,Chaerophyllum tainturieri,,,annual,woods; streamside; disturbed-ground,asserted,native,246,"Diggs, Lipscomb & O'Kennon 1999, p. 246"
Chaerophyllum,tainturieri,variety,dasycarpum,Chaerophyllum tainturieri var. dasycarpum,Hairy-Fruit Chervil,,,,asserted,native,246,"Diggs, Lipscomb & O'Kennon 1999, p. 246"
Chaetopappa,asteroides,species,,Chaetopappa asteroides,Common Least Daisy,,,sandy,asserted,native,334,"Diggs, Lipscomb & O'Kennon 1999, p. 334"
Chaetopappa,ericoides,species,,Chaetopappa ericoides,Baby White Aster; White Aster; Rose-Heath,,,prairie; sandy,asserted,native,334,"Diggs, Lipscomb & O'Kennon 1999, p. 334"
Chamaecrista,fasciculata,species,,Chamaecrista fasciculata,Partridge-Pea; Showy Partridge-Pea; Beeflower; Prairie Senna,,annual,woods; prairie; sandy; disturbed-ground,asserted,native,642,"Diggs, Lipscomb & O'Kennon 1999, p. 642"
Chamaecrista,nictitans,species,,Chamaecrista nictitans,Sensitive-Pea; Sensitive Partridge-Pea,,annual,woods; rocky-limestone; sandy; disturbed-ground,asserted,native,642,"Diggs, Lipscomb & O'Kennon 1999, p. 642"
Chamaesaracha,coniodes,species,,Chamaesaracha coniodes,Ground Saracha; False Nightshade; Prostrate Ground-Cherry,,,disturbed-ground,asserted,native,1018,"Diggs, Lipscomb & O'Kennon 1999, p. 1018"
Chamaesaracha,coronopus,species,,Chamaesaracha coronopus,Green False Nightshade,,,disturbed-ground,asserted,native,1018,"Diggs, Lipscomb & O'Kennon 1999, p. 1018"
Chamaesaracha,edwardsiana,species,,Chamaesaracha edwardsiana,,,,,asserted,native,70,"Diggs, Lipscomb & O'Kennon 1999, p. 70"
Chamaesaracha,sordida,species,,Chamaesaracha sordida,Hairy False Nightshade,,,rocky-limestone,asserted,native,1018,"Diggs, Lipscomb & O'Kennon 1999, p. 1018"
Chamaesyce,albomarginata,species,,Chamaesyce albomarginata,White-Margin Euphorbia,,perennial,streamside; disturbed-ground,asserted,native,592,"Diggs, Lipscomb & O'Kennon 1999, p. 592"
Chamaesyce,angusta,species,,Chamaesyce angusta,Black-Foot Euphorbia,,perennial,,asserted,native,592,"Diggs, Lipscomb & O'Kennon 1999, p. 592"
Chamaesyce,cordifolia,species,,Chamaesyce cordifolia,Heart-Leaf Spurge; Heartleaf Euphorbia,,annual,woods; rocky-limestone; sandy,asserted,native,594,"Diggs, Lipscomb & O'Kennon 1999, p. 594"
Chamaesyce,fendleri,species,,Chamaesyce fendleri,,,perennial,rocky-limestone; sandy,asserted,native,594,"Diggs, Lipscomb & O'Kennon 1999, p. 594"
Chamaesyce,geyeri,species,,Chamaesyce geyeri,Geyer’s Euphorbia,,annual,woods; sandy; disturbed-ground,asserted,native,594,"Diggs, Lipscomb & O'Kennon 1999, p. 594"
Chamaesyce,glyptosperma,species,,Chamaesyce glyptosperma,Ridge-Seed Euphorbia,,annual,woods; streamside; sandy; disturbed-ground,asserted,native,594,"Diggs, Lipscomb & O'Kennon 1999, p. 594"
Chamaesyce,hirta,species,,Chamaesyce hirta,Pill-Pod Euphorbia,,annual,,asserted,introduced,594,"Diggs, Lipscomb & O'Kennon 1999, p. 594"
Chamaesyce,hypericifolia,species,,Chamaesyce hypericifolia,Tropical Euphorbia,,,,review,,594,"Diggs, Lipscomb & O'Kennon 1999, p. 594"
Chamaesyce,lata,species,,Chamaesyce lata,Hoary Euphorbia,,perennial,rocky-limestone; sandy,asserted,native,594,"Diggs, Lipscomb & O'Kennon 1999, p. 594"
Chamaesyce,maculata,species,,Chamaesyce maculata,Spotted Euphorbia; Spotted Spurge,,annual,woods; streamside; sandy; disturbed-ground,asserted,native,594,"Diggs, Lipscomb & O'Kennon 1999, p. 594"
Chamaesyce,missurica,species,,Chamaesyce missurica,Prairie Spurge; Missouri Spurge,,annual,rocky-limestone; sandy,asserted,native,596,"Diggs, Lipscomb & O'Kennon 1999, p. 596"
Chamaesyce,nutans,species,,Chamaesyce nutans,Eyebane,,annual,streamside; disturbed-ground,asserted,native,596,"Diggs, Lipscomb & O'Kennon 1999, p. 596"
Chamaesyce,prostrata,species,,Chamaesyce prostrata,Prostrate Euphorbia,,annual,prairie; streamside; disturbed-ground,asserted,native,596,"Diggs, Lipscomb & O'Kennon 1999, p. 596"
Chamaesyce,serpens,species,,Chamaesyce serpens,Mat Euphorbia; Hierba De Golondrina,,annual,prairie; streamside; disturbed-ground,asserted,native,596,"Diggs, Lipscomb & O'Kennon 1999, p. 596"
Chamaesyce,stictospora,species,,Chamaesyce stictospora,Slim-Seed Euphorbia,,annual,prairie; rocky-limestone; disturbed-ground,asserted,native,596,"Diggs, Lipscomb & O'Kennon 1999, p. 596"
Chamaesyce,villifera,species,,Chamaesyce villifera,Hairy Euphorbia,,perennial,rocky-limestone,asserted,native,596,"Diggs, Lipscomb & O'Kennon 1999, p. 596"
Chaptalia,texana,species,,Chaptalia texana,Silverpuff,herb,perennial,,asserted,native,335,"Diggs, Lipscomb & O'Kennon 1999, p. 335"
Chasmanthium,latifolium,species,,Chasmanthium latifolium,Wild Oats; Broad-Leaf Woodoats; Creek-Oats,grass,perennial,woods; streamside,asserted,native,1254,"Diggs, Lipscomb & O'Kennon 1999, p. 1254"
Chasmanthium,laxum,species,,Chasmanthium laxum,,,perennial,,asserted,native,1254,"Diggs, Lipscomb & O'Kennon 1999, p. 1254"
Chasmanthium,laxum,variety,sessiliflorum,Chasmanthium laxum var. sessiliflorum,Narrow-Leaf Wood-Oats,,,woods; prairie; streamside; sandy,asserted,native,1256,"Diggs, Lipscomb & O'Kennon 1999, p. 1256"
Cheilanthes,alabamensis,species,,Cheilanthes alabamensis,Alabama Lip Fern; Smooth Lip Fern,,,rocky-limestone,asserted,native,196,"Diggs, Lipscomb & O'Kennon 1999, p. 196"
Cheilanthes,eatonii,species,,Cheilanthes eatonii,Eaton’s Lip Fern,fern,,rocky-limestone,asserted,native,196,"Diggs, Lipscomb & O'Kennon 1999, p. 196"
Cheilanthes,feei,species,,Cheilanthes feei,Slender Lip Fern; Woolly Lip Fern; Fee’s Lip Fern,fern,,rocky-limestone,asserted,native,196,"Diggs, Lipscomb & O'Kennon 1999, p. 196"
Cheilanthes,horridula,species,,Cheilanthes horridula,Rough Lip Fern,,,,asserted,native,196,"Diggs, Lipscomb & O'Kennon 1999, p. 196"
Cheilanthes,lanosa,species,,Cheilanthes lanosa,Hairy Lip Fern; Woolly Lip Fern,fern,,rocky-limestone,asserted,native,198,"Diggs, Lipscomb & O'Kennon 1999, p. 198"
Cheilanthes,lindheimeri,species,,Cheilanthes lindheimeri,Lindheimer’s Lip Fern; Fairy-Swords,fern,,rocky-limestone,asserted,native,198,"Diggs, Lipscomb & O'Kennon 1999, p. 198"
Cheilanthes,tomentosa,species,,Cheilanthes tomentosa,Woolly Lip Fern,,,rocky-limestone,asserted,native,198,"Diggs, Lipscomb & O'Kennon 1999, p. 198"
Chenopodium,album,species,,Chenopodium album,Lamb’s-Quarters; Pigweed,,annual,disturbed-ground,asserted,introduced,535,"Diggs, Lipscomb & O'Kennon 1999, p. 535"
Chenopodium,ambrosioides,species,,Chenopodium ambrosioides,Mexican-Tea; Wormseed; Epazote; Spanish-Tea; Wormseed Lamb’s-Quarters,herb,annual,woods; sandy; disturbed-ground,asserted,introduced,535,"Diggs, Lipscomb & O'Kennon 1999, p. 535"
Chenopodium,berlandieri,species,,Chenopodium berlandieri,Pit-Seed Goosefoot,,annual,disturbed-ground,asserted,native,536,"Diggs, Lipscomb & O'Kennon 1999, p. 536"
Chenopodium,berlandieri,variety,boscianum,Chenopodium berlandieri var. boscianum,,,,,asserted,native,536,"Diggs, Lipscomb & O'Kennon 1999, p. 536"
Chenopodium,berlandieri,variety,sinuatum,Chenopodium berlandieri var. sinuatum,,,,,asserted,native,536,"Diggs, Lipscomb & O'Kennon 1999, p. 536"
Chenopodium,berlandieri,variety,zschackei,Chenopodium berlandieri var. zschackei,,,,,asserted,native,536,"Diggs, Lipscomb & O'Kennon 1999, p. 536"
Chenopodium,botrys,species,,Chenopodium botrys,Jerusalem-Oak; Feather-Geranium,,annual,disturbed-ground,asserted,introduced,536,"Diggs, Lipscomb & O'Kennon 1999, p. 536"
Chenopodium,leptophyllum,species,,Chenopodium leptophyllum,Slim-Leaf Goosefoot; Narrow-Leaf Goosefoot; Narrow-Leaf Lamb’s-Quarters,,annual,,asserted,native,536,"Diggs, Lipscomb & O'Kennon 1999, p. 536"
Chenopodium,missouriense,species,,Chenopodium missouriense,,,annual,rocky-limestone; disturbed-ground,asserted,native,536,"Diggs, Lipscomb & O'Kennon 1999, p. 536"
Chenopodium,murale,species,,Chenopodium murale,Nettle-Leaf Goosefoot; Sowbane,,annual,disturbed-ground,asserted,introduced,538,"Diggs, Lipscomb & O'Kennon 1999, p. 538"
Chenopodium,pallescens,species,,Chenopodium pallescens,Light Goosefoot,,annual,,asserted,native,538,"Diggs, Lipscomb & O'Kennon 1999, p. 538"
Chenopodium,pratericola,species,,Chenopodium pratericola,Thick-Leaf Goosefoot,,annual,streamside; sandy; disturbed-ground,asserted,native,538,"Diggs, Lipscomb & O'Kennon 1999, p. 538"
Chenopodium,pumilo,species,,Chenopodium pumilo,Ridged Goosefoot,,annual,,asserted,introduced,538,"Diggs, Lipscomb & O'Kennon 1999, p. 538"
Chenopodium,simplex,species,,Chenopodium simplex,Maple-Leaf Goosefoot; Big-Seed Goosefoot,,annual,woods; disturbed-ground,asserted,native,538,"Diggs, Lipscomb & O'Kennon 1999, p. 538"
Chenopodium,standleyanum,species,,Chenopodium standleyanum,Standley’s Goosefoot,,annual,disturbed-ground,asserted,native,538,"Diggs, Lipscomb & O'Kennon 1999, p. 538"
Chenopodium,vulvaria,species,,Chenopodium vulvaria,,,annual,,asserted,introduced,538,"Diggs, Lipscomb & O'Kennon 1999, p. 538"
Chilopsis,linearis,species,,Chilopsis linearis,Desert-Willow; Flowering-Willow; Willow-Leaf Catalpa; Desert-Catalpa; Flor De Mimbre; Bow-Willow,shrub,,disturbed-ground,review,,443,"Diggs, Lipscomb & O'Kennon 1999, p. 443"
Chloracantha,spinosa,species,,Chloracantha spinosa,Mexican Devilweed; Spiny-Aster; Devilweed-Aster,,perennial,rocky-limestone; disturbed-ground,asserted,native,335,"Diggs, Lipscomb & O'Kennon 1999, p. 335"
Chloris,cucullata,species,,Chloris cucullata,Hooded Windmill Grass; Crowfoot Grass; Hooded Finger Grass,,perennial,sandy,asserted,native,1256,"Diggs, Lipscomb & O'Kennon 1999, p. 1256"
Chloris,gayana,species,,Chloris gayana,Rhodes Grass,grass,perennial,disturbed-ground,asserted,introduced,1256,"Diggs, Lipscomb & O'Kennon 1999, p. 1256"
Chloris,subdolichostachya,species,,Chloris subdolichostachya,Short-Spike Windmill Grass,,perennial,sandy; disturbed-ground,asserted,native,1256,"Diggs, Lipscomb & O'Kennon 1999, p. 1256"
Chloris,verticillata,species,,Chloris verticillata,Tumble Windmill Grass; Windmill Finger Grass,,,prairie; sandy; disturbed-ground,asserted,native,1256,"Diggs, Lipscomb & O'Kennon 1999, p. 1256"
Chloris,virgata,species,,Chloris virgata,Feather Finger Grass; Showy Chloris,,annual,prairie; disturbed-ground,asserted,native,1258,"Diggs, Lipscomb & O'Kennon 1999, p. 1258"
Chorispora,tenella,species,,Chorispora tenella,Blue-Mustard,,annual,disturbed-ground,asserted,introduced,464,"Diggs, Lipscomb & O'Kennon 1999, p. 464"
Chrysopsis,pilosa,species,,Chrysopsis pilosa,Soft Golden-Aster,,,woods; sandy; disturbed-ground,asserted,native,336,"Diggs, Lipscomb & O'Kennon 1999, p. 336"
Chrysopsis,texana,species,,Chrysopsis texana,Mauchia,,,sandy; disturbed-ground,asserted,native,336,"Diggs, Lipscomb & O'Kennon 1999, p. 336"
Cichorium,intybus,species,,Cichorium intybus,Common Chicory; Blue-Sailors; Succory; Witloof; Ragged-Sailors,herb,perennial,disturbed-ground,asserted,introduced,336,"Diggs, Lipscomb & O'Kennon 1999, p. 336"
Cicuta,maculata,species,,Cicuta maculata,Common Water-Hemlock; Spotted Cowbane; Cowbane; Beaverpoison; Spotted Water-Hemlock; Musquatroot; Muskrat-Weed,,perennial,,asserted,native,248,"Diggs, Lipscomb & O'Kennon 1999, p. 248"
Cirsium,altissimum,species,,Cirsium altissimum,Iowa Thistle; Tall Thistle; Roadside Thistle,,annual,streamside,asserted,native,338,"Diggs, Lipscomb & O'Kennon 1999, p. 338"
Cirsium,engelmannii,species,,Cirsium engelmannii,Blackland Thistle,,biennial,prairie; sandy,asserted,native,338,"Diggs, Lipscomb & O'Kennon 1999, p. 338"
Cirsium,horridulum,species,,Cirsium horridulum,Bull Thistle; Yellow Thistle; Horrid Thistle,,annual,woods; streamside,asserted,native,340,"Diggs, Lipscomb & O'Kennon 1999, p. 340"
Cirsium,ochrocentrum,species,,Cirsium ochrocentrum,Yellow-Spine Thistle,,biennial,prairie; rocky-limestone; sandy; disturbed-ground,asserted,native,340,"Diggs, Lipscomb & O'Kennon 1999, p. 340"
Cirsium,texanum,species,,Cirsium texanum,Texas Thistle; Southern Thistle,,biennial,prairie; disturbed-ground,asserted,native,340,"Diggs, Lipscomb & O'Kennon 1999, p. 340"
Cirsium,undulatum,species,,Cirsium undulatum,Wavy-Leaf Thistle; Pasture Thistle,,perennial,prairie; disturbed-ground,asserted,native,340,"Diggs, Lipscomb & O'Kennon 1999, p. 340"
Cirsium,vulgare,species,,Cirsium vulgare,Bull Thistle,,biennial,streamside; disturbed-ground,review,,340,"Diggs, Lipscomb & O'Kennon 1999, p. 340"
Cissus,incisa,species,,Cissus incisa,Cowitch; Ivy-Treebine; Marinevine; Marine-Ivy; Hierba Del Buey,vine,,streamside; disturbed-ground,asserted,native,1066,"Diggs, Lipscomb & O'Kennon 1999, p. 1066"
Citrullus,lanatus,variety,citroides,Citrullus lanatus var. citroides,,,,disturbed-ground,asserted,introduced,566,"Diggs, Lipscomb & O'Kennon 1999, p. 566"
Citrullus,lanatus,variety,lanatus,Citrullus lanatus var. lanatus,Watermelon; Sandía,,annual,disturbed-ground,asserted,introduced,565,"Diggs, Lipscomb & O'Kennon 1999, p. 565"
Citrus,paradisi,species,,Citrus paradisi,Texas Red Grapefruit,,,,asserted,native,1418,"Diggs, Lipscomb & O'Kennon 1999, p. 1418"
Cladium,mariscoides,species,,Cladium mariscoides,Twig Rush,,,,asserted,native,1132,"Diggs, Lipscomb & O'Kennon 1999, p. 1132"
Cladium,mariscus,subspecies,jamaicense,Cladium mariscus subsp. jamaicense,Jamaican Saw-Grass; Saw-Grass,grass,,streamside,asserted,native,1132,"Diggs, Lipscomb & O'Kennon 1999, p. 1132"
Claytonia,virginica,species,,Claytonia virginica,Virginia Spring-Beauty,,perennial,woods; prairie; streamside; sandy; disturbed-ground,asserted,native,908,"Diggs, Lipscomb & O'Kennon 1999, p. 908"
Clematis,crispa,species,,Clematis crispa,Curly Clematis; Blue-Jasmine,vine,,woods; streamside; disturbed-ground,asserted,native,921,"Diggs, Lipscomb & O'Kennon 1999, p. 921"
Clematis,drummondii,species,,Clematis drummondii,Texas Virgin’s-Bower; Old-Man’s-Beard; Barbas De Chivato; Love-In-The-Mist,vine,,rocky-limestone; sandy,asserted,native,921,"Diggs, Lipscomb & O'Kennon 1999, p. 921"
Clematis,pitcheri,species,,Clematis pitcheri,Leather-Flower; Bluebell; Pitcher's Clematis; Pitcher-Flower,herb,,woods; streamside,asserted,native,921,"Diggs, Lipscomb & O'Kennon 1999, p. 921"
Clematis,reticulata,species,,Clematis reticulata,Net-Leaf Clematis,herb,,streamside; sandy; disturbed-ground,asserted,native,921,"Diggs, Lipscomb & O'Kennon 1999, p. 921"
Clematis,terniflora,species,,Clematis terniflora,Sweet-Autumn Clematis,vine,,disturbed-ground,asserted,introduced,921,"Diggs, Lipscomb & O'Kennon 1999, p. 921"
Clematis,texensis,species,,Clematis texensis,Scarlet Clematis; Red Leather-Flower,herb,,streamside; rocky-limestone,asserted,native,922,"Diggs, Lipscomb & O'Kennon 1999, p. 922"
Cleome,hassleriana,species,,Cleome hassleriana,Spiderplant; Spider-Flower; Spiny Spider-Flower; Pink-Queen,,,disturbed-ground,asserted,introduced,506,"Diggs, Lipscomb & O'Kennon 1999, p. 506"
Cleomella,angustifolia,species,,Cleomella angustifolia,Narrow-Leaf Rhombopod,,,sandy; disturbed-ground,asserted,native,506,"Diggs, Lipscomb & O'Kennon 1999, p. 506"
Clitoria,mariana,species,,Clitoria mariana,Spoonflower; Atlantic Pigeon-Wings,herb,perennial,woods; sandy,asserted,native,642,"Diggs, Lipscomb & O'Kennon 1999, p. 642"
Cnidoscolus,texanus,species,,Cnidoscolus texanus,Texas Bull-Nettle; Mala Mujer; Tread - Softly,,perennial,woods; rocky-limestone; sandy; disturbed-ground,review,,596,"Diggs, Lipscomb & O'Kennon 1999, p. 596"
Cocculus,carolinus,species,,Cocculus carolinus,Carolina Snailseed; Coralberry; Coralbead; Carolina Moonseed; Red-Berry Moonseed,vine,,disturbed-ground,asserted,native,824,"Diggs, Lipscomb & O'Kennon 1999, p. 824"
Coelorachis,cylindrica,species,,Coelorachis cylindrica,Carolina Joint-Tail,,perennial,woods; prairie; sandy,asserted,native,1258,"Diggs, Lipscomb & O'Kennon 1999, p. 1258"
Collinsia,violacea,species,,Collinsia violacea,Violet Collinsia,,annual,woods; sandy,asserted,native,999,"Diggs, Lipscomb & O'Kennon 1999, p. 999"
Colocasia,esculenta,species,,Colocasia esculenta,Taro; Wild Taro; Kalo; Dasheen; Eddo; Cocoyam,,perennial,streamside; disturbed-ground,asserted,introduced,1093,"Diggs, Lipscomb & O'Kennon 1999, p. 1093"
Colubrina,texensis,species,,Colubrina texensis,Texas Snakewood; Texas Colubrina; Hog-Plum,shrub,,rocky-limestone,asserted,native,932,"Diggs, Lipscomb & O'Kennon 1999, p. 932"
Comandra,umbellata,subspecies,pallida,Comandra umbellata subsp. pallida,Bastard Toadflax; Western Comandra,herb,perennial,rocky-limestone; sandy,asserted,native,979,"Diggs, Lipscomb & O'Kennon 1999, p. 979"
Commelina,caroliniana,species,,Commelina caroliniana,,,,disturbed-ground,review,,1100,"Diggs, Lipscomb & O'Kennon 1999, p. 1100"
Commelina,communis,species,,Commelina communis,Common Dayflower,,,streamside,asserted,introduced,1100,"Diggs, Lipscomb & O'Kennon 1999, p. 1100"
Commelina,diffusa,species,,Commelina diffusa,,,,,asserted,native,1100,"Diggs, Lipscomb & O'Kennon 1999, p. 1100"
Commelina,erecta,species,,Commelina erecta,Erect Dayflower; Hierba De Pollo,,,,review,,1100,"Diggs, Lipscomb & O'Kennon 1999, p. 1100"
Commelina,erecta,variety,angustifolia,Commelina erecta var. angustifolia,Narrow-Leaf Dayflower,,,woods; rocky-limestone; sandy,asserted,native,1100,"Diggs, Lipscomb & O'Kennon 1999, p. 1100"
Commelina,erecta,variety,deamiana,Commelina erecta var. deamiana,,,,sandy,asserted,native,1100,"Diggs, Lipscomb & O'Kennon 1999, p. 1100"
Commelina,virginica,species,,Commelina virginica,Virginia Dayflower,,,woods,asserted,native,1100,"Diggs, Lipscomb & O'Kennon 1999, p. 1100"
Condalia,hookeri,species,,Condalia hookeri,Bluewood; Brasil; Brazil; Capul Negro,shrub,,woods,asserted,native,933,"Diggs, Lipscomb & O'Kennon 1999, p. 933"
Conium,maculatum,species,,Conium maculatum,Poison-Hemlock; Poison-Parsley,,biennial,streamside,asserted,introduced,248,"Diggs, Lipscomb & O'Kennon 1999, p. 248"
Conringia,orientalis,species,,Conringia orientalis,Treacle Hare’s-Ear; Hare’s-Ear-Mustard; Hare’sear,,annual,sandy; disturbed-ground,review,,464,"Diggs, Lipscomb & O'Kennon 1999, p. 464"
Consolida,ajacis,species,,Consolida ajacis,Rocket Larkspur; Annual Larkspur; Espuela De Caballero,,annual,disturbed-ground,asserted,introduced,922,"Diggs, Lipscomb & O'Kennon 1999, p. 922"
Consolida,orientalis,species,,Consolida orientalis,,,,disturbed-ground,asserted,introduced,922,"Diggs, Lipscomb & O'Kennon 1999, p. 922"
Convolvulus,arvensis,species,,Convolvulus arvensis,Possession-Vine; Bindweed; Field Bindweed; Common Bindweed; Cornbind,,perennial,disturbed-ground,asserted,introduced,551,"Diggs, Lipscomb & O'Kennon 1999, p. 551"
Convolvulus,equitans,species,,Convolvulus equitans,Gray Bindweed; Texas Bindweed,,perennial,prairie; disturbed-ground,asserted,native,552,"Diggs, Lipscomb & O'Kennon 1999, p. 552"
Conyza,canadensis,species,,Conyza canadensis,Horseweed,,,disturbed-ground,asserted,native,341,"Diggs, Lipscomb & O'Kennon 1999, p. 341"
Conyza,canadensis,variety,glabrata,Conyza canadensis var. glabrata,,,,,asserted,native,341,"Diggs, Lipscomb & O'Kennon 1999, p. 341"
Conyza,ramosissima,species,,Conyza ramosissima,Low Fleabane; Low Conyza; Spreading Fleabane,,,disturbed-ground,asserted,native,341,"Diggs, Lipscomb & O'Kennon 1999, p. 341"
Cooperia,drummondii,species,,Cooperia drummondii,Cebolleta; Rain-Lily,herb,,prairie; rocky-limestone; disturbed-ground,asserted,native,1200,"Diggs, Lipscomb & O'Kennon 1999, p. 1200"
Cooperia,pedunculata,species,,Cooperia pedunculata,Giant Rain-Lily; Prairie Rain-Lily; White Rain-Lily; Wide-Leaf Rain-Lily,,,woods; prairie; rocky-limestone; sandy; disturbed-ground,asserted,native,1200,"Diggs, Lipscomb & O'Kennon 1999, p. 1200"
Corallorrhiza,odontorhiza,species,,Corallorrhiza odontorhiza,,,,streamside,asserted,native,1215,"Diggs, Lipscomb & O'Kennon 1999, p. 1215"
Corallorrhiza,wisteriana,species,,Corallorrhiza wisteriana,Spring Coralroot; Wister’s Coralroot,,,rocky-limestone; sandy,asserted,native,1215,"Diggs, Lipscomb & O'Kennon 1999, p. 1215"
Coreopsis,basalis,species,,Coreopsis basalis,,,,,asserted,native,342,"Diggs, Lipscomb & O'Kennon 1999, p. 342"
Coreopsis,grandiflora,variety,longipes,Coreopsis grandiflora var. longipes,,,perennial,woods; sandy; disturbed-ground,asserted,native,342,"Diggs, Lipscomb & O'Kennon 1999, p. 342"
Coreopsis,lanceolata,species,,Coreopsis lanceolata,Lance Coreopsis,,perennial,,asserted,native,342,"Diggs, Lipscomb & O'Kennon 1999, p. 342"
Coreopsis,nuecensis,species,,Coreopsis nuecensis,,,,streamside,asserted,native,342,"Diggs, Lipscomb & O'Kennon 1999, p. 342"
Coreopsis,nuecensoides,species,,Coreopsis nuecensoides,,,,disturbed-ground,asserted,native,342,"Diggs, Lipscomb & O'Kennon 1999, p. 342"
Coreopsis,tinctoria,species,,Coreopsis tinctoria,Plains Coreopsis; Cardamine Coreopsis; Manzanilla Silvestre; Calliopsis,,annual,sandy; disturbed-ground,asserted,native,342,"Diggs, Lipscomb & O'Kennon 1999, p. 342"
Coreopsis,wrightii,species,,Coreopsis wrightii,Rock Coreopsis,,annual,prairie,asserted,native,342,"Diggs, Lipscomb & O'Kennon 1999, p. 342"
Coriandrum,sativum,species,,Coriandrum sativum,Cilantro; Coriander; Chinese-Parsley,,annual,disturbed-ground,review,,248,"Diggs, Lipscomb & O'Kennon 1999, p. 248"
Cornus,drummondii,species,,Cornus drummondii,Rough-Leaf Dogwood,shrub,,woods; streamside,asserted,native,561,"Diggs, Lipscomb & O'Kennon 1999, p. 561"
Cornus,florida,species,,Cornus florida,Flowering Dogwood; Eastern Dogwood,tree,,woods; streamside; rocky-limestone; sandy; disturbed-ground,asserted,native,561,"Diggs, Lipscomb & O'Kennon 1999, p. 561"
Coronilla,varia,species,,Coronilla varia,Crown-Vetch,herb,perennial,disturbed-ground,review,,642,"Diggs, Lipscomb & O'Kennon 1999, p. 642"
Coronopus,didymus,species,,Coronopus didymus,Swine Wartcress,,annual,sandy; disturbed-ground,asserted,introduced,465,"Diggs, Lipscomb & O'Kennon 1999, p. 465"
Cortaderia,selloana,species,,Cortaderia selloana,,,,,asserted,native,1223,"Diggs, Lipscomb & O'Kennon 1999, p. 1223"
Corydalis,aurea,subspecies,occidentalis,Corydalis aurea subsp. occidentalis,Golden Corydalis,,,sandy,asserted,native,720,"Diggs, Lipscomb & O'Kennon 1999, p. 720"
Corydalis,crystallina,species,,Corydalis crystallina,Mealy Corydalis,,,sandy,asserted,native,720,"Diggs, Lipscomb & O'Kennon 1999, p. 720"
Corydalis,curvisiliqua,species,,Corydalis curvisiliqua,,,,,asserted,native,720,"Diggs, Lipscomb & O'Kennon 1999, p. 720"
Corydalis,curvisiliqua,subspecies,curvisiliqua,Corydalis curvisiliqua subsp. curvisiliqua,Curve-Pod Corydalis,,,sandy; disturbed-ground,asserted,native,720,"Diggs, Lipscomb & O'Kennon 1999, p. 720"
Corydalis,curvisiliqua,subspecies,grandibracteata,Corydalis curvisiliqua subsp. grandibracteata,,,,prairie; sandy,asserted,native,720,"Diggs, Lipscomb & O'Kennon 1999, p. 720"
Corydalis,micrantha,species,,Corydalis micrantha,,,,sandy,asserted,native,722,"Diggs, Lipscomb & O'Kennon 1999, p. 722"
Corydalis,micrantha,subspecies,australis,Corydalis micrantha subsp. australis,Southern Corydalis,,,streamside,asserted,native,722,"Diggs, Lipscomb & O'Kennon 1999, p. 722"
Corydalis,micrantha,subspecies,micrantha,Corydalis micrantha subsp. micrantha,Small-Flower Corydalis; Slender Fumewort,,,,asserted,native,722,"Diggs, Lipscomb & O'Kennon 1999, p. 722"
Corydalis,micrantha,subspecies,texensis,Corydalis micrantha subsp. texensis,Texas Corydalis,,,,asserted,native,722,"Diggs, Lipscomb & O'Kennon 1999, p. 722"
Coryphantha,echinus,species,,Coryphantha echinus,Rhinoceros Cactus,,,rocky-limestone,asserted,native,485,"Diggs, Lipscomb & O'Kennon 1999, p. 485"
Coryphantha,sulcata,species,,Coryphantha sulcata,Pineapple Cactus; Finger Cactus,,,prairie; sandy,asserted,native,485,"Diggs, Lipscomb & O'Kennon 1999, p. 485"
Cotinus,obovatus,species,,Cotinus obovatus,American Smoketree; Smokebush; Chittamwood,shrub,,woods; rocky-limestone,asserted,native,231,"Diggs, Lipscomb & O'Kennon 1999, p. 231"
Crassula,aquatica,species,,Crassula aquatica,Water Pigmyweed,,annual,streamside; sandy,asserted,native,562,"Diggs, Lipscomb & O'Kennon 1999, p. 562"
Crataegus,brachyacantha,species,,Crataegus brachyacantha,Blueberry Hawthorn,tree,,streamside; disturbed-ground,asserted,native,942,"Diggs, Lipscomb & O'Kennon 1999, p. 942"
Crataegus,crus-galli,species,,Crataegus crus-galli,Cockspur Hawthorn; Bush’s Hawthorn,shrub,,rocky-limestone,asserted,native,942,"Diggs, Lipscomb & O'Kennon 1999, p. 942"
Crataegus,dallasiana,species,,Crataegus dallasiana,,,,,asserted,native,942,"Diggs, Lipscomb & O'Kennon 1999, p. 942"
Crataegus,engelmannii,species,,Crataegus engelmannii,,,,woods; prairie; sandy,asserted,native,942,"Diggs, Lipscomb & O'Kennon 1999, p. 942"
Crataegus,marshallii,species,,Crataegus marshallii,Parsley Hawthorn,shrub,,woods; streamside; sandy; disturbed-ground,asserted,native,942,"Diggs, Lipscomb & O'Kennon 1999, p. 942"
Crataegus,mollis,species,,Crataegus mollis,Redhaw; Summerhaw; Downyhaw,tree,,woods; streamside,asserted,native,942,"Diggs, Lipscomb & O'Kennon 1999, p. 942"
Crataegus,phaenopyrum,species,,Crataegus phaenopyrum,Washington-Thorn,tree,,disturbed-ground,review,,942,"Diggs, Lipscomb & O'Kennon 1999, p. 942"
Crataegus,reverchonii,species,,Crataegus reverchonii,Reverchon’s Hawthorn,shrub,,prairie; rocky-limestone; sandy,asserted,native,942,"Diggs, Lipscomb & O'Kennon 1999, p. 942"
Crataegus,spathulata,species,,Crataegus spathulata,Little-Hip Hawthorn; Pasture Hawthorn,shrub,,woods; sandy; disturbed-ground,asserted,native,942,"Diggs, Lipscomb & O'Kennon 1999, p. 942"
Crataegus,viridis,species,,Crataegus viridis,Greenhaw,tree,,streamside; disturbed-ground,asserted,native,944,"Diggs, Lipscomb & O'Kennon 1999, p. 944"
Crepis,pulchra,species,,Crepis pulchra,Showy Hawk’s-Beard,,annual,disturbed-ground,asserted,introduced,344,"Diggs, Lipscomb & O'Kennon 1999, p. 344"
Croptilon,divaricatum,species,,Croptilon divaricatum,Slender Goldenweed; Scratch Daisy; Spreading Golden-Aster,,,rocky-limestone; sandy; disturbed-ground,asserted,native,344,"Diggs, Lipscomb & O'Kennon 1999, p. 344"
Croptilon,hookerianum,species,,Croptilon hookerianum,,,,prairie; sandy; disturbed-ground,asserted,native,344,"Diggs, Lipscomb & O'Kennon 1999, p. 344"
Croptilon,hookerianum,variety,hookerianum,Croptilon hookerianum var. hookerianum,,,,,asserted,native,344,"Diggs, Lipscomb & O'Kennon 1999, p. 344"
Croptilon,hookerianum,variety,validum,Croptilon hookerianum var. validum,,,,prairie,asserted,native,344,"Diggs, Lipscomb & O'Kennon 1999, p. 344"
Crotalaria,purshii,species,,Crotalaria purshii,Pursh’s Crotalaria,,perennial,,asserted,native,643,"Diggs, Lipscomb & O'Kennon 1999, p. 643"
Crotalaria,retusa,species,,Crotalaria retusa,,,annual,disturbed-ground,asserted,introduced,643,"Diggs, Lipscomb & O'Kennon 1999, p. 643"
Crotalaria,sagittalis,species,,Crotalaria sagittalis,Arrow Crotalaria,,annual,sandy,asserted,native,643,"Diggs, Lipscomb & O'Kennon 1999, p. 643"
Crotalaria,spectabilis,species,,Crotalaria spectabilis,Showy Crotalaria,,annual,sandy; disturbed-ground,asserted,introduced,644,"Diggs, Lipscomb & O'Kennon 1999, p. 644"
Croton,capitatus,species,,Croton capitatus,Woolly Croton; Hogwort,herb,annual,prairie; sandy; disturbed-ground,asserted,native,599,"Diggs, Lipscomb & O'Kennon 1999, p. 599"
Croton,capitatus,variety,lindheimeri,Croton capitatus var. lindheimeri,,,,rocky-limestone,asserted,native,599,"Diggs, Lipscomb & O'Kennon 1999, p. 599"
Croton,fruticulosus,species,,Croton fruticulosus,Encinilla; Hierba Loca,shrub,,rocky-limestone,asserted,native,599,"Diggs, Lipscomb & O'Kennon 1999, p. 599"
Croton,glandulosus,species,,Croton glandulosus,Tropic Croton,,annual,streamside; disturbed-ground,asserted,native,599,"Diggs, Lipscomb & O'Kennon 1999, p. 599"
Croton,glandulosus,variety,lindheimeri,Croton glandulosus var. lindheimeri,Lindheimer’s Croton,,,,asserted,native,600,"Diggs, Lipscomb & O'Kennon 1999, p. 600"
Croton,glandulosus,variety,septentrionalis,Croton glandulosus var. septentrionalis,Northern Croton,,,,asserted,native,600,"Diggs, Lipscomb & O'Kennon 1999, p. 600"
Croton,lindheimerianus,species,,Croton lindheimerianus,Three-Seed Croton,,annual,sandy,asserted,native,600,"Diggs, Lipscomb & O'Kennon 1999, p. 600"
Croton,michauxii,species,,Croton michauxii,Narrow-Leaf Rushfoil,,annual,sandy,asserted,native,600,"Diggs, Lipscomb & O'Kennon 1999, p. 600"
Croton,monanthogynus,species,,Croton monanthogynus,Doveweed; Prairie-Tea; One-Seed Croton,,annual,rocky-limestone; disturbed-ground,asserted,native,600,"Diggs, Lipscomb & O'Kennon 1999, p. 600"
Croton,texensis,species,,Croton texensis,Texas Croton; Skunkweed,herb,annual,sandy,asserted,native,600,"Diggs, Lipscomb & O'Kennon 1999, p. 600"
Cryptantha,texana,species,,Cryptantha texana,Texas Cryptantha,,annual,sandy; disturbed-ground,asserted,native,446,"Diggs, Lipscomb & O'Kennon 1999, p. 446"
Cryptotaenia,canadensis,species,,Cryptotaenia canadensis,,,perennial,woods,asserted,native,249,"Diggs, Lipscomb & O'Kennon 1999, p. 249"
Cucumis,anguria,species,,Cucumis anguria,Bur Gherkin; West Indian Gherkin,,,disturbed-ground,review,,566,"Diggs, Lipscomb & O'Kennon 1999, p. 566"
Cucumis,melo,species,,Cucumis melo,Muskmelon; Melon; Cantelope,,,disturbed-ground,asserted,introduced,566,"Diggs, Lipscomb & O'Kennon 1999, p. 566"
Cucumis,sativus,species,,Cucumis sativus,,,,,review,,566,"Diggs, Lipscomb & O'Kennon 1999, p. 566"
Cucurbita,foetidissima,species,,Cucurbita foetidissima,Buffalo Gourd; Stinking Gourd; Foetid Gourd; Calabazilla; Chilicote; Calabacilla Loca; Chilicoyote,,perennial,disturbed-ground,asserted,native,568,"Diggs, Lipscomb & O'Kennon 1999, p. 568"
Cucurbita,maxima,species,,Cucurbita maxima,,,,,review,,569,"Diggs, Lipscomb & O'Kennon 1999, p. 569"
Cucurbita,moschata,species,,Cucurbita moschata,,,,,asserted,introduced,569,"Diggs, Lipscomb & O'Kennon 1999, p. 569"
Cucurbita,pepo,species,,Cucurbita pepo,,,,disturbed-ground,review,,568,"Diggs, Lipscomb & O'Kennon 1999, p. 568"
Cucurbita,texana,species,,Cucurbita texana,Texas Gourd,,annual,streamside,asserted,native,568,"Diggs, Lipscomb & O'Kennon 1999, p. 568"
Cunila,origanoides,species,,Cunila origanoides,Maryland Stone-Mist; American Dittany,herb,perennial,woods,asserted,native,756,"Diggs, Lipscomb & O'Kennon 1999, p. 756"
Cuscuta,cephalanthi,species,,Cuscuta cephalanthi,Buttonbush Dodder,,,,asserted,native,573,"Diggs, Lipscomb & O'Kennon 1999, p. 573"
Cuscuta,compacta,species,,Cuscuta compacta,Compact Dodder,,,streamside,asserted,native,573,"Diggs, Lipscomb & O'Kennon 1999, p. 573"
Cuscuta,coryli,species,,Cuscuta coryli,Hazel Dodder,,,,asserted,native,573,"Diggs, Lipscomb & O'Kennon 1999, p. 573"
Cuscuta,cuspidata,species,,Cuscuta cuspidata,Cusp Dodder; Cuspidate Dodder,herb,,rocky-limestone,asserted,native,573,"Diggs, Lipscomb & O'Kennon 1999, p. 573"
Cuscuta,exaltata,species,,Cuscuta exaltata,Tree Dodder,,,rocky-limestone,asserted,native,573,"Diggs, Lipscomb & O'Kennon 1999, p. 573"
Cuscuta,glomerata,species,,Cuscuta glomerata,Cluster Dodder; Glomerate Dodder,,,streamside,asserted,native,573,"Diggs, Lipscomb & O'Kennon 1999, p. 573"
Cuscuta,gronovii,species,,Cuscuta gronovii,Gronovius’ Dodder; Common Dodder,,,streamside,asserted,native,573,"Diggs, Lipscomb & O'Kennon 1999, p. 573"
Cuscuta,indecora,species,,Cuscuta indecora,,,,prairie; streamside; disturbed-ground,asserted,native,574,"Diggs, Lipscomb & O'Kennon 1999, p. 574"
Cuscuta,indecora,variety,indecora,Cuscuta indecora var. indecora,Showy Dodder; Pretty Dodder; Large-Seed Dodder,,,,asserted,native,574,"Diggs, Lipscomb & O'Kennon 1999, p. 574"
Cuscuta,indecora,variety,longisepala,Cuscuta indecora var. longisepala,Long-Sepal Dodder,,,,asserted,native,574,"Diggs, Lipscomb & O'Kennon 1999, p. 574"
Cuscuta,obtusiflora,variety,glandulosa,Cuscuta obtusiflora var. glandulosa,Red Dodder,,,rocky-limestone; sandy,asserted,native,574,"Diggs, Lipscomb & O'Kennon 1999, p. 574"
Cuscuta,pentagona,species,,Cuscuta pentagona,,,,disturbed-ground,asserted,native,574,"Diggs, Lipscomb & O'Kennon 1999, p. 574"
Cuscuta,pentagona,variety,glabrior,Cuscuta pentagona var. glabrior,R.d,,,,asserted,native,574,"Diggs, Lipscomb & O'Kennon 1999, p. 574"
Cuscuta,pentagona,variety,pentagona,Cuscuta pentagona var. pentagona,Field Dodder; Five-Angled Dodder,,,rocky-limestone,asserted,native,574,"Diggs, Lipscomb & O'Kennon 1999, p. 574"
Cuscuta,pentagona,variety,pubescens,Cuscuta pentagona var. pubescens,,,,,asserted,native,574,"Diggs, Lipscomb & O'Kennon 1999, p. 574"
Cyclanthera,dissecta,species,,Cyclanthera dissecta,Cut-Leaf Cyclanthera; Bur-Cucumber,,annual,rocky-limestone,asserted,native,569,"Diggs, Lipscomb & O'Kennon 1999, p. 569"
Cycloloma,atriplicifolium,species,,Cycloloma atriplicifolium,Winged-Pigweed; Tumble-Ringwing; Plains Tumbleweed,,annual,sandy; disturbed-ground,asserted,native,540,"Diggs, Lipscomb & O'Kennon 1999, p. 540"
Cyclospermum,leptophyllum,species,,Cyclospermum leptophyllum,Slim-Lobe Celery,,annual,disturbed-ground,review,,249,"Diggs, Lipscomb & O'Kennon 1999, p. 249"
Cymopterus,macrorhizus,species,,Cymopterus macrorhizus,Big-Root Wavewing,,perennial,prairie; rocky-limestone,asserted,native,249,"Diggs, Lipscomb & O'Kennon 1999, p. 249"
Cynanchum,barbigerum,species,,Cynanchum barbigerum,Bearded Swallow-Wort; Thicket Threadvine,herb,,rocky-limestone,asserted,native,282,"Diggs, Lipscomb & O'Kennon 1999, p. 282"
Cynanchum,laeve,species,,Cynanchum laeve,Bluevine; Sandvine; Smooth Swallow-Wort; Smooth Anglepod,,,woods; disturbed-ground,asserted,native,282,"Diggs, Lipscomb & O'Kennon 1999, p. 282"
Cynanchum,racemosum,variety,unifarium,Cynanchum racemosum var. unifarium,Talayote,,,sandy,asserted,native,282,"Diggs, Lipscomb & O'Kennon 1999, p. 282"
Cynodon,dactylon,species,,Cynodon dactylon,Bermuda Grass; Bahama Grass,,perennial,disturbed-ground,asserted,introduced,1259,"Diggs, Lipscomb & O'Kennon 1999, p. 1259"
Cynoglossum,virginianum,species,,Cynoglossum virginianum,Blue Comfrey; Blue Hound’s-Tongue; Wild Comfrey,,perennial,woods; sandy,asserted,native,446,"Diggs, Lipscomb & O'Kennon 1999, p. 446"
Cynoglossum,zeylanicum,species,,Cynoglossum zeylanicum,,,,disturbed-ground,review,,446,"Diggs, Lipscomb & O'Kennon 1999, p. 446"
Cynosciadium,digitatum,species,,Cynosciadium digitatum,Finger Dogshade,,annual,prairie,asserted,native,249,"Diggs, Lipscomb & O'Kennon 1999, p. 249"
Cyperus,acuminatus,species,,Cyperus acuminatus,Taper-Leaf Flat Sedge,,perennial,,asserted,native,1136,"Diggs, Lipscomb & O'Kennon 1999, p. 1136"
Cyperus,articulatus,species,,Cyperus articulatus,Chintúl; Jointed Flat Sedge,,perennial,streamside; rocky-limestone,asserted,native,1136,"Diggs, Lipscomb & O'Kennon 1999, p. 1136"
Cyperus,bipartitus,species,,Cyperus bipartitus,,,,,asserted,native,1144,"Diggs, Lipscomb & O'Kennon 1999, p. 1144"
Cyperus,compressus,species,,Cyperus compressus,Poorland Flat Sedge,,annual,,asserted,native,1136,"Diggs, Lipscomb & O'Kennon 1999, p. 1136"
Cyperus,croceus,species,,Cyperus croceus,Baldwin Flat Sedge,,perennial,sandy,asserted,native,1136,"Diggs, Lipscomb & O'Kennon 1999, p. 1136"
Cyperus,difformis,species,,Cyperus difformis,,,annual,streamside; rocky-limestone,asserted,introduced,1136,"Diggs, Lipscomb & O'Kennon 1999, p. 1136"
Cyperus,digitatus,species,,Cyperus digitatus,,,,,asserted,native,1144,"Diggs, Lipscomb & O'Kennon 1999, p. 1144"
Cyperus,echinatus,species,,Cyperus echinatus,Globe Flat Sedge; Cylinder Flat Sedge,sedge,perennial,woods; sandy,asserted,native,1136,"Diggs, Lipscomb & O'Kennon 1999, p. 1136"
Cyperus,elegans,species,,Cyperus elegans,Sticky Flat Sedge,,perennial,,asserted,native,1136,"Diggs, Lipscomb & O'Kennon 1999, p. 1136"
Cyperus,erythrorhizos,species,,Cyperus erythrorhizos,Red-Root Flat Sedge,,annual,wetland,asserted,native,1136,"Diggs, Lipscomb & O'Kennon 1999, p. 1136"
Cyperus,esculentus,species,,Cyperus esculentus,Yellow Nut-Grass; Chufa; Northern Nut-Grass,,perennial,sandy; disturbed-ground,review,,1138,"Diggs, Lipscomb & O'Kennon 1999, p. 1138"
Cyperus,flavescens,species,,Cyperus flavescens,Yellow Flat Sedge,,annual,sandy,asserted,native,1138,"Diggs, Lipscomb & O'Kennon 1999, p. 1138"
Cyperus,haspan,species,,Cyperus haspan,Sheathed Flat Sedge,,perennial,,asserted,native,1138,"Diggs, Lipscomb & O'Kennon 1999, p. 1138"
Cyperus,hystricinus,species,,Cyperus hystricinus,,,perennial,sandy,asserted,native,1138,"Diggs, Lipscomb & O'Kennon 1999, p. 1138"
Cyperus,involucratus,species,,Cyperus involucratus,Umbrella-Plant; Umbrella Flat Sedge,,perennial,disturbed-ground,asserted,introduced,1138,"Diggs, Lipscomb & O'Kennon 1999, p. 1138"
Cyperus,lanceolatus,species,,Cyperus lanceolatus,,,perennial,,asserted,native,1138,"Diggs, Lipscomb & O'Kennon 1999, p. 1138"
Cyperus,lupulinus,species,,Cyperus lupulinus,Slender Flat Sedge,,perennial,woods; sandy,asserted,native,1138,"Diggs, Lipscomb & O'Kennon 1999, p. 1138"
Cyperus,ochraceus,species,,Cyperus ochraceus,,,,,asserted,native,1144,"Diggs, Lipscomb & O'Kennon 1999, p. 1144"
Cyperus,odoratus,species,,Cyperus odoratus,Fragrant Flat Sedge,,annual,streamside,asserted,native,1138,"Diggs, Lipscomb & O'Kennon 1999, p. 1138"
Cyperus,plukenetii,species,,Cyperus plukenetii,,,perennial,woods; prairie; rocky-limestone; sandy,asserted,native,1140,"Diggs, Lipscomb & O'Kennon 1999, p. 1140"
Cyperus,polystachyos,species,,Cyperus polystachyos,,,perennial,streamside; rocky-limestone; sandy,asserted,native,1140,"Diggs, Lipscomb & O'Kennon 1999, p. 1140"
Cyperus,pseudovegetus,species,,Cyperus pseudovegetus,,,perennial,sandy,asserted,native,1140,"Diggs, Lipscomb & O'Kennon 1999, p. 1140"
Cyperus,reflexus,species,,Cyperus reflexus,Bent-Awn Flat Sedge,,perennial,sandy,asserted,native,1140,"Diggs, Lipscomb & O'Kennon 1999, p. 1140"
Cyperus,retroflexus,species,,Cyperus retroflexus,One-Flower Flat Sedge,,perennial,woods; prairie; sandy,asserted,native,1142,"Diggs, Lipscomb & O'Kennon 1999, p. 1142"
Cyperus,retrorsus,species,,Cyperus retrorsus,,,perennial,woods; sandy; disturbed-ground,asserted,native,1142,"Diggs, Lipscomb & O'Kennon 1999, p. 1142"
Cyperus,rotundus,species,,Cyperus rotundus,Nut-Grass; Nut Sedge; Coco-Grass; Purple Nut-Grass,,perennial,disturbed-ground,asserted,introduced,1142,"Diggs, Lipscomb & O'Kennon 1999, p. 1142"
Cyperus,schweinitzii,species,,Cyperus schweinitzii,Schweinitz’ Flat Sedge,,perennial,,asserted,native,1142,"Diggs, Lipscomb & O'Kennon 1999, p. 1142"
Cyperus,setigerus,species,,Cyperus setigerus,,,perennial,streamside,asserted,native,1142,"Diggs, Lipscomb & O'Kennon 1999, p. 1142"
Cyperus,squarrosus,species,,Cyperus squarrosus,Bearded Flat Sedge,,annual,sandy; disturbed-ground,asserted,native,1142,"Diggs, Lipscomb & O'Kennon 1999, p. 1142"
Cyperus,strigosus,species,,Cyperus strigosus,False Nut-Grass,,perennial,sandy,asserted,native,1144,"Diggs, Lipscomb & O'Kennon 1999, p. 1144"
Cyperus,surinamensis,species,,Cyperus surinamensis,Tropical Flat Sedge,,perennial,,asserted,native,1144,"Diggs, Lipscomb & O'Kennon 1999, p. 1144"
Dactylis,glomerata,species,,Dactylis glomerata,Orchard Grass; Cock’s-Foot,,perennial,disturbed-ground,asserted,introduced,1259,"Diggs, Lipscomb & O'Kennon 1999, p. 1259"
Dactyloctenium,aegyptium,species,,Dactyloctenium aegyptium,Crowfoot; Durban Crowfoot Grass; Egyptian Crowfoot Grass,grass,annual,sandy; disturbed-ground,asserted,introduced,1259,"Diggs, Lipscomb & O'Kennon 1999, p. 1259"
Dalea,aurea,species,,Dalea aurea,,,,,asserted,native,646,"Diggs, Lipscomb & O'Kennon 1999, p. 646"
Dalea,candida,species,,Dalea candida,,,,woods; prairie; rocky-limestone; sandy,asserted,native,648,"Diggs, Lipscomb & O'Kennon 1999, p. 648"
Dalea,candida,variety,oligophylla,Dalea candida var. oligophylla,,,,,asserted,native,648,"Diggs, Lipscomb & O'Kennon 1999, p. 648"
Dalea,compacta,variety,pubescens,Dalea compacta var. pubescens,Showy Prairie-Clover; Prairie-Clover,,,prairie; rocky-limestone,asserted,native,648,"Diggs, Lipscomb & O'Kennon 1999, p. 648"
Dalea,emarginata,species,,Dalea emarginata,,,annual,,asserted,native,651,"Diggs, Lipscomb & O'Kennon 1999, p. 651"
Dalea,enneandra,species,,Dalea enneandra,Big-Top Dalea,,,prairie; rocky-limestone; sandy; disturbed-ground,asserted,native,648,"Diggs, Lipscomb & O'Kennon 1999, p. 648"
Dalea,frutescens,species,,Dalea frutescens,Black Dalea,shrub,,rocky-limestone; disturbed-ground,asserted,native,648,"Diggs, Lipscomb & O'Kennon 1999, p. 648"
Dalea,hallii,species,,Dalea hallii,Hall’s Dalea,,,prairie; rocky-limestone,asserted,native,648,"Diggs, Lipscomb & O'Kennon 1999, p. 648"
Dalea,lanata,species,,Dalea lanata,Woolly Dalea,,perennial,streamside; sandy,asserted,native,648,"Diggs, Lipscomb & O'Kennon 1999, p. 648"
Dalea,lasiathera,species,,Dalea lasiathera,Purple Dalea,,,rocky-limestone,asserted,native,650,"Diggs, Lipscomb & O'Kennon 1999, p. 650"
Dalea,multiflora,species,,Dalea multiflora,Round-Head Dalea; White Prairie-Clover,,,prairie; rocky-limestone,asserted,native,650,"Diggs, Lipscomb & O'Kennon 1999, p. 650"
Dalea,nana,species,,Dalea nana,Dwarf Dalea,,,prairie; rocky-limestone; sandy; disturbed-ground,asserted,native,650,"Diggs, Lipscomb & O'Kennon 1999, p. 650"
Dalea,nana,variety,carnescens,Dalea nana var. carnescens,,,,,asserted,native,650,"Diggs, Lipscomb & O'Kennon 1999, p. 650"
Dalea,phleoides,variety,microphylla,Dalea phleoides var. microphylla,Longbract Prairie-Clover,,,woods; prairie; rocky-limestone; sandy,asserted,native,650,"Diggs, Lipscomb & O'Kennon 1999, p. 650"
Dalea,phleoides,variety,phleoides,Dalea phleoides var. phleoides,,,,,asserted,native,650,"Diggs, Lipscomb & O'Kennon 1999, p. 650"
Dalea,pogonathera,species,,Dalea pogonathera,,,,,asserted,native,651,"Diggs, Lipscomb & O'Kennon 1999, p. 651"
Dalea,purpurea,species,,Dalea purpurea,Purple Prairie-Clover; Prairie-Clover,,,prairie; streamside; rocky-limestone; sandy,asserted,native,650,"Diggs, Lipscomb & O'Kennon 1999, p. 650"
Dalea,tenuis,species,,Dalea tenuis,,,,prairie; rocky-limestone,asserted,native,651,"Diggs, Lipscomb & O'Kennon 1999, p. 651"
Dalea,villosa,variety,grisea,Dalea villosa var. grisea,,,,,asserted,native,651,"Diggs, Lipscomb & O'Kennon 1999, p. 651"
Danthonia,spicata,species,,Danthonia spicata,Poverty-Oats; Poverty Danthonia; Poverty Oat Grass,grass,perennial,woods; sandy,asserted,native,1260,"Diggs, Lipscomb & O'Kennon 1999, p. 1260"
Dasistoma,macrophylla,species,,Dasistoma macrophylla,Mullein Seymeria; Mullein Foxglove,,perennial,woods; streamside,asserted,native,999,"Diggs, Lipscomb & O'Kennon 1999, p. 999"
Datura,stramonium,species,,Datura stramonium,Jimsonweed; Jamestown Weed; Stramonium; Toloache; Common Thorn-Apple,,annual,disturbed-ground,asserted,introduced,1020,"Diggs, Lipscomb & O'Kennon 1999, p. 1020"
Datura,wrightii,species,,Datura wrightii,Indian-Apple; Angel-Trumpet; Sacred Datura,,perennial,streamside; rocky-limestone; sandy,review,,1020,"Diggs, Lipscomb & O'Kennon 1999, p. 1020"
Daucosma,laciniatum,species,,Daucosma laciniatum,Meadow Daucosma,,annual,disturbed-ground,asserted,native,249,"Diggs, Lipscomb & O'Kennon 1999, p. 249"
Daucus,carota,species,,Daucus carota,Wild Carrot; Queen-Anne’s-Lace,,biennial,disturbed-ground,asserted,introduced,250,"Diggs, Lipscomb & O'Kennon 1999, p. 250"
Daucus,pusillus,species,,Daucus pusillus,Rattlesnake-Weed; Southwestern Carrot; Seedticks,,annual,streamside; disturbed-ground,asserted,native,250,"Diggs, Lipscomb & O'Kennon 1999, p. 250"
Delphinium,carolinianum,species,,Delphinium carolinianum,,herb,perennial,,asserted,native,922,"Diggs, Lipscomb & O'Kennon 1999, p. 922"
Delphinium,carolinianum,subspecies,carolinianum,Delphinium carolinianum subsp. carolinianum,Wild Blue Larkspur; Carolina Larkspur; Blue Larkspur,,,woods; sandy; disturbed-ground,asserted,native,924,"Diggs, Lipscomb & O'Kennon 1999, p. 924"
Delphinium,carolinianum,subspecies,vimineum,Delphinium carolinianum subsp. vimineum,Pinewoods Larkspur; Blue Larkspur; Gulf Coast Larkspur,,,sandy,asserted,native,924,"Diggs, Lipscomb & O'Kennon 1999, p. 924"
Delphinium,carolinianum,subspecies,virescens,Delphinium carolinianum subsp. virescens,Prairie Larkspur; Plains Larkspur; White Larkspur; Penard’s Larkspur; Rabbit-Face,,,prairie,asserted,native,924,"Diggs, Lipscomb & O'Kennon 1999, p. 924"
Descurainia,incana,subspecies,viscosa,Descurainia incana subsp. viscosa,,,,,asserted,native,465,"Diggs, Lipscomb & O'Kennon 1999, p. 465"
Descurainia,pinnata,species,,Descurainia pinnata,,,,streamside; sandy; disturbed-ground,asserted,native,465,"Diggs, Lipscomb & O'Kennon 1999, p. 465"
Descurainia,pinnata,subspecies,brachycarpa,Descurainia pinnata subsp. brachycarpa,,,,,asserted,native,465,"Diggs, Lipscomb & O'Kennon 1999, p. 465"
Descurainia,pinnata,subspecies,halictorum,Descurainia pinnata subsp. halictorum,,,,,asserted,native,466,"Diggs, Lipscomb & O'Kennon 1999, p. 466"
Descurainia,sophia,species,,Descurainia sophia,Flixweed Tansy-Mustard,,,disturbed-ground,asserted,introduced,466,"Diggs, Lipscomb & O'Kennon 1999, p. 466"
Desmanthus,acuminatus,species,,Desmanthus acuminatus,,,,,asserted,native,652,"Diggs, Lipscomb & O'Kennon 1999, p. 652"
Desmanthus,illinoensis,species,,Desmanthus illinoensis,Illinois Bundleflower; Illinois Desmanthus; Prairie-Mimosa; Prickleweed,,,prairie; streamside; disturbed-ground,asserted,native,652,"Diggs, Lipscomb & O'Kennon 1999, p. 652"
Desmanthus,leptolobus,species,,Desmanthus leptolobus,,,,prairie,asserted,native,652,"Diggs, Lipscomb & O'Kennon 1999, p. 652"
Desmanthus,reticulatus,species,,Desmanthus reticulatus,,herb,perennial,disturbed-ground,asserted,native,652,"Diggs, Lipscomb & O'Kennon 1999, p. 652"
Desmanthus,velutinus,species,,Desmanthus velutinus,,,,rocky-limestone,asserted,native,652,"Diggs, Lipscomb & O'Kennon 1999, p. 652"
Desmanthus,virgatus,species,,Desmanthus virgatus,,,,disturbed-ground,asserted,native,652,"Diggs, Lipscomb & O'Kennon 1999, p. 652"
Desmazeria,rigida,species,,Desmazeria rigida,,,,disturbed-ground,asserted,introduced,1260,"Diggs, Lipscomb & O'Kennon 1999, p. 1260"
Desmodium,canescens,species,,Desmodium canescens,Hoary Tick-Clover,,,woods; sandy,asserted,native,655,"Diggs, Lipscomb & O'Kennon 1999, p. 655"
Desmodium,ciliare,species,,Desmodium ciliare,Little-Leaf Tick-Clover,,,woods; sandy,asserted,native,655,"Diggs, Lipscomb & O'Kennon 1999, p. 655"
Desmodium,glutinosum,species,,Desmodium glutinosum,,,,prairie; streamside; rocky-limestone; sandy,asserted,native,71,"Diggs, Lipscomb & O'Kennon 1999, p. 71"
Desmodium,marilandicum,species,,Desmodium marilandicum,Maryland Tick-Clover,,,woods,asserted,native,655,"Diggs, Lipscomb & O'Kennon 1999, p. 655"
Desmodium,nuttallii,species,,Desmodium nuttallii,Nuttall’s Tick-Clover,,,woods; sandy,asserted,native,655,"Diggs, Lipscomb & O'Kennon 1999, p. 655"
Desmodium,obtusum,species,,Desmodium obtusum,,,,,asserted,native,655,"Diggs, Lipscomb & O'Kennon 1999, p. 655"
Desmodium,paniculatum,species,,Desmodium paniculatum,Panicled Tick-Clover,,,woods,asserted,native,656,"Diggs, Lipscomb & O'Kennon 1999, p. 656"
Desmodium,pauciflorum,species,,Desmodium pauciflorum,Few-Flower Tick-Clover,,,woods,asserted,native,656,"Diggs, Lipscomb & O'Kennon 1999, p. 656"
Desmodium,psilophyllum,species,,Desmodium psilophyllum,Wright’s Tick-Clover; Simpleleaf Tick-Clover,,,streamside; rocky-limestone,asserted,native,656,"Diggs, Lipscomb & O'Kennon 1999, p. 656"
Desmodium,sessilifolium,species,,Desmodium sessilifolium,,,,,asserted,native,656,"Diggs, Lipscomb & O'Kennon 1999, p. 656"
Desmodium,tweedyi,species,,Desmodium tweedyi,Tweedy’s Tick-Clover,,,prairie; rocky-limestone,asserted,native,656,"Diggs, Lipscomb & O'Kennon 1999, p. 656"
Desmodium,viridiflorum,species,,Desmodium viridiflorum,Velvet-Leaf Tick-Clover,,,woods,asserted,native,656,"Diggs, Lipscomb & O'Kennon 1999, p. 656"
Dianthus,armeria,species,,Dianthus armeria,Deptford Pink,grass,,disturbed-ground,asserted,introduced,518,"Diggs, Lipscomb & O'Kennon 1999, p. 518"
Dianthus,barbatus,species,,Dianthus barbatus,Sweet-William,,,disturbed-ground,asserted,introduced,518,"Diggs, Lipscomb & O'Kennon 1999, p. 518"
Diarrhena,americana,species,,Diarrhena americana,American Beakgrain,,,,review,,1260,"Diggs, Lipscomb & O'Kennon 1999, p. 1260"
Diarrhena,obovata,species,,Diarrhena obovata,,,,woods,asserted,native,1262,"Diggs, Lipscomb & O'Kennon 1999, p. 1262"
Dichanthium,annulatum,species,,Dichanthium annulatum,Kleberg Bluestem,,perennial,disturbed-ground,asserted,introduced,1262,"Diggs, Lipscomb & O'Kennon 1999, p. 1262"
Dichondra,carolinensis,species,,Dichondra carolinensis,,,,sandy,asserted,native,552,"Diggs, Lipscomb & O'Kennon 1999, p. 552"
Dichondra,recurvata,species,,Dichondra recurvata,,,perennial,streamside; disturbed-ground,asserted,native,552,"Diggs, Lipscomb & O'Kennon 1999, p. 552"
Dicliptera,brachiata,species,,Dicliptera brachiata,False Mint,herb,perennial,streamside,asserted,native,212,"Diggs, Lipscomb & O'Kennon 1999, p. 212"
Digitaria,californica,species,,Digitaria californica,California Cottontop; Arizona Cottontop,,perennial,disturbed-ground,asserted,native,1263,"Diggs, Lipscomb & O'Kennon 1999, p. 1263"
Digitaria,ciliaris,species,,Digitaria ciliaris,Southern Crab Grass,,annual,,asserted,introduced,1263,"Diggs, Lipscomb & O'Kennon 1999, p. 1263"
Digitaria,cognata,species,,Digitaria cognata,,,,woods; rocky-limestone; sandy; disturbed-ground,asserted,native,1263,"Diggs, Lipscomb & O'Kennon 1999, p. 1263"
Digitaria,cognata,subspecies,pubiflora,Digitaria cognata subsp. pubiflora,Western Witch Grass,,,,asserted,native,1263,"Diggs, Lipscomb & O'Kennon 1999, p. 1263"
Digitaria,filiformis,species,,Digitaria filiformis,Slender Crab Grass; Slender Finger Grass,,annual,woods; sandy; disturbed-ground,asserted,native,1263,"Diggs, Lipscomb & O'Kennon 1999, p. 1263"
Digitaria,ischaemum,species,,Digitaria ischaemum,Smooth Crab Grass,,annual,woods,asserted,introduced,1264,"Diggs, Lipscomb & O'Kennon 1999, p. 1264"
Digitaria,sanguinalis,species,,Digitaria sanguinalis,Hairy Crab Grass; Large Crab Grass,,annual,,asserted,introduced,1264,"Diggs, Lipscomb & O'Kennon 1999, p. 1264"
Digitaria,villosa,species,,Digitaria villosa,Shaggy Crab Grass,,annual,rocky-limestone; sandy; disturbed-ground,asserted,native,1264,"Diggs, Lipscomb & O'Kennon 1999, p. 1264"
Diodia,teres,species,,Diodia teres,Poor-Joe; Buttonweed,,annual,woods; sandy; disturbed-ground,asserted,native,962,"Diggs, Lipscomb & O'Kennon 1999, p. 962"
Diodia,virginiana,species,,Diodia virginiana,Virginia Buttonweed; Large Buttonweed,,perennial,wetland; streamside,asserted,native,962,"Diggs, Lipscomb & O'Kennon 1999, p. 962"
Dioscorea,quaternata,species,,Dioscorea quaternata,,,,woods,asserted,native,1165,"Diggs, Lipscomb & O'Kennon 1999, p. 1165"
Dioscorea,villosa,species,,Dioscorea villosa,Wild Yam; Atlantic Yam; Colicroot,,,woods,asserted,native,1165,"Diggs, Lipscomb & O'Kennon 1999, p. 1165"
Diospyros,texana,species,,Diospyros texana,Texas Persimmon; Mexican Persimmon; Black Persimmon; Chapote Persimmon,tree,,woods; streamside; rocky-limestone,asserted,native,579,"Diggs, Lipscomb & O'Kennon 1999, p. 579"
Diospyros,virginiana,species,,Diospyros virginiana,Common Persimmon; Eastern Persimmon,shrub,,woods; disturbed-ground,asserted,native,579,"Diggs, Lipscomb & O'Kennon 1999, p. 579"
Diplotaxis,muralis,species,,Diplotaxis muralis,Stinking Wallrocket; Sandrocket; Wallrocket,,annual,rocky-limestone,asserted,introduced,466,"Diggs, Lipscomb & O'Kennon 1999, p. 466"
Distichlis,spicata,species,,Distichlis spicata,Salt Grass; Spicate Salt Grass; Inland Salt Grass; Desert Salt Grass; Coastal Salt Grass; Spike Grass; Alkali Grass,,perennial,wetland,asserted,native,1264,"Diggs, Lipscomb & O'Kennon 1999, p. 1264"
Ditaxis,aphoroides,species,,Ditaxis aphoroides,Hill Country Wild Mercury; Shrubby Ditaxis,,,rocky-limestone; sandy,asserted,native,602,"Diggs, Lipscomb & O'Kennon 1999, p. 602"
Ditaxis,humilis,variety,humilis,Ditaxis humilis var. humilis,Low Wild Mercury; Low Ditaxis,,,prairie; rocky-limestone; disturbed-ground,asserted,native,602,"Diggs, Lipscomb & O'Kennon 1999, p. 602"
Ditaxis,humilis,variety,laevis,Ditaxis humilis var. laevis,,,,,asserted,native,602,"Diggs, Lipscomb & O'Kennon 1999, p. 602"
Ditaxis,humilis,variety,leiosperma,Ditaxis humilis var. leiosperma,,,,,asserted,native,602,"Diggs, Lipscomb & O'Kennon 1999, p. 602"
Ditaxis,mercurialina,species,,Ditaxis mercurialina,Tall Wild Mercury; Tall Ditaxis,,,prairie; rocky-limestone; sandy,asserted,native,604,"Diggs, Lipscomb & O'Kennon 1999, p. 604"
Dodecatheon,meadia,species,,Dodecatheon meadia,Common Shootingstar; American Cowslip,herb,perennial,prairie; disturbed-ground,asserted,native,913,"Diggs, Lipscomb & O'Kennon 1999, p. 913"
Draba,brachycarpa,species,,Draba brachycarpa,Short-Pod Draba,,,woods; sandy; disturbed-ground,asserted,native,466,"Diggs, Lipscomb & O'Kennon 1999, p. 466"
Draba,cuneifolia,species,,Draba cuneifolia,Wedge-Leaf Draba; Whitlow-Wort,,,sandy,asserted,native,468,"Diggs, Lipscomb & O'Kennon 1999, p. 468"
Draba,platycarpa,species,,Draba platycarpa,Broad-Pod Draba,,,prairie; rocky-limestone; sandy; disturbed-ground,asserted,native,468,"Diggs, Lipscomb & O'Kennon 1999, p. 468"
Draba,reptans,species,,Draba reptans,Carolina Draba,,,woods; prairie; rocky-limestone; sandy; disturbed-ground,asserted,native,468,"Diggs, Lipscomb & O'Kennon 1999, p. 468"
Dracopis,amplexicaulis,species,,Dracopis amplexicaulis,Clasping Coneflower; Clasping-Leaf Coneflower; Black-Eyed-Susan; Coneflower,herb,annual,disturbed-ground,asserted,native,346,"Diggs, Lipscomb & O'Kennon 1999, p. 346"
Drosera,brevifolia,species,,Drosera brevifolia,Annual Sundew,herb,,woods; wetland; sandy,asserted,native,578,"Diggs, Lipscomb & O'Kennon 1999, p. 578"
Duchesnea,indica,species,,Duchesnea indica,Indian Mock Strawberry; Yellow-Strawberry,herb,perennial,streamside; disturbed-ground,asserted,introduced,944,"Diggs, Lipscomb & O'Kennon 1999, p. 944"
Dyschoriste,linearis,species,,Dyschoriste linearis,Narrow-Leaf Snakeherb; Narrow-Leaf Dyschoriste; Snakeherb,herb,perennial,rocky-limestone; sandy,asserted,native,213,"Diggs, Lipscomb & O'Kennon 1999, p. 213"
Dysodiopsis,tagetoides,species,,Dysodiopsis tagetoides,Marigold Dogweed,,annual,,asserted,native,346,"Diggs, Lipscomb & O'Kennon 1999, p. 346"
Echinacea,angustifolia,species,,Echinacea angustifolia,Blacksamson,,,prairie; rocky-limestone; sandy,asserted,native,347,"Diggs, Lipscomb & O'Kennon 1999, p. 347"
Echinacea,atrorubens,species,,Echinacea atrorubens,,,,streamside; rocky-limestone,asserted,native,347,"Diggs, Lipscomb & O'Kennon 1999, p. 347"
Echinacea,pallida,species,,Echinacea pallida,Pale Echinacea,,,woods; prairie; sandy,asserted,native,347,"Diggs, Lipscomb & O'Kennon 1999, p. 347"
Echinacea,purpurea,species,,Echinacea purpurea,,,,disturbed-ground,asserted,native,347,"Diggs, Lipscomb & O'Kennon 1999, p. 347"
Echinacea,sanguinea,species,,Echinacea sanguinea,,,,,asserted,native,347,"Diggs, Lipscomb & O'Kennon 1999, p. 347"
Echinocactus,texensis,species,,Echinocactus texensis,Horsecrippler; Devil’s-Head Cactus; Devil’s-Pincushion; Manca Caballo,,,rocky-limestone; sandy,asserted,native,486,"Diggs, Lipscomb & O'Kennon 1999, p. 486"
Echinocereus,coccineus,variety,paucispinus,Echinocereus coccineus var. paucispinus,Claret-Cup Cactus; Red-Flower Hedgehog,,,wetland; rocky-limestone,asserted,native,486,"Diggs, Lipscomb & O'Kennon 1999, p. 486"
Echinocereus,reichenbachii,species,,Echinocereus reichenbachii,Lace Cactus; White Lace Cactus; Brown Lace Cactus; Hedgehog Cactus,,,rocky-limestone; sandy,asserted,native,486,"Diggs, Lipscomb & O'Kennon 1999, p. 486"
Echinochloa,colona,species,,Echinochloa colona,Jungle-Rice; Shama-Millet,,,disturbed-ground,asserted,introduced,1266,"Diggs, Lipscomb & O'Kennon 1999, p. 1266"
Echinochloa,crus-galli,species,,Echinochloa crus-galli,Barnyard Grass,grass,,disturbed-ground,asserted,introduced,1266,"Diggs, Lipscomb & O'Kennon 1999, p. 1266"
Echinochloa,crus-pavonis,variety,macera,Echinochloa crus-pavonis var. macera,,,,disturbed-ground,asserted,native,1266,"Diggs, Lipscomb & O'Kennon 1999, p. 1266"
Echinochloa,muricata,species,,Echinochloa muricata,,,,,asserted,native,1266,"Diggs, Lipscomb & O'Kennon 1999, p. 1266"
Echinochloa,muricata,variety,microstachya,Echinochloa muricata var. microstachya,,,,,asserted,native,1266,"Diggs, Lipscomb & O'Kennon 1999, p. 1266"
Echinochloa,walteri,species,,Echinochloa walteri,,,,prairie,asserted,native,1266,"Diggs, Lipscomb & O'Kennon 1999, p. 1266"
Echinodorus,berteroi,species,,Echinodorus berteroi,Burhead; Erect Burhead,,annual,,asserted,native,1087,"Diggs, Lipscomb & O'Kennon 1999, p. 1087"
Echinodorus,cordifolius,subspecies,fluitans,Echinodorus cordifolius subsp. fluitans,Creeping Burhead,,annual,streamside,asserted,native,1087,"Diggs, Lipscomb & O'Kennon 1999, p. 1087"
Echium,vulgare,species,,Echium vulgare,Blueweed; Bluedevil; Viper’s-Bugloss,herb,biennial,disturbed-ground,asserted,introduced,448,"Diggs, Lipscomb & O'Kennon 1999, p. 448"
Eclipta,prostrata,species,,Eclipta prostrata,Pieplant; Yerba De Tago,,annual,streamside,asserted,native,347,"Diggs, Lipscomb & O'Kennon 1999, p. 347"
Egeria,densa,species,,Egeria densa,Waterweed,,perennial,streamside,asserted,introduced,1168,"Diggs, Lipscomb & O'Kennon 1999, p. 1168"
Eichhornia,crassipes,species,,Eichhornia crassipes,Common Water-Hyacinth,,,woods; streamside; disturbed-ground,asserted,introduced,1339,"Diggs, Lipscomb & O'Kennon 1999, p. 1339"
Elaeagnus,angustifolia,species,,Elaeagnus angustifolia,,,,disturbed-ground,asserted,introduced,580,"Diggs, Lipscomb & O'Kennon 1999, p. 580"
Elaeagnus,pungens,species,,Elaeagnus pungens,Thorny Elaeagnus,shrub,,streamside; disturbed-ground,asserted,introduced,579,"Diggs, Lipscomb & O'Kennon 1999, p. 579"
Elatine,brachysperma,species,,Elatine brachysperma,Short-Seed Waterwort,,,,asserted,native,580,"Diggs, Lipscomb & O'Kennon 1999, p. 580"
Elatine,triandra,species,,Elatine triandra,American Waterwort,,,,asserted,native,581,"Diggs, Lipscomb & O'Kennon 1999, p. 581"
Eleocharis,acicularis,species,,Eleocharis acicularis,Reverchon’s Spike-Rush; Needle Spike-Rush,,perennial,,asserted,native,1146,"Diggs, Lipscomb & O'Kennon 1999, p. 1146"
Eleocharis,acutisquamata,species,,Eleocharis acutisquamata,Sharp-Scale Spike-Rush,,perennial,prairie; streamside,asserted,native,1146,"Diggs, Lipscomb & O'Kennon 1999, p. 1146"
Eleocharis,baldwinii,species,,Eleocharis baldwinii,,,annual,,asserted,native,1146,"Diggs, Lipscomb & O'Kennon 1999, p. 1146"
Eleocharis,cellulosa,species,,Eleocharis cellulosa,Gulfcoast Spike-Rush,,perennial,,asserted,native,1146,"Diggs, Lipscomb & O'Kennon 1999, p. 1146"
Eleocharis,compressa,species,,Eleocharis compressa,Compressed Spike-Rush,,perennial,,asserted,native,1146,"Diggs, Lipscomb & O'Kennon 1999, p. 1146"
Eleocharis,engelmannii,species,,Eleocharis engelmannii,Engelman’s Spike-Rush,,,,asserted,native,1146,"Diggs, Lipscomb & O'Kennon 1999, p. 1146"
Eleocharis,flavescens,species,,Eleocharis flavescens,Pale Spike-Rush,,perennial,,asserted,native,1146,"Diggs, Lipscomb & O'Kennon 1999, p. 1146"
Eleocharis,geniculata,species,,Eleocharis geniculata,,,,,asserted,native,1147,"Diggs, Lipscomb & O'Kennon 1999, p. 1147"
Eleocharis,lanceolata,species,,Eleocharis lanceolata,Lance-Spike Spike-Rush,,annual,streamside; sandy,asserted,native,1147,"Diggs, Lipscomb & O'Kennon 1999, p. 1147"
Eleocharis,microcarpa,species,,Eleocharis microcarpa,Small-Seed Spike -Rush,,annual,streamside,asserted,native,1147,"Diggs, Lipscomb & O'Kennon 1999, p. 1147"
Eleocharis,montevidensis,species,,Eleocharis montevidensis,,,,sandy,asserted,native,1147,"Diggs, Lipscomb & O'Kennon 1999, p. 1147"
Eleocharis,obtusa,species,,Eleocharis obtusa,Blunt Spike-Rush,,annual,streamside; sandy,asserted,native,1147,"Diggs, Lipscomb & O'Kennon 1999, p. 1147"
Eleocharis,palustris,species,,Eleocharis palustris,Large-Spike Spike-Rush; Creeping Spikerush,,perennial,,asserted,native,1147,"Diggs, Lipscomb & O'Kennon 1999, p. 1147"
Eleocharis,parvula,species,,Eleocharis parvula,Dwarf Spikerush,,,,asserted,native,1148,"Diggs, Lipscomb & O'Kennon 1999, p. 1148"
Eleocharis,quadrangulata,species,,Eleocharis quadrangulata,Square-Stem Spike-Rush,,perennial,streamside,asserted,native,1148,"Diggs, Lipscomb & O'Kennon 1999, p. 1148"
Elephantopus,carolinianus,species,,Elephantopus carolinianus,Leafy Elephantopus,herb,perennial,prairie; disturbed-ground,review,,348,"Diggs, Lipscomb & O'Kennon 1999, p. 348"
Eleusine,indica,species,,Eleusine indica,Goose Grass; Yard Grass; Zacate Guaima,,annual,disturbed-ground,asserted,introduced,1268,"Diggs, Lipscomb & O'Kennon 1999, p. 1268"
Ellisia,nyctelea,species,,Ellisia nyctelea,Aunt Lucy; Waterpod,,annual,streamside,asserted,native,740,"Diggs, Lipscomb & O'Kennon 1999, p. 740"
Elymus,canadensis,species,,Elymus canadensis,Canada Wild Rye; Nodding Wild Rye,,,woods; rocky-limestone; sandy,asserted,native,1268,"Diggs, Lipscomb & O'Kennon 1999, p. 1268"
Elymus,virginicus,species,,Elymus virginicus,Virginia Wild Rye,,,,asserted,native,1268,"Diggs, Lipscomb & O'Kennon 1999, p. 1268"
Engelmannia,peristenia,species,,Engelmannia peristenia,Engelmann’s Daisy; Cutleaf Daisy,,perennial,prairie; rocky-limestone; sandy; disturbed-ground,asserted,native,348,"Diggs, Lipscomb & O'Kennon 1999, p. 348"
Enteropogon,chlorideus,species,,Enteropogon chlorideus,,,,,asserted,native,1258,"Diggs, Lipscomb & O'Kennon 1999, p. 1258"
Ephedra,antisyphilitica,species,,Ephedra antisyphilitica,Joint-Fir; Clapweed; Popote; Tepopote; Cañatilla,,,rocky-limestone,asserted,native,208,"Diggs, Lipscomb & O'Kennon 1999, p. 208"
Ephedra,pedunculata,species,,Ephedra pedunculata,Vine Joint -Fir; Comida De Víbora; Clapweed,vine,,rocky-limestone; sandy,asserted,native,208,"Diggs, Lipscomb & O'Kennon 1999, p. 208"
Epipactis,gigantea,species,,Epipactis gigantea,Giant Helleborine; Stream-Orchis; Stream Epipactis; Chatterbox,,,woods; streamside,asserted,native,1215,"Diggs, Lipscomb & O'Kennon 1999, p. 1215"
Equisetum,hyemale,subspecies,affine,Equisetum hyemale subsp. affine,Tall Scouring-Rush; American Scouring -Rush; Common Scouring -Rush; Great Scouringrush; Cañuela,,,,asserted,native,176,"Diggs, Lipscomb & O'Kennon 1999, p. 176"
Equisetum,laevigatum,species,,Equisetum laevigatum,Smooth Horsetail; Smooth Scouring-Rush; Braun’s Scouring-Rush; Kansas Horsetail; Kansas Scouring-Rush; Summer Scouring-Rush; Cola De Caballo; Cañuela,,,,asserted,native,178,"Diggs, Lipscomb & O'Kennon 1999, p. 178"
Eragrostis,barrelieri,species,,Eragrostis barrelieri,Mediterranean Love Grass,,annual,disturbed-ground,asserted,introduced,1270,"Diggs, Lipscomb & O'Kennon 1999, p. 1270"
Eragrostis,cilianensis,species,,Eragrostis cilianensis,Stink Grass,,annual,disturbed-ground,asserted,introduced,1270,"Diggs, Lipscomb & O'Kennon 1999, p. 1270"
Eragrostis,curtipedicellata,species,,Eragrostis curtipedicellata,Gummy Love Grass; Short-Stalked Love Grass,,perennial,woods; sandy; disturbed-ground,asserted,native,1270,"Diggs, Lipscomb & O'Kennon 1999, p. 1270"
Eragrostis,curvula,species,,Eragrostis curvula,Weeping Love Grass,,perennial,sandy; disturbed-ground,asserted,introduced,1270,"Diggs, Lipscomb & O'Kennon 1999, p. 1270"
Eragrostis,hirsuta,species,,Eragrostis hirsuta,Big-Top Love Grass; Stout Love Grass,,perennial,woods; streamside; sandy,asserted,native,1270,"Diggs, Lipscomb & O'Kennon 1999, p. 1270"
Eragrostis,hypnoides,species,,Eragrostis hypnoides,Teal Love Grass; Smooth Creeping Love Grass,,annual,streamside; sandy,asserted,native,1270,"Diggs, Lipscomb & O'Kennon 1999, p. 1270"
Eragrostis,intermedia,species,,Eragrostis intermedia,Plains Love Grass,,perennial,woods; sandy,asserted,native,1270,"Diggs, Lipscomb & O'Kennon 1999, p. 1270"
Eragrostis,pectinacea,species,,Eragrostis pectinacea,,,annual,sandy; disturbed-ground,asserted,native,1272,"Diggs, Lipscomb & O'Kennon 1999, p. 1272"
Eragrostis,pectinacea,variety,miserrima,Eragrostis pectinacea var. miserrima,,,,,asserted,native,1272,"Diggs, Lipscomb & O'Kennon 1999, p. 1272"
Eragrostis,pilosa,species,,Eragrostis pilosa,India Love Grass,grass,annual,sandy; disturbed-ground,asserted,introduced,1272,"Diggs, Lipscomb & O'Kennon 1999, p. 1272"
Eragrostis,reptans,species,,Eragrostis reptans,Creeping Love Grass,,annual,streamside,asserted,native,1272,"Diggs, Lipscomb & O'Kennon 1999, p. 1272"
Eragrostis,secundiflora,subspecies,oxylepis,Eragrostis secundiflora subsp. oxylepis,Red Love Grass,grass,perennial,woods; rocky-limestone; sandy,asserted,native,1272,"Diggs, Lipscomb & O'Kennon 1999, p. 1272"
Eragrostis,sessilispica,species,,Eragrostis sessilispica,Tumble Love Grass,,perennial,prairie; sandy,asserted,native,1272,"Diggs, Lipscomb & O'Kennon 1999, p. 1272"
Eragrostis,spectabilis,species,,Eragrostis spectabilis,Purple Love Grass,,perennial,sandy; disturbed-ground,asserted,native,1272,"Diggs, Lipscomb & O'Kennon 1999, p. 1272"
Eragrostis,superba,species,,Eragrostis superba,Wilmann’s Love Grass,grass,perennial,,asserted,introduced,1272,"Diggs, Lipscomb & O'Kennon 1999, p. 1272"
Eragrostis,trichodes,species,,Eragrostis trichodes,Sand Love Grass,grass,perennial,woods; prairie; sandy,asserted,native,1274,"Diggs, Lipscomb & O'Kennon 1999, p. 1274"
Erechtites,hieraciifolia,species,,Erechtites hieraciifolia,American Burnweed; Fireweed,herb,annual,streamside,asserted,native,348,"Diggs, Lipscomb & O'Kennon 1999, p. 348"
Ericaulon,kornickianum,species,,Ericaulon kornickianum,,grass,,streamside; disturbed-ground,asserted,native,1166,"Diggs, Lipscomb & O'Kennon 1999, p. 1166"
Erigeron,annuus,species,,Erigeron annuus,Annual Fleabane,,annual,prairie,asserted,native,350,"Diggs, Lipscomb & O'Kennon 1999, p. 350"
Erigeron,geiseri,species,,Erigeron geiseri,Basin Fleabane,,,prairie; sandy,asserted,native,350,"Diggs, Lipscomb & O'Kennon 1999, p. 350"
Erigeron,modestus,species,,Erigeron modestus,Plains Fleabane,,perennial,rocky-limestone,asserted,native,350,"Diggs, Lipscomb & O'Kennon 1999, p. 350"
Erigeron,philadelphicus,species,,Erigeron philadelphicus,Philadelphia Fleabane,,perennial,prairie; streamside,asserted,native,352,"Diggs, Lipscomb & O'Kennon 1999, p. 352"
Erigeron,strigosus,species,,Erigeron strigosus,,,biennial,woods; prairie; streamside; disturbed-ground,asserted,native,352,"Diggs, Lipscomb & O'Kennon 1999, p. 352"
Erigeron,strigosus,variety,beyrichii,Erigeron strigosus var. beyrichii,,,,,asserted,native,352,"Diggs, Lipscomb & O'Kennon 1999, p. 352"
Erigeron,tenuis,species,,Erigeron tenuis,Slender Fleabane,,annual,woods; sandy; disturbed-ground,asserted,native,352,"Diggs, Lipscomb & O'Kennon 1999, p. 352"
Eriocaulon,aquaticum,species,,Eriocaulon aquaticum,,,,,asserted,native,1166,"Diggs, Lipscomb & O'Kennon 1999, p. 1166"
Eriocaulon,decangulare,species,,Eriocaulon decangulare,Ten-Angle Pipewort; Pipewort,,,wetland; streamside,asserted,native,1166,"Diggs, Lipscomb & O'Kennon 1999, p. 1166"
Eriocaulon,texense,species,,Eriocaulon texense,Texas Pipewort; Pipewort,,,prairie; wetland,asserted,native,1166,"Diggs, Lipscomb & O'Kennon 1999, p. 1166"
Eriochloa,contracta,species,,Eriochloa contracta,Prairie Cup Grass,,,disturbed-ground,asserted,native,1274,"Diggs, Lipscomb & O'Kennon 1999, p. 1274"
Eriochloa,sericea,species,,Eriochloa sericea,Texas Cup Grass; Silky Cup Grass,,,prairie,asserted,native,1274,"Diggs, Lipscomb & O'Kennon 1999, p. 1274"
Eriogonum,annuum,species,,Eriogonum annuum,Annual Wild Buckwheat,,annual,disturbed-ground,asserted,native,899,"Diggs, Lipscomb & O'Kennon 1999, p. 899"
Eriogonum,longifolium,species,,Eriogonum longifolium,Long-Leaf Wild Buckwheat,herb,perennial,sandy,asserted,native,899,"Diggs, Lipscomb & O'Kennon 1999, p. 899"
Eriogonum,multiflorum,species,,Eriogonum multiflorum,Heart-Sepal Wild Buckwheat,herb,annual,sandy,asserted,native,899,"Diggs, Lipscomb & O'Kennon 1999, p. 899"
Erioneuron,pilosum,species,,Erioneuron pilosum,Hairy Tridens; Hairy Erioneuron,,perennial,prairie; disturbed-ground,asserted,native,1274,"Diggs, Lipscomb & O'Kennon 1999, p. 1274"
Erodium,cicutarium,species,,Erodium cicutarium,Filaree; Pin-Clover; California Filaree; Alfilaria; Alfilerillo,,,disturbed-ground,asserted,introduced,730,"Diggs, Lipscomb & O'Kennon 1999, p. 730"
Erodium,texanum,species,,Erodium texanum,Texas Filaree; Heronbill,,annual,prairie; rocky-limestone; sandy; disturbed-ground,asserted,native,730,"Diggs, Lipscomb & O'Kennon 1999, p. 730"
Erucastrum,gallicum,species,,Erucastrum gallicum,Rocketsalad; Rocketweed; Dog-Mustard,,annual,disturbed-ground,asserted,introduced,468,"Diggs, Lipscomb & O'Kennon 1999, p. 468"
Eryngium,diffusum,species,,Eryngium diffusum,Bushy Eryngo; Diffuse Eryngo,,annual,sandy,asserted,native,252,"Diggs, Lipscomb & O'Kennon 1999, p. 252"
Eryngium,hookeri,species,,Eryngium hookeri,Hooker’s Eryngo,,annual,prairie; rocky-limestone,asserted,native,252,"Diggs, Lipscomb & O'Kennon 1999, p. 252"
Eryngium,integrifolium,species,,Eryngium integrifolium,Simple-Leaf Eryngo,,perennial,,asserted,native,252,"Diggs, Lipscomb & O'Kennon 1999, p. 252"
Eryngium,leavenworthii,species,,Eryngium leavenworthii,Leavenworth’s Eryngo,,annual,prairie,asserted,native,252,"Diggs, Lipscomb & O'Kennon 1999, p. 252"
Eryngium,prostratum,species,,Eryngium prostratum,,,perennial,streamside; rocky-limestone,asserted,native,252,"Diggs, Lipscomb & O'Kennon 1999, p. 252"
Eryngium,yuccifolium,species,,Eryngium yuccifolium,Rattlesnake-Master; Button Snakeroot; Bristle-Leaf Eryngo,,perennial,prairie,asserted,native,252,"Diggs, Lipscomb & O'Kennon 1999, p. 252"
Erysimum,asperum,species,,Erysimum asperum,Western Wallflower,,perennial,prairie; rocky-limestone,asserted,native,468,"Diggs, Lipscomb & O'Kennon 1999, p. 468"
Erysimum,capitatum,species,,Erysimum capitatum,Plains Erysimum; Western Wallflower; Prairie-Rocket,,biennial,streamside; rocky-limestone,asserted,native,468,"Diggs, Lipscomb & O'Kennon 1999, p. 468"
Erysimum,repandum,species,,Erysimum repandum,Spreading Erysimum; Bushy Wallflower,,annual,disturbed-ground,asserted,introduced,468,"Diggs, Lipscomb & O'Kennon 1999, p. 468"
Erythrina,herbacea,species,,Erythrina herbacea,Coral-Bean; Eastern Coral-Bean; Cherokeebean,subshrub,,woods; sandy; disturbed-ground,review,,658,"Diggs, Lipscomb & O'Kennon 1999, p. 658"
Erythronium,albidum,species,,Erythronium albidum,White Dog-Tooth-Violet; White Fawn-Lily; Trout-Lily,,,woods; streamside,asserted,native,1201,"Diggs, Lipscomb & O'Kennon 1999, p. 1201"
Erythronium,mesochoreum,species,,Erythronium mesochoreum,,,,woods; prairie,asserted,native,1201,"Diggs, Lipscomb & O'Kennon 1999, p. 1201"
Escobaria,missouriensis,species,,Escobaria missouriensis,Plains Nipple Cactus,,,,asserted,native,488,"Diggs, Lipscomb & O'Kennon 1999, p. 488"
Escobaria,missouriensis,variety,robustior,Escobaria missouriensis var. robustior,,,,,asserted,native,488,"Diggs, Lipscomb & O'Kennon 1999, p. 488"
Escobaria,missouriensis,variety,similis,Escobaria missouriensis var. similis,,,,,asserted,native,488,"Diggs, Lipscomb & O'Kennon 1999, p. 488"
Escobaria,vivipara,variety,radiosa,Escobaria vivipara var. radiosa,,,,woods; rocky-limestone,asserted,native,488,"Diggs, Lipscomb & O'Kennon 1999, p. 488"
Eupatorium,altissimum,species,,Eupatorium altissimum,Tall Eupatorium; Tall Thoroughwort,,perennial,prairie,asserted,native,353,"Diggs, Lipscomb & O'Kennon 1999, p. 353"
Eupatorium,capillifolium,species,,Eupatorium capillifolium,Dogfennel; Dogfennel Eupatorium; Cypressweed,,perennial,sandy; disturbed-ground,asserted,native,353,"Diggs, Lipscomb & O'Kennon 1999, p. 353"
Eupatorium,coelestinum,species,,Eupatorium coelestinum,Mistflower; Blue Boneset,,perennial,sandy,asserted,native,353,"Diggs, Lipscomb & O'Kennon 1999, p. 353"
Eupatorium,havanense,species,,Eupatorium havanense,Shrubby Boneset,shrub,,rocky-limestone,review,,353,"Diggs, Lipscomb & O'Kennon 1999, p. 353"
Eupatorium,incarnatum,species,,Eupatorium incarnatum,Pink Eupatorium; Pink Boneset,,perennial,woods; rocky-limestone,asserted,native,354,"Diggs, Lipscomb & O'Kennon 1999, p. 354"
Eupatorium,perfoliatum,species,,Eupatorium perfoliatum,Boneset; Thoroughwort; Agueweed,,perennial,streamside; sandy,asserted,native,354,"Diggs, Lipscomb & O'Kennon 1999, p. 354"
Eupatorium,rugosum,species,,Eupatorium rugosum,White Snakeroot; Snakeroot; Richweed; Fallpoison,,perennial,woods; streamside,asserted,native,354,"Diggs, Lipscomb & O'Kennon 1999, p. 354"
Eupatorium,serotinum,species,,Eupatorium serotinum,Late Eupatorium; Late-Flowering Thoroughwort; Fall Boneset,,,disturbed-ground,asserted,native,354,"Diggs, Lipscomb & O'Kennon 1999, p. 354"
Euphorbia,bicolor,species,,Euphorbia bicolor,Snow-On-The-Prairie,,annual,prairie; disturbed-ground,asserted,native,606,"Diggs, Lipscomb & O'Kennon 1999, p. 606"
Euphorbia,corollata,species,,Euphorbia corollata,Flowering Spurge; Tramp’s Spurge,,perennial,,asserted,native,606,"Diggs, Lipscomb & O'Kennon 1999, p. 606"
Euphorbia,cyathophora,species,,Euphorbia cyathophora,Wild Poinsettia; Fire-On -The-Mountain; Painted Euphorbia; Painted Spurge; Paintedleaf,,annual,streamside,asserted,native,606,"Diggs, Lipscomb & O'Kennon 1999, p. 606"
Euphorbia,davidii,species,,Euphorbia davidii,,,,disturbed-ground,asserted,native,606,"Diggs, Lipscomb & O'Kennon 1999, p. 606"
Euphorbia,dentata,species,,Euphorbia dentata,Toothed Spurge,,annual,streamside; disturbed-ground,asserted,native,608,"Diggs, Lipscomb & O'Kennon 1999, p. 608"
Euphorbia,hexagona,species,,Euphorbia hexagona,Green Spurge; Six-Angle Euphorbia,,annual,streamside; sandy,asserted,native,608,"Diggs, Lipscomb & O'Kennon 1999, p. 608"
Euphorbia,longicruris,species,,Euphorbia longicruris,Wedge-Leaf Euphorbia,,,rocky-limestone,asserted,native,608,"Diggs, Lipscomb & O'Kennon 1999, p. 608"
Euphorbia,marginata,species,,Euphorbia marginata,Snow-On-The-Mountain,,annual,streamside; disturbed-ground,asserted,native,608,"Diggs, Lipscomb & O'Kennon 1999, p. 608"
Euphorbia,roemeriana,species,,Euphorbia roemeriana,Roemer’s Spurge; Roemer’s Euphorbia,,annual,,asserted,native,608,"Diggs, Lipscomb & O'Kennon 1999, p. 608"
Euphorbia,spathulata,species,,Euphorbia spathulata,Warty Euphorbia,,annual,prairie; disturbed-ground,asserted,native,608,"Diggs, Lipscomb & O'Kennon 1999, p. 608"
Euphorbia,supina,species,,Euphorbia supina,,,,,asserted,native,596,"Diggs, Lipscomb & O'Kennon 1999, p. 596"
Euphorbia,tetrapora,species,,Euphorbia tetrapora,Weak Euphorbia,,,woods; sandy; disturbed-ground,asserted,native,610,"Diggs, Lipscomb & O'Kennon 1999, p. 610"
Eurytaenia,texana,species,,Eurytaenia texana,Texas Spreadwing,,annual,rocky-limestone; sandy,asserted,native,254,"Diggs, Lipscomb & O'Kennon 1999, p. 254"
Eustachys,retusa,species,,Eustachys retusa,,,perennial,rocky-limestone; disturbed-ground,asserted,introduced,1276,"Diggs, Lipscomb & O'Kennon 1999, p. 1276"
Eustoma,russellianum,species,,Eustoma russellianum,Bluebell Gentian; Bluebells; Texas Bluebells; Showy Prairie Gentian; Lira De San Pedro; Purple Prairie Gentian,,annual,prairie; disturbed-ground,asserted,native,727,"Diggs, Lipscomb & O'Kennon 1999, p. 727"
Evax,candida,species,,Evax candida,Silver Evax,,,woods; prairie; rocky-limestone; sandy; disturbed-ground,asserted,native,356,"Diggs, Lipscomb & O'Kennon 1999, p. 356"
Evax,prolifera,species,,Evax prolifera,Big-Head Evax,,,prairie; rocky-limestone,asserted,native,356,"Diggs, Lipscomb & O'Kennon 1999, p. 356"
Evax,verna,species,,Evax verna,Many-Stem Evax,,,rocky-limestone; sandy,asserted,native,356,"Diggs, Lipscomb & O'Kennon 1999, p. 356"
Evolvulus,nuttallianus,species,,Evolvulus nuttallianus,Hairy Evolvulus; Nuttall’s Evolvulus; Shaggy Evolvulus; Dwarf-Morning-Glory,,,rocky-limestone; sandy,asserted,native,552,"Diggs, Lipscomb & O'Kennon 1999, p. 552"
Evolvulus,sericeus,species,,Evolvulus sericeus,Silky Evolvulus,,,woods; rocky-limestone; sandy; disturbed-ground,asserted,native,554,"Diggs, Lipscomb & O'Kennon 1999, p. 554"
Evonymus,atropurpurea,species,,Evonymus atropurpurea,,shrub,,woods; streamside; rocky-limestone,asserted,native,528,"Diggs, Lipscomb & O'Kennon 1999, p. 528"
Evonymus,atropurpurea,variety,atropurpurea,Evonymus atropurpurea var. atropurpurea,Wahoo; Eastern Wahoo; Burning-Bush; Indian Arrow-Wood; Spindletree,,,,asserted,native,528,"Diggs, Lipscomb & O'Kennon 1999, p. 528"
Evonymus,atropurpurea,variety,cheatumii,Evonymus atropurpurea var. cheatumii,,,,streamside,asserted,native,75,"Diggs, Lipscomb & O'Kennon 1999, p. 75"
Eysenhardtia,texana,species,,Eysenhardtia texana,Texas Kidneywood; Vara Dulce,shrub,,woods; rocky-limestone,asserted,native,658,"Diggs, Lipscomb & O'Kennon 1999, p. 658"
Facelis,retusa,species,,Facelis retusa,,herb,annual,disturbed-ground,asserted,introduced,356,"Diggs, Lipscomb & O'Kennon 1999, p. 356"
Fatoua,villosa,species,,Fatoua villosa,Mulberry-Weed; Hairy Crabweed,,annual,,asserted,introduced,828,"Diggs, Lipscomb & O'Kennon 1999, p. 828"
Festuca,arundinacea,species,,Festuca arundinacea,Tall Fescue; Alta Fescue,,perennial,prairie; disturbed-ground,asserted,introduced,1276,"Diggs, Lipscomb & O'Kennon 1999, p. 1276"
Festuca,subverticillata,species,,Festuca subverticillata,Nodding Fescue,,perennial,woods,asserted,native,1276,"Diggs, Lipscomb & O'Kennon 1999, p. 1276"
Ficus,carica,species,,Ficus carica,Common Fig; Higuera; Fig Tree,shrub,,disturbed-ground,asserted,introduced,830,"Diggs, Lipscomb & O'Kennon 1999, p. 830"
Ficus,pumila,species,,Ficus pumila,Creeping Fig; Climbing Fig; Creeping Rubber-Plant,,,disturbed-ground,review,,830,"Diggs, Lipscomb & O'Kennon 1999, p. 830"
Fimbristylis,annua,species,,Fimbristylis annua,,,annual,,asserted,native,1148,"Diggs, Lipscomb & O'Kennon 1999, p. 1148"
Fimbristylis,autumnalis,species,,Fimbristylis autumnalis,Slender Fimbristylis,,annual,sandy,asserted,native,1148,"Diggs, Lipscomb & O'Kennon 1999, p. 1148"
Fimbristylis,miliacea,species,,Fimbristylis miliacea,Globe Fimbristylis,,annual,streamside; sandy,asserted,introduced,1150,"Diggs, Lipscomb & O'Kennon 1999, p. 1150"
Fimbristylis,puberula,species,,Fimbristylis puberula,,,perennial,woods; prairie; sandy,asserted,native,1150,"Diggs, Lipscomb & O'Kennon 1999, p. 1150"
Fimbristylis,puberula,variety,interior,Fimbristylis puberula var. interior,,,,,asserted,native,1150,"Diggs, Lipscomb & O'Kennon 1999, p. 1150"
Fimbristylis,vahlii,species,,Fimbristylis vahlii,Vahl’s Fimbristylis,,,streamside; disturbed-ground,asserted,native,1150,"Diggs, Lipscomb & O'Kennon 1999, p. 1150"
Firmiana,simplex,species,,Firmiana simplex,Chinese Parasol-Tree; Chinese Bottletree; Japanese Varnishtree; Phoenixtree,tree,,streamside; disturbed-ground,asserted,introduced,1032,"Diggs, Lipscomb & O'Kennon 1999, p. 1032"
Foeniculum,vulgare,species,,Foeniculum vulgare,Common Fennel,,biennial,disturbed-ground,asserted,introduced,254,"Diggs, Lipscomb & O'Kennon 1999, p. 254"
Forestiera,acuminata,species,,Forestiera acuminata,Swamp-Privet; Texas Adelia,shrub,,woods,asserted,native,848,"Diggs, Lipscomb & O'Kennon 1999, p. 848"
Forestiera,pubescens,species,,Forestiera pubescens,Spring-Herald; Herald-Of-Spring Devil’s-Elbow; Elbow-Bush; Stretch-Berry; Chaparral,shrub,,prairie; rocky-limestone,asserted,native,848,"Diggs, Lipscomb & O'Kennon 1999, p. 848"
Forestiera,pubescens,variety,glabrifolia,Forestiera pubescens var. glabrifolia,Smooth-Leaf Forestiera; Evergreen Forestiera,,,prairie,asserted,native,848,"Diggs, Lipscomb & O'Kennon 1999, p. 848"
Fragaria,virginiana,subspecies,grayana,Fragaria virginiana subsp. grayana,Virginia Strawberry; Wild Strawberry,herb,perennial,prairie; disturbed-ground,review,,944,"Diggs, Lipscomb & O'Kennon 1999, p. 944"
Frangula,caroliniana,species,,Frangula caroliniana,Carolina Buckthorn; Indian-Cherry; Yellowwood; Polecat-Tree,tree,,streamside,asserted,native,933,"Diggs, Lipscomb & O'Kennon 1999, p. 933"
Fraxinus,americana,species,,Fraxinus americana,White Ash; Fresno,tree,,woods; streamside,asserted,native,849,"Diggs, Lipscomb & O'Kennon 1999, p. 849"
Fraxinus,pennsylvanica,species,,Fraxinus pennsylvanica,Green Ash; Red Ash,tree,,woods; streamside,asserted,native,849,"Diggs, Lipscomb & O'Kennon 1999, p. 849"
Fraxinus,texensis,species,,Fraxinus texensis,Texas White Ash; Texas Ash,tree,,rocky-limestone,asserted,native,849,"Diggs, Lipscomb & O'Kennon 1999, p. 849"
Froelichia,drummondii,species,,Froelichia drummondii,,,,,asserted,native,227,"Diggs, Lipscomb & O'Kennon 1999, p. 227"
Froelichia,floridana,species,,Froelichia floridana,Field Snake-Cotton,,,sandy; disturbed-ground,asserted,native,227,"Diggs, Lipscomb & O'Kennon 1999, p. 227"
Froelichia,gracilis,species,,Froelichia gracilis,Slender Snake-Cotton,,,sandy,asserted,native,227,"Diggs, Lipscomb & O'Kennon 1999, p. 227"
Fuirena,breviseta,species,,Fuirena breviseta,,,,,asserted,native,1152,"Diggs, Lipscomb & O'Kennon 1999, p. 1152"
Fuirena,bushii,species,,Fuirena bushii,,,,streamside; sandy,asserted,native,1152,"Diggs, Lipscomb & O'Kennon 1999, p. 1152"
Fuirena,simplex,species,,Fuirena simplex,Umbrella Sedge; Western Umbrella-Grass,,,,asserted,native,1152,"Diggs, Lipscomb & O'Kennon 1999, p. 1152"
Fuirena,simplex,variety,aristulata,Fuirena simplex var. aristulata,,,,,asserted,native,1152,"Diggs, Lipscomb & O'Kennon 1999, p. 1152"
Fuirena,squarrosa,species,,Fuirena squarrosa,,,,rocky-limestone; sandy,asserted,native,1152,"Diggs, Lipscomb & O'Kennon 1999, p. 1152"
Fumaria,officinalis,species,,Fumaria officinalis,Drug Fumitory; Common Fumitory,,annual,disturbed-ground,asserted,introduced,722,"Diggs, Lipscomb & O'Kennon 1999, p. 722"
Funastrum,crispum,species,,Funastrum crispum,Wavy-Leaf Twinevine; Wavy-Leaf Milkweedvine,vine,,rocky-limestone,asserted,native,283,"Diggs, Lipscomb & O'Kennon 1999, p. 283"
Funastrum,cynanchoides,species,,Funastrum cynanchoides,Climbingmilkweed; Twinevine; White Twinevine,vine,,rocky-limestone; sandy,asserted,native,283,"Diggs, Lipscomb & O'Kennon 1999, p. 283"
Gaillardia,aestivalis,species,,Gaillardia aestivalis,Prairie Gaillardia,,annual,woods; prairie; sandy; disturbed-ground,asserted,native,358,"Diggs, Lipscomb & O'Kennon 1999, p. 358"
Gaillardia,aestivalis,variety,flavovirens,Gaillardia aestivalis var. flavovirens,Yellow Indian Blanket,,,,asserted,native,358,"Diggs, Lipscomb & O'Kennon 1999, p. 358"
Gaillardia,pulchella,species,,Gaillardia pulchella,Indian-Blanket; Fire-Wheels; Rose-Ring Gaillardia,,annual,prairie; disturbed-ground,asserted,native,358,"Diggs, Lipscomb & O'Kennon 1999, p. 358"
Gaillardia,suavis,species,,Gaillardia suavis,Rayless Gaillardia; Fragrant Gaillardia; Globe-Flower; Perfume -Ball,,perennial,prairie; rocky-limestone; sandy; disturbed-ground,asserted,native,359,"Diggs, Lipscomb & O'Kennon 1999, p. 359"
Galactia,canescens,species,,Galactia canescens,Hoary Milk-Pea,,,streamside; sandy,asserted,native,660,"Diggs, Lipscomb & O'Kennon 1999, p. 660"
Galactia,heterophylla,species,,Galactia heterophylla,,,,,asserted,native,660,"Diggs, Lipscomb & O'Kennon 1999, p. 660"
Galactia,volubilis,species,,Galactia volubilis,Downy Milk-Pea,,,woods,asserted,native,660,"Diggs, Lipscomb & O'Kennon 1999, p. 660"
Galanthus,nivalis,species,,Galanthus nivalis,,,,,asserted,introduced,1206,"Diggs, Lipscomb & O'Kennon 1999, p. 1206"
Galium,aparine,species,,Galium aparine,Cleavers; Catchweed Bedstraw; Goosegrass Cleavers; Sweethearts,,annual,,asserted,native,964,"Diggs, Lipscomb & O'Kennon 1999, p. 964"
Galium,circaezans,species,,Galium circaezans,Woods Bedstraw; Cross-Clover; Wild Licorice,,perennial,woods; rocky-limestone; sandy,asserted,native,964,"Diggs, Lipscomb & O'Kennon 1999, p. 964"
Galium,obtusum,species,,Galium obtusum,Blunt-Leaf Bedstraw,,annual,woods; sandy,asserted,native,964,"Diggs, Lipscomb & O'Kennon 1999, p. 964"
Galium,pilosum,species,,Galium pilosum,Hairy Bedstraw,,perennial,woods; sandy,asserted,native,964,"Diggs, Lipscomb & O'Kennon 1999, p. 964"
Galium,texense,species,,Galium texense,Texas Bedstraw,tree,annual,rocky-limestone,asserted,native,966,"Diggs, Lipscomb & O'Kennon 1999, p. 966"
Galium,tinctorium,species,,Galium tinctorium,Dye Bedstraw; Stiff Marsh Bedstraw,,perennial,wetland; rocky-limestone,asserted,native,966,"Diggs, Lipscomb & O'Kennon 1999, p. 966"
Galium,triflorum,species,,Galium triflorum,Fragrant Bedstraw; Sweet-Scented Bedstraw,,perennial,woods; sandy,asserted,native,966,"Diggs, Lipscomb & O'Kennon 1999, p. 966"
Galium,virgatum,species,,Galium virgatum,Southwest Bedstraw,,annual,disturbed-ground,asserted,native,966,"Diggs, Lipscomb & O'Kennon 1999, p. 966"
Gamochaeta,falcata,species,,Gamochaeta falcata,,,annual,rocky-limestone; sandy,asserted,introduced,359,"Diggs, Lipscomb & O'Kennon 1999, p. 359"
Gamochaeta,pensylvanica,species,,Gamochaeta pensylvanica,Cudweed,,annual,woods; sandy; disturbed-ground,asserted,native,359,"Diggs, Lipscomb & O'Kennon 1999, p. 359"
Gamochaeta,purpurea,species,,Gamochaeta purpurea,Purple Cudweed,,annual,woods; sandy; disturbed-ground,asserted,native,359,"Diggs, Lipscomb & O'Kennon 1999, p. 359"
Garrya,ovata,subspecies,lindheimeri,Garrya ovata subsp. lindheimeri,Lindheimer’s Silktassel; Mexican Silktassel,shrub,,woods; rocky-limestone,asserted,native,723,"Diggs, Lipscomb & O'Kennon 1999, p. 723"
Garrya,ovata,variety,lindheimeri,Garrya ovata var. lindheimeri,,,,,asserted,native,70,"Diggs, Lipscomb & O'Kennon 1999, p. 70"
Gaura,brachycarpa,species,,Gaura brachycarpa,Plains Gaura,,annual,sandy,asserted,native,856,"Diggs, Lipscomb & O'Kennon 1999, p. 856"
Gaura,coccinea,species,,Gaura coccinea,Scarlet Gaura; Willow-Herb Gaura; Smooth Gaura; Wild Honeysuckle; Bee-Blossom,,perennial,prairie; rocky-limestone; sandy,asserted,native,856,"Diggs, Lipscomb & O'Kennon 1999, p. 856"
Gaura,drummondii,species,,Gaura drummondii,Sweet Gaura; Scented Gaura,,perennial,rocky-limestone; sandy,asserted,native,856,"Diggs, Lipscomb & O'Kennon 1999, p. 856"
Gaura,lindheimeri,species,,Gaura lindheimeri,White Gaura; Munz Gaura,,perennial,prairie; disturbed-ground,asserted,native,856,"Diggs, Lipscomb & O'Kennon 1999, p. 856"
Gaura,longiflora,species,,Gaura longiflora,Tall Gaura; Kearney’s Gaura,,annual,disturbed-ground,asserted,native,856,"Diggs, Lipscomb & O'Kennon 1999, p. 856"
Gaura,parviflora,species,,Gaura parviflora,Lizard-Tail Gaura; Velvet-Leaf Gaura; Small-Flower Gaura; Downy Gaura,,annual,streamside; disturbed-ground,asserted,native,856,"Diggs, Lipscomb & O'Kennon 1999, p. 856"
Gaura,sinuata,species,,Gaura sinuata,Wavy-Leaf Gaura,,perennial,prairie; rocky-limestone; sandy; disturbed-ground,asserted,native,856,"Diggs, Lipscomb & O'Kennon 1999, p. 856"
Gaura,suffulta,species,,Gaura suffulta,Roadside Gaura; Wild Honeysuckle; Bee-Blossom; Kisses,,annual,prairie; disturbed-ground,asserted,native,856,"Diggs, Lipscomb & O'Kennon 1999, p. 856"
Gaura,triangulata,species,,Gaura triangulata,,,annual,sandy,asserted,native,858,"Diggs, Lipscomb & O'Kennon 1999, p. 858"
Gaura,villosa,species,,Gaura villosa,Woolly Gaura,,perennial,sandy,asserted,native,858,"Diggs, Lipscomb & O'Kennon 1999, p. 858"
Gelsemium,sempervirens,species,,Gelsemium sempervirens,Carolina Jessamine; Poor -Man ’s -Rope; Evening Trumpet-Flower; Yellow Jessamine,vine,perennial,,asserted,native,798,"Diggs, Lipscomb & O'Kennon 1999, p. 798"
Geranium,carolinianum,species,,Geranium carolinianum,Crane’s-Bill; Carolina Crane’s-Bill; Carolina Geranium,,annual,woods; disturbed-ground,asserted,native,732,"Diggs, Lipscomb & O'Kennon 1999, p. 732"
Geranium,dissectum,species,,Geranium dissectum,,,annual,disturbed-ground,asserted,introduced,732,"Diggs, Lipscomb & O'Kennon 1999, p. 732"
Geranium,texanum,species,,Geranium texanum,Texas Geranium,,annual,prairie; disturbed-ground,asserted,native,732,"Diggs, Lipscomb & O'Kennon 1999, p. 732"
Geum,canadense,species,,Geum canadense,White Avens,herb,perennial,woods,asserted,native,944,"Diggs, Lipscomb & O'Kennon 1999, p. 944"
Geum,canadense,variety,camporum,Geum canadense var. camporum,,,,,asserted,native,946,"Diggs, Lipscomb & O'Kennon 1999, p. 946"
Geum,canadense,variety,texanum,Geum canadense var. texanum,,,,,asserted,native,946,"Diggs, Lipscomb & O'Kennon 1999, p. 946"
Gilia,incisa,species,,Gilia incisa,Split-Leaf Gilia,,annual,rocky-limestone; sandy,asserted,native,890,"Diggs, Lipscomb & O'Kennon 1999, p. 890"
Gilia,rigidula,species,,Gilia rigidula,,,perennial,prairie; rocky-limestone; sandy,asserted,native,890,"Diggs, Lipscomb & O'Kennon 1999, p. 890"
Gilia,rigidula,subspecies,acerosa,Gilia rigidula subsp. acerosa,,,,,asserted,native,890,"Diggs, Lipscomb & O'Kennon 1999, p. 890"
Gilia,rigidula,subspecies,rigidula,Gilia rigidula subsp. rigidula,Prick-Leaf Gilia,,,,asserted,native,890,"Diggs, Lipscomb & O'Kennon 1999, p. 890"
Glandularia,bipinnatifida,species,,Glandularia bipinnatifida,Dakota Vervain; Prairie Verbena; Prairie Vervain; Sweet-William; Small-Flower Vervain; Common Vervain; Wild Vervain; Ragweed Vervain; Western Pink Vervain; Western Pink Verbena; Moradilla,,perennial,disturbed-ground,asserted,native,1050,"Diggs, Lipscomb & O'Kennon 1999, p. 1050"
Glandularia,canadensis,species,,Glandularia canadensis,Rose Vervain,,perennial,woods; streamside; rocky-limestone; sandy; disturbed-ground,asserted,native,1050,"Diggs, Lipscomb & O'Kennon 1999, p. 1050"
Glandularia,pumila,species,,Glandularia pumila,Pink Vervain; Pink Verbena; Hairy Verbena; Wild Verbena,,annual,sandy,asserted,native,1052,"Diggs, Lipscomb & O'Kennon 1999, p. 1052"
Glandularia,quadrangulata,species,,Glandularia quadrangulata,,shrub,perennial,,review,,1052,"Diggs, Lipscomb & O'Kennon 1999, p. 1052"
Glaucium,corniculatum,species,,Glaucium corniculatum,Red Horned-Poppy,herb,annual,,asserted,introduced,876,"Diggs, Lipscomb & O'Kennon 1999, p. 876"
Glechoma,hederacea,species,,Glechoma hederacea,Ground-Ivy; Gill-Over-Theground; Runaway-Robin,herb,perennial,,asserted,introduced,756,"Diggs, Lipscomb & O'Kennon 1999, p. 756"
Gleditsia,aquatica,species,,Gleditsia aquatica,Water Honey-Locust; Water-Locust,,,woods; wetland; streamside,asserted,native,660,"Diggs, Lipscomb & O'Kennon 1999, p. 660"
Gleditsia,triacanthos,species,,Gleditsia triacanthos,Common Honey-Locust; Honeyshuck,,,streamside; sandy; disturbed-ground,asserted,native,660,"Diggs, Lipscomb & O'Kennon 1999, p. 660"
Glinus,lotoides,species,,Glinus lotoides,,,,streamside,asserted,introduced,827,"Diggs, Lipscomb & O'Kennon 1999, p. 827"
Glinus,radiatus,species,,Glinus radiatus,,,,wetland; sandy,asserted,introduced,827,"Diggs, Lipscomb & O'Kennon 1999, p. 827"
Glottidium,vesicarium,species,,Glottidium vesicarium,Bladderpod; Bagpod,herb,annual,,asserted,native,662,"Diggs, Lipscomb & O'Kennon 1999, p. 662"
Glyceria,arkansana,species,,Glyceria arkansana,Arkansas Manna Grass,,,streamside,asserted,native,1277,"Diggs, Lipscomb & O'Kennon 1999, p. 1277"
Glyceria,striata,species,,Glyceria striata,Fowl Manna Grass; Nerved Manna Grass,,,streamside,asserted,native,1277,"Diggs, Lipscomb & O'Kennon 1999, p. 1277"
Glycine,max,species,,Glycine max,Soy-Bean; Soya-Bean,herb,annual,disturbed-ground,review,,662,"Diggs, Lipscomb & O'Kennon 1999, p. 662"
Gomphrena,globosa,species,,Gomphrena globosa,Common Globe-Amaranth,,annual,disturbed-ground,asserted,introduced,228,"Diggs, Lipscomb & O'Kennon 1999, p. 228"
Gomphrena,haageana,species,,Gomphrena haageana,,,perennial,disturbed-ground,review,,228,"Diggs, Lipscomb & O'Kennon 1999, p. 228"
Gossypianthus,lanuginosus,species,,Gossypianthus lanuginosus,,herb,perennial,rocky-limestone; sandy; disturbed-ground,asserted,native,228,"Diggs, Lipscomb & O'Kennon 1999, p. 228"
Gossypianthus,lanuginosus,variety,lanuginosus,Gossypianthus lanuginosus var. lanuginosus,Woolly Cotton-Flower,,,,asserted,native,228,"Diggs, Lipscomb & O'Kennon 1999, p. 228"
Gossypianthus,lanuginosus,variety,tenuiflorus,Gossypianthus lanuginosus var. tenuiflorus,Lance-Leaf Cotton-Flower,,,,asserted,native,228,"Diggs, Lipscomb & O'Kennon 1999, p. 228"
Gossypium,hirsutum,species,,Gossypium hirsutum,Upland Cotton; Cotton Belt Cotton; West Indian Cotton; Algodón,,annual,prairie; disturbed-ground,asserted,introduced,808,"Diggs, Lipscomb & O'Kennon 1999, p. 808"
Gratiola,flava,species,,Gratiola flava,Golden Hedge-Hyssop,,annual,prairie; sandy; disturbed-ground,asserted,native,1000,"Diggs, Lipscomb & O'Kennon 1999, p. 1000"
Gratiola,neglecta,species,,Gratiola neglecta,Yellow-Seed Hedge-Hyssop,,annual,,asserted,native,1000,"Diggs, Lipscomb & O'Kennon 1999, p. 1000"
Gratiola,pilosa,species,,Gratiola pilosa,Shaggy Hedge-Hyssop; Hairy Hedge-Hyssop,,perennial,,asserted,native,1000,"Diggs, Lipscomb & O'Kennon 1999, p. 1000"
Gratiola,virginiana,species,,Gratiola virginiana,Virginia Hedge-Hyssop,,annual,,asserted,native,1000,"Diggs, Lipscomb & O'Kennon 1999, p. 1000"
Grindelia,adenodonta,species,,Grindelia adenodonta,Little-Head Gumweed; Glandtooth Gumweed,,annual,,asserted,native,360,"Diggs, Lipscomb & O'Kennon 1999, p. 360"
Grindelia,lanceolata,species,,Grindelia lanceolata,Gulf Gumweed,,biennial,,asserted,native,360,"Diggs, Lipscomb & O'Kennon 1999, p. 360"
Grindelia,nuda,species,,Grindelia nuda,Rayless Gumweed,,annual,woods; disturbed-ground,asserted,native,360,"Diggs, Lipscomb & O'Kennon 1999, p. 360"
Grindelia,papposa,species,,Grindelia papposa,Saw-Leaf Daisy; Goldenweed,,annual,disturbed-ground,asserted,native,362,"Diggs, Lipscomb & O'Kennon 1999, p. 362"
Grindelia,squarrosa,species,,Grindelia squarrosa,Curly-Cup Gumweed,,annual,disturbed-ground,asserted,native,362,"Diggs, Lipscomb & O'Kennon 1999, p. 362"
Guajacum,angustifolium,species,,Guajacum angustifolium,Guayacán; Soapbush,shrub,,,asserted,native,1074,"Diggs, Lipscomb & O'Kennon 1999, p. 1074"
Guterrezia,texana,species,,Guterrezia texana,Texas Broomweed; Kindling-Weed,,,disturbed-ground,asserted,native,365,"Diggs, Lipscomb & O'Kennon 1999, p. 365"
Gutierrezia,amoena,species,,Gutierrezia amoena,,,annual,prairie; rocky-limestone,asserted,native,364,"Diggs, Lipscomb & O'Kennon 1999, p. 364"
Gutierrezia,dracunculoides,species,,Gutierrezia dracunculoides,Common Broomweed,,,sandy; disturbed-ground,asserted,native,364,"Diggs, Lipscomb & O'Kennon 1999, p. 364"
Gutierrezia,microcephala,species,,Gutierrezia microcephala,Thread-Leaf Snakeweed,subshrub,,rocky-limestone; sandy,asserted,native,364,"Diggs, Lipscomb & O'Kennon 1999, p. 364"
Gutierrezia,sarothrae,species,,Gutierrezia sarothrae,Broom Snakeweed; Perennial Broomweed; Matchweed; Matchbrush; Kindling -Weed; Yerba De Víbora; Turpentine-Weed; Escoba De La Víbora,subshrub,,disturbed-ground,asserted,native,365,"Diggs, Lipscomb & O'Kennon 1999, p. 365"
Gutierrezia,sphaerocephala,species,,Gutierrezia sphaerocephala,Round -Head Broomweed; Roundleaf,,,disturbed-ground,asserted,native,365,"Diggs, Lipscomb & O'Kennon 1999, p. 365"
Gymnocladus,dioicus,species,,Gymnocladus dioicus,Kentucky Coffee Tree,tree,,woods; disturbed-ground,review,,663,"Diggs, Lipscomb & O'Kennon 1999, p. 663"
Gymnopogon,ambiguus,species,,Gymnopogon ambiguus,Bearded Skeleton Grass,,perennial,sandy,asserted,native,1277,"Diggs, Lipscomb & O'Kennon 1999, p. 1277"
Habenaria,repens,species,,Habenaria repens,Water Spider Orchid; Creeping Orchid; Nuttall’s Habenaria,,,streamside,asserted,native,1215,"Diggs, Lipscomb & O'Kennon 1999, p. 1215"
Habranthus,tubispathus,species,,Habranthus tubispathus,Atamosco-Lily; Stagger-Grass,,,,asserted,introduced,1201,"Diggs, Lipscomb & O'Kennon 1999, p. 1201"
Hedeoma,acinoides,species,,Hedeoma acinoides,Slender Hedeoma,,annual,rocky-limestone,asserted,native,758,"Diggs, Lipscomb & O'Kennon 1999, p. 758"
Hedeoma,drummondii,species,,Hedeoma drummondii,Drummond’s Hedeoma; Drummond’s False Pennyroyal,,annual,disturbed-ground,asserted,native,758,"Diggs, Lipscomb & O'Kennon 1999, p. 758"
Hedeoma,hispida,species,,Hedeoma hispida,Rough Hedeoma; Rough False Pennyroyal,,annual,prairie; sandy,asserted,native,758,"Diggs, Lipscomb & O'Kennon 1999, p. 758"
Hedeoma,reverchonii,species,,Hedeoma reverchonii,Reverchon’s False Pennyroyal; Rock Hedeoma,,perennial,,asserted,native,758,"Diggs, Lipscomb & O'Kennon 1999, p. 758"
Hedeoma,reverchonii,variety,reverchonii,Hedeoma reverchonii var. reverchonii,Rock Hedeoma,,,prairie,asserted,native,758,"Diggs, Lipscomb & O'Kennon 1999, p. 758"
Hedeoma,reverchonii,variety,serpyllifolium,Hedeoma reverchonii var. serpyllifolium,,,,,asserted,native,758,"Diggs, Lipscomb & O'Kennon 1999, p. 758"
Hedera,helix,species,,Hedera helix,English-Ivy,vine,,disturbed-ground,review,,272,"Diggs, Lipscomb & O'Kennon 1999, p. 272"
Hedyotis,nigricans,species,,Hedyotis nigricans,,sedge,,prairie,asserted,native,55,"Diggs, Lipscomb & O'Kennon 1999, p. 55"
Hedypnois,cretica,species,,Hedypnois cretica,,,annual,rocky-limestone; sandy; disturbed-ground,asserted,introduced,365,"Diggs, Lipscomb & O'Kennon 1999, p. 365"
Helenium,amarum,species,,Helenium amarum,,,annual,woods; disturbed-ground,asserted,native,366,"Diggs, Lipscomb & O'Kennon 1999, p. 366"
Helenium,amarum,variety,amarum,Helenium amarum var. amarum,Bitterweed,,,,asserted,native,366,"Diggs, Lipscomb & O'Kennon 1999, p. 366"
Helenium,amarum,variety,badium,Helenium amarum var. badium,Basin Sneezeweed,,,,asserted,native,366,"Diggs, Lipscomb & O'Kennon 1999, p. 366"
Helenium,autumnale,species,,Helenium autumnale,Common Sneezeweed; Tall Sneezeweed; Staggerwort; Swamp-Sunflower,,,,asserted,native,366,"Diggs, Lipscomb & O'Kennon 1999, p. 366"
Helenium,elegans,species,,Helenium elegans,,,,streamside; rocky-limestone,asserted,native,368,"Diggs, Lipscomb & O'Kennon 1999, p. 368"
Helenium,microcephalum,species,,Helenium microcephalum,Small-Head Sneezeweed; Small Sneezeweed; Sneezeweed,,,streamside; sandy; disturbed-ground,asserted,native,368,"Diggs, Lipscomb & O'Kennon 1999, p. 368"
Helianthemum,georgianum,species,,Helianthemum georgianum,Georgia Sun-Rose; Georgia Rock-Rose; Hoary Sun-Rose,,,woods; sandy; disturbed-ground,asserted,native,543,"Diggs, Lipscomb & O'Kennon 1999, p. 543"
Helianthemum,rosmarinifolium,species,,Helianthemum rosmarinifolium,Rosemary Sun-Rose,,,woods; sandy,asserted,native,543,"Diggs, Lipscomb & O'Kennon 1999, p. 543"
Helianthus,annuus,species,,Helianthus annuus,Common Sunflower; Mirasol,,,streamside; disturbed-ground,asserted,native,369,"Diggs, Lipscomb & O'Kennon 1999, p. 369"
Helianthus,ciliaris,species,,Helianthus ciliaris,Blue-Weed Sunflower; Blueweed; Texas Blueweed,,perennial,sandy,asserted,native,369,"Diggs, Lipscomb & O'Kennon 1999, p. 369"
Helianthus,debilis,subspecies,cucumerifolius,Helianthus debilis subsp. cucumerifolius,Cucumber-Leaf Sunflower,,,sandy,asserted,native,369,"Diggs, Lipscomb & O'Kennon 1999, p. 369"
Helianthus,grosseserratus,species,,Helianthus grosseserratus,Saw-Tooth Sunflower,,,streamside,asserted,native,369,"Diggs, Lipscomb & O'Kennon 1999, p. 369"
Helianthus,hirsutus,species,,Helianthus hirsutus,Hairy Sunflower; Stiff-Hair Sunflower,,,woods; sandy,asserted,native,370,"Diggs, Lipscomb & O'Kennon 1999, p. 370"
Helianthus,maximiliani,species,,Helianthus maximiliani,Maximilian Sunflower; Michaelmas Daisy,,perennial,prairie; disturbed-ground,asserted,native,370,"Diggs, Lipscomb & O'Kennon 1999, p. 370"
Helianthus,mollis,species,,Helianthus mollis,Ashy Sunflower; Hairy Sunflower; Downy Sunflower,,perennial,sandy,asserted,native,370,"Diggs, Lipscomb & O'Kennon 1999, p. 370"
Helianthus,pauciflorus,species,,Helianthus pauciflorus,Stiff Sunflower,,perennial,woods; prairie; sandy,asserted,native,370,"Diggs, Lipscomb & O'Kennon 1999, p. 370"
Helianthus,petiolaris,species,,Helianthus petiolaris,Plains Sunflower; Prairie Sunflower,,,prairie; rocky-limestone; sandy,asserted,native,370,"Diggs, Lipscomb & O'Kennon 1999, p. 370"
Helianthus,salicifolius,species,,Helianthus salicifolius,Willow-Leaf Sunflower,,perennial,prairie,asserted,native,370,"Diggs, Lipscomb & O'Kennon 1999, p. 370"
Helianthus,simulans,species,,Helianthus simulans,,,perennial,,asserted,native,370,"Diggs, Lipscomb & O'Kennon 1999, p. 370"
Helianthus,tuberosus,species,,Helianthus tuberosus,Jerusalem-Artichoke; Girasole,,,disturbed-ground,asserted,native,370,"Diggs, Lipscomb & O'Kennon 1999, p. 370"
Heliotropium,amplexicaule,species,,Heliotropium amplexicaule,Violet Heliotrope,,perennial,disturbed-ground,asserted,introduced,448,"Diggs, Lipscomb & O'Kennon 1999, p. 448"
Heliotropium,convolvulaceum,species,,Heliotropium convolvulaceum,,,annual,sandy,asserted,native,448,"Diggs, Lipscomb & O'Kennon 1999, p. 448"
Heliotropium,curassavicum,species,,Heliotropium curassavicum,Salt Heliotrope; Chinese-Pulsey; Quailplant; Seaside Heliotrope; Cola De Mico,,perennial,,review,,450,"Diggs, Lipscomb & O'Kennon 1999, p. 450"
Heliotropium,indicum,species,,Heliotropium indicum,India Heliotrope; Turnsole; Alacrancillo,,annual,streamside; disturbed-ground,review,,450,"Diggs, Lipscomb & O'Kennon 1999, p. 450"
Heliotropium,tenellum,species,,Heliotropium tenellum,Pasture Heliotrope,,annual,rocky-limestone,asserted,native,450,"Diggs, Lipscomb & O'Kennon 1999, p. 450"
Hemerocallis,fulva,species,,Hemerocallis fulva,Tawny Day-Lily; Orange Day-Lily,,perennial,disturbed-ground,asserted,introduced,1202,"Diggs, Lipscomb & O'Kennon 1999, p. 1202"
Hemerocallis,lilioasphodelus,species,,Hemerocallis lilioasphodelus,,,,disturbed-ground,asserted,introduced,1202,"Diggs, Lipscomb & O'Kennon 1999, p. 1202"
Herbertia,lahue,subspecies,caerulea,Herbertia lahue subsp. caerulea,,herb,,prairie,asserted,native,1173,"Diggs, Lipscomb & O'Kennon 1999, p. 1173"
Herissantia,crispa,species,,Herissantia crispa,Net-Vein Herissantia,,perennial,rocky-limestone,asserted,native,810,"Diggs, Lipscomb & O'Kennon 1999, p. 810"
Hesperaloe,parviflora,species,,Hesperaloe parviflora,Red -Flowered -Yucca; Red Hesperaloe,,,streamside; rocky-limestone,asserted,native,1079,"Diggs, Lipscomb & O'Kennon 1999, p. 1079"
Heteranthera,dubia,species,,Heteranthera dubia,Grass-Leaf Mud-Plantain; Water Star-Grass,,,streamside,asserted,native,1340,"Diggs, Lipscomb & O'Kennon 1999, p. 1340"
Heteranthera,limosa,species,,Heteranthera limosa,Blue Mud-Plantain,,,,asserted,native,1340,"Diggs, Lipscomb & O'Kennon 1999, p. 1340"
Heterotheca,canescens,species,,Heterotheca canescens,Gray Gold-Aster,,perennial,prairie; sandy,asserted,native,372,"Diggs, Lipscomb & O'Kennon 1999, p. 372"
Heterotheca,stenophylla,species,,Heterotheca stenophylla,Narrow-Leaf Gold-Aster,,perennial,sandy,asserted,native,372,"Diggs, Lipscomb & O'Kennon 1999, p. 372"
Heterotheca,subaxillaris,species,,Heterotheca subaxillaris,Camphorweed; Golden-Aster; Camphor Daisy,,annual,woods; rocky-limestone; sandy; disturbed-ground,asserted,native,372,"Diggs, Lipscomb & O'Kennon 1999, p. 372"
Heuchera,americana,species,,Heuchera americana,Alumroot,,perennial,woods; streamside,asserted,native,986,"Diggs, Lipscomb & O'Kennon 1999, p. 986"
Hexalectris,nitida,species,,Hexalectris nitida,Shining Hexalectris,tree,,,asserted,native,1216,"Diggs, Lipscomb & O'Kennon 1999, p. 1216"
Hexalectris,spicata,species,,Hexalectris spicata,Crested-Coralroot; Brunetta; Buffcrest; Cock’s-Comb; Leafless Orchid,,,,asserted,native,1216,"Diggs, Lipscomb & O'Kennon 1999, p. 1216"
Hexalectris,spicata,variety,arizonica,Hexalectris spicata var. arizonica,,,,woods; rocky-limestone,asserted,native,1216,"Diggs, Lipscomb & O'Kennon 1999, p. 1216"
Hexalectris,warnockii,species,,Hexalectris warnockii,,,,,asserted,native,1218,"Diggs, Lipscomb & O'Kennon 1999, p. 1218"
Hibiscus,laevis,species,,Hibiscus laevis,Halberd-Leaf Rose-Mallow; Scarlet Rose-Mallow; Halberdleaf Hibiscus,,,,asserted,native,810,"Diggs, Lipscomb & O'Kennon 1999, p. 810"
Hibiscus,moscheutos,species,,Hibiscus moscheutos,,,,,asserted,native,810,"Diggs, Lipscomb & O'Kennon 1999, p. 810"
Hibiscus,moscheutos,subspecies,lasiocarpos,Hibiscus moscheutos subsp. lasiocarpos,Woolly Rose-Mallow; Swamp Rose-Mallow; Mallow-Rose; Rose-Mallow,,,,asserted,native,810,"Diggs, Lipscomb & O'Kennon 1999, p. 810"
Hibiscus,syriacus,species,,Hibiscus syriacus,Rose-Of-Sharon; Althaea,,,disturbed-ground,asserted,introduced,812,"Diggs, Lipscomb & O'Kennon 1999, p. 812"
Hibiscus,trionum,species,,Hibiscus trionum,Flower-Of-An-Hour; Venice-Mallow,,,disturbed-ground,review,,812,"Diggs, Lipscomb & O'Kennon 1999, p. 812"
Hieracium,gronovii,species,,Hieracium gronovii,Gronovius’ Hawkweed,herb,perennial,woods; sandy; disturbed-ground,asserted,native,374,"Diggs, Lipscomb & O'Kennon 1999, p. 374"
Hilaria,belangeri,species,,Hilaria belangeri,Common Curlymesquite,,perennial,rocky-limestone,asserted,native,1278,"Diggs, Lipscomb & O'Kennon 1999, p. 1278"
Hoffmannseggia,glauca,species,,Hoffmannseggia glauca,Sickle-Pod Rushpea; Mesquiteweed; Indian Rush-Pea; Hog-Peanut; Hog-Potato; Camote De Ratón,herb,perennial,disturbed-ground,asserted,native,663,"Diggs, Lipscomb & O'Kennon 1999, p. 663"
Hordeum,murinum,subspecies,leporinum,Hordeum murinum subsp. leporinum,Hare Barley,,annual,disturbed-ground,asserted,introduced,1278,"Diggs, Lipscomb & O'Kennon 1999, p. 1278"
Hordeum,pusillum,species,,Hordeum pusillum,Little Barley; Mouse Barley,,annual,disturbed-ground,asserted,native,1278,"Diggs, Lipscomb & O'Kennon 1999, p. 1278"
Hordeum,vulgare,species,,Hordeum vulgare,Barley,,annual,disturbed-ground,asserted,introduced,1278,"Diggs, Lipscomb & O'Kennon 1999, p. 1278"
Houstonia,humifusa,species,,Houstonia humifusa,,,,sandy,asserted,native,967,"Diggs, Lipscomb & O'Kennon 1999, p. 967"
Houstonia,longifolia,species,,Houstonia longifolia,,,perennial,,asserted,native,968,"Diggs, Lipscomb & O'Kennon 1999, p. 968"
Houstonia,micrantha,species,,Houstonia micrantha,Southern Bluets,,,woods; disturbed-ground,asserted,native,967,"Diggs, Lipscomb & O'Kennon 1999, p. 967"
Houstonia,parviflora,species,,Houstonia parviflora,,,,,asserted,native,967,"Diggs, Lipscomb & O'Kennon 1999, p. 967"
Houstonia,pusilla,species,,Houstonia pusilla,Tiny Bluet; Low Bluet; Star-Violet; Small Bluet; Southern Bluet; Innocence; Angel-Eyes; Quaker -Ladies,,,woods; disturbed-ground,asserted,native,967,"Diggs, Lipscomb & O'Kennon 1999, p. 967"
Houstonia,rosea,species,,Houstonia rosea,Rose Bluet,,,woods; disturbed-ground,asserted,native,968,"Diggs, Lipscomb & O'Kennon 1999, p. 968"
Houstonia,subviscosa,species,,Houstonia subviscosa,Nodding Bluet,,,prairie; sandy; disturbed-ground,asserted,native,968,"Diggs, Lipscomb & O'Kennon 1999, p. 968"
Houttuynia,cordata,species,,Houttuynia cordata,,,,,review,,984,"Diggs, Lipscomb & O'Kennon 1999, p. 984"
Hyacinthus,orientalis,species,,Hyacinthus orientalis,Hyacinth; Garden Hyacinth,,perennial,disturbed-ground,asserted,introduced,1202,"Diggs, Lipscomb & O'Kennon 1999, p. 1202"
Hybanthus,verticillatus,species,,Hybanthus verticillatus,Nodding Green-Violet; Whorled Nodviolet,,perennial,prairie; rocky-limestone; disturbed-ground,asserted,native,1061,"Diggs, Lipscomb & O'Kennon 1999, p. 1061"
Hydrilla,verticillata,species,,Hydrilla verticillata,,,perennial,streamside,asserted,introduced,1169,"Diggs, Lipscomb & O'Kennon 1999, p. 1169"
Hydrocotyle,ranunculoides,species,,Hydrocotyle ranunculoides,Floating Water-Pennywort,,,,asserted,native,254,"Diggs, Lipscomb & O'Kennon 1999, p. 254"
Hydrocotyle,umbellata,species,,Hydrocotyle umbellata,Umbrella Water-Pennywort; Ombiligo De Venus,,,,asserted,native,255,"Diggs, Lipscomb & O'Kennon 1999, p. 255"
Hydrocotyle,verticillata,species,,Hydrocotyle verticillata,,,,,asserted,native,255,"Diggs, Lipscomb & O'Kennon 1999, p. 255"
Hydrocotyle,verticillata,variety,triradiata,Hydrocotyle verticillata var. triradiata,,,,,asserted,native,255,"Diggs, Lipscomb & O'Kennon 1999, p. 255"
Hydrolea,ovata,species,,Hydrolea ovata,Hairy Hydrolea,,perennial,streamside; rocky-limestone,asserted,native,740,"Diggs, Lipscomb & O'Kennon 1999, p. 740"
Hymenocallis,caroliniana,species,,Hymenocallis caroliniana,,,,sandy,asserted,native,1202,"Diggs, Lipscomb & O'Kennon 1999, p. 1202"
Hymenocallis,liriosme,species,,Hymenocallis liriosme,Western Spider-Lily; Fragrant Spider-Lily,,,prairie; streamside,asserted,native,1204,"Diggs, Lipscomb & O'Kennon 1999, p. 1204"
Hymenopappus,artemisiifolius,species,,Hymenopappus artemisiifolius,Ragweed Woolly-White; Woolly-White; Wild Cauliflower,,,woods; sandy; disturbed-ground,asserted,native,374,"Diggs, Lipscomb & O'Kennon 1999, p. 374"
Hymenopappus,scabiosaeus,variety,corymbosus,Hymenopappus scabiosaeus var. corymbosus,Old-Plainsman,,,woods; prairie; disturbed-ground,asserted,native,374,"Diggs, Lipscomb & O'Kennon 1999, p. 374"
Hymenopappus,tenuifolius,species,,Hymenopappus tenuifolius,Chalkhill Woolly-White; Woolly-White; Old-Plainsman,,,prairie; rocky-limestone; sandy,asserted,native,375,"Diggs, Lipscomb & O'Kennon 1999, p. 375"
Hymenoxys,odorata,species,,Hymenoxys odorata,Poison Bitterweed; Western Bitterweed; Bitterweed; Bitter Rubberweed,,annual,disturbed-ground,review,,375,"Diggs, Lipscomb & O'Kennon 1999, p. 375"
Hypericum,crux-andreae,species,,Hypericum crux-andreae,St. Peter’s-Wort,shrub,,woods; streamside; rocky-limestone,asserted,native,547,"Diggs, Lipscomb & O'Kennon 1999, p. 547"
Hypericum,drummondii,species,,Hypericum drummondii,Nits-And-Lice; Drummond’s St. John’s-Wort,,annual,woods; sandy; disturbed-ground,asserted,native,547,"Diggs, Lipscomb & O'Kennon 1999, p. 547"
Hypericum,gentianoides,species,,Hypericum gentianoides,Pineweed St. John’s-Wort; Orange-Grass; Pineweed,,annual,sandy,asserted,native,547,"Diggs, Lipscomb & O'Kennon 1999, p. 547"
Hypericum,gymnanthum,species,,Hypericum gymnanthum,Clasping St. John’s-Wort,,perennial,sandy,asserted,native,547,"Diggs, Lipscomb & O'Kennon 1999, p. 547"
Hypericum,hypericoides,species,,Hypericum hypericoides,St. Andrew’s-Cross; St. Peter’s-Wort,shrub,,woods; sandy,asserted,native,547,"Diggs, Lipscomb & O'Kennon 1999, p. 547"
Hypericum,hypericoides,subspecies,multicaule,Hypericum hypericoides subsp. multicaule,,,,,asserted,native,547,"Diggs, Lipscomb & O'Kennon 1999, p. 547"
Hypericum,mutilum,species,,Hypericum mutilum,Dwarf St. John’s-Wort,,annual,streamside,asserted,native,547,"Diggs, Lipscomb & O'Kennon 1999, p. 547"
Hypericum,perforatum,species,,Hypericum perforatum,Common St. John’s-Wort; Klamathweed; Tiptonweed; Goatweed; Eola-Weed; Amber; Rosin-Rose,,perennial,disturbed-ground,asserted,introduced,547,"Diggs, Lipscomb & O'Kennon 1999, p. 547"
Hypericum,pseudomaculatum,species,,Hypericum pseudomaculatum,False Spotted St. John’s-Wort,,perennial,disturbed-ground,asserted,native,548,"Diggs, Lipscomb & O'Kennon 1999, p. 548"
Hypericum,punctatum,species,,Hypericum punctatum,Spotted St. John’s-Wort,,perennial,woods; rocky-limestone,asserted,native,548,"Diggs, Lipscomb & O'Kennon 1999, p. 548"
Hypericum,sphaerocarpum,species,,Hypericum sphaerocarpum,Round -Fruit St. John’s-Wort,,perennial,prairie; streamside,asserted,native,548,"Diggs, Lipscomb & O'Kennon 1999, p. 548"
Hypochaeris,brasiliensis,variety,tweedyi,Hypochaeris brasiliensis var. tweedyi,,,,,asserted,introduced,376,"Diggs, Lipscomb & O'Kennon 1999, p. 376"
Hypochaeris,glabra,species,,Hypochaeris glabra,,,annual,disturbed-ground,asserted,introduced,376,"Diggs, Lipscomb & O'Kennon 1999, p. 376"
Hypochaeris,microcephala,variety,albiflora,Hypochaeris microcephala var. albiflora,,,,,asserted,introduced,376,"Diggs, Lipscomb & O'Kennon 1999, p. 376"
Hypochaeris,radicata,species,,Hypochaeris radicata,,,,,asserted,introduced,376,"Diggs, Lipscomb & O'Kennon 1999, p. 376"
Hypoxis,hirsuta,species,,Hypoxis hirsuta,Yellow Star-Grass; Common Goldstar,grass,perennial,woods; prairie; disturbed-ground,asserted,native,1204,"Diggs, Lipscomb & O'Kennon 1999, p. 1204"
Ibervillea,lindheimeri,species,,Ibervillea lindheimeri,Balsam Gourd; Lindheimer’s Globeberry; Balsam-Apple,,perennial,woods; prairie,asserted,native,569,"Diggs, Lipscomb & O'Kennon 1999, p. 569"
Ilex,decidua,species,,Ilex decidua,Deciduous Holly; Possumhaw; Winterberry; Bearberry; Holly; Meadow Holly; Prairie Holly; Welk Holly,,,disturbed-ground,asserted,native,270,"Diggs, Lipscomb & O'Kennon 1999, p. 270"
Ilex,opaca,species,,Ilex opaca,,,,woods,asserted,native,270,"Diggs, Lipscomb & O'Kennon 1999, p. 270"
Ilex,vomitoria,species,,Ilex vomitoria,Yaupon; Yaupon Holly; Cassine; Cassena; Cassio-Berry Bush; Chocolate Del Indio; Emetic Holly; Evergreen Cassena; Evergreen Holly; Indian Blackdrink; South-Sea-Tea,,,woods; streamside; rocky-limestone; sandy; disturbed-ground,review,,270,"Diggs, Lipscomb & O'Kennon 1999, p. 270"
Impatiens,balsamina,species,,Impatiens balsamina,Garden Balsam; Rose Balsam,,,streamside; disturbed-ground,asserted,introduced,434,"Diggs, Lipscomb & O'Kennon 1999, p. 434"
Impatiens,capensis,species,,Impatiens capensis,Spotted Touch-Me-Not; Jewelweed; Lady’s-Earrings,,,woods; streamside; disturbed-ground,review,,434,"Diggs, Lipscomb & O'Kennon 1999, p. 434"
In,fact,species,,In fact,,,,,asserted,native,1376,"Diggs, Lipscomb & O'Kennon 1999, p. 1376"
In,summary,species,,In summary,,tree,,prairie,asserted,native,51,"Diggs, Lipscomb & O'Kennon 1999, p. 51"
Indigofera,miniata,species,,Indigofera miniata,Scarlet-Pea,,perennial,woods; prairie; rocky-limestone; sandy,asserted,native,664,"Diggs, Lipscomb & O'Kennon 1999, p. 664"
Indigofera,miniata,variety,leptosepala,Indigofera miniata var. leptosepala,Western Scarlet Pea; Western Indigo; Scarlet-Pea,,,,asserted,native,664,"Diggs, Lipscomb & O'Kennon 1999, p. 664"
Indigofera,miniata,variety,miniata,Indigofera miniata var. miniata,Coast Indigo; Scarlet-Pea,,,,asserted,native,664,"Diggs, Lipscomb & O'Kennon 1999, p. 664"
Indigofera,suffruticosa,species,,Indigofera suffruticosa,,,,,asserted,introduced,664,"Diggs, Lipscomb & O'Kennon 1999, p. 664"
Iodanthus,pinnatifidus,species,,Iodanthus pinnatifidus,Purple-Rocket,,perennial,woods,asserted,native,470,"Diggs, Lipscomb & O'Kennon 1999, p. 470"
Ipheion,uniflorum,species,,Ipheion uniflorum,Spring-Star,,perennial,prairie; disturbed-ground,asserted,introduced,1204,"Diggs, Lipscomb & O'Kennon 1999, p. 1204"
Ipomoea,batatas,species,,Ipomoea batatas,Sweet-Potato; Yam,vine,perennial,disturbed-ground,asserted,introduced,555,"Diggs, Lipscomb & O'Kennon 1999, p. 555"
Ipomoea,coccinea,species,,Ipomoea coccinea,Scarlet-Creeper; Scarlet Morning -Glory; Starglory; Red Morning-Glory,vine,annual,disturbed-ground,review,,555,"Diggs, Lipscomb & O'Kennon 1999, p. 555"
Ipomoea,cordatotriloba,species,,Ipomoea cordatotriloba,,vine,perennial,prairie; streamside; disturbed-ground,asserted,native,556,"Diggs, Lipscomb & O'Kennon 1999, p. 556"
Ipomoea,cordatotriloba,variety,cordatotriloba,Ipomoea cordatotriloba var. cordatotriloba,Sharp-Pod Morning-Glory; Wild Morning-Glory; Purple Morning-Glory; Tievine,,,rocky-limestone,asserted,native,556,"Diggs, Lipscomb & O'Kennon 1999, p. 556"
Ipomoea,cordatotriloba,variety,torreyana,Ipomoea cordatotriloba var. torreyana,Cotton Morning-Glory,,,,asserted,native,556,"Diggs, Lipscomb & O'Kennon 1999, p. 556"
Ipomoea,hederacea,species,,Ipomoea hederacea,Ivy-Leaf Morning-Glory,vine,annual,disturbed-ground,asserted,native,556,"Diggs, Lipscomb & O'Kennon 1999, p. 556"
Ipomoea,lacunosa,species,,Ipomoea lacunosa,Pitted Morning-Glory; Small White Morning-Glory; White Morning-Glory,vine,annual,disturbed-ground,asserted,native,556,"Diggs, Lipscomb & O'Kennon 1999, p. 556"
Ipomoea,leptophylla,species,,Ipomoea leptophylla,Bush Morning-Glory,herb,perennial,,asserted,native,556,"Diggs, Lipscomb & O'Kennon 1999, p. 556"
Ipomoea,pandurata,species,,Ipomoea pandurata,Big-Root Morning-Glory; Wild Potato-Vine; Man-Of-The-Earth; Wild Potato; Wild Sweet-Potato; Indian-Potato,vine,perennial,sandy; disturbed-ground,asserted,native,556,"Diggs, Lipscomb & O'Kennon 1999, p. 556"
Ipomoea,purpurea,species,,Ipomoea purpurea,Mexican Morning-Glory; Woolly Morning-Glory; Common Morning-Glory,vine,annual,streamside; disturbed-ground,asserted,native,556,"Diggs, Lipscomb & O'Kennon 1999, p. 556"
Ipomoea,quamoclit,species,,Ipomoea quamoclit,Cypressvine,vine,annual,prairie; disturbed-ground,review,,558,"Diggs, Lipscomb & O'Kennon 1999, p. 558"
Ipomoea,shumardiana,species,,Ipomoea shumardiana,Narrow-Leaf Morning-Glory,vine,perennial,prairie; disturbed-ground,asserted,native,558,"Diggs, Lipscomb & O'Kennon 1999, p. 558"
Ipomoea,wrightii,species,,Ipomoea wrightii,Wright’s Morningglory,vine,,,asserted,introduced,558,"Diggs, Lipscomb & O'Kennon 1999, p. 558"
Ipomopsis,rubra,species,,Ipomopsis rubra,Standing-Cypress; Texas Plume; Red Gilia; Indian-Plume,,annual,wetland; rocky-limestone; sandy; disturbed-ground,asserted,native,890,"Diggs, Lipscomb & O'Kennon 1999, p. 890"
Iresine,diffusa,species,,Iresine diffusa,Juba’s-Bush,,,sandy,asserted,native,230,"Diggs, Lipscomb & O'Kennon 1999, p. 230"
Iresine,rhizomatosa,species,,Iresine rhizomatosa,Rootstock Bloodleaf; Bloodleaf,,,sandy,asserted,native,230,"Diggs, Lipscomb & O'Kennon 1999, p. 230"
Iris,germanica,species,,Iris germanica,Garden Iris,,,disturbed-ground,asserted,introduced,1174,"Diggs, Lipscomb & O'Kennon 1999, p. 1174"
Iris,pallida,species,,Iris pallida,Blue Flag; Orris,,,disturbed-ground,asserted,introduced,1174,"Diggs, Lipscomb & O'Kennon 1999, p. 1174"
Iris,pseudacorus,species,,Iris pseudacorus,Yellow Flag,,,streamside; disturbed-ground,review,,1174,"Diggs, Lipscomb & O'Kennon 1999, p. 1174"
Iris,xiphium,species,,Iris xiphium,Dutch Iris; Spanish Iris,,,disturbed-ground,asserted,introduced,1174,"Diggs, Lipscomb & O'Kennon 1999, p. 1174"
Isoetes,melanopoda,species,,Isoetes melanopoda,Black-Footed Quillwort,sedge,,woods; wetland,asserted,native,175,"Diggs, Lipscomb & O'Kennon 1999, p. 175"
Isolepis,carinata,species,,Isolepis carinata,Annual Bulrush,,annual,sandy,asserted,native,1154,"Diggs, Lipscomb & O'Kennon 1999, p. 1154"
Isolepis,molesta,species,,Isolepis molesta,,,annual,sandy,asserted,native,1154,"Diggs, Lipscomb & O'Kennon 1999, p. 1154"
Iva,angustifolia,species,,Iva angustifolia,Narrow-Leaf Sumpweed; Marsh-Elder,,,woods; prairie,asserted,native,378,"Diggs, Lipscomb & O'Kennon 1999, p. 378"
Iva,annua,species,,Iva annua,Marsh-Elder; Sea-Coast Sumpweed; Sharp-Bract Sumpweed; Pelocote,,,sandy,asserted,native,378,"Diggs, Lipscomb & O'Kennon 1999, p. 378"
Jacquemontia,tamnifolia,species,,Jacquemontia tamnifolia,Hairy Clustervine,,annual,disturbed-ground,review,,558,"Diggs, Lipscomb & O'Kennon 1999, p. 558"
Jasminum,nudiflorum,species,,Jasminum nudiflorum,Winter Jasmine,shrub,,disturbed-ground,asserted,introduced,849,"Diggs, Lipscomb & O'Kennon 1999, p. 849"
Juglans,major,species,,Juglans major,Arizona Walnut; Arizona Black Walnut; Nogal Silvestre,tree,,streamside,asserted,native,748,"Diggs, Lipscomb & O'Kennon 1999, p. 748"
Juglans,microcarpa,species,,Juglans microcarpa,Texas Walnut; Little Walnut; Texas Black Walnut; Dwarf Walnut; Nogal; Nogalillo; Nogalito,tree,,streamside; rocky-limestone,asserted,native,748,"Diggs, Lipscomb & O'Kennon 1999, p. 748"
Juglans,nigra,species,,Juglans nigra,,tree,,woods; prairie; streamside; disturbed-ground,asserted,native,750,"Diggs, Lipscomb & O'Kennon 1999, p. 750"
Juncus,acuminatus,species,,Juncus acuminatus,Knot-Leaf Rush,,,,asserted,native,1182,"Diggs, Lipscomb & O'Kennon 1999, p. 1182"
Juncus,brachycarpus,species,,Juncus brachycarpus,White-Root Rush,,,sandy,asserted,native,1182,"Diggs, Lipscomb & O'Kennon 1999, p. 1182"
Juncus,brachyphyllus,species,,Juncus brachyphyllus,Small-Head Rush,,,rocky-limestone; sandy,asserted,native,1182,"Diggs, Lipscomb & O'Kennon 1999, p. 1182"
Juncus,bufonius,species,,Juncus bufonius,Toad Rush,,,sandy,asserted,native,1182,"Diggs, Lipscomb & O'Kennon 1999, p. 1182"
Juncus,capitatus,species,,Juncus capitatus,Capped Rush,,,sandy,asserted,native,1182,"Diggs, Lipscomb & O'Kennon 1999, p. 1182"
Juncus,coriaceus,species,,Juncus coriaceus,Leathery Rush,,,sandy,asserted,native,1182,"Diggs, Lipscomb & O'Kennon 1999, p. 1182"
Juncus,dichotomus,species,,Juncus dichotomus,Forked Rush,,,woods; sandy,asserted,native,1182,"Diggs, Lipscomb & O'Kennon 1999, p. 1182"
Juncus,diffusissimus,species,,Juncus diffusissimus,Slim-Pod Rush,,,sandy,asserted,native,1182,"Diggs, Lipscomb & O'Kennon 1999, p. 1182"
Juncus,dudleyi,species,,Juncus dudleyi,Dudley’s Rush,,,,asserted,native,1182,"Diggs, Lipscomb & O'Kennon 1999, p. 1182"
Juncus,effusus,variety,solutus,Juncus effusus var. solutus,Common Rush; Soft Rush,,perennial,,asserted,native,1182,"Diggs, Lipscomb & O'Kennon 1999, p. 1182"
Juncus,filipendulus,species,,Juncus filipendulus,Ring-Seed Rush,,perennial,streamside,asserted,native,1184,"Diggs, Lipscomb & O'Kennon 1999, p. 1184"
Juncus,interior,species,,Juncus interior,Inland Rush,,,woods; prairie,asserted,native,1184,"Diggs, Lipscomb & O'Kennon 1999, p. 1184"
Juncus,marginatus,species,,Juncus marginatus,Grass-Leaf Rush; Two-Flower Rush; Needle-Point Rush,,,sandy; disturbed-ground,asserted,native,1184,"Diggs, Lipscomb & O'Kennon 1999, p. 1184"
Juncus,nodatus,species,,Juncus nodatus,Jointed Rush,,,streamside; sandy,asserted,native,1184,"Diggs, Lipscomb & O'Kennon 1999, p. 1184"
Juncus,polycephalus,species,,Juncus polycephalus,Flat-Leaf Rush,,perennial,,asserted,native,1184,"Diggs, Lipscomb & O'Kennon 1999, p. 1184"
Juncus,scirpoides,species,,Juncus scirpoides,Needle-Pod Rush,,,sandy,asserted,native,1184,"Diggs, Lipscomb & O'Kennon 1999, p. 1184"
Juncus,tenuis,species,,Juncus tenuis,Slender Rush; Poverty Rush; Path Rush,,perennial,woods; sandy,asserted,native,1184,"Diggs, Lipscomb & O'Kennon 1999, p. 1184"
Juncus,texanus,species,,Juncus texanus,Texas Rush,,,prairie,asserted,native,1184,"Diggs, Lipscomb & O'Kennon 1999, p. 1184"
Juncus,torreyi,species,,Juncus torreyi,Torrey’s Rush,,,prairie; streamside,asserted,native,1184,"Diggs, Lipscomb & O'Kennon 1999, p. 1184"
Juncus,validus,species,,Juncus validus,,,,,asserted,native,1184,"Diggs, Lipscomb & O'Kennon 1999, p. 1184"
Juncus,validus,variety,fascinatus,Juncus validus var. fascinatus,,,,,asserted,native,1184,"Diggs, Lipscomb & O'Kennon 1999, p. 1184"
Juniperus,ashei,species,,Juniperus ashei,,,,,asserted,native,56,"Diggs, Lipscomb & O'Kennon 1999, p. 56"
Juniperus,pinchotii,species,,Juniperus pinchotii,Red-Berry Juniper; Pinchot’s Juniper,shrub,,rocky-limestone,asserted,native,203,"Diggs, Lipscomb & O'Kennon 1999, p. 203"
Juniperus,virginiana,species,,Juniperus virginiana,Eastern Red-Cedar; Red-Cedar; Virginia Red-Cedar; Red Savin; Pencil-Cedar; Red Juniper,tree,,prairie; rocky-limestone; sandy; disturbed-ground,asserted,native,203,"Diggs, Lipscomb & O'Kennon 1999, p. 203"
Justicia,americana,species,,Justicia americana,American Water-Willow,,,streamside,asserted,native,213,"Diggs, Lipscomb & O'Kennon 1999, p. 213"
Justicia,ovata,variety,lanceolata,Justicia ovata var. lanceolata,Lance-Leaf Water-Willow,,,streamside,asserted,native,213,"Diggs, Lipscomb & O'Kennon 1999, p. 213"
Kallstroemia,californica,species,,Kallstroemia californica,,,,disturbed-ground,asserted,native,1076,"Diggs, Lipscomb & O'Kennon 1999, p. 1076"
Kallstroemia,hirsutissima,species,,Kallstroemia hirsutissima,Carpetweed,,,disturbed-ground,asserted,native,1076,"Diggs, Lipscomb & O'Kennon 1999, p. 1076"
Kallstroemia,parviflora,species,,Kallstroemia parviflora,Warty Caltrop,,,disturbed-ground,asserted,native,1076,"Diggs, Lipscomb & O'Kennon 1999, p. 1076"
Karwinskia,humboldtiana,species,,Karwinskia humboldtiana,Coyotillo; Humboldt’s Coyotillo,shrub,,prairie,asserted,native,933,"Diggs, Lipscomb & O'Kennon 1999, p. 933"
Kochia,scoparia,species,,Kochia scoparia,Mexican Fireweed; Belvedere Summer-Cypress; Summer-Cypress; Mock Cypress; Mexican Firebush,,annual,disturbed-ground,asserted,introduced,540,"Diggs, Lipscomb & O'Kennon 1999, p. 540"
Koeleria,macrantha,species,,Koeleria macrantha,June Grass; Prairie June Grass,,perennial,,asserted,native,1280,"Diggs, Lipscomb & O'Kennon 1999, p. 1280"
Krameria,lanceolata,species,,Krameria lanceolata,Trailing Ratany; Crameria; Prairie Bur; Sandbur,herb,perennial,prairie; rocky-limestone; sandy; disturbed-ground,asserted,native,750,"Diggs, Lipscomb & O'Kennon 1999, p. 750"
Krigia,cespitosa,species,,Krigia cespitosa,,,annual,woods; prairie; streamside; sandy; disturbed-ground,asserted,native,380,"Diggs, Lipscomb & O'Kennon 1999, p. 380"
Krigia,dandelion,species,,Krigia dandelion,Tuber Dwarfdandelion; Potato-Dandelion,,perennial,,asserted,native,380,"Diggs, Lipscomb & O'Kennon 1999, p. 380"
Krigia,occidentalis,species,,Krigia occidentalis,Western Dwarf-Dandelion,,annual,woods; sandy; disturbed-ground,asserted,native,380,"Diggs, Lipscomb & O'Kennon 1999, p. 380"
Krigia,virginica,species,,Krigia virginica,Carolina Dwarf-Dandelion,,annual,woods; prairie; sandy; disturbed-ground,asserted,native,380,"Diggs, Lipscomb & O'Kennon 1999, p. 380"
Krigia,wrightii,species,,Krigia wrightii,,,annual,sandy; disturbed-ground,asserted,native,380,"Diggs, Lipscomb & O'Kennon 1999, p. 380"
Kummerowia,stipulacea,species,,Kummerowia stipulacea,Korean Bush-Clover; Korean Lespedeza,,,sandy; disturbed-ground,asserted,introduced,664,"Diggs, Lipscomb & O'Kennon 1999, p. 664"
Kummerowia,striata,species,,Kummerowia striata,Japanese Bush-Clover; Common Lespedeza; Japanese Lespedeza,,,woods; sandy; disturbed-ground,asserted,introduced,665,"Diggs, Lipscomb & O'Kennon 1999, p. 665"
Kyllinga,brevifolia,species,,Kyllinga brevifolia,Short-Leaf Flat Sedge,,perennial,,asserted,native,1154,"Diggs, Lipscomb & O'Kennon 1999, p. 1154"
Kyllinga,pumila,species,,Kyllinga pumila,Slender-Leaf Flat Sedge,,annual,,asserted,native,1154,"Diggs, Lipscomb & O'Kennon 1999, p. 1154"
Lactuca,canadensis,species,,Lactuca canadensis,Wild Lettuce,,biennial,sandy,asserted,native,381,"Diggs, Lipscomb & O'Kennon 1999, p. 381"
Lactuca,floridana,species,,Lactuca floridana,Woodland Lettuce; Florida Lettuce,,annual,disturbed-ground,asserted,native,381,"Diggs, Lipscomb & O'Kennon 1999, p. 381"
Lactuca,ludoviciana,species,,Lactuca ludoviciana,Western Wild Lettuce,,biennial,,asserted,native,381,"Diggs, Lipscomb & O'Kennon 1999, p. 381"
Lactuca,saligna,species,,Lactuca saligna,Willow-Leaf Lettuce,,,,asserted,native,381,"Diggs, Lipscomb & O'Kennon 1999, p. 381"
Lactuca,serriola,species,,Lactuca serriola,Prickly Lettuce,,annual,disturbed-ground,asserted,introduced,381,"Diggs, Lipscomb & O'Kennon 1999, p. 381"
Lagenaria,siceraria,species,,Lagenaria siceraria,Bottle Gourd; White-Flower Bottle Gourd; Calabash Gourd,,annual,disturbed-ground,asserted,introduced,569,"Diggs, Lipscomb & O'Kennon 1999, p. 569"
Lagerstroemia,indica,species,,Lagerstroemia indica,Common Crape-Myrtle; Crespón,shrub,,disturbed-ground,asserted,introduced,800,"Diggs, Lipscomb & O'Kennon 1999, p. 800"
Lamium,amplexicaule,species,,Lamium amplexicaule,Henbit; Dead-Nettle,,,disturbed-ground,asserted,introduced,759,"Diggs, Lipscomb & O'Kennon 1999, p. 759"
Lamium,purpureum,species,,Lamium purpureum,Red Dead-Nettle; Purple Dead-Nettle,,,disturbed-ground,review,,759,"Diggs, Lipscomb & O'Kennon 1999, p. 759"
Lantana,achyranthifolia,species,,Lantana achyranthifolia,Vein-Leaf Lantana; Brushland Lantana; Hierba Negra; Mejorana; Yerba Del Christo; Caraquito Blanco; Cariaco De San Juan; Frutilla Blanca; Organillo Cimarron,shrub,,rocky-limestone,asserted,native,1052,"Diggs, Lipscomb & O'Kennon 1999, p. 1052"
Lantana,camara,species,,Lantana camara,West Indian Lantana; Alfombrilla Hediona; Large-Leaf Lantana,shrub,,disturbed-ground,asserted,introduced,1052,"Diggs, Lipscomb & O'Kennon 1999, p. 1052"
Lantana,urticoides,species,,Lantana urticoides,Common Lantana; Texas Lantana; Hierba Del Cristo; Calico-Bush; Bunchberry,shrub,,woods; disturbed-ground,review,,1053,"Diggs, Lipscomb & O'Kennon 1999, p. 1053"
Lappula,occidentalis,species,,Lappula occidentalis,,,annual,sandy,asserted,native,450,"Diggs, Lipscomb & O'Kennon 1999, p. 450"
Lappula,occidentalis,variety,cupulata,Lappula occidentalis var. cupulata,Hairy Stickseed; Cupseed,,,,asserted,native,450,"Diggs, Lipscomb & O'Kennon 1999, p. 450"
Lappula,occidentalis,variety,occidentalis,Lappula occidentalis var. occidentalis,Flat-Spine Stickseed,,,,asserted,native,452,"Diggs, Lipscomb & O'Kennon 1999, p. 452"
Lathyrus,aphaca,species,,Lathyrus aphaca,,,,disturbed-ground,asserted,introduced,666,"Diggs, Lipscomb & O'Kennon 1999, p. 666"
Lathyrus,hirsutus,species,,Lathyrus hirsutus,Rough-Pea; Singletary-Pea; Singletary Vetchling; Caley-Pea,,annual,rocky-limestone; disturbed-ground,asserted,introduced,666,"Diggs, Lipscomb & O'Kennon 1999, p. 666"
Lathyrus,latifolius,species,,Lathyrus latifolius,Perennial Sweet-Pea; Everlasting-Pea,,perennial,disturbed-ground,asserted,introduced,666,"Diggs, Lipscomb & O'Kennon 1999, p. 666"
Lathyrus,pusillus,species,,Lathyrus pusillus,Low Peavine,,annual,woods; sandy; disturbed-ground,asserted,native,666,"Diggs, Lipscomb & O'Kennon 1999, p. 666"
Lathyrus,venosus,species,,Lathyrus venosus,,,perennial,woods,asserted,native,666,"Diggs, Lipscomb & O'Kennon 1999, p. 666"
Lechea,mucronata,species,,Lechea mucronata,Hairy Pinweed; Pine Pinweed,,,woods; sandy; disturbed-ground,asserted,native,543,"Diggs, Lipscomb & O'Kennon 1999, p. 543"
Lechea,san-sabeana,species,,Lechea san-sabeana,San Saba Pinweed; Drummond’s Pinweed,,,woods; sandy,asserted,native,544,"Diggs, Lipscomb & O'Kennon 1999, p. 544"
Lechea,tenuifolia,species,,Lechea tenuifolia,Narrow-Leaf Pinweed,herb,annual,woods; sandy; disturbed-ground,review,,544,"Diggs, Lipscomb & O'Kennon 1999, p. 544"
Leersia,lenticularis,species,,Leersia lenticularis,Catchfly Grass,,,streamside,asserted,native,1280,"Diggs, Lipscomb & O'Kennon 1999, p. 1280"
Leersia,oryzoides,species,,Leersia oryzoides,Rice Cut Grass,,,wetland; rocky-limestone,asserted,native,1281,"Diggs, Lipscomb & O'Kennon 1999, p. 1281"
Leersia,virginica,species,,Leersia virginica,White Grass; Virginia Cut Grass,,,,asserted,native,1281,"Diggs, Lipscomb & O'Kennon 1999, p. 1281"
Lemma,perpusilla,species,,Lemma perpusilla,,,,,asserted,native,1188,"Diggs, Lipscomb & O'Kennon 1999, p. 1188"
Lemna,aequinoctialis,species,,Lemna aequinoctialis,,,,,asserted,native,1188,"Diggs, Lipscomb & O'Kennon 1999, p. 1188"
Lemna,minuta,species,,Lemna minuta,Least Duckweed,,,,asserted,native,1188,"Diggs, Lipscomb & O'Kennon 1999, p. 1188"
Lemna,obscura,species,,Lemna obscura,,,,streamside,asserted,native,1188,"Diggs, Lipscomb & O'Kennon 1999, p. 1188"
Lemna,valdiviana,species,,Lemna valdiviana,Valdiviana Duckweed; Pale Duckweed,,,,asserted,native,1188,"Diggs, Lipscomb & O'Kennon 1999, p. 1188"
Leonotis,nepetifolia,species,,Leonotis nepetifolia,Nep-Leaf Lion’s-Ear; Lion’s-Head,herb,annual,disturbed-ground,asserted,introduced,759,"Diggs, Lipscomb & O'Kennon 1999, p. 759"
Leonurus,cardiaca,species,,Leonurus cardiaca,Motherwort; Common Motherwort; Lion’s-Tail,,perennial,disturbed-ground,asserted,introduced,760,"Diggs, Lipscomb & O'Kennon 1999, p. 760"
Leonurus,sibiricus,species,,Leonurus sibiricus,Siberian Motherwort,,biennial,,asserted,introduced,760,"Diggs, Lipscomb & O'Kennon 1999, p. 760"
Lepidium,austrinum,species,,Lepidium austrinum,Southern Pepperweed,,,prairie; disturbed-ground,asserted,native,470,"Diggs, Lipscomb & O'Kennon 1999, p. 470"
Lepidium,densiflorum,species,,Lepidium densiflorum,Prairie Pepperweed; Green-Flower Peppergrass,,,sandy; disturbed-ground,asserted,native,470,"Diggs, Lipscomb & O'Kennon 1999, p. 470"
Lepidium,oblongum,species,,Lepidium oblongum,Veiny Pepperweed,,,sandy,asserted,native,470,"Diggs, Lipscomb & O'Kennon 1999, p. 470"
Lepidium,ruderale,species,,Lepidium ruderale,,,,disturbed-ground,asserted,introduced,472,"Diggs, Lipscomb & O'Kennon 1999, p. 472"
Lepidium,virginicum,species,,Lepidium virginicum,Virginia Pepper-Grass; Poorman’s-Pepper; American Peppergrass; Lentejilla,,,sandy; disturbed-ground,asserted,native,472,"Diggs, Lipscomb & O'Kennon 1999, p. 472"
Leptochloa,dubia,species,,Leptochloa dubia,Green Sprangletop; Texas Crowfoot,,perennial,rocky-limestone,asserted,native,1281,"Diggs, Lipscomb & O'Kennon 1999, p. 1281"
Leptochloa,fascicularis,species,,Leptochloa fascicularis,Bearded Sprangletop; Salt Meadow Grass; Salt Sprangletop,grass,annual,,asserted,native,1281,"Diggs, Lipscomb & O'Kennon 1999, p. 1281"
Leptochloa,mucronata,species,,Leptochloa mucronata,Red Sprangletop; Slender Grass,,annual,,asserted,native,1281,"Diggs, Lipscomb & O'Kennon 1999, p. 1281"
Leptochloa,uninerva,species,,Leptochloa uninerva,Mexican Sprangletop,,,,asserted,native,1282,"Diggs, Lipscomb & O'Kennon 1999, p. 1282"
Leptopus,phyllanthoides,species,,Leptopus phyllanthoides,Maidenbush,shrub,perennial,streamside; rocky-limestone,asserted,native,610,"Diggs, Lipscomb & O'Kennon 1999, p. 610"
Lepuropetalon,spathulatum,species,,Lepuropetalon spathulatum,,,annual,rocky-limestone; sandy,asserted,native,988,"Diggs, Lipscomb & O'Kennon 1999, p. 988"
Lespedeza,capitata,species,,Lespedeza capitata,Round-Head Bush-Clover; Round-Head Lespedeza,,,woods; sandy,asserted,native,670,"Diggs, Lipscomb & O'Kennon 1999, p. 670"
Lespedeza,cuneata,species,,Lespedeza cuneata,Sericea; Sericea Lespedeza; Chinese Bush-Clover,,,sandy; disturbed-ground,asserted,introduced,670,"Diggs, Lipscomb & O'Kennon 1999, p. 670"
Lespedeza,hirta,species,,Lespedeza hirta,Hairy Bush-Clover; Hairy Lespedeza,,,woods; sandy,asserted,native,670,"Diggs, Lipscomb & O'Kennon 1999, p. 670"
Lespedeza,intermedia,species,,Lespedeza intermedia,,,,,asserted,native,671,"Diggs, Lipscomb & O'Kennon 1999, p. 671"
Lespedeza,procumbens,species,,Lespedeza procumbens,Trailing Bush-Clover; Trailing Lespedeza,,,woods; sandy,asserted,native,670,"Diggs, Lipscomb & O'Kennon 1999, p. 670"
Lespedeza,repens,species,,Lespedeza repens,Creeping Bush-Clover; Creeping Lespedeza,,,woods; sandy,asserted,native,670,"Diggs, Lipscomb & O'Kennon 1999, p. 670"
Lespedeza,stuevei,species,,Lespedeza stuevei,Tall Bush-Clover; Stueve’s Bush-Clover,,,woods; sandy; disturbed-ground,asserted,native,670,"Diggs, Lipscomb & O'Kennon 1999, p. 670"
Lespedeza,texana,species,,Lespedeza texana,Texas Bush-Clover; Texas Lespedeza,,,prairie; rocky-limestone,asserted,native,670,"Diggs, Lipscomb & O'Kennon 1999, p. 670"
Lespedeza,violacea,species,,Lespedeza violacea,Violet Lespedeza; Prairie-Clover,,,woods,asserted,native,670,"Diggs, Lipscomb & O'Kennon 1999, p. 670"
Lespedeza,virginica,species,,Lespedeza virginica,Slender Bush-Clover; Slender Lespedeza,,,woods; sandy; disturbed-ground,asserted,native,671,"Diggs, Lipscomb & O'Kennon 1999, p. 671"
Lesquerella,angustifolia,species,,Lesquerella angustifolia,Narrow-Leaf Bladderpod,,annual,streamside; rocky-limestone,asserted,native,473,"Diggs, Lipscomb & O'Kennon 1999, p. 473"
Lesquerella,auriculata,species,,Lesquerella auriculata,Ear -Leaf Bladderpod,,annual,prairie; disturbed-ground,asserted,native,473,"Diggs, Lipscomb & O'Kennon 1999, p. 473"
Lesquerella,densiflora,species,,Lesquerella densiflora,Dense-Flower Bladderpod,,annual,prairie; sandy,asserted,native,473,"Diggs, Lipscomb & O'Kennon 1999, p. 473"
Lesquerella,engelmannii,species,,Lesquerella engelmannii,Engelmann’s Bladderpod,,perennial,prairie; rocky-limestone,asserted,native,473,"Diggs, Lipscomb & O'Kennon 1999, p. 473"
Lesquerella,fendleri,species,,Lesquerella fendleri,Fendler’s Bladderpod; Popweed,,perennial,rocky-limestone; sandy; disturbed-ground,asserted,native,473,"Diggs, Lipscomb & O'Kennon 1999, p. 473"
Lesquerella,gordonii,species,,Lesquerella gordonii,Gordon’s Bladderpod; Popweed; Beadpop,,annual,sandy,asserted,native,473,"Diggs, Lipscomb & O'Kennon 1999, p. 473"
Lesquerella,gracilis,species,,Lesquerella gracilis,,,annual,prairie; disturbed-ground,asserted,native,474,"Diggs, Lipscomb & O'Kennon 1999, p. 474"
Lesquerella,gracilis,subspecies,gracilis,Lesquerella gracilis subsp. gracilis,White Bladderpod; Lax Bladderpod; Pear -Fruit Bladderpod; Cloth-Of-Gold,,,prairie,asserted,native,474,"Diggs, Lipscomb & O'Kennon 1999, p. 474"
Lesquerella,gracilis,subspecies,nuttallii,Lesquerella gracilis subsp. nuttallii,,,,,asserted,native,474,"Diggs, Lipscomb & O'Kennon 1999, p. 474"
Lesquerella,grandiflora,species,,Lesquerella grandiflora,Big-Flower Bladderpod,,annual,sandy,asserted,native,474,"Diggs, Lipscomb & O'Kennon 1999, p. 474"
Lesquerella,recurvata,species,,Lesquerella recurvata,Slender Bladderpod,,,prairie; rocky-limestone,asserted,native,474,"Diggs, Lipscomb & O'Kennon 1999, p. 474"
Leucanthemum,vulgare,species,,Leucanthemum vulgare,Ox-Eye Daisy; White Daisy; Whiteweed; Moon Daisy; Dog Daisy; Marguerite,,perennial,prairie,asserted,native,382,"Diggs, Lipscomb & O'Kennon 1999, p. 382"
Leucojum,aestivum,species,,Leucojum aestivum,Giant Snowflake; Summer Snowflake,,perennial,disturbed-ground,asserted,introduced,1204,"Diggs, Lipscomb & O'Kennon 1999, p. 1204"
Leucojum,vernum,species,,Leucojum vernum,,,,,asserted,introduced,1206,"Diggs, Lipscomb & O'Kennon 1999, p. 1206"
Leucospora,multifida,species,,Leucospora multifida,Narrow-Leaf Conobea,herb,annual,,asserted,native,1000,"Diggs, Lipscomb & O'Kennon 1999, p. 1000"
Liatris,acidota,species,,Liatris acidota,,,,,asserted,native,386,"Diggs, Lipscomb & O'Kennon 1999, p. 386"
Liatris,aspera,species,,Liatris aspera,Tall Gayfeather; Rough Gayfeather,,,sandy,asserted,native,384,"Diggs, Lipscomb & O'Kennon 1999, p. 384"
Liatris,elegans,species,,Liatris elegans,Pink-Scale Gayfeather; Handsome Blazingstar,,,woods; rocky-limestone; sandy,asserted,native,384,"Diggs, Lipscomb & O'Kennon 1999, p. 384"
Liatris,mucronata,species,,Liatris mucronata,Narrow-Leaf Gayfeather,,,prairie,asserted,native,384,"Diggs, Lipscomb & O'Kennon 1999, p. 384"
Liatris,pycnostachya,species,,Liatris pycnostachya,Kansas Gayfeather; Hairy Button-Snakeroot,,,prairie; wetland; streamside; sandy; disturbed-ground,asserted,native,384,"Diggs, Lipscomb & O'Kennon 1999, p. 384"
Liatris,squarrosa,species,,Liatris squarrosa,,,,streamside; sandy,asserted,native,384,"Diggs, Lipscomb & O'Kennon 1999, p. 384"
Liatris,squarrosa,variety,alabamensis,Liatris squarrosa var. alabamensis,,,,rocky-limestone,asserted,native,386,"Diggs, Lipscomb & O'Kennon 1999, p. 386"
Liatris,squarrosa,variety,glabrata,Liatris squarrosa var. glabrata,Smooth Gayfeather,,,streamside,asserted,native,386,"Diggs, Lipscomb & O'Kennon 1999, p. 386"
Ligustrum,japonicum,species,,Ligustrum japonicum,Wax -Leaf Ligustrum; Japanese Privet; Wax-Leaf Privet,,,disturbed-ground,asserted,introduced,850,"Diggs, Lipscomb & O'Kennon 1999, p. 850"
Ligustrum,lucidum,species,,Ligustrum lucidum,Glossy Privet; Chinese Privet; Nepal Privet; Wax-Leaf Privet; White Wax Tree; Tree Privet,tree,,disturbed-ground,asserted,introduced,850,"Diggs, Lipscomb & O'Kennon 1999, p. 850"
Ligustrum,quihoui,species,,Ligustrum quihoui,Quihou’s Privet,shrub,,disturbed-ground,asserted,introduced,850,"Diggs, Lipscomb & O'Kennon 1999, p. 850"
Ligustrum,sinense,species,,Ligustrum sinense,,vine,,prairie,asserted,native,76,"Diggs, Lipscomb & O'Kennon 1999, p. 76"
Ligustrum,species,species,,Ligustrum species,,,,,asserted,native,77,"Diggs, Lipscomb & O'Kennon 1999, p. 77"
Ligustrum,vulgare,species,,Ligustrum vulgare,,,,,asserted,introduced,850,"Diggs, Lipscomb & O'Kennon 1999, p. 850"
Limnodea,arkansana,species,,Limnodea arkansana,Ozark Grass,grass,annual,prairie; sandy; disturbed-ground,asserted,native,1282,"Diggs, Lipscomb & O'Kennon 1999, p. 1282"
Limnosciadium,pinnatum,species,,Limnosciadium pinnatum,Arkansas Dogshade,,annual,,asserted,native,255,"Diggs, Lipscomb & O'Kennon 1999, p. 255"
Limnosciadium,pumilum,species,,Limnosciadium pumilum,,,,,asserted,native,255,"Diggs, Lipscomb & O'Kennon 1999, p. 255"
Linaria,texana,species,,Linaria texana,,,,,asserted,native,1400,"Diggs, Lipscomb & O'Kennon 1999, p. 1400"
Linaria,vulgaris,species,,Linaria vulgaris,Butter-And-Eggs; Common Toad-Flax,,perennial,disturbed-ground,asserted,introduced,1002,"Diggs, Lipscomb & O'Kennon 1999, p. 1002"
Lindera,benzoin,variety,pubescens,Lindera benzoin var. pubescens,Spicebush,shrub,,woods; streamside,asserted,native,786,"Diggs, Lipscomb & O'Kennon 1999, p. 786"
Lindernia,dubia,variety,anagallidea,Lindernia dubia var. anagallidea,Clasping False Pimpernel,,annual,,asserted,native,1002,"Diggs, Lipscomb & O'Kennon 1999, p. 1002"
Lindheimera,texana,species,,Lindheimera texana,,,,,asserted,native,80,"Diggs, Lipscomb & O'Kennon 1999, p. 80"
Linum,alatum,species,,Linum alatum,,,annual,sandy,asserted,native,790,"Diggs, Lipscomb & O'Kennon 1999, p. 790"
Linum,grandiflorum,species,,Linum grandiflorum,Flowering Flax,,annual,disturbed-ground,asserted,introduced,790,"Diggs, Lipscomb & O'Kennon 1999, p. 790"
Linum,hudsonioides,species,,Linum hudsonioides,,,annual,sandy,asserted,native,790,"Diggs, Lipscomb & O'Kennon 1999, p. 790"
Linum,imbricatum,species,,Linum imbricatum,Tufted Flax,,annual,rocky-limestone; sandy,asserted,native,790,"Diggs, Lipscomb & O'Kennon 1999, p. 790"
Linum,lewisii,species,,Linum lewisii,,,perennial,disturbed-ground,review,,792,"Diggs, Lipscomb & O'Kennon 1999, p. 792"
Linum,medium,variety,texanum,Linum medium var. texanum,Texas Flax; Sucker Flax,,perennial,sandy,asserted,native,790,"Diggs, Lipscomb & O'Kennon 1999, p. 790"
Linum,pratense,species,,Linum pratense,Meadow Flax; Norton’s Flax,,annual,prairie; rocky-limestone; sandy; disturbed-ground,asserted,native,790,"Diggs, Lipscomb & O'Kennon 1999, p. 790"
Linum,rigidum,species,,Linum rigidum,,,annual,prairie; rocky-limestone; sandy; disturbed-ground,asserted,native,790,"Diggs, Lipscomb & O'Kennon 1999, p. 790"
Linum,rigidum,variety,berlandieri,Linum rigidum var. berlandieri,Berlandier’s Flax,,,prairie,asserted,native,792,"Diggs, Lipscomb & O'Kennon 1999, p. 792"
Linum,rigidum,variety,rigidum,Linum rigidum var. rigidum,Stiff-Stem Flax,,,,asserted,native,792,"Diggs, Lipscomb & O'Kennon 1999, p. 792"
Linum,rupestre,species,,Linum rupestre,Rock Flax,,perennial,rocky-limestone,asserted,native,792,"Diggs, Lipscomb & O'Kennon 1999, p. 792"
Linum,schiedeanum,species,,Linum schiedeanum,,,perennial,,asserted,native,792,"Diggs, Lipscomb & O'Kennon 1999, p. 792"
Linum,striatum,species,,Linum striatum,Rigid Flax,,perennial,,asserted,native,792,"Diggs, Lipscomb & O'Kennon 1999, p. 792"
Linum,sulcatum,species,,Linum sulcatum,Grooved Flax,,annual,,asserted,native,792,"Diggs, Lipscomb & O'Kennon 1999, p. 792"
Linum,usitatissimum,species,,Linum usitatissimum,Common Flax; Cultivated Flax; Linaza,,annual,disturbed-ground,asserted,introduced,792,"Diggs, Lipscomb & O'Kennon 1999, p. 792"
Lipocarpha,aristulata,species,,Lipocarpha aristulata,,,,,asserted,native,1155,"Diggs, Lipscomb & O'Kennon 1999, p. 1155"
Lipocarpha,drummondii,species,,Lipocarpha drummondii,Common Hemicarpha,,,,asserted,native,1155,"Diggs, Lipscomb & O'Kennon 1999, p. 1155"
Lipocarpha,micrantha,species,,Lipocarpha micrantha,,,,sandy,asserted,native,1156,"Diggs, Lipscomb & O'Kennon 1999, p. 1156"
Lippia,canescens,variety,canescens,Lippia canescens var. canescens,,,,,review,,1054,"Diggs, Lipscomb & O'Kennon 1999, p. 1054"
Lippia,cuneifolia,species,,Lippia cuneifolia,Wedge-Leaf Frogfruit,,,,asserted,native,1054,"Diggs, Lipscomb & O'Kennon 1999, p. 1054"
Lippia,graveolens,species,,Lippia graveolens,,,,,asserted,native,1054,"Diggs, Lipscomb & O'Kennon 1999, p. 1054"
Lippia,lanceolata,species,,Lippia lanceolata,Frogfruit; Lance-Leaf Frogfruit; Northern Frogfruit,,,streamside,asserted,native,1054,"Diggs, Lipscomb & O'Kennon 1999, p. 1054"
Lippia,nodiflora,species,,Lippia nodiflora,Frogfruit; Common Frogfruit; Turkeytangle; Cape-Weed; Mat-Grass; Hierba De La Virgin María; Texas Frogfruit; Saw-Tooth Frogfruit; Fogfruit; Spatulate-Leaf Fogfruit; Weighty Fogfruit; Wedge-Leaf Frogfruit; Hoary Frogfruit,,,disturbed-ground,asserted,native,1054,"Diggs, Lipscomb & O'Kennon 1999, p. 1054"
Lippia,strigulosa,species,,Lippia strigulosa,Diamond-Leaf Frogfruit; Turre Hembra; Hierba Buena Montes,,,woods,asserted,native,1054,"Diggs, Lipscomb & O'Kennon 1999, p. 1054"
Liquidambar,styraciflua,species,,Liquidambar styraciflua,Sweetgum; Redgum,tree,,woods; streamside; disturbed-ground,asserted,native,737,"Diggs, Lipscomb & O'Kennon 1999, p. 737"
Lithospermum,caroliniense,species,,Lithospermum caroliniense,Puccoon; Carolina Gromwell; Carolina Puccoon,,perennial,woods; sandy,asserted,native,452,"Diggs, Lipscomb & O'Kennon 1999, p. 452"
Lithospermum,incisum,species,,Lithospermum incisum,Narrow-Leaf Gromwell; Narrow-Leaf Puccoon,,perennial,woods; prairie; disturbed-ground,asserted,native,452,"Diggs, Lipscomb & O'Kennon 1999, p. 452"
Lithospermum,matamorense,species,,Lithospermum matamorense,Rough Gromwell,,annual,woods,asserted,native,452,"Diggs, Lipscomb & O'Kennon 1999, p. 452"
Lobelia,appendiculata,species,,Lobelia appendiculata,Earflower,,annual,woods; sandy; disturbed-ground,asserted,native,498,"Diggs, Lipscomb & O'Kennon 1999, p. 498"
Lobelia,cardinalis,species,,Lobelia cardinalis,Cardinal-Flower,,perennial,streamside,asserted,native,498,"Diggs, Lipscomb & O'Kennon 1999, p. 498"
Lobelia,puberula,species,,Lobelia puberula,Downy Lobelia; Purple-Dewdrop,,perennial,prairie; disturbed-ground,asserted,native,498,"Diggs, Lipscomb & O'Kennon 1999, p. 498"
Lobelia,siphilitica,variety,ludoviciana,Lobelia siphilitica var. ludoviciana,Big Blue Lobelia; Blue Cardinal -Flower; Great Lobelia; Louisiana Lobelia,,perennial,woods; prairie,asserted,native,498,"Diggs, Lipscomb & O'Kennon 1999, p. 498"
Lobelia,spicata,species,,Lobelia spicata,,,,,asserted,native,500,"Diggs, Lipscomb & O'Kennon 1999, p. 500"
Loeflingia,squarrosa,species,,Loeflingia squarrosa,Spreading Loeflingia,,annual,sandy,asserted,native,518,"Diggs, Lipscomb & O'Kennon 1999, p. 518"
Lolium,perenne,species,,Lolium perenne,,,,disturbed-ground,asserted,native,1282,"Diggs, Lipscomb & O'Kennon 1999, p. 1282"
Lolium,perenne,subspecies,multiflorum,Lolium perenne subsp. multiflorum,Italian Rye Grass,,,,asserted,introduced,1282,"Diggs, Lipscomb & O'Kennon 1999, p. 1282"
Lolium,temulentum,species,,Lolium temulentum,Darnel; Darnel Rye Grass; Beardless Darnel Rye Grass; Poison Darnel,grass,annual,sandy; disturbed-ground,asserted,introduced,1282,"Diggs, Lipscomb & O'Kennon 1999, p. 1282"
Lomatium,foeniculaceum,subspecies,daucifolium,Lomatium foeniculaceum subsp. daucifolium,Carrot-Leaf Lomatium,,perennial,prairie,asserted,native,255,"Diggs, Lipscomb & O'Kennon 1999, p. 255"
Lonicera,albiflora,species,,Lonicera albiflora,White Honeysuckle; Bushy Honeysuckle,vine,,prairie; rocky-limestone,asserted,native,508,"Diggs, Lipscomb & O'Kennon 1999, p. 508"
Lonicera,fragrantissima,species,,Lonicera fragrantissima,Sweet-Breath-Of-Spring,shrub,,disturbed-ground,asserted,introduced,508,"Diggs, Lipscomb & O'Kennon 1999, p. 508"
Lonicera,japonica,species,,Lonicera japonica,Japanese Honeysuckle,vine,,woods; disturbed-ground,asserted,introduced,508,"Diggs, Lipscomb & O'Kennon 1999, p. 508"
Lonicera,maackii,species,,Lonicera maackii,Amur Honeysuckle; Bush Honeysuckle; Tree Honeysuckle; Maack’s Honeysuckle,shrub,,streamside; disturbed-ground,asserted,introduced,508,"Diggs, Lipscomb & O'Kennon 1999, p. 508"
Lonicera,sempervirens,species,,Lonicera sempervirens,Coral Honeysuckle; Trumpet Honeysuckle; Evergreen Honeysuckle,vine,,woods; streamside; disturbed-ground,asserted,native,510,"Diggs, Lipscomb & O'Kennon 1999, p. 510"
Lotus,corniculatus,species,,Lotus corniculatus,Bird-Foot Trefoil; Bird-Foot Deer-Vetch; Eggs-And-Bacon,,perennial,disturbed-ground,asserted,introduced,671,"Diggs, Lipscomb & O'Kennon 1999, p. 671"
Lotus,unifoliolatus,species,,Lotus unifoliolatus,Pursh’s Deer-Vetch,,annual,sandy,asserted,native,671,"Diggs, Lipscomb & O'Kennon 1999, p. 671"
Ludwigia,alternifolia,species,,Ludwigia alternifolia,Seedbox; Rattle-Box; Bushy Seedbox,,,,asserted,native,860,"Diggs, Lipscomb & O'Kennon 1999, p. 860"
Ludwigia,decurrens,species,,Ludwigia decurrens,Primrose -Willow; Upright Primrose -Willow,,,,asserted,native,860,"Diggs, Lipscomb & O'Kennon 1999, p. 860"
Ludwigia,glandulosa,species,,Ludwigia glandulosa,Torrey’s Seedbox; Creeping Seedbox; Cylindric-Fruit Ludwigia,,,,asserted,native,860,"Diggs, Lipscomb & O'Kennon 1999, p. 860"
Ludwigia,leptocarpa,species,,Ludwigia leptocarpa,Angle-Stem Water-Primrose,,,,asserted,native,860,"Diggs, Lipscomb & O'Kennon 1999, p. 860"
Ludwigia,linearis,species,,Ludwigia linearis,Narrow-Leaf Seedbox; Linearleaf Ludwigia,,,,asserted,native,860,"Diggs, Lipscomb & O'Kennon 1999, p. 860"
Ludwigia,octovalvis,species,,Ludwigia octovalvis,Shrubby Water-Primrose; Narrow-Leaf Water-Primrose,,,,asserted,native,860,"Diggs, Lipscomb & O'Kennon 1999, p. 860"
Ludwigia,palustris,species,,Ludwigia palustris,Marsh-Purslane; American Seedbox; Marsh Seedbox,,,,asserted,native,860,"Diggs, Lipscomb & O'Kennon 1999, p. 860"
Ludwigia,peploides,species,,Ludwigia peploides,Water-Primrose; Smooth Water-Primrose; Floating Evening-Primrose; Verdolaga De Agua; Primrose-Willow,,,streamside,asserted,native,860,"Diggs, Lipscomb & O'Kennon 1999, p. 860"
Ludwigia,repens,species,,Ludwigia repens,Round-Leaf Seedbox; Floating Primrose-Willow; Creeping Primrose-Willow; Floating Water-Primrose; Creeping Water-Primrose,,,,asserted,native,862,"Diggs, Lipscomb & O'Kennon 1999, p. 862"
Luffa,aegyptiaca,species,,Luffa aegyptiaca,Vegetable-Sponge; Estropajo,vine,,disturbed-ground,asserted,introduced,570,"Diggs, Lipscomb & O'Kennon 1999, p. 570"
Lupinus,subcarnosus,species,,Lupinus subcarnosus,,,,,asserted,native,672,"Diggs, Lipscomb & O'Kennon 1999, p. 672"
Lupinus,texensis,species,,Lupinus texensis,Texas Bluebonnet; Buffalo-Clover; Texas Lupine,,annual,prairie; rocky-limestone; disturbed-ground,asserted,native,672,"Diggs, Lipscomb & O'Kennon 1999, p. 672"
Luzula,bulbosa,species,,Luzula bulbosa,Bulb Woodrush,,perennial,woods; streamside; sandy,asserted,native,1186,"Diggs, Lipscomb & O'Kennon 1999, p. 1186"
Luzula,echinata,variety,mesochorea,Luzula echinata var. mesochorea,,,,sandy,asserted,native,1186,"Diggs, Lipscomb & O'Kennon 1999, p. 1186"
Lycium,barbarum,species,,Lycium barbarum,Matrimony-Vine; Box-Thorn; False Jessamine,shrub,,,asserted,introduced,1022,"Diggs, Lipscomb & O'Kennon 1999, p. 1022"
Lycopodiella,appressa,species,,Lycopodiella appressa,Chapman Clubmoss; Southern Clubmoss; Appressed Bog Clubmoss,,perennial,,asserted,native,174,"Diggs, Lipscomb & O'Kennon 1999, p. 174"
Lycopodiella,prostrata,species,,Lycopodiella prostrata,,,,wetland,asserted,native,174,"Diggs, Lipscomb & O'Kennon 1999, p. 174"
Lycopus,americanus,species,,Lycopus americanus,American Bugleweed; Water-Horehound,,,,asserted,native,760,"Diggs, Lipscomb & O'Kennon 1999, p. 760"
Lycopus,rubellus,species,,Lycopus rubellus,Water-Horehound; Arkansas Bugleweed; Taper-Leaf Bugleweed; Stalked Bugleweed,,,,asserted,native,762,"Diggs, Lipscomb & O'Kennon 1999, p. 762"
Lycopus,virginicus,species,,Lycopus virginicus,Virginia Bugleweed,,,,asserted,native,762,"Diggs, Lipscomb & O'Kennon 1999, p. 762"
Lycoris,radiata,species,,Lycoris radiata,Spider-Lily; Red Spider-Lily,,perennial,disturbed-ground,asserted,introduced,1206,"Diggs, Lipscomb & O'Kennon 1999, p. 1206"
Lygodesmia,texana,species,,Lygodesmia texana,Texas Skeleton-Plant; Purple-Dandelion; Flowering-Straw; Milk -Pink,,perennial,prairie; rocky-limestone,asserted,native,386,"Diggs, Lipscomb & O'Kennon 1999, p. 386"
Lyonia,mariana,species,,Lyonia mariana,Staggerbush,shrub,,sandy,asserted,native,582,"Diggs, Lipscomb & O'Kennon 1999, p. 582"
Lysimachia,lanceolata,species,,Lysimachia lanceolata,Lance-Leaf Loosestrife,,perennial,woods; streamside,asserted,native,913,"Diggs, Lipscomb & O'Kennon 1999, p. 913"
Lysimachia,radicans,species,,Lysimachia radicans,,,,,asserted,native,913,"Diggs, Lipscomb & O'Kennon 1999, p. 913"
Lythrum,alatum,variety,lanceolatum,Lythrum alatum var. lanceolatum,Lance-Leaf Loosestrife; Winged Loosestrife,,,,asserted,native,802,"Diggs, Lipscomb & O'Kennon 1999, p. 802"
Lythrum,californicum,species,,Lythrum californicum,California Loosestrife; Hierba Del Cáncer; Winged Loosestrife,,,,asserted,native,802,"Diggs, Lipscomb & O'Kennon 1999, p. 802"
Lythrum,salicaria,species,,Lythrum salicaria,Purple Loosestrife,,,wetland; disturbed-ground,asserted,introduced,802,"Diggs, Lipscomb & O'Kennon 1999, p. 802"
Machaeranthera,pinnatifida,species,,Machaeranthera pinnatifida,Spiny Ironplant; Cut-Leaf Ironplant,herb,perennial,wetland,review,,387,"Diggs, Lipscomb & O'Kennon 1999, p. 387"
Maclura,pomifera,species,,Maclura pomifera,Bois D’arc; Horse-Apple; Osage-Orange; Naranjo Chino; Bow- Wood; Hedge- Apple,tree,,woods; streamside; rocky-limestone; disturbed-ground,review,,831,"Diggs, Lipscomb & O'Kennon 1999, p. 831"
Malva,neglecta,species,,Malva neglecta,Common Mallow; Cheeses,,,disturbed-ground,asserted,introduced,812,"Diggs, Lipscomb & O'Kennon 1999, p. 812"
Malva,parviflora,species,,Malva parviflora,Little Mallow,,annual,,asserted,introduced,812,"Diggs, Lipscomb & O'Kennon 1999, p. 812"
Malva,rotundifolia,species,,Malva rotundifolia,Running Mallow; Round-Leaf Mallow; Common Mallow; Dwarf Mallow; Northern Mallow,,,,asserted,introduced,814,"Diggs, Lipscomb & O'Kennon 1999, p. 814"
Malva,sylvestris,species,,Malva sylvestris,High Mallow,,biennial,disturbed-ground,asserted,introduced,814,"Diggs, Lipscomb & O'Kennon 1999, p. 814"
Malvastrum,aurantiacum,species,,Malvastrum aurantiacum,Wright’s False Mallow,,perennial,streamside,asserted,native,814,"Diggs, Lipscomb & O'Kennon 1999, p. 814"
Malvastrum,coromandelianum,species,,Malvastrum coromandelianum,Three-Lobe False Mallow,herb,annual,disturbed-ground,asserted,native,814,"Diggs, Lipscomb & O'Kennon 1999, p. 814"
Malvaviscus,arboreus,variety,drummondii,Malvaviscus arboreus var. drummondii,Drummond’s Wax-Mallow; Texas-Mallow,tree,,rocky-limestone; disturbed-ground,asserted,native,815,"Diggs, Lipscomb & O'Kennon 1999, p. 815"
Malvella,lepidota,species,,Malvella lepidota,Scurfy Sida,,,rocky-limestone,asserted,native,815,"Diggs, Lipscomb & O'Kennon 1999, p. 815"
Malvella,leprosa,species,,Malvella leprosa,Alkali Sida; Dollar Weed; Alkali-Mallow,,,rocky-limestone,asserted,native,815,"Diggs, Lipscomb & O'Kennon 1999, p. 815"
Malvella,sagittifolia,species,,Malvella sagittifolia,,,,rocky-limestone,asserted,native,816,"Diggs, Lipscomb & O'Kennon 1999, p. 816"
Mammillaria,heyderi,species,,Mammillaria heyderi,Flattened Mammillaria; Nipple Cactus; Little-Chilis; Biznaga De Chilitos,,,rocky-limestone,asserted,native,489,"Diggs, Lipscomb & O'Kennon 1999, p. 489"
Manfreda,maculosa,species,,Manfreda maculosa,,,,,asserted,native,1080,"Diggs, Lipscomb & O'Kennon 1999, p. 1080"
Manfreda,virginica,species,,Manfreda virginica,,herb,perennial,prairie,asserted,native,1079,"Diggs, Lipscomb & O'Kennon 1999, p. 1079"
Manfreda,virginica,subspecies,lata,Manfreda virginica subsp. lata,,,,,review,,17,"Diggs, Lipscomb & O'Kennon 1999, p. 17"
Many,moths,species,,Many moths,,,,,asserted,native,1400,"Diggs, Lipscomb & O'Kennon 1999, p. 1400"
Margaranthus,solanaceus,species,,Margaranthus solanaceus,Netted Globe-Cherry,,annual,disturbed-ground,asserted,native,1022,"Diggs, Lipscomb & O'Kennon 1999, p. 1022"
Marrubium,vulgare,species,,Marrubium vulgare,Common Horehound; White Horehound; Marrubio,herb,perennial,rocky-limestone; disturbed-ground,asserted,introduced,762,"Diggs, Lipscomb & O'Kennon 1999, p. 762"
Marshallia,caespitosa,species,,Marshallia caespitosa,,herb,perennial,,asserted,native,387,"Diggs, Lipscomb & O'Kennon 1999, p. 387"
Marshallia,caespitosa,variety,caespitosa,Marshallia caespitosa var. caespitosa,Seep Marshallia; Barbara’s-Buttons,,,prairie; rocky-limestone,asserted,native,387,"Diggs, Lipscomb & O'Kennon 1999, p. 387"
Marshallia,caespitosa,variety,signata,Marshallia caespitosa var. signata,Barbara’s Bruttons,,,rocky-limestone,asserted,native,387,"Diggs, Lipscomb & O'Kennon 1999, p. 387"
Marsilea,macropoda,species,,Marsilea macropoda,Large-Foot Pepperwort; Water-Clover,,,prairie; disturbed-ground,asserted,native,186,"Diggs, Lipscomb & O'Kennon 1999, p. 186"
Marsilea,vestita,species,,Marsilea vestita,,,,streamside,asserted,native,186,"Diggs, Lipscomb & O'Kennon 1999, p. 186"
Marsilea,vestita,subspecies,tenuifolia,Marsilea vestita subsp. tenuifolia,Narrow -Leaf Pepperwort,,,disturbed-ground,asserted,native,186,"Diggs, Lipscomb & O'Kennon 1999, p. 186"
Marsilea,vestita,subspecies,vestita,Marsilea vestita subsp. vestita,Hooked Pepperwort; Water-Clover; Hairy Pepperwort,,,prairie,asserted,native,186,"Diggs, Lipscomb & O'Kennon 1999, p. 186"
Matelea,biflora,species,,Matelea biflora,Two-Flower Milkvine,,,prairie; rocky-limestone,asserted,native,284,"Diggs, Lipscomb & O'Kennon 1999, p. 284"
Matelea,cynanchoides,species,,Matelea cynanchoides,Milkvine,,,,asserted,native,284,"Diggs, Lipscomb & O'Kennon 1999, p. 284"
Matelea,decipiens,species,,Matelea decipiens,Climbing-Milkweed,,,sandy,asserted,native,284,"Diggs, Lipscomb & O'Kennon 1999, p. 284"
Matelea,edwardsensis,species,,Matelea edwardsensis,Plateau Milkvine,,,woods; rocky-limestone,asserted,native,284,"Diggs, Lipscomb & O'Kennon 1999, p. 284"
Matelea,gonocarpos,species,,Matelea gonocarpos,Anglepod,,,woods; streamside,asserted,native,284,"Diggs, Lipscomb & O'Kennon 1999, p. 284"
Matelea,reticulata,species,,Matelea reticulata,,,,,asserted,native,284,"Diggs, Lipscomb & O'Kennon 1999, p. 284"
Matthiola,longipetala,species,,Matthiola longipetala,Eveningstock; Perfumeplant; Gilliflower; Stock,,annual,,asserted,introduced,474,"Diggs, Lipscomb & O'Kennon 1999, p. 474"
Maurandya,antirrhiniflora,species,,Maurandya antirrhiniflora,Snapdragon -Vine; Snapdragon Maurandella; Vine Blue-Snapdragon; Violet Twining-Snapdragon,herb,perennial,rocky-limestone; sandy; disturbed-ground,asserted,native,1002,"Diggs, Lipscomb & O'Kennon 1999, p. 1002"
Mazus,pumilus,species,,Mazus pumilus,,herb,,disturbed-ground,asserted,introduced,1003,"Diggs, Lipscomb & O'Kennon 1999, p. 1003"
Mecardonia,acuminata,species,,Mecardonia acuminata,Purple Mecardonia; Saw-Tooth Water-Hyssop,,,prairie; wetland,asserted,native,1003,"Diggs, Lipscomb & O'Kennon 1999, p. 1003"
Mecardonia,procumbens,species,,Mecardonia procumbens,Prostrate Mecardonia; Prostrate Waterhyssop; Stalked Water-Hyssop,,,,asserted,native,1003,"Diggs, Lipscomb & O'Kennon 1999, p. 1003"
Medicago,arabica,species,,Medicago arabica,Spotted Bur-Clover; Spotted Medic,,,sandy; disturbed-ground,asserted,introduced,674,"Diggs, Lipscomb & O'Kennon 1999, p. 674"
Medicago,lupulina,species,,Medicago lupulina,Black Medick; None-Such; Hop-Clover; Yellow Trefoil,,,prairie; disturbed-ground,asserted,introduced,674,"Diggs, Lipscomb & O'Kennon 1999, p. 674"
Medicago,minima,species,,Medicago minima,Bur-Clover; Small Medic; Small Bur-Clover,,,disturbed-ground,asserted,introduced,674,"Diggs, Lipscomb & O'Kennon 1999, p. 674"
Medicago,orbicularis,species,,Medicago orbicularis,Button-Clover; Button Medic,,,disturbed-ground,asserted,introduced,674,"Diggs, Lipscomb & O'Kennon 1999, p. 674"
Medicago,polymorpha,species,,Medicago polymorpha,California Bur-Clover; Bur-Clover,,,sandy; disturbed-ground,asserted,introduced,674,"Diggs, Lipscomb & O'Kennon 1999, p. 674"
Medicago,sativa,species,,Medicago sativa,Alfalfa; Lucerne,,perennial,disturbed-ground,asserted,introduced,676,"Diggs, Lipscomb & O'Kennon 1999, p. 676"
Melampodium,leucanthum,species,,Melampodium leucanthum,Rock Daisy; Plains Blackfoot; Black-Foot Daisy,herb,perennial,,asserted,native,388,"Diggs, Lipscomb & O'Kennon 1999, p. 388"
Melia,azedarach,species,,Melia azedarach,China-Berry; Pride-Of-India; Cavelón; Paráiso; China-Tree; White -Cedar; Ceylon Mahogany,tree,,disturbed-ground,asserted,introduced,823,"Diggs, Lipscomb & O'Kennon 1999, p. 823"
Melica,mutica,species,,Melica mutica,Two-Flower Melic; Narrow Melic,,,streamside; sandy,asserted,native,1284,"Diggs, Lipscomb & O'Kennon 1999, p. 1284"
Melica,nitens,species,,Melica nitens,Three-Flower Melic; Tall Melic,,,woods; rocky-limestone,asserted,native,1284,"Diggs, Lipscomb & O'Kennon 1999, p. 1284"
Melilotus,albus,species,,Melilotus albus,,,annual,disturbed-ground,asserted,introduced,676,"Diggs, Lipscomb & O'Kennon 1999, p. 676"
Melilotus,indicus,species,,Melilotus indicus,Sour-Clover; Yellow Sour-Clover; Alfalfilla,,annual,disturbed-ground,asserted,introduced,676,"Diggs, Lipscomb & O'Kennon 1999, p. 676"
Melilotus,officinalis,species,,Melilotus officinalis,Yellow Sweet-Clover; Yellow Melilot,,annual,prairie; disturbed-ground,asserted,introduced,676,"Diggs, Lipscomb & O'Kennon 1999, p. 676"
Melochia,pyramidata,species,,Melochia pyramidata,Angle-Pod Melochia,shrub,,rocky-limestone; sandy; disturbed-ground,review,,1032,"Diggs, Lipscomb & O'Kennon 1999, p. 1032"
Melothria,pendula,species,,Melothria pendula,Drooping Melonette; Creeping-Cucumber; Meloncito,,perennial,,asserted,native,570,"Diggs, Lipscomb & O'Kennon 1999, p. 570"
Menispermum,canadense,species,,Menispermum canadense,Moonseed; Yellow Parilla,vine,,woods; disturbed-ground,asserted,native,824,"Diggs, Lipscomb & O'Kennon 1999, p. 824"
Menodora,heterophylla,species,,Menodora heterophylla,Redbud; Twinpod; Low Menodora,,perennial,rocky-limestone; sandy,asserted,native,850,"Diggs, Lipscomb & O'Kennon 1999, p. 850"
Menodora,longiflora,species,,Menodora longiflora,,,,,review,,852,"Diggs, Lipscomb & O'Kennon 1999, p. 852"
Mentha,spicata,species,,Mentha spicata,Spearmint,,,streamside,asserted,introduced,764,"Diggs, Lipscomb & O'Kennon 1999, p. 764"
Mentzelia,albescens,species,,Mentzelia albescens,Wavy-Leaf Mentzelia,,,disturbed-ground,asserted,native,796,"Diggs, Lipscomb & O'Kennon 1999, p. 796"
Mentzelia,decapetala,species,,Mentzelia decapetala,,,,,asserted,native,796,"Diggs, Lipscomb & O'Kennon 1999, p. 796"
Mentzelia,nuda,species,,Mentzelia nuda,Bractless Mentzelia; Sand-Lily; Poor-Man’spatches; Starflower,,,prairie; sandy,asserted,native,796,"Diggs, Lipscomb & O'Kennon 1999, p. 796"
Mentzelia,oligosperma,species,,Mentzelia oligosperma,,,,prairie; rocky-limestone,asserted,native,796,"Diggs, Lipscomb & O'Kennon 1999, p. 796"
Mentzelia,reverchonii,species,,Mentzelia reverchonii,Prairie Stickleaf; Buena Mujer,,,prairie; rocky-limestone,asserted,native,797,"Diggs, Lipscomb & O'Kennon 1999, p. 797"
Merremia,dissecta,species,,Merremia dissecta,Alamo-Vine; Correhuela De Las Doce,vine,perennial,streamside; disturbed-ground,asserted,native,558,"Diggs, Lipscomb & O'Kennon 1999, p. 558"
Mikania,scandens,species,,Mikania scandens,Climbing Hempweed; Hempvine; Climbingboneset,vine,perennial,woods,asserted,native,388,"Diggs, Lipscomb & O'Kennon 1999, p. 388"
Mimosa,aculeaticarpa,variety,biuncifera,Mimosa aculeaticarpa var. biuncifera,Catclaw; Wait-A-Bit; Wait-A-Minute,shrub,,rocky-limestone; sandy,asserted,native,678,"Diggs, Lipscomb & O'Kennon 1999, p. 678"
Mimosa,borealis,species,,Mimosa borealis,Catclaw; Fragrant Mimosa; Pink Mimosa,shrub,,woods; prairie; rocky-limestone; sandy,asserted,native,678,"Diggs, Lipscomb & O'Kennon 1999, p. 678"
Mimosa,hystricina,species,,Mimosa hystricina,Bristly Sensitive-Briar,,,sandy,asserted,native,678,"Diggs, Lipscomb & O'Kennon 1999, p. 678"
Mimosa,latidens,species,,Mimosa latidens,Karnes Schrankia,,,sandy,asserted,native,678,"Diggs, Lipscomb & O'Kennon 1999, p. 678"
Mimosa,nuttallii,species,,Mimosa nuttallii,,,,,asserted,native,678,"Diggs, Lipscomb & O'Kennon 1999, p. 678"
Mimosa,roemeriana,species,,Mimosa roemeriana,Roemer’s Sensitive-Briar; Roemer’s Schrankia,,,rocky-limestone; sandy,asserted,native,678,"Diggs, Lipscomb & O'Kennon 1999, p. 678"
Mimosa,strigillosa,species,,Mimosa strigillosa,Powderpuff; Vergonzosa; Herbaceous Mimosa,herb,,sandy,asserted,native,680,"Diggs, Lipscomb & O'Kennon 1999, p. 680"
Mimulus,alatus,species,,Mimulus alatus,Sharp-Wing Monkey-Flower,,,prairie,asserted,native,1004,"Diggs, Lipscomb & O'Kennon 1999, p. 1004"
Mimulus,glabratus,species,,Mimulus glabratus,Round-Leaf Monkey-Flower,,,,asserted,native,1004,"Diggs, Lipscomb & O'Kennon 1999, p. 1004"
Mimulus,glabratus,variety,jamesii,Mimulus glabratus var. jamesii,Fremont's Monkey-Flower,,,rocky-limestone,asserted,native,1004,"Diggs, Lipscomb & O'Kennon 1999, p. 1004"
Minuartia,drummondii,species,,Minuartia drummondii,Drummond’s Sandwort,,annual,sandy; disturbed-ground,asserted,native,519,"Diggs, Lipscomb & O'Kennon 1999, p. 519"
Minuartia,michauxii,variety,texana,Minuartia michauxii var. texana,Rock Sandwort,,perennial,prairie; rocky-limestone,asserted,native,519,"Diggs, Lipscomb & O'Kennon 1999, p. 519"
Minuartia,muscorum,species,,Minuartia muscorum,,,annual,prairie; streamside; sandy; disturbed-ground,asserted,native,519,"Diggs, Lipscomb & O'Kennon 1999, p. 519"
Minuartia,patula,species,,Minuartia patula,Pitcher Sandwort,,annual,prairie; rocky-limestone; sandy,asserted,native,519,"Diggs, Lipscomb & O'Kennon 1999, p. 519"
Mirabilis,albida,species,,Mirabilis albida,White Four-O’clock,,,woods; prairie; rocky-limestone; sandy,asserted,native,839,"Diggs, Lipscomb & O'Kennon 1999, p. 839"
Mirabilis,gigantea,species,,Mirabilis gigantea,Giant Four-O’clock,,,woods; prairie; streamside; sandy,asserted,native,839,"Diggs, Lipscomb & O'Kennon 1999, p. 839"
Mirabilis,glabra,species,,Mirabilis glabra,Tall Four-O’clock,,,,asserted,native,839,"Diggs, Lipscomb & O'Kennon 1999, p. 839"
Mirabilis,jalapa,species,,Mirabilis jalapa,Four-O’clock; Marvel-Of-Peru; Common Four-O’clock; False Jalap,herb,perennial,rocky-limestone; disturbed-ground,asserted,introduced,840,"Diggs, Lipscomb & O'Kennon 1999, p. 840"
Mirabilis,latifolia,species,,Mirabilis latifolia,,,,,asserted,native,17,"Diggs, Lipscomb & O'Kennon 1999, p. 17"
Mirabilis,linearis,species,,Mirabilis linearis,Linear-Leaf Fouro’clock,,,rocky-limestone; sandy,asserted,native,840,"Diggs, Lipscomb & O'Kennon 1999, p. 840"
Mirabilis,nyctaginea,species,,Mirabilis nyctaginea,Wild Four-O’clock,,,prairie,asserted,native,840,"Diggs, Lipscomb & O'Kennon 1999, p. 840"
Miscanthus,sinensis,species,,Miscanthus sinensis,Silver Grass; Eulalia,,perennial,disturbed-ground,asserted,introduced,1284,"Diggs, Lipscomb & O'Kennon 1999, p. 1284"
Mitreola,petiolata,species,,Mitreola petiolata,Lax Hornpod,herb,annual,streamside; sandy,asserted,native,798,"Diggs, Lipscomb & O'Kennon 1999, p. 798"
Mitreola,sessilifolia,species,,Mitreola sessilifolia,,,,,asserted,native,798,"Diggs, Lipscomb & O'Kennon 1999, p. 798"
Modiola,caroliniana,species,,Modiola caroliniana,Carolina Modiola,herb,perennial,rocky-limestone; disturbed-ground,asserted,native,816,"Diggs, Lipscomb & O'Kennon 1999, p. 816"
Mollugo,verticillata,species,,Mollugo verticillata,Green Carpetweed; Indian -Chickweed,,annual,disturbed-ground,asserted,introduced,827,"Diggs, Lipscomb & O'Kennon 1999, p. 827"
Monarda,citriodora,species,,Monarda citriodora,Lemon Beebalm; Lemon Mint; Horse Mint,,annual,prairie; disturbed-ground,asserted,native,765,"Diggs, Lipscomb & O'Kennon 1999, p. 765"
Monarda,clinopodioides,species,,Monarda clinopodioides,,,annual,sandy,asserted,native,765,"Diggs, Lipscomb & O'Kennon 1999, p. 765"
Monarda,fistulosa,variety,mollis,Monarda fistulosa var. mollis,Wild Bergamot; Long-Flower Horse Mint,,perennial,woods; prairie; streamside,asserted,native,765,"Diggs, Lipscomb & O'Kennon 1999, p. 765"
Monarda,lindheimeri,species,,Monarda lindheimeri,Lindheimer’s Beebalm,,perennial,woods; streamside; rocky-limestone; sandy,asserted,native,765,"Diggs, Lipscomb & O'Kennon 1999, p. 765"
Monarda,pectinata,species,,Monarda pectinata,Plains Beebalm,,annual,,asserted,native,765,"Diggs, Lipscomb & O'Kennon 1999, p. 765"
Monarda,punctata,species,,Monarda punctata,Spotted Beebalm; Perennial Sandy-Land -Sage; Dotted Monarda; Horse Mint; Yellow Horse Mint,,annual,woods; streamside; sandy,asserted,native,766,"Diggs, Lipscomb & O'Kennon 1999, p. 766"
Monarda,punctata,variety,intermedia,Monarda punctata var. intermedia,,,,,asserted,native,766,"Diggs, Lipscomb & O'Kennon 1999, p. 766"
Monarda,punctata,variety,lasiodonta,Monarda punctata var. lasiodonta,Plumetooth Beebalm,,,streamside,asserted,native,766,"Diggs, Lipscomb & O'Kennon 1999, p. 766"
Monarda,punctata,variety,occidentalis,Monarda punctata var. occidentalis,Western Beebalm,,,,asserted,native,766,"Diggs, Lipscomb & O'Kennon 1999, p. 766"
Monarda,russeliana,species,,Monarda russeliana,Russell’s Beebalm,,perennial,woods; streamside; sandy; disturbed-ground,asserted,native,766,"Diggs, Lipscomb & O'Kennon 1999, p. 766"
Monarda,stanfieldii,species,,Monarda stanfieldii,,,,,asserted,native,766,"Diggs, Lipscomb & O'Kennon 1999, p. 766"
Mondara,viridissima,species,,Mondara viridissima,,,,,asserted,native,768,"Diggs, Lipscomb & O'Kennon 1999, p. 768"
Monolepis,nuttalliana,species,,Monolepis nuttalliana,Nuttall’s Monolepis; Poverty-Weed,,annual,streamside; disturbed-ground,asserted,native,540,"Diggs, Lipscomb & O'Kennon 1999, p. 540"
Monotropa,hypopithys,species,,Monotropa hypopithys,American Pinesap,,,woods,asserted,native,584,"Diggs, Lipscomb & O'Kennon 1999, p. 584"
Monotropa,uniflora,species,,Monotropa uniflora,,,,woods,asserted,native,71,"Diggs, Lipscomb & O'Kennon 1999, p. 71"
Morus,alba,species,,Morus alba,White Mulberry; Russian Mulberry; Silkworm Mulberry; Moral Blanco,tree,,rocky-limestone; disturbed-ground,asserted,introduced,831,"Diggs, Lipscomb & O'Kennon 1999, p. 831"
Morus,microphylla,species,,Morus microphylla,Mexican Mulberry; Texas Mulberry; Mountain Mulberry,shrub,,rocky-limestone,asserted,native,832,"Diggs, Lipscomb & O'Kennon 1999, p. 832"
Morus,rubra,species,,Morus rubra,Red Mulberry; Moral,tree,,streamside,asserted,native,832,"Diggs, Lipscomb & O'Kennon 1999, p. 832"
Muhlenbergia,bushii,species,,Muhlenbergia bushii,Nodding Muhly,,perennial,woods,asserted,native,1288,"Diggs, Lipscomb & O'Kennon 1999, p. 1288"
Muhlenbergia,capillaris,species,,Muhlenbergia capillaris,Hairy-Awn Muhly; Long-Awned Hair Grass; Slender Muhly; Gulf Muhly,,perennial,sandy,asserted,native,1288,"Diggs, Lipscomb & O'Kennon 1999, p. 1288"
Muhlenbergia,frondosa,species,,Muhlenbergia frondosa,Wire-Stem Muhly,,perennial,,asserted,native,1288,"Diggs, Lipscomb & O'Kennon 1999, p. 1288"
Muhlenbergia,glabrifloris,species,,Muhlenbergia glabrifloris,Inland Muhly,,perennial,woods; prairie,asserted,native,1288,"Diggs, Lipscomb & O'Kennon 1999, p. 1288"
Muhlenbergia,lindheimeri,species,,Muhlenbergia lindheimeri,,,,,asserted,native,70,"Diggs, Lipscomb & O'Kennon 1999, p. 70"
Muhlenbergia,mexicana,species,,Muhlenbergia mexicana,,,perennial,disturbed-ground,asserted,native,1288,"Diggs, Lipscomb & O'Kennon 1999, p. 1288"
Muhlenbergia,reverchonii,species,,Muhlenbergia reverchonii,Seep Muhly; Reverchon’s Muhly,,perennial,prairie,asserted,native,1288,"Diggs, Lipscomb & O'Kennon 1999, p. 1288"
Muhlenbergia,schreberi,species,,Muhlenbergia schreberi,Nimble-Will; Satin Grass; Schreber’s Muhly,grass,perennial,woods,asserted,native,1290,"Diggs, Lipscomb & O'Kennon 1999, p. 1290"
Muhlenbergia,sobolifera,species,,Muhlenbergia sobolifera,Rock Muhly; Rock-Dropseed,,perennial,woods; rocky-limestone,asserted,native,1290,"Diggs, Lipscomb & O'Kennon 1999, p. 1290"
Muhlenbergia,sylvatica,species,,Muhlenbergia sylvatica,Forest Muhly,,perennial,woods; streamside,asserted,native,1290,"Diggs, Lipscomb & O'Kennon 1999, p. 1290"
Muhlenbergia,utilis,species,,Muhlenbergia utilis,Aparejo Grass; Aparejo Muhly,,perennial,wetland; streamside,asserted,native,1290,"Diggs, Lipscomb & O'Kennon 1999, p. 1290"
Muscari,neglectum,species,,Muscari neglectum,Starch Grape-Hyacinth,,perennial,disturbed-ground,asserted,introduced,1206,"Diggs, Lipscomb & O'Kennon 1999, p. 1206"
Myagrum,perfoliatum,species,,Myagrum perfoliatum,,,annual,disturbed-ground,asserted,introduced,474,"Diggs, Lipscomb & O'Kennon 1999, p. 474"
Myosotis,macrosperma,species,,Myosotis macrosperma,Spring Forget-Me-Not,,,woods; streamside; sandy; disturbed-ground,asserted,native,453,"Diggs, Lipscomb & O'Kennon 1999, p. 453"
Myosotis,verna,species,,Myosotis verna,Early Scorpion-Grass; Southern Forget-Me-Not,,,woods; sandy; disturbed-ground,asserted,native,453,"Diggs, Lipscomb & O'Kennon 1999, p. 453"
Myosurus,minimus,species,,Myosurus minimus,Tiny Mousetail; Mousetail,,annual,sandy; disturbed-ground,asserted,native,924,"Diggs, Lipscomb & O'Kennon 1999, p. 924"
Myrica,cerifera,species,,Myrica cerifera,Southern Wax-Myrtle; Candle-Berry; Tallow-Shrub; Waxberry; Spicebush; Bayberry; Sweet-Oak,shrub,,wetland; streamside,asserted,native,832,"Diggs, Lipscomb & O'Kennon 1999, p. 832"
Myriophyllum,aquaticum,species,,Myriophyllum aquaticum,Parrot’s-Feather; Waterfeather,,,streamside; disturbed-ground,asserted,introduced,734,"Diggs, Lipscomb & O'Kennon 1999, p. 734"
Myriophyllum,heterophyllum,species,,Myriophyllum heterophyllum,,,,,asserted,native,734,"Diggs, Lipscomb & O'Kennon 1999, p. 734"
Myriophyllum,pinnatum,species,,Myriophyllum pinnatum,Green Parrot’s-Feather,,,streamside,asserted,native,734,"Diggs, Lipscomb & O'Kennon 1999, p. 734"
Myriophyllum,sibiricum,species,,Myriophyllum sibiricum,,,,,review,,734,"Diggs, Lipscomb & O'Kennon 1999, p. 734"
Myriophyllum,spicatum,species,,Myriophyllum spicatum,Eurasian Water-Milfoil,,,streamside,asserted,introduced,734,"Diggs, Lipscomb & O'Kennon 1999, p. 734"
Myriophyllum,verticillatum,species,,Myriophyllum verticillatum,,,,streamside,asserted,native,736,"Diggs, Lipscomb & O'Kennon 1999, p. 736"
Najas,guadalupensis,species,,Najas guadalupensis,Common Water-Nymph; Southern Naiad,,,streamside,asserted,native,1170,"Diggs, Lipscomb & O'Kennon 1999, p. 1170"
Najas,marina,species,,Najas marina,Holly-Leaf Water-Nymph; Spiny Naiad,,,streamside,asserted,native,1170,"Diggs, Lipscomb & O'Kennon 1999, p. 1170"
Nama,hispidum,species,,Nama hispidum,Sandbell; Rough Nama,,,woods; sandy,asserted,native,740,"Diggs, Lipscomb & O'Kennon 1999, p. 740"
Nama,jamaicense,species,,Nama jamaicense,Fiddleleaf; Fiddleleaf Nama,,,sandy; disturbed-ground,asserted,native,740,"Diggs, Lipscomb & O'Kennon 1999, p. 740"
Nandina,domestica,species,,Nandina domestica,Sacred-Bamboo; Heavenly-Bamboo,shrub,,woods; sandy; disturbed-ground,asserted,introduced,437,"Diggs, Lipscomb & O'Kennon 1999, p. 437"
Narcissus,jonquilla,species,,Narcissus jonquilla,Jonquil,,,disturbed-ground,asserted,introduced,1207,"Diggs, Lipscomb & O'Kennon 1999, p. 1207"
Narcissus,poeticus,species,,Narcissus poeticus,Pheasant’s-Eye; Poet’s Narcissus,,,disturbed-ground,asserted,introduced,1207,"Diggs, Lipscomb & O'Kennon 1999, p. 1207"
Narcissus,pseudonarcissus,species,,Narcissus pseudonarcissus,Daffodil; Trumpet Narcissus,,,disturbed-ground,asserted,introduced,1207,"Diggs, Lipscomb & O'Kennon 1999, p. 1207"
Narcissus,tazetta,species,,Narcissus tazetta,Polyanthus Narcissus,,,disturbed-ground,asserted,introduced,1207,"Diggs, Lipscomb & O'Kennon 1999, p. 1207"
Nassella,leucotricha,species,,Nassella leucotricha,Winter Grass; Texas Winter Grass; Spear Grass; Texas Needle Grass,,perennial,prairie; disturbed-ground,asserted,native,1290,"Diggs, Lipscomb & O'Kennon 1999, p. 1290"
Nelumbo,lutea,species,,Nelumbo lutea,Yellow Lotus; Lotus; Yellow Nelumbo; Water-Chinquapin; Pond-Nut; Youquepen,herb,perennial,wetland; streamside; disturbed-ground,asserted,native,834,"Diggs, Lipscomb & O'Kennon 1999, p. 834"
Nemastylis,geminiflora,species,,Nemastylis geminiflora,Prairie Celestial; Prairie Pleat-Leaf; Celestiallily; Prairie-Iris,,perennial,woods; prairie,asserted,native,1174,"Diggs, Lipscomb & O'Kennon 1999, p. 1174"
Nemastylis,nuttallii,species,,Nemastylis nuttallii,,,,,asserted,native,1174,"Diggs, Lipscomb & O'Kennon 1999, p. 1174"
Nemophila,phacelioides,species,,Nemophila phacelioides,Baby Blue-Eyes; Large-Flower Nemophila; Flannel-Breeches,,annual,woods; streamside; sandy; disturbed-ground,asserted,native,742,"Diggs, Lipscomb & O'Kennon 1999, p. 742"
Nepeta,cataria,species,,Nepeta cataria,Catnip; Catnep,herb,perennial,disturbed-ground,asserted,introduced,768,"Diggs, Lipscomb & O'Kennon 1999, p. 768"
Nephrolepis,exaltata,species,,Nephrolepis exaltata,Sword Fern; Wild Boston Fern,,,disturbed-ground,review,,184,"Diggs, Lipscomb & O'Kennon 1999, p. 184"
Neptunia,lutea,species,,Neptunia lutea,Yellow -Puff; Yellow Neptunia,vine,perennial,sandy; disturbed-ground,asserted,native,680,"Diggs, Lipscomb & O'Kennon 1999, p. 680"
Nicotiana,repanda,species,,Nicotiana repanda,Wild Tobacco; Fiddle-Leaf Tobacco; Tobacco Cimarrón,,annual,streamside; disturbed-ground,asserted,native,1022,"Diggs, Lipscomb & O'Kennon 1999, p. 1022"
Nierembergia,hippomanica,variety,coerulea,Nierembergia hippomanica var. coerulea,Texas Cupflower,,perennial,streamside; sandy,asserted,introduced,1022,"Diggs, Lipscomb & O'Kennon 1999, p. 1022"
Nolina,lindheimeriana,species,,Nolina lindheimeriana,Ribbon-Grass; Devil’s-Shoestring; Lindheimer’s Nolina,grass,perennial,rocky-limestone,asserted,native,1080,"Diggs, Lipscomb & O'Kennon 1999, p. 1080"
Nolina,texana,species,,Nolina texana,Sacahuista; Bunch-Grass,grass,perennial,rocky-limestone,asserted,native,1082,"Diggs, Lipscomb & O'Kennon 1999, p. 1082"
Nothoscordum,bivalve,species,,Nothoscordum bivalve,Crow-Poison; Yellow False Garlic,,perennial,woods; prairie; disturbed-ground,asserted,native,1208,"Diggs, Lipscomb & O'Kennon 1999, p. 1208"
Nuphar,advena,species,,Nuphar advena,Yellow Cow-Lily; Spatter-Dock,,,streamside; disturbed-ground,review,,844,"Diggs, Lipscomb & O'Kennon 1999, p. 844"
Nuttallanthus,canadensis,species,,Nuttallanthus canadensis,Oldfield Toad-Flax; Toad-Flax,,,woods; sandy,asserted,native,1004,"Diggs, Lipscomb & O'Kennon 1999, p. 1004"
Nuttallanthus,texanus,species,,Nuttallanthus texanus,Texas Toad-Flax; Toad-Flax,,,woods; sandy; disturbed-ground,asserted,native,1006,"Diggs, Lipscomb & O'Kennon 1999, p. 1006"
Nyctaginia,capitata,species,,Nyctaginia capitata,Scarlet Muskflower; Devil’s-Bouquet,herb,perennial,sandy,asserted,native,842,"Diggs, Lipscomb & O'Kennon 1999, p. 842"
Nymphaea,elegans,species,,Nymphaea elegans,Blue Water-Lily; Senorita Water-Lily; Lampazos,,,streamside,asserted,native,845,"Diggs, Lipscomb & O'Kennon 1999, p. 845"
Nymphaea,mexicana,species,,Nymphaea mexicana,Yellow Water-Lily; Banana Water-Lily; Lampazo Amarillo,,,streamside,review,,845,"Diggs, Lipscomb & O'Kennon 1999, p. 845"
Nymphaea,odorata,species,,Nymphaea odorata,White Water-Lily; American Water-Lily; Fragrant Water-Lily; Alligator-Bonnet; Pond-Lily; Ninfa Acuática,,,,asserted,native,845,"Diggs, Lipscomb & O'Kennon 1999, p. 845"
Nymphoides,peltata,species,,Nymphoides peltata,Yellow Floating -Heart; Waterfringe,herb,perennial,streamside; disturbed-ground,asserted,introduced,826,"Diggs, Lipscomb & O'Kennon 1999, p. 826"
Nyssa,sylvatica,species,,Nyssa sylvatica,,,,woods,asserted,native,71,"Diggs, Lipscomb & O'Kennon 1999, p. 71"
Oenothera,biennis,species,,Oenothera biennis,Common Evening-Primrose,,biennial,disturbed-ground,asserted,native,863,"Diggs, Lipscomb & O'Kennon 1999, p. 863"
Oenothera,brachycarpa,species,,Oenothera brachycarpa,,,,,asserted,native,866,"Diggs, Lipscomb & O'Kennon 1999, p. 866"
Oenothera,coryi,species,,Oenothera coryi,,,perennial,disturbed-ground,asserted,native,863,"Diggs, Lipscomb & O'Kennon 1999, p. 863"
Oenothera,grandis,species,,Oenothera grandis,,,annual,rocky-limestone; sandy,asserted,native,863,"Diggs, Lipscomb & O'Kennon 1999, p. 863"
Oenothera,heterophylla,species,,Oenothera heterophylla,Variable Evening-Primrose,,annual,woods; prairie; rocky-limestone; sandy,asserted,native,864,"Diggs, Lipscomb & O'Kennon 1999, p. 864"
Oenothera,jamesii,species,,Oenothera jamesii,Trumpet Evening-Primrose,,biennial,streamside; rocky-limestone,asserted,native,864,"Diggs, Lipscomb & O'Kennon 1999, p. 864"
Oenothera,laciniata,species,,Oenothera laciniata,Cut-Leaf Evening-Primrose; Downy Evening-Primrose; Sinuate-Leaf Evening-Primrose,,annual,disturbed-ground,asserted,native,864,"Diggs, Lipscomb & O'Kennon 1999, p. 864"
Oenothera,linifolia,species,,Oenothera linifolia,Thread-Leaf Sundrops,,annual,woods; sandy,asserted,native,864,"Diggs, Lipscomb & O'Kennon 1999, p. 864"
Oenothera,macrocarpa,species,,Oenothera macrocarpa,Missouri-Primrose,,perennial,prairie; rocky-limestone,asserted,native,864,"Diggs, Lipscomb & O'Kennon 1999, p. 864"
Oenothera,macrocarpa,subspecies,incana,Oenothera macrocarpa subsp. incana,Missouri -Primrose,,,,asserted,native,864,"Diggs, Lipscomb & O'Kennon 1999, p. 864"
Oenothera,macrocarpa,subspecies,macrocarpa,Oenothera macrocarpa subsp. macrocarpa,Flutter-Mill,,,,asserted,native,864,"Diggs, Lipscomb & O'Kennon 1999, p. 864"
Oenothera,macrocarpa,subspecies,oklahomensis,Oenothera macrocarpa subsp. oklahomensis,Ozark Sundrops; Glade-Lily,,,,asserted,native,864,"Diggs, Lipscomb & O'Kennon 1999, p. 864"
Oenothera,mexicana,species,,Oenothera mexicana,,,,,asserted,native,866,"Diggs, Lipscomb & O'Kennon 1999, p. 866"
Oenothera,rhombipetala,species,,Oenothera rhombipetala,Four-Point Evening-Primrose,,biennial,sandy; disturbed-ground,asserted,native,866,"Diggs, Lipscomb & O'Kennon 1999, p. 866"
Oenothera,spachiana,species,,Oenothera spachiana,Spach’s Evening-Primrose,,annual,,asserted,native,866,"Diggs, Lipscomb & O'Kennon 1999, p. 866"
Oenothera,speciosa,species,,Oenothera speciosa,Showy-Primrose; Buttercup; Texas-Buttercup; Showy Evening -Primrose; Mexican Evening - Primrose; Mexican -Primrose; White Evening-Primrose; Amapola Del Campo,,perennial,disturbed-ground,asserted,native,866,"Diggs, Lipscomb & O'Kennon 1999, p. 866"
Oenothera,triloba,species,,Oenothera triloba,Stemless Evening-Primrose; Three-Lobed-Primrose,,annual,prairie; disturbed-ground,asserted,native,866,"Diggs, Lipscomb & O'Kennon 1999, p. 866"
Oldenlandia,boscii,species,,Oldenlandia boscii,,,perennial,streamside,asserted,native,968,"Diggs, Lipscomb & O'Kennon 1999, p. 968"
Onoclea,sensibilis,species,,Onoclea sensibilis,Sensitive Fern,herb,,woods; wetland,asserted,native,184,"Diggs, Lipscomb & O'Kennon 1999, p. 184"
Onopordum,acanthium,species,,Onopordum acanthium,Scotch-Thistle,,biennial,disturbed-ground,asserted,introduced,388,"Diggs, Lipscomb & O'Kennon 1999, p. 388"
Onosmodium,bejariense,species,,Onosmodium bejariense,,herb,,,asserted,native,453,"Diggs, Lipscomb & O'Kennon 1999, p. 453"
Onosmodium,bejariense,variety,bejariense,Onosmodium bejariense var. bejariense,Bejar Marbleseed,,,rocky-limestone,asserted,native,454,"Diggs, Lipscomb & O'Kennon 1999, p. 454"
Onosmodium,bejariense,variety,hispidissimum,Onosmodium bejariense var. hispidissimum,Rough Marbleseed,,,,asserted,native,454,"Diggs, Lipscomb & O'Kennon 1999, p. 454"
Onosmodium,bejariense,variety,occidentale,Onosmodium bejariense var. occidentale,Western Marbleseed,,,rocky-limestone,asserted,native,454,"Diggs, Lipscomb & O'Kennon 1999, p. 454"
Onosmodium,helleri,species,,Onosmodium helleri,,,,,asserted,native,70,"Diggs, Lipscomb & O'Kennon 1999, p. 70"
Ophioglossum,crotalophoroides,species,,Ophioglossum crotalophoroides,Bulbous Adder’s-Tongue,,,streamside; rocky-limestone; sandy,asserted,native,190,"Diggs, Lipscomb & O'Kennon 1999, p. 190"
Ophioglossum,engelmannii,species,,Ophioglossum engelmannii,Engelmann’s Adder’s-Tongue; Limestone Adder’s-Tongue,,,rocky-limestone,asserted,native,190,"Diggs, Lipscomb & O'Kennon 1999, p. 190"
Ophioglossum,vulgatum,species,,Ophioglossum vulgatum,Adder’s-Tongue; Southern Adder’s-Tongue,,,woods; wetland; streamside; sandy,asserted,native,190,"Diggs, Lipscomb & O'Kennon 1999, p. 190"
Oplismenus,hirtellus,species,,Oplismenus hirtellus,Basket Grass,grass,perennial,rocky-limestone,asserted,introduced,1290,"Diggs, Lipscomb & O'Kennon 1999, p. 1290"
Opuntia,edwardsii,species,,Opuntia edwardsii,,,,,review,,492,"Diggs, Lipscomb & O'Kennon 1999, p. 492"
Opuntia,engelmannii,species,,Opuntia engelmannii,,shrub,,,asserted,native,490,"Diggs, Lipscomb & O'Kennon 1999, p. 490"
Opuntia,engelmannii,variety,engelmannii,Opuntia engelmannii var. engelmannii,,,,,review,,491,"Diggs, Lipscomb & O'Kennon 1999, p. 491"
Opuntia,engelmannii,variety,lindheimeri,Opuntia engelmannii var. lindheimeri,Texas Prickly-Pear; Nopal Prickly-Pear,,,prairie; sandy,asserted,native,490,"Diggs, Lipscomb & O'Kennon 1999, p. 490"
Opuntia,engelmannii,variety,linguiformis,Opuntia engelmannii var. linguiformis,Cow’s-Tongue; Cowtongue Prickly-Pear; Lengua De Vaca,,,disturbed-ground,review,,491,"Diggs, Lipscomb & O'Kennon 1999, p. 491"
Opuntia,ficus-indica,species,,Opuntia ficus-indica,Indian-Fig,tree,,,asserted,introduced,491,"Diggs, Lipscomb & O'Kennon 1999, p. 491"
Opuntia,humifusa,species,,Opuntia humifusa,Eastern Prickly-Pear,,perennial,rocky-limestone,asserted,native,491,"Diggs, Lipscomb & O'Kennon 1999, p. 491"
Opuntia,kleiniae,species,,Opuntia kleiniae,Klein’s Cholla; Candle Cholla; Tasajillo,shrub,,rocky-limestone,asserted,native,491,"Diggs, Lipscomb & O'Kennon 1999, p. 491"
Opuntia,leptocaulis,species,,Opuntia leptocaulis,Desert Christmas Cactus; Pencil Cactus; Pencil Cholla; Christmas Cholla; Tasajillo; Tesajo; Rat-Tail Cactus; Slender-Stem Cactus,shrub,,prairie,asserted,native,491,"Diggs, Lipscomb & O'Kennon 1999, p. 491"
Opuntia,macrorhiza,species,,Opuntia macrorhiza,Plains Prickly-Pear; Grassland Prickly-Pear; Chain Prickly-Pear; Tuberous-Root Prickly-Pear,,perennial,rocky-limestone; sandy,asserted,native,492,"Diggs, Lipscomb & O'Kennon 1999, p. 492"
Opuntia,phaeacantha,species,,Opuntia phaeacantha,Prickly-Pear; Englemann ’s Prickly-Pear; Purple-Fruit Prickly-Pear,,perennial,,asserted,native,492,"Diggs, Lipscomb & O'Kennon 1999, p. 492"
Opuntia,phaeacantha,variety,camanchica,Opuntia phaeacantha var. camanchica,,,,rocky-limestone; sandy,asserted,native,492,"Diggs, Lipscomb & O'Kennon 1999, p. 492"
Opuntia,schottii,species,,Opuntia schottii,Clavellina; Devil Cholla; Schott’s Cholla; Dog Cholla,,,rocky-limestone,asserted,native,492,"Diggs, Lipscomb & O'Kennon 1999, p. 492"
Opuntia,tunicata,variety,davisii,Opuntia tunicata var. davisii,Green-Flower Cholla; Jeff Davis’ Cholla; Jumping Cholla; Jumping Cactus,shrub,,sandy,asserted,native,492,"Diggs, Lipscomb & O'Kennon 1999, p. 492"
Orbexilum,pedunculatum,species,,Orbexilum pedunculatum,Sampson’s Snakeroot; Bobsroot Snakeroot,,,woods; sandy,asserted,native,680,"Diggs, Lipscomb & O'Kennon 1999, p. 680"
Orbexilum,simplex,species,,Orbexilum simplex,Single-Stem Snakeroot,,,woods; rocky-limestone; sandy,asserted,native,682,"Diggs, Lipscomb & O'Kennon 1999, p. 682"
Orobanche,fasciculata,species,,Orobanche fasciculata,Chester Broomrape,,,prairie; rocky-limestone,asserted,native,868,"Diggs, Lipscomb & O'Kennon 1999, p. 868"
Orobanche,ludoviciana,subspecies,ludoviciana,Orobanche ludoviciana subsp. ludoviciana,,,,,asserted,native,868,"Diggs, Lipscomb & O'Kennon 1999, p. 868"
Orobanche,ludoviciana,subspecies,multiflora,Orobanche ludoviciana subsp. multiflora,Large-Flower Broomrape,,,prairie; sandy,asserted,native,868,"Diggs, Lipscomb & O'Kennon 1999, p. 868"
Osmorhiza,longistylis,species,,Osmorhiza longistylis,,,,disturbed-ground,asserted,native,239,"Diggs, Lipscomb & O'Kennon 1999, p. 239"
Osmunda,cinnamomea,species,,Osmunda cinnamomea,Cinnamon Fern; Buckhorn Fern; Buckhorn Brake; Flowering Fern,,,streamside,asserted,native,192,"Diggs, Lipscomb & O'Kennon 1999, p. 192"
Osmunda,regalis,variety,spectabilis,Osmunda regalis var. spectabilis,Royal Fern; Flowering Fern,fern,,streamside,asserted,native,192,"Diggs, Lipscomb & O'Kennon 1999, p. 192"
Ostrya,virginiana,species,,Ostrya virginiana,Ironwood; Eastern Hop-Hornbeam; American Hop-Hornbeam; Woolly American Hop-Hornbeam; Leverwood,tree,,woods,asserted,native,440,"Diggs, Lipscomb & O'Kennon 1999, p. 440"
Oxalis,articulata,subspecies,rubra,Oxalis articulata subsp. rubra,Windowbox Woodsorrel,,perennial,disturbed-ground,asserted,introduced,870,"Diggs, Lipscomb & O'Kennon 1999, p. 870"
Oxalis,corniculata,species,,Oxalis corniculata,Creeping Ladies’-Sorrel; Agrito; Jocoyote,,,disturbed-ground,review,,870,"Diggs, Lipscomb & O'Kennon 1999, p. 870"
Oxalis,drummondii,species,,Oxalis drummondii,Drummond’s Oxalis,,perennial,woods; prairie; rocky-limestone; sandy,asserted,native,870,"Diggs, Lipscomb & O'Kennon 1999, p. 870"
Oxalis,stricta,species,,Oxalis stricta,Sheep-Showers; Gray-Green Woodsorrel; Dillen’s Oxalis,,perennial,,asserted,native,870,"Diggs, Lipscomb & O'Kennon 1999, p. 870"
Oxalis,violacea,species,,Oxalis violacea,Violet Woodsorrel,,perennial,woods; prairie; sandy,asserted,native,872,"Diggs, Lipscomb & O'Kennon 1999, p. 872"
Oxypolis,filiformis,species,,Oxypolis filiformis,Leaf-Less Cowbane,,,,asserted,native,256,"Diggs, Lipscomb & O'Kennon 1999, p. 256"
Oxypolis,rigidor,species,,Oxypolis rigidor,Cowbane; Water Dropwort; Water Dropwort Cowbane,,,streamside,asserted,native,256,"Diggs, Lipscomb & O'Kennon 1999, p. 256"
Oxytropis,lambertii,species,,Oxytropis lambertii,Locoweed; Purple Loco; Lambert’s Crazyweed; White Loco; Lambert’s Loco; Crazyweed; Point Loco,herb,perennial,prairie; rocky-limestone,asserted,native,682,"Diggs, Lipscomb & O'Kennon 1999, p. 682"
Packera,glabella,species,,Packera glabella,Butterweed; Yellowtop,,annual,streamside; sandy; disturbed-ground,asserted,native,390,"Diggs, Lipscomb & O'Kennon 1999, p. 390"
Packera,obovata,species,,Packera obovata,Golden Groundsel; Round-Leaf Groundsel; Ovate-Leaf Ragwort,,perennial,woods; streamside,asserted,native,390,"Diggs, Lipscomb & O'Kennon 1999, p. 390"
Packera,plattensis,species,,Packera plattensis,Prairie Groundsel; Prairie Ragwort,,biennial,woods; prairie; streamside,asserted,native,390,"Diggs, Lipscomb & O'Kennon 1999, p. 390"
Packera,tampicana,species,,Packera tampicana,Yellowtop,,annual,prairie; rocky-limestone; sandy; disturbed-ground,review,,392,"Diggs, Lipscomb & O'Kennon 1999, p. 392"
Palafoxia,callosa,species,,Palafoxia callosa,Small Palafoxia,,,disturbed-ground,asserted,native,392,"Diggs, Lipscomb & O'Kennon 1999, p. 392"
Palafoxia,hookeriana,variety,hookeriana,Palafoxia hookeriana var. hookeriana,Showy Palafoxia,,,sandy,asserted,native,392,"Diggs, Lipscomb & O'Kennon 1999, p. 392"
Palafoxia,hookeriana,variety,minor,Palafoxia hookeriana var. minor,,,,,asserted,native,393,"Diggs, Lipscomb & O'Kennon 1999, p. 393"
Palafoxia,reverchonii,species,,Palafoxia reverchonii,Reverchon’s Palafoxia,,,,asserted,native,393,"Diggs, Lipscomb & O'Kennon 1999, p. 393"
Palafoxia,rosea,species,,Palafoxia rosea,Rose Palafoxia,,,disturbed-ground,asserted,native,393,"Diggs, Lipscomb & O'Kennon 1999, p. 393"
Palafoxia,rosea,variety,macrolepis,Palafoxia rosea var. macrolepis,,,,sandy,asserted,native,393,"Diggs, Lipscomb & O'Kennon 1999, p. 393"
Palafoxia,sphacelata,species,,Palafoxia sphacelata,Rayed Palafoxia,,,,asserted,native,393,"Diggs, Lipscomb & O'Kennon 1999, p. 393"
Panicum,aciculare,species,,Panicum aciculare,,,,woods; sandy,asserted,native,1294,"Diggs, Lipscomb & O'Kennon 1999, p. 1294"
Panicum,aciculare,variety,angustifolium,Panicum aciculare var. angustifolium,,,,,asserted,native,1295,"Diggs, Lipscomb & O'Kennon 1999, p. 1295"
Panicum,acuminatum,species,,Panicum acuminatum,,,,,asserted,native,1295,"Diggs, Lipscomb & O'Kennon 1999, p. 1295"
Panicum,acuminatum,variety,lindheimeri,Panicum acuminatum var. lindheimeri,Lindheimer’s Rosette Grass; Lindheimer’s Panic,,,rocky-limestone; sandy,asserted,native,1295,"Diggs, Lipscomb & O'Kennon 1999, p. 1295"
Panicum,acuminatum,variety,villosum,Panicum acuminatum var. villosum,White-Haired Rosette Grass; White-Haired Panic,grass,,woods; sandy,asserted,native,1295,"Diggs, Lipscomb & O'Kennon 1999, p. 1295"
Panicum,anceps,species,,Panicum anceps,Beaked Panicum,,perennial,prairie,asserted,native,1295,"Diggs, Lipscomb & O'Kennon 1999, p. 1295"
Panicum,antidotale,species,,Panicum antidotale,Blue Panic,grass,perennial,,asserted,introduced,1295,"Diggs, Lipscomb & O'Kennon 1999, p. 1295"
Panicum,bergii,species,,Panicum bergii,,,perennial,,asserted,introduced,1296,"Diggs, Lipscomb & O'Kennon 1999, p. 1296"
Panicum,boscii,species,,Panicum boscii,,,,streamside,asserted,native,1296,"Diggs, Lipscomb & O'Kennon 1999, p. 1296"
Panicum,brachyanthum,species,,Panicum brachyanthum,Pimple Panicum,,annual,woods; sandy,asserted,native,1296,"Diggs, Lipscomb & O'Kennon 1999, p. 1296"
Panicum,capillare,species,,Panicum capillare,Witch Grass,,annual,streamside; disturbed-ground,asserted,native,1296,"Diggs, Lipscomb & O'Kennon 1999, p. 1296"
Panicum,clandestinum,species,,Panicum clandestinum,Deer-Tongue; Deer-Tongue Rosette Grass,,,woods; sandy,asserted,native,1296,"Diggs, Lipscomb & O'Kennon 1999, p. 1296"
Panicum,coloratum,species,,Panicum coloratum,Klein Grass,grass,perennial,,asserted,introduced,1296,"Diggs, Lipscomb & O'Kennon 1999, p. 1296"
Panicum,depauperatum,species,,Panicum depauperatum,Starved Rosette Grass,,,woods; streamside; disturbed-ground,asserted,native,1296,"Diggs, Lipscomb & O'Kennon 1999, p. 1296"
Panicum,dichotomiflorum,species,,Panicum dichotomiflorum,Fall Panicum; Spreading Witch Grass,,annual,disturbed-ground,asserted,native,1296,"Diggs, Lipscomb & O'Kennon 1999, p. 1296"
Panicum,dichotomum,species,,Panicum dichotomum,,,,woods; sandy,asserted,native,1296,"Diggs, Lipscomb & O'Kennon 1999, p. 1296"
Panicum,diffusum,species,,Panicum diffusum,Spreading Panicum,,perennial,disturbed-ground,asserted,native,1298,"Diggs, Lipscomb & O'Kennon 1999, p. 1298"
Panicum,divergens,species,,Panicum divergens,Variable Rosette Grass,,,woods; streamside; sandy,asserted,native,1298,"Diggs, Lipscomb & O'Kennon 1999, p. 1298"
Panicum,hallii,species,,Panicum hallii,,,perennial,prairie; rocky-limestone; disturbed-ground,asserted,native,1298,"Diggs, Lipscomb & O'Kennon 1999, p. 1298"
Panicum,hallii,variety,filipes,Panicum hallii var. filipes,Filly Panicum,,,,asserted,native,1298,"Diggs, Lipscomb & O'Kennon 1999, p. 1298"
Panicum,hians,species,,Panicum hians,Gaping Panicum,,perennial,prairie,asserted,native,1298,"Diggs, Lipscomb & O'Kennon 1999, p. 1298"
Panicum,hillmanii,species,,Panicum hillmanii,Hillman’s Panicum,,annual,disturbed-ground,asserted,native,1298,"Diggs, Lipscomb & O'Kennon 1999, p. 1298"
Panicum,laxiflorum,species,,Panicum laxiflorum,Open-Flower Rosette Grass; Open-Flower Panic,,,woods; streamside; sandy,asserted,native,1300,"Diggs, Lipscomb & O'Kennon 1999, p. 1300"
Panicum,linearifolium,species,,Panicum linearifolium,Slim-Leaf Rosette Grass; Slim-Leaf Panic,,,woods; sandy,asserted,native,1300,"Diggs, Lipscomb & O'Kennon 1999, p. 1300"
Panicum,malacophyllum,species,,Panicum malacophyllum,Soft-Leaf Rosette Grass; Soft-Leaf Panic,,,woods; rocky-limestone; sandy,asserted,native,1300,"Diggs, Lipscomb & O'Kennon 1999, p. 1300"
Panicum,miliaceum,species,,Panicum miliaceum,Broomcorn Millet; Proso; Hog Millet; Russian Millet; Common Millet,,annual,disturbed-ground,asserted,introduced,1300,"Diggs, Lipscomb & O'Kennon 1999, p. 1300"
Panicum,obtusum,species,,Panicum obtusum,Vine-Mesquite,,perennial,prairie; disturbed-ground,asserted,native,1300,"Diggs, Lipscomb & O'Kennon 1999, p. 1300"
Panicum,oligosanthes,species,,Panicum oligosanthes,,grass,,,asserted,native,55,"Diggs, Lipscomb & O'Kennon 1999, p. 55"
Panicum,oligosanthes,variety,scribnerianum,Panicum oligosanthes var. scribnerianum,Scribner’s Rosette Grass,grass,,rocky-limestone; sandy,asserted,native,1300,"Diggs, Lipscomb & O'Kennon 1999, p. 1300"
Panicum,pedicellatum,species,,Panicum pedicellatum,Cedar Rosette Grass; Cedar Panic,,,rocky-limestone,asserted,native,1300,"Diggs, Lipscomb & O'Kennon 1999, p. 1300"
Panicum,philadelphicum,species,,Panicum philadelphicum,Philadelphia Witch Grass; Wood Witch Grass,,annual,sandy,asserted,native,1302,"Diggs, Lipscomb & O'Kennon 1999, p. 1302"
Panicum,ravenelii,species,,Panicum ravenelii,,,,,asserted,native,1302,"Diggs, Lipscomb & O'Kennon 1999, p. 1302"
Panicum,rigidulum,species,,Panicum rigidulum,Red-Top Panic,,perennial,woods; rocky-limestone; sandy; disturbed-ground,asserted,native,1302,"Diggs, Lipscomb & O'Kennon 1999, p. 1302"
Panicum,scoparium,species,,Panicum scoparium,Velvet Rosette Grass,,,woods; sandy,asserted,native,1302,"Diggs, Lipscomb & O'Kennon 1999, p. 1302"
Panicum,sphaerocarpon,species,,Panicum sphaerocarpon,Round-Seed Rosette Grass; Round-Seed Panic,,,sandy,asserted,native,1302,"Diggs, Lipscomb & O'Kennon 1999, p. 1302"
Panicum,virgatum,species,,Panicum virgatum,Switch Grass,grass,perennial,prairie,asserted,native,1302,"Diggs, Lipscomb & O'Kennon 1999, p. 1302"
Papaver,rhoeas,species,,Papaver rhoeas,Corn Poppy; Field Poppy; Shirley Poppy; Amapola,,,disturbed-ground,asserted,introduced,876,"Diggs, Lipscomb & O'Kennon 1999, p. 876"
Papaver,somniferum,species,,Papaver somniferum,Opium Poppy; Common Poppy,,,disturbed-ground,asserted,introduced,876,"Diggs, Lipscomb & O'Kennon 1999, p. 876"
Parietaria,pensylvanica,species,,Parietaria pensylvanica,Pennsylvania Pellitory,,annual,rocky-limestone; sandy,asserted,native,1042,"Diggs, Lipscomb & O'Kennon 1999, p. 1042"
Parietaria,pensylvanica,variety,obtusa,Parietaria pensylvanica var. obtusa,,,,,asserted,native,1042,"Diggs, Lipscomb & O'Kennon 1999, p. 1042"
Parietaria,pensylvanica,variety,pensylvanica,Parietaria pensylvanica var. pensylvanica,Hammerwort,,,,asserted,native,1042,"Diggs, Lipscomb & O'Kennon 1999, p. 1042"
Parkinsonia,aculeata,species,,Parkinsonia aculeata,Retama; Paloverde; Horse -Bean; Jerusalem -Thorn; Mexican Paloverde,shrub,,rocky-limestone; sandy,review,,682,"Diggs, Lipscomb & O'Kennon 1999, p. 682"
Paronychia,drummondii,species,,Paronychia drummondii,Drummond’s Nailwort,,annual,sandy,asserted,native,520,"Diggs, Lipscomb & O'Kennon 1999, p. 520"
Paronychia,fastigiata,species,,Paronychia fastigiata,Cluster-Stem Nailwort; Forked Chickweed,,annual,woods; sandy,asserted,native,520,"Diggs, Lipscomb & O'Kennon 1999, p. 520"
Paronychia,jamesii,species,,Paronychia jamesii,James’ Nailwort,,perennial,rocky-limestone; sandy,asserted,native,520,"Diggs, Lipscomb & O'Kennon 1999, p. 520"
Paronychia,lindheimeri,species,,Paronychia lindheimeri,Lindheimer’s Nailwort,,annual,rocky-limestone; sandy,asserted,native,520,"Diggs, Lipscomb & O'Kennon 1999, p. 520"
Paronychia,virginica,species,,Paronychia virginica,Parks’ Nailwort; Broom Nailwort,,perennial,prairie; rocky-limestone,asserted,native,522,"Diggs, Lipscomb & O'Kennon 1999, p. 522"
Parthenium,hysterophorus,species,,Parthenium hysterophorus,False Ragweed; Ragweed Parthenium; Santa-Maria; Feverfew; Cicutilla,,annual,disturbed-ground,asserted,native,393,"Diggs, Lipscomb & O'Kennon 1999, p. 393"
Parthenocissus,heptaphylla,species,,Parthenocissus heptaphylla,Sevenleaf-Creeper,vine,,rocky-limestone; sandy,asserted,native,1068,"Diggs, Lipscomb & O'Kennon 1999, p. 1068"
Parthenocissus,quinquefolia,species,,Parthenocissus quinquefolia,Virginia-Creeper; Woodbine; Americanivy; Hiedra; Parra; Redtwig-Creeper,vine,,streamside; disturbed-ground,asserted,native,1068,"Diggs, Lipscomb & O'Kennon 1999, p. 1068"
Parthenocissus,tricuspidata,species,,Parthenocissus tricuspidata,Japaneseivy; Boston-Ivy,vine,,disturbed-ground,asserted,introduced,1068,"Diggs, Lipscomb & O'Kennon 1999, p. 1068"
Pascopyrum,smithii,species,,Pascopyrum smithii,Western Wheat Grass; Bluestem Wheat Grass,grass,perennial,prairie; disturbed-ground,asserted,native,1302,"Diggs, Lipscomb & O'Kennon 1999, p. 1302"
Paspalidium,geminatum,species,,Paspalidium geminatum,Egyptian Paspalidium,,perennial,,review,,1304,"Diggs, Lipscomb & O'Kennon 1999, p. 1304"
Paspalum,dilatatum,species,,Paspalum dilatatum,Dallis Grass; Paspalum Grass,,perennial,,asserted,native,1305,"Diggs, Lipscomb & O'Kennon 1999, p. 1305"
Paspalum,distichum,species,,Paspalum distichum,Knot Grass; Eternity Grass; Joint Grass; Fort Thompson Grass,,perennial,streamside,asserted,native,1306,"Diggs, Lipscomb & O'Kennon 1999, p. 1306"
Paspalum,floridanum,species,,Paspalum floridanum,Florida Paspalum; Big Florida Paspalum; Big Paspalum,,perennial,woods,asserted,native,1306,"Diggs, Lipscomb & O'Kennon 1999, p. 1306"
Paspalum,laeve,species,,Paspalum laeve,,,perennial,woods; prairie; sandy; disturbed-ground,asserted,native,1306,"Diggs, Lipscomb & O'Kennon 1999, p. 1306"
Paspalum,laeve,variety,circulare,Paspalum laeve var. circulare,Round-Seed Paspalum,,,,asserted,native,1306,"Diggs, Lipscomb & O'Kennon 1999, p. 1306"
Paspalum,laeve,variety,laeve,Paspalum laeve var. laeve,Field Paspalum; Smooth Paspalum,,,streamside,asserted,native,1306,"Diggs, Lipscomb & O'Kennon 1999, p. 1306"
Paspalum,langei,species,,Paspalum langei,Rusty-Seed Paspalum; Lange’s Paspalum,,perennial,,asserted,native,1306,"Diggs, Lipscomb & O'Kennon 1999, p. 1306"
Paspalum,notatum,species,,Paspalum notatum,Bahia Grass,grass,perennial,sandy; disturbed-ground,review,,1306,"Diggs, Lipscomb & O'Kennon 1999, p. 1306"
Paspalum,notatum,variety,latiflorum,Paspalum notatum var. latiflorum,,,,rocky-limestone,asserted,introduced,1306,"Diggs, Lipscomb & O'Kennon 1999, p. 1306"
Paspalum,notatum,variety,saurae,Paspalum notatum var. saurae,,grass,,,asserted,introduced,1306,"Diggs, Lipscomb & O'Kennon 1999, p. 1306"
Paspalum,plicatulum,species,,Paspalum plicatulum,Brown-Seed Paspalum; Plaited Paspalum,,perennial,woods; sandy,asserted,native,1306,"Diggs, Lipscomb & O'Kennon 1999, p. 1306"
Paspalum,pubiflorum,species,,Paspalum pubiflorum,,,perennial,,asserted,native,1308,"Diggs, Lipscomb & O'Kennon 1999, p. 1308"
Paspalum,pubiflorum,variety,glabrum,Paspalum pubiflorum var. glabrum,Smooth-Seed Paspalum,,,,asserted,native,1308,"Diggs, Lipscomb & O'Kennon 1999, p. 1308"
Paspalum,setaceum,species,,Paspalum setaceum,Thin Paspalum,,perennial,disturbed-ground,asserted,native,1308,"Diggs, Lipscomb & O'Kennon 1999, p. 1308"
Paspalum,urvillei,species,,Paspalum urvillei,Vasey Grass; Urville’s Paspalum,,perennial,disturbed-ground,asserted,introduced,1308,"Diggs, Lipscomb & O'Kennon 1999, p. 1308"
Passiflora,affinis,species,,Passiflora affinis,Bracted Passion-Flower,vine,,streamside; rocky-limestone,asserted,native,878,"Diggs, Lipscomb & O'Kennon 1999, p. 878"
Passiflora,incarnata,species,,Passiflora incarnata,Maypop Passion-Flower; Pasionaria; Apricot Vine,vine,,streamside; disturbed-ground,asserted,native,878,"Diggs, Lipscomb & O'Kennon 1999, p. 878"
Passiflora,lutea,species,,Passiflora lutea,Yellow Passion-Flower,vine,,woods; streamside,asserted,native,878,"Diggs, Lipscomb & O'Kennon 1999, p. 878"
Passiflora,tenuiloba,species,,Passiflora tenuiloba,Spread-Lobe Passion-Flower; Birdwing Passion-Flower,vine,,rocky-limestone,asserted,native,878,"Diggs, Lipscomb & O'Kennon 1999, p. 878"
Pavonia,lasiopetala,species,,Pavonia lasiopetala,Wright’s Pavonia,shrub,,woods; rocky-limestone; disturbed-ground,review,,816,"Diggs, Lipscomb & O'Kennon 1999, p. 816"
Pectis,angustifolia,variety,fastigiata,Pectis angustifolia var. fastigiata,,,perennial,rocky-limestone,asserted,native,394,"Diggs, Lipscomb & O'Kennon 1999, p. 394"
Pedicularis,canadensis,species,,Pedicularis canadensis,Common Lousewort; Early Lousewort; Early Fernleaf Lousewort; Wood-Betony,herb,perennial,woods; streamside,asserted,native,1006,"Diggs, Lipscomb & O'Kennon 1999, p. 1006"
Pediomelum,cuspidatum,species,,Pediomelum cuspidatum,Tall-Bread Scurf-Pea,,,prairie; rocky-limestone; sandy,asserted,native,684,"Diggs, Lipscomb & O'Kennon 1999, p. 684"
Pediomelum,cyphocalyx,species,,Pediomelum cyphocalyx,,,,,asserted,native,70,"Diggs, Lipscomb & O'Kennon 1999, p. 70"
Pediomelum,digitatum,species,,Pediomelum digitatum,Palm-Leaf Scurfpea,,,rocky-limestone; sandy,asserted,native,684,"Diggs, Lipscomb & O'Kennon 1999, p. 684"
Pediomelum,hypogaeum,species,,Pediomelum hypogaeum,,,,woods; prairie; rocky-limestone; sandy; disturbed-ground,asserted,native,684,"Diggs, Lipscomb & O'Kennon 1999, p. 684"
Pediomelum,hypogaeum,variety,hypogaeum,Pediomelum hypogaeum var. hypogaeum,Edible Scurf-Pea; Prairie-Potato; Pomme Blanche; Pomme-De-Prairie,,,,asserted,native,684,"Diggs, Lipscomb & O'Kennon 1999, p. 684"
Pediomelum,hypogaeum,variety,scaposum,Pediomelum hypogaeum var. scaposum,,,,prairie,asserted,native,684,"Diggs, Lipscomb & O'Kennon 1999, p. 684"
Pediomelum,hypogaeum,variety,subulatum,Pediomelum hypogaeum var. subulatum,,,,,asserted,native,684,"Diggs, Lipscomb & O'Kennon 1999, p. 684"
Pediomelum,latestipulatum,species,,Pediomelum latestipulatum,,,,prairie; rocky-limestone; sandy,asserted,native,686,"Diggs, Lipscomb & O'Kennon 1999, p. 686"
Pediomelum,latestipulatum,variety,appressum,Pediomelum latestipulatum var. appressum,,,,,asserted,native,686,"Diggs, Lipscomb & O'Kennon 1999, p. 686"
Pediomelum,linearifolium,species,,Pediomelum linearifolium,,,,prairie; rocky-limestone,asserted,native,686,"Diggs, Lipscomb & O'Kennon 1999, p. 686"
Pediomelum,reverchonii,species,,Pediomelum reverchonii,Rock Scurf-Pea,,,rocky-limestone,asserted,native,686,"Diggs, Lipscomb & O'Kennon 1999, p. 686"
Pediomelum,rhombifolium,species,,Pediomelum rhombifolium,Round-Leaf Scurfpea,,,streamside; sandy; disturbed-ground,asserted,native,686,"Diggs, Lipscomb & O'Kennon 1999, p. 686"
Pellaea,atropurpurea,species,,Pellaea atropurpurea,Purple Cliff-Brake; Cliff-Brake; Blue Fern,,,woods; rocky-limestone,asserted,native,198,"Diggs, Lipscomb & O'Kennon 1999, p. 198"
Pellaea,ovata,species,,Pellaea ovata,,,,rocky-limestone,asserted,native,200,"Diggs, Lipscomb & O'Kennon 1999, p. 200"
Pellaea,wrightiana,species,,Pellaea wrightiana,Wright’s Cliff-Brake,,,,asserted,native,200,"Diggs, Lipscomb & O'Kennon 1999, p. 200"
Pennisetum,ciliare,species,,Pennisetum ciliare,,,,,asserted,introduced,1310,"Diggs, Lipscomb & O'Kennon 1999, p. 1310"
Pennisetum,species,species,,Pennisetum species,,,,disturbed-ground,review,,1223,"Diggs, Lipscomb & O'Kennon 1999, p. 1223"
Pennisetum,villosum,species,,Pennisetum villosum,Feathertop,,perennial,disturbed-ground,asserted,introduced,1308,"Diggs, Lipscomb & O'Kennon 1999, p. 1308"
Penstemon,cobaea,species,,Penstemon cobaea,,,,woods; prairie; rocky-limestone; sandy,asserted,native,1007,"Diggs, Lipscomb & O'Kennon 1999, p. 1007"
Penstemon,digitalis,species,,Penstemon digitalis,Smooth Penstemon; Beardtongue; Smooth Beardtongue,,,woods; disturbed-ground,asserted,native,1007,"Diggs, Lipscomb & O'Kennon 1999, p. 1007"
Penstemon,fendleri,species,,Penstemon fendleri,Fendler’s Penstemon; Purple Foxglove,,,prairie; rocky-limestone; sandy; disturbed-ground,asserted,native,1007,"Diggs, Lipscomb & O'Kennon 1999, p. 1007"
Penstemon,grandiflorus,species,,Penstemon grandiflorus,Large Beardtongue,,,woods; sandy,asserted,native,1008,"Diggs, Lipscomb & O'Kennon 1999, p. 1008"
Penstemon,guadalupensis,species,,Penstemon guadalupensis,Guadalupe Penstemon,,,,asserted,native,1008,"Diggs, Lipscomb & O'Kennon 1999, p. 1008"
Penstemon,laxiflorus,species,,Penstemon laxiflorus,Beardtongue,,,woods; prairie; sandy,asserted,native,1008,"Diggs, Lipscomb & O'Kennon 1999, p. 1008"
Penstemon,murrayanus,species,,Penstemon murrayanus,Cup-Leaf Penstemon,,,woods; sandy,asserted,native,1008,"Diggs, Lipscomb & O'Kennon 1999, p. 1008"
Penstemon,triflorus,subspecies,integrifolius,Penstemon triflorus subsp. integrifolius,,,,,asserted,native,1008,"Diggs, Lipscomb & O'Kennon 1999, p. 1008"
Penstemon,tubaeflorus,species,,Penstemon tubaeflorus,Tube Penstemon,,,streamside,asserted,native,1008,"Diggs, Lipscomb & O'Kennon 1999, p. 1008"
Penthorum,sedoides,species,,Penthorum sedoides,,herb,perennial,streamside,asserted,native,562,"Diggs, Lipscomb & O'Kennon 1999, p. 562"
Perilla,fructescens,species,,Perilla fructescens,Common Perilla; Beefsteak-Plant,herb,annual,woods; prairie; streamside; disturbed-ground,review,,768,"Diggs, Lipscomb & O'Kennon 1999, p. 768"
Periploca,graeca,species,,Periploca graeca,Silkvine,vine,,prairie; disturbed-ground,review,,287,"Diggs, Lipscomb & O'Kennon 1999, p. 287"
Perityle,lindheimeri,species,,Perityle lindheimeri,Lindheimer’s Rock Daisy,,perennial,rocky-limestone,asserted,native,394,"Diggs, Lipscomb & O'Kennon 1999, p. 394"
Petrorhagia,dubia,species,,Petrorhagia dubia,Childing-Pink,,annual,rocky-limestone; disturbed-ground,asserted,introduced,522,"Diggs, Lipscomb & O'Kennon 1999, p. 522"
Petroselinum,crispum,species,,Petroselinum crispum,Parsley; Garden Parsley; Curly Parsley,,biennial,disturbed-ground,asserted,introduced,256,"Diggs, Lipscomb & O'Kennon 1999, p. 256"
Petunia,axillaris,species,,Petunia axillaris,Common Garden Petunia,herb,annual,disturbed-ground,asserted,introduced,1023,"Diggs, Lipscomb & O'Kennon 1999, p. 1023"
Phacelia,congesta,species,,Phacelia congesta,Blue-Curls; Spike Phacelia,,annual,sandy,asserted,native,743,"Diggs, Lipscomb & O'Kennon 1999, p. 743"
Phacelia,glabra,species,,Phacelia glabra,Smooth Phacelia,,annual,prairie; sandy,asserted,native,743,"Diggs, Lipscomb & O'Kennon 1999, p. 743"
Phacelia,hirsuta,species,,Phacelia hirsuta,Hairy Phacelia,,annual,rocky-limestone; sandy,asserted,native,743,"Diggs, Lipscomb & O'Kennon 1999, p. 743"
Phacelia,integrifolia,species,,Phacelia integrifolia,Gyp Phacelia; Crenate-Leaf Phacelia,,annual,rocky-limestone; sandy,asserted,native,743,"Diggs, Lipscomb & O'Kennon 1999, p. 743"
Phacelia,patuliflora,species,,Phacelia patuliflora,,,annual,woods; sandy,asserted,native,743,"Diggs, Lipscomb & O'Kennon 1999, p. 743"
Phacelia,patuliflora,variety,patuliflora,Phacelia patuliflora var. patuliflora,Sand Phacelia,,,,asserted,native,743,"Diggs, Lipscomb & O'Kennon 1999, p. 743"
Phacelia,patuliflora,variety,teucriifolia,Phacelia patuliflora var. teucriifolia,,,,woods,asserted,native,743,"Diggs, Lipscomb & O'Kennon 1999, p. 743"
Phacelia,strictiflora,species,,Phacelia strictiflora,,,annual,sandy,asserted,native,743,"Diggs, Lipscomb & O'Kennon 1999, p. 743"
Phacelia,strictiflora,variety,connexa,Phacelia strictiflora var. connexa,,,,rocky-limestone,asserted,native,744,"Diggs, Lipscomb & O'Kennon 1999, p. 744"
Phacelia,strictiflora,variety,lundelliana,Phacelia strictiflora var. lundelliana,,,,prairie,asserted,native,744,"Diggs, Lipscomb & O'Kennon 1999, p. 744"
Phacelia,strictiflora,variety,robbinsii,Phacelia strictiflora var. robbinsii,,,,,asserted,native,744,"Diggs, Lipscomb & O'Kennon 1999, p. 744"
Phalaris,canariensis,species,,Phalaris canariensis,Canary Grass,,,,asserted,introduced,1310,"Diggs, Lipscomb & O'Kennon 1999, p. 1310"
Phalaris,caroliniana,species,,Phalaris caroliniana,Wild Canary Grass; Carolina Canary Grass; Southern Canary Grass,,,disturbed-ground,asserted,native,1310,"Diggs, Lipscomb & O'Kennon 1999, p. 1310"
Philadelphus,pubescens,species,,Philadelphus pubescens,,shrub,,streamside; rocky-limestone,asserted,native,739,"Diggs, Lipscomb & O'Kennon 1999, p. 739"
Phleum,pratense,species,,Phleum pratense,Timothy,,perennial,woods; disturbed-ground,asserted,introduced,1311,"Diggs, Lipscomb & O'Kennon 1999, p. 1311"
Phlox,cuspidata,species,,Phlox cuspidata,Pointed Phlox; Large-Flower Phlox,,,,asserted,native,891,"Diggs, Lipscomb & O'Kennon 1999, p. 891"
Phlox,drummondii,species,,Phlox drummondii,Pride-Of-Texas,,annual,sandy; disturbed-ground,review,,891,"Diggs, Lipscomb & O'Kennon 1999, p. 891"
Phlox,drummondii,subspecies,drummondi,Phlox drummondii subsp. drummondi,Drummond’s Phlox,,,disturbed-ground,review,,892,"Diggs, Lipscomb & O'Kennon 1999, p. 892"
Phlox,drummondii,subspecies,mcallisterii,Phlox drummondii subsp. mcallisterii,,,,woods; disturbed-ground,asserted,native,892,"Diggs, Lipscomb & O'Kennon 1999, p. 892"
Phlox,drummondii,subspecies,wilcoxiana,Phlox drummondii subsp. wilcoxiana,,,,wetland,asserted,native,892,"Diggs, Lipscomb & O'Kennon 1999, p. 892"
Phlox,oklahomensis,species,,Phlox oklahomensis,,,perennial,woods; sandy,asserted,native,892,"Diggs, Lipscomb & O'Kennon 1999, p. 892"
Phlox,pilosa,species,,Phlox pilosa,Prairie Phlox,,perennial,,asserted,native,892,"Diggs, Lipscomb & O'Kennon 1999, p. 892"
Phlox,pilosa,subspecies,latisepala,Phlox pilosa subsp. latisepala,Rough Phlox,,,woods; rocky-limestone,asserted,native,892,"Diggs, Lipscomb & O'Kennon 1999, p. 892"
Phlox,pilosa,subspecies,pilosa,Phlox pilosa subsp. pilosa,Downy Phlox,,,woods; prairie,asserted,native,892,"Diggs, Lipscomb & O'Kennon 1999, p. 892"
Phlox,pilosa,subspecies,riparia,Phlox pilosa subsp. riparia,Texas Phlox,,,,asserted,native,892,"Diggs, Lipscomb & O'Kennon 1999, p. 892"
Phlox,roemeriana,species,,Phlox roemeriana,,,,,asserted,native,80,"Diggs, Lipscomb & O'Kennon 1999, p. 80"
Phoradendron,tomentosum,species,,Phoradendron tomentosum,Mistletoe; Christmas Mistletoe; Injerto; Hairy Mistletoe,tree,perennial,,asserted,native,1064,"Diggs, Lipscomb & O'Kennon 1999, p. 1064"
Photinia,serratifolia,species,,Photinia serratifolia,,shrub,,sandy; disturbed-ground,asserted,introduced,946,"Diggs, Lipscomb & O'Kennon 1999, p. 946"
Phragmites,australis,species,,Phragmites australis,Common Reed; Reed; Nal; Danube Grass,,perennial,streamside; disturbed-ground,review,,1311,"Diggs, Lipscomb & O'Kennon 1999, p. 1311"
Phryma,leptostachya,species,,Phryma leptostachya,Lopseed,herb,perennial,woods; streamside,asserted,native,881,"Diggs, Lipscomb & O'Kennon 1999, p. 881"
Phyllanthus,abnormis,species,,Phyllanthus abnormis,Drummond’s Leaf-Flower,,annual,sandy,asserted,native,611,"Diggs, Lipscomb & O'Kennon 1999, p. 611"
Phyllanthus,caroliniensis,species,,Phyllanthus caroliniensis,Carolina Leaf-Flower,,,,asserted,native,611,"Diggs, Lipscomb & O'Kennon 1999, p. 611"
Phyllanthus,polygonoides,species,,Phyllanthus polygonoides,Knotweed Leaf-Flower,,,rocky-limestone; sandy,asserted,native,611,"Diggs, Lipscomb & O'Kennon 1999, p. 611"
Phyllanthus,tenellus,species,,Phyllanthus tenellus,,,,,asserted,introduced,611,"Diggs, Lipscomb & O'Kennon 1999, p. 611"
Phyllanthus,urinaria,species,,Phyllanthus urinaria,Peewater Leaf-Flower,,,,asserted,introduced,611,"Diggs, Lipscomb & O'Kennon 1999, p. 611"
Phyllostachys,aurea,species,,Phyllostachys aurea,Golden Bamboo; Fishpole Bamboo; Yellow Bamboo,,perennial,rocky-limestone; sandy; disturbed-ground,review,,1311,"Diggs, Lipscomb & O'Kennon 1999, p. 1311"
Physalis,angulata,species,,Physalis angulata,Cut-Leaf Ground-Cherry; Southwest Ground-Cherry; Lance-Leaf Ground-Cherry; Purple-Vein Ground-Cherry,,annual,prairie; disturbed-ground,asserted,native,1024,"Diggs, Lipscomb & O'Kennon 1999, p. 1024"
Physalis,cinerascens,species,,Physalis cinerascens,Beach Ground-Cherry,,perennial,disturbed-ground,asserted,native,1024,"Diggs, Lipscomb & O'Kennon 1999, p. 1024"
Physalis,heterophylla,species,,Physalis heterophylla,Clammy Ground-Cherry,,perennial,sandy; disturbed-ground,asserted,native,1024,"Diggs, Lipscomb & O'Kennon 1999, p. 1024"
Physalis,longifolia,species,,Physalis longifolia,Common Ground-Cherry,,perennial,,asserted,native,1024,"Diggs, Lipscomb & O'Kennon 1999, p. 1024"
Physalis,longifolia,variety,subglabrata,Physalis longifolia var. subglabrata,Bladder Groundcherry,,,,asserted,native,1026,"Diggs, Lipscomb & O'Kennon 1999, p. 1026"
Physalis,mollis,species,,Physalis mollis,Field Ground-Cherry,,perennial,woods; sandy; disturbed-ground,asserted,native,1026,"Diggs, Lipscomb & O'Kennon 1999, p. 1026"
Physalis,pubescens,species,,Physalis pubescens,Downy Ground-Cherry; Low Hair Ground-Cherry; Tomate Fresadilla,,annual,disturbed-ground,asserted,native,1026,"Diggs, Lipscomb & O'Kennon 1999, p. 1026"
Physalis,pubescens,variety,integrifolia,Physalis pubescens var. integrifolia,,,,,asserted,native,1026,"Diggs, Lipscomb & O'Kennon 1999, p. 1026"
Physalis,pumila,species,,Physalis pumila,Prairie Ground-Cherry; Low Ground-Cherry,,perennial,woods; prairie,asserted,native,1026,"Diggs, Lipscomb & O'Kennon 1999, p. 1026"
Physalis,turbinata,species,,Physalis turbinata,Thicket Ground-Cherry,,annual,woods,asserted,native,1026,"Diggs, Lipscomb & O'Kennon 1999, p. 1026"
Physalis,virginiana,species,,Physalis virginiana,Virginia Ground-Cherry,,perennial,woods,asserted,native,1026,"Diggs, Lipscomb & O'Kennon 1999, p. 1026"
Physostegia,angustifolia,species,,Physostegia angustifolia,,,,prairie; disturbed-ground,asserted,native,769,"Diggs, Lipscomb & O'Kennon 1999, p. 769"
Physostegia,digitalis,species,,Physostegia digitalis,Finger Lion’s-Heart; False Dragon’s-Head,,,sandy,asserted,native,769,"Diggs, Lipscomb & O'Kennon 1999, p. 769"
Physostegia,intermedia,species,,Physostegia intermedia,Intermediate Lion’s-Heart,,,disturbed-ground,asserted,native,769,"Diggs, Lipscomb & O'Kennon 1999, p. 769"
Physostegia,micrantha,species,,Physostegia micrantha,,,,prairie; wetland; streamside; disturbed-ground,asserted,native,769,"Diggs, Lipscomb & O'Kennon 1999, p. 769"
Physostegia,pulchella,species,,Physostegia pulchella,Beautiful False Dragon’s-Head,,,prairie; disturbed-ground,asserted,native,770,"Diggs, Lipscomb & O'Kennon 1999, p. 770"
Physostegia,virginiana,subspecies,praemorsa,Physostegia virginiana subsp. praemorsa,,,,prairie; rocky-limestone; disturbed-ground,asserted,native,770,"Diggs, Lipscomb & O'Kennon 1999, p. 770"
Physostegia,virginiana,subspecies,virginiana,Physostegia virginiana subsp. virginiana,,,,,asserted,introduced,770,"Diggs, Lipscomb & O'Kennon 1999, p. 770"
Phytolacca,americana,species,,Phytolacca americana,Pokeweed; Pokeberry; Poke; Inkberry,,,woods; streamside; disturbed-ground,asserted,native,881,"Diggs, Lipscomb & O'Kennon 1999, p. 881"
Pilea,pumila,species,,Pilea pumila,Clearweed; Canada Clearweed,,annual,woods; streamside,asserted,native,1042,"Diggs, Lipscomb & O'Kennon 1999, p. 1042"
Pilostyles,thurberi,species,,Pilostyles thurberi,Thurber’s Pilostyles,,,,asserted,native,914,"Diggs, Lipscomb & O'Kennon 1999, p. 914"
Pilularia,americana,species,,Pilularia americana,American Pillwort; Water-Pepper,,,streamside; rocky-limestone; disturbed-ground,asserted,native,188,"Diggs, Lipscomb & O'Kennon 1999, p. 188"
Pinaropappus,roseus,species,,Pinaropappus roseus,Small Rock-Lettuce,,,,asserted,native,394,"Diggs, Lipscomb & O'Kennon 1999, p. 394"
Pinto,cos,variety,octoflora,Pinto cos var. octoflora,Common Sixweeks Grass,,,,asserted,native,1336,"Diggs, Lipscomb & O'Kennon 1999, p. 1336"
Pinus,cembroides,species,,Pinus cembroides,,,,,asserted,native,1413,"Diggs, Lipscomb & O'Kennon 1999, p. 1413"
Pinus,echinata,species,,Pinus echinata,Shortleaf Pine; Shortleaf Yellow Pine; Longtag Pine,,,streamside,review,,206,"Diggs, Lipscomb & O'Kennon 1999, p. 206"
Pinus,elliottii,species,,Pinus elliottii,Slash Pine; Pitch Pine; Yellow Slash Pine,,,sandy; disturbed-ground,review,,206,"Diggs, Lipscomb & O'Kennon 1999, p. 206"
Pinus,palustris,species,,Pinus palustris,Longleaf Pine; Longleaf Yellow Pine,tree,,sandy; disturbed-ground,review,,207,"Diggs, Lipscomb & O'Kennon 1999, p. 207"
Pinus,taeda,species,,Pinus taeda,Loblolly Pine; Old-Field Pine,,,streamside; sandy; disturbed-ground,review,,207,"Diggs, Lipscomb & O'Kennon 1999, p. 207"
Pistia,stratiotes,species,,Pistia stratiotes,Water-Lettuce; Shellflower; Water-Bonnet,herb,,streamside,asserted,native,1093,"Diggs, Lipscomb & O'Kennon 1999, p. 1093"
Pityopsis,graminifolia,variety,latifolia,Pityopsis graminifolia var. latifolia,Silk-Grass,grass,perennial,sandy; disturbed-ground,asserted,native,396,"Diggs, Lipscomb & O'Kennon 1999, p. 396"
Plantago,aristata,species,,Plantago aristata,Buckthorn; Bottlebrush Plantain; Bracted Plantain,,annual,woods; sandy,asserted,native,884,"Diggs, Lipscomb & O'Kennon 1999, p. 884"
Plantago,coronopus,species,,Plantago coronopus,Buck-Horn Plantain,,annual,,asserted,native,884,"Diggs, Lipscomb & O'Kennon 1999, p. 884"
Plantago,elongata,species,,Plantago elongata,Slender Plantain,,annual,disturbed-ground,asserted,native,884,"Diggs, Lipscomb & O'Kennon 1999, p. 884"
Plantago,helleri,species,,Plantago helleri,Cedar Plantain,,annual,rocky-limestone,asserted,native,884,"Diggs, Lipscomb & O'Kennon 1999, p. 884"
Plantago,heterophylla,species,,Plantago heterophylla,Slim -Spike Plantago,,annual,sandy; disturbed-ground,asserted,native,884,"Diggs, Lipscomb & O'Kennon 1999, p. 884"
Plantago,hookeriana,species,,Plantago hookeriana,Tallow-Weed; Hooker’s Plantain,,annual,rocky-limestone; sandy,asserted,native,884,"Diggs, Lipscomb & O'Kennon 1999, p. 884"
Plantago,lanceolata,species,,Plantago lanceolata,Buckhorn; Buckhorn Plantain; Ribbongrass; English Plantain; Ribwort; Rib-Grass; Ripple-Grass,,perennial,,asserted,introduced,886,"Diggs, Lipscomb & O'Kennon 1999, p. 886"
Plantago,major,species,,Plantago major,Dooryard Plantain; Common Plantain; Whiteman’s-Foot; Broad-Leaf Plantain; Lanten; Great Plantain,,perennial,,asserted,introduced,886,"Diggs, Lipscomb & O'Kennon 1999, p. 886"
Plantago,patagonica,species,,Plantago patagonica,Bristle-Bract Plantain,,annual,streamside; sandy; disturbed-ground,asserted,native,886,"Diggs, Lipscomb & O'Kennon 1999, p. 886"
Plantago,rhodosperma,species,,Plantago rhodosperma,Tallow-Weed; Red-Seed Plantain,,annual,prairie; disturbed-ground,asserted,native,886,"Diggs, Lipscomb & O'Kennon 1999, p. 886"
Plantago,rugelii,species,,Plantago rugelii,Common Plantain; Rugel’s Plantain,,perennial,disturbed-ground,asserted,native,886,"Diggs, Lipscomb & O'Kennon 1999, p. 886"
Plantago,virginica,species,,Plantago virginica,Pale-Seed Plantain; Dwarf Plantain; Hoary Plantain,,annual,woods; sandy; disturbed-ground,asserted,native,886,"Diggs, Lipscomb & O'Kennon 1999, p. 886"
Plantago,wrightiana,species,,Plantago wrightiana,Wright’s Plantain,,annual,prairie; rocky-limestone; sandy,asserted,native,886,"Diggs, Lipscomb & O'Kennon 1999, p. 886"
Platanthera,ciliaris,species,,Platanthera ciliaris,Yellow Fringed Orchid; Yellow Finger Orchid,,,woods,asserted,native,1218,"Diggs, Lipscomb & O'Kennon 1999, p. 1218"
Platanus,occidentalis,species,,Platanus occidentalis,American Sycamore,tree,,prairie; streamside,asserted,native,888,"Diggs, Lipscomb & O'Kennon 1999, p. 888"
Pleopeltis,polypodioides,subspecies,michauxiana,Pleopeltis polypodioides subsp. michauxiana,Resurrection Fern; Gray Polypody,fern,,,asserted,native,193,"Diggs, Lipscomb & O'Kennon 1999, p. 193"
Pluchea,camphorata,species,,Pluchea camphorata,Camphorweed; Camphor Pluchea,,annual,,asserted,native,398,"Diggs, Lipscomb & O'Kennon 1999, p. 398"
Pluchea,foetida,species,,Pluchea foetida,Stinking Pluchea; Stinking-Fleabane,,perennial,,asserted,native,398,"Diggs, Lipscomb & O'Kennon 1999, p. 398"
Pluchea,odorata,species,,Pluchea odorata,Canela; Purple Pluchea,,annual,,asserted,native,398,"Diggs, Lipscomb & O'Kennon 1999, p. 398"
Poa,annua,species,,Poa annua,Annual Bluegrass; Low Spear Grass; Dwarf Meadow Grass,,annual,disturbed-ground,asserted,introduced,1312,"Diggs, Lipscomb & O'Kennon 1999, p. 1312"
Poa,arachnifera,species,,Poa arachnifera,Texas Blue Grass,,perennial,prairie; sandy,asserted,native,1312,"Diggs, Lipscomb & O'Kennon 1999, p. 1312"
Poa,bulbosa,species,,Poa bulbosa,Bulbous Blue Grass,,perennial,,asserted,introduced,1312,"Diggs, Lipscomb & O'Kennon 1999, p. 1312"
Poa,chapmaniana,species,,Poa chapmaniana,Chapman’s Poa; Chapman’s Blue Grass,,annual,disturbed-ground,asserted,native,1314,"Diggs, Lipscomb & O'Kennon 1999, p. 1314"
Poa,compressa,species,,Poa compressa,Canada Blue Grass,grass,perennial,disturbed-ground,asserted,introduced,1314,"Diggs, Lipscomb & O'Kennon 1999, p. 1314"
Poa,pratensis,species,,Poa pratensis,Kentucky Blue Grass; June Blue Grass,,perennial,disturbed-ground,asserted,introduced,1314,"Diggs, Lipscomb & O'Kennon 1999, p. 1314"
Poa,sylvestris,species,,Poa sylvestris,Woodland Blue Grass; Sylvan Blue Grass,grass,perennial,woods; streamside; rocky-limestone,asserted,native,1314,"Diggs, Lipscomb & O'Kennon 1999, p. 1314"
Podophyllum,peltatum,species,,Podophyllum peltatum,May-Apple; Wild Jalap; American-Mandrake,herb,perennial,woods; streamside; sandy,asserted,native,437,"Diggs, Lipscomb & O'Kennon 1999, p. 437"
Pogonia,ophioglossoides,species,,Pogonia ophioglossoides,Rose Pogonia,,,wetland; disturbed-ground,asserted,native,1218,"Diggs, Lipscomb & O'Kennon 1999, p. 1218"
Polanisia,dodecandra,subspecies,trachysperma,Polanisia dodecandra subsp. trachysperma,Clammyweed,,,streamside; sandy; disturbed-ground,review,,506,"Diggs, Lipscomb & O'Kennon 1999, p. 506"
Polanisia,erosa,species,,Polanisia erosa,Large Clammyweed; Large Crestpetal,,,rocky-limestone; sandy,asserted,native,507,"Diggs, Lipscomb & O'Kennon 1999, p. 507"
Polycarpon,tetraphyllum,species,,Polycarpon tetraphyllum,Four-Leaf Manyseed,,annual,sandy,asserted,introduced,522,"Diggs, Lipscomb & O'Kennon 1999, p. 522"
Polygala,alba,species,,Polygala alba,White Milkwort,,perennial,rocky-limestone; sandy,asserted,native,896,"Diggs, Lipscomb & O'Kennon 1999, p. 896"
Polygala,cruciata,species,,Polygala cruciata,Marsh Milkwort,,annual,wetland,asserted,native,896,"Diggs, Lipscomb & O'Kennon 1999, p. 896"
Polygala,incarnata,species,,Polygala incarnata,Pink Milkwort; Slender Milkwort,,annual,woods; sandy,asserted,native,896,"Diggs, Lipscomb & O'Kennon 1999, p. 896"
Polygala,lindheimeri,species,,Polygala lindheimeri,,,,,asserted,native,896,"Diggs, Lipscomb & O'Kennon 1999, p. 896"
Polygala,lindheimeri,variety,lindheimeri,Polygala lindheimeri var. lindheimeri,Shrubby Milkwort,,,rocky-limestone,asserted,native,896,"Diggs, Lipscomb & O'Kennon 1999, p. 896"
Polygala,lindheimeri,variety,parviflora,Polygala lindheimeri var. parviflora,Rock Milkwort,,,rocky-limestone,asserted,native,896,"Diggs, Lipscomb & O'Kennon 1999, p. 896"
Polygala,polygama,variety,obtusata,Polygala polygama var. obtusata,Bitter Milkwort; Racemed Milkwort,,,wetland; streamside; sandy,asserted,native,896,"Diggs, Lipscomb & O'Kennon 1999, p. 896"
Polygala,sanguinea,species,,Polygala sanguinea,Blood Milkwort,,annual,woods; prairie; streamside,asserted,native,896,"Diggs, Lipscomb & O'Kennon 1999, p. 896"
Polygala,verticillata,species,,Polygala verticillata,Whorled Milkwort,,annual,woods; sandy,asserted,native,896,"Diggs, Lipscomb & O'Kennon 1999, p. 896"
Polygonatum,biflorum,species,,Polygonatum biflorum,Great Solomon’s-Seal,,perennial,streamside,asserted,native,1208,"Diggs, Lipscomb & O'Kennon 1999, p. 1208"
Polygonella,americana,species,,Polygonella americana,Southern Jointweed; Small Jointweed,,perennial,sandy,asserted,native,899,"Diggs, Lipscomb & O'Kennon 1999, p. 899"
Polygonum,amphibium,variety,emersum,Polygonum amphibium var. emersum,Water Smartweed,,perennial,,asserted,native,902,"Diggs, Lipscomb & O'Kennon 1999, p. 902"
Polygonum,aviculare,species,,Polygonum aviculare,Prostrate Knotweed; Knotweed,,annual,disturbed-ground,asserted,introduced,902,"Diggs, Lipscomb & O'Kennon 1999, p. 902"
Polygonum,convolvulus,species,,Polygonum convolvulus,Dull -Seed Cornbind; Corn Bindweed; Black Bindweed; Climbing -Buckwheat; Wild Buckwheat,herb,annual,disturbed-ground,asserted,introduced,902,"Diggs, Lipscomb & O'Kennon 1999, p. 902"
Polygonum,densiflorum,species,,Polygonum densiflorum,Snout Smartweed,,perennial,,asserted,native,902,"Diggs, Lipscomb & O'Kennon 1999, p. 902"
Polygonum,hydropiperoides,species,,Polygonum hydropiperoides,Swamp Smartweed; Water-Pepper,,annual,,asserted,native,902,"Diggs, Lipscomb & O'Kennon 1999, p. 902"
Polygonum,lapathifolium,species,,Polygonum lapathifolium,Willow Smartweed; Curltop Smartweed; Pale Smartweed,,annual,,asserted,introduced,902,"Diggs, Lipscomb & O'Kennon 1999, p. 902"
Polygonum,pensylvanicum,species,,Polygonum pensylvanicum,Smartweed; Pink Smartweed; Pennsylvanica Smartweed,,annual,,asserted,native,904,"Diggs, Lipscomb & O'Kennon 1999, p. 904"
Polygonum,persicaria,species,,Polygonum persicaria,Lady’s-Thumb; Moco De Quajolote; Hearts-Ease,,annual,,asserted,introduced,904,"Diggs, Lipscomb & O'Kennon 1999, p. 904"
Polygonum,punctatum,species,,Polygonum punctatum,Water Smartweed; Dotted Smartweed,,annual,,asserted,native,904,"Diggs, Lipscomb & O'Kennon 1999, p. 904"
Polygonum,ramosissimum,species,,Polygonum ramosissimum,Bushy Knotweed,,annual,disturbed-ground,asserted,native,904,"Diggs, Lipscomb & O'Kennon 1999, p. 904"
Polygonum,scandens,variety,cristatum,Polygonum scandens var. cristatum,Thicket Knotweed; False Buckwheat,vine,perennial,woods; disturbed-ground,asserted,native,904,"Diggs, Lipscomb & O'Kennon 1999, p. 904"
Polygonum,setaceum,species,,Polygonum setaceum,,,,,asserted,native,904,"Diggs, Lipscomb & O'Kennon 1999, p. 904"
Polygonum,tenue,species,,Polygonum tenue,Pleat-Leaf Knotweed,,annual,woods; sandy,asserted,native,904,"Diggs, Lipscomb & O'Kennon 1999, p. 904"
Polygonum,virginianum,species,,Polygonum virginianum,Jumpseed,,perennial,woods; streamside,asserted,native,905,"Diggs, Lipscomb & O'Kennon 1999, p. 905"
Polypogon,monspeliensis,species,,Polypogon monspeliensis,Rabbit’s-Foot; Annual Beard Grass; Beard Grass; Rabbit’s-Foot Grass,,,,asserted,introduced,1314,"Diggs, Lipscomb & O'Kennon 1999, p. 1314"
Polypogon,viridis,species,,Polypogon viridis,Water Bent Grass,,,streamside,asserted,introduced,1314,"Diggs, Lipscomb & O'Kennon 1999, p. 1314"
Polypremum,procumbens,species,,Polypremum procumbens,Juniper-Leaf; Pollyprim,herb,perennial,woods; sandy; disturbed-ground,asserted,native,480,"Diggs, Lipscomb & O'Kennon 1999, p. 480"
Polystichum,acrostichoides,species,,Polystichum acrostichoides,Christmas Fern; Dagger Fern,,,streamside,asserted,native,185,"Diggs, Lipscomb & O'Kennon 1999, p. 185"
Polytaenia,nuttallii,species,,Polytaenia nuttallii,Prairie-Parsley; Texas-Parsley; Wild Dill,,biennial,woods; prairie; wetland; sandy,asserted,native,256,"Diggs, Lipscomb & O'Kennon 1999, p. 256"
Pomaria,jamesii,species,,Pomaria jamesii,,herb,perennial,rocky-limestone; sandy; disturbed-ground,asserted,native,688,"Diggs, Lipscomb & O'Kennon 1999, p. 688"
Poncirus,trifoliata,species,,Poncirus trifoliata,Bitter Orange; Trifoliate Orange,shrub,,woods; streamside; rocky-limestone; disturbed-ground,asserted,introduced,972,"Diggs, Lipscomb & O'Kennon 1999, p. 972"
Pontederia,cordata,species,,Pontederia cordata,Pickerel-Weed; Wampee,,,streamside; disturbed-ground,asserted,native,1340,"Diggs, Lipscomb & O'Kennon 1999, p. 1340"
Populus,alba,species,,Populus alba,White Poplar; Silver-Leaf Poplar; Álamo Blanco; Abele,tree,,disturbed-ground,asserted,introduced,975,"Diggs, Lipscomb & O'Kennon 1999, p. 975"
Populus,deltoides,species,,Populus deltoides,Cottonwood,tree,,streamside; disturbed-ground,asserted,native,975,"Diggs, Lipscomb & O'Kennon 1999, p. 975"
Populus,deltoides,subspecies,deltoides,Populus deltoides subsp. deltoides,Eastern Cottonwood; Álamo; Alamo Cottonwood,,,,asserted,native,975,"Diggs, Lipscomb & O'Kennon 1999, p. 975"
Populus,deltoides,subspecies,monilifera,Populus deltoides subsp. monilifera,Texas Cottonwood; Plains Cottonwood,,,prairie,asserted,native,976,"Diggs, Lipscomb & O'Kennon 1999, p. 976"
Populus,nigra,species,,Populus nigra,Black Poplar; Lombardy Poplar; Sauce,tree,,disturbed-ground,asserted,introduced,976,"Diggs, Lipscomb & O'Kennon 1999, p. 976"
Porteranthus,stipulatus,species,,Porteranthus stipulatus,,,,,asserted,native,71,"Diggs, Lipscomb & O'Kennon 1999, p. 71"
Portulaca,halimoides,species,,Portulaca halimoides,Sinker-Leaf Portulaca,,,sandy,asserted,native,910,"Diggs, Lipscomb & O'Kennon 1999, p. 910"
Portulaca,oleracea,species,,Portulaca oleracea,Common Purslane; Purslane; Pusley; Verdolaga,,,streamside; disturbed-ground,asserted,introduced,910,"Diggs, Lipscomb & O'Kennon 1999, p. 910"
Portulaca,pilosa,species,,Portulaca pilosa,Chisme; Shaggy Portulaca,,,sandy,asserted,native,910,"Diggs, Lipscomb & O'Kennon 1999, p. 910"
Portulaca,umbraticola,subspecies,lanceolata,Portulaca umbraticola subsp. lanceolata,Wing-Pod Portulaca; Chinese-Hat,,,streamside; sandy; disturbed-ground,asserted,native,910,"Diggs, Lipscomb & O'Kennon 1999, p. 910"
Potamogeton,crispus,species,,Potamogeton crispus,Curly Muckweed,,,,review,,1342,"Diggs, Lipscomb & O'Kennon 1999, p. 1342"
Potamogeton,diversifolius,species,,Potamogeton diversifolius,Water-Thread Pondweed,,,,asserted,native,1343,"Diggs, Lipscomb & O'Kennon 1999, p. 1343"
Potamogeton,foliosus,species,,Potamogeton foliosus,Leafy Pondweed,,,,asserted,native,1343,"Diggs, Lipscomb & O'Kennon 1999, p. 1343"
Potamogeton,illinoensis,species,,Potamogeton illinoensis,Shining Pondweed; Cornstalk Pondweed; Illinois Pondweed,,,,asserted,native,1343,"Diggs, Lipscomb & O'Kennon 1999, p. 1343"
Potamogeton,nodosus,species,,Potamogeton nodosus,Long-Leaf Pondweed,,,streamside,asserted,native,1343,"Diggs, Lipscomb & O'Kennon 1999, p. 1343"
Potamogeton,pulcher,species,,Potamogeton pulcher,Heart-Leaf Pondweed,,,,asserted,native,1343,"Diggs, Lipscomb & O'Kennon 1999, p. 1343"
Potamogeton,pusillus,species,,Potamogeton pusillus,Baby Pondweed,,,,asserted,native,1343,"Diggs, Lipscomb & O'Kennon 1999, p. 1343"
Potentilla,recta,species,,Potentilla recta,Sulfur Cinquefoil,,annual,,asserted,introduced,947,"Diggs, Lipscomb & O'Kennon 1999, p. 947"
Potentilla,simplex,species,,Potentilla simplex,Oldfield Cinquefoil,,perennial,woods; streamside; sandy,asserted,native,947,"Diggs, Lipscomb & O'Kennon 1999, p. 947"
Proboscidea,louisianica,species,,Proboscidea louisianica,Common Devil’s-Claw; Unicorn-Plant; Cow-Catcher; Ram’s-Horn; Mule-Grab,,annual,sandy; disturbed-ground,asserted,native,880,"Diggs, Lipscomb & O'Kennon 1999, p. 880"
Proserpinaca,palustris,variety,amblyogona,Proserpinaca palustris var. amblyogona,Marsh Mermaid-Weed,,,,asserted,native,736,"Diggs, Lipscomb & O'Kennon 1999, p. 736"
Proserpinaca,pectinata,species,,Proserpinaca pectinata,,,,,asserted,native,736,"Diggs, Lipscomb & O'Kennon 1999, p. 736"
Prosopis,glandulosa,species,,Prosopis glandulosa,Honey Mesquite; Mesquite; Algaroba,shrub,,woods; streamside; rocky-limestone; disturbed-ground,asserted,native,688,"Diggs, Lipscomb & O'Kennon 1999, p. 688"
Prunella,vulgaris,subspecies,lanceolata,Prunella vulgaris subsp. lanceolata,Common Selfheal; Carpenter-Weed,,perennial,woods; sandy,asserted,native,770,"Diggs, Lipscomb & O'Kennon 1999, p. 770"
Prunus,angustifolia,species,,Prunus angustifolia,Chickasaw Plum; Sandhill Plum,shrub,,woods; sandy; disturbed-ground,asserted,native,949,"Diggs, Lipscomb & O'Kennon 1999, p. 949"
Prunus,caroliniana,species,,Prunus caroliniana,Laurel Cherry; Carolina Laurel Cherry,tree,,streamside; disturbed-ground,review,,949,"Diggs, Lipscomb & O'Kennon 1999, p. 949"
Prunus,dulcis,species,,Prunus dulcis,,,,woods; sandy,review,,947,"Diggs, Lipscomb & O'Kennon 1999, p. 947"
Prunus,gracilis,species,,Prunus gracilis,Sand Plum; Oklahoma Plum,shrub,,woods; sandy,asserted,native,949,"Diggs, Lipscomb & O'Kennon 1999, p. 949"
Prunus,mexicana,species,,Prunus mexicana,Wild Plum; Mexican Plum; Big-Tree Plum,tree,,woods,asserted,native,949,"Diggs, Lipscomb & O'Kennon 1999, p. 949"
Prunus,munsoniana,species,,Prunus munsoniana,Wildgoose Plum; Munson’s Plum,shrub,,,asserted,native,949,"Diggs, Lipscomb & O'Kennon 1999, p. 949"
Prunus,persica,species,,Prunus persica,Peach; Durazno,tree,,disturbed-ground,asserted,introduced,950,"Diggs, Lipscomb & O'Kennon 1999, p. 950"
Prunus,rivularis,species,,Prunus rivularis,Thicket Plum; Hog Plum; Creek Plum,shrub,,rocky-limestone,asserted,native,950,"Diggs, Lipscomb & O'Kennon 1999, p. 950"
Prunus,serotina,species,,Prunus serotina,Blackcherry; Wild Blackcherry; Rum Cherry; Capulin,tree,,woods; prairie; streamside,asserted,native,950,"Diggs, Lipscomb & O'Kennon 1999, p. 950"
Prunus,serotina,variety,eximia,Prunus serotina var. eximia,Escarpment Blackcherry,,,,asserted,native,950,"Diggs, Lipscomb & O'Kennon 1999, p. 950"
Prunus,serotina,variety,serotina,Prunus serotina var. serotina,Blackcherry; Wild Blackcherry,,,woods,asserted,native,950,"Diggs, Lipscomb & O'Kennon 1999, p. 950"
Prunus,umbellata,species,,Prunus umbellata,Flatwood Plum,tree,,,asserted,native,950,"Diggs, Lipscomb & O'Kennon 1999, p. 950"
Pseudognaphalium,obtusifolium,species,,Pseudognaphalium obtusifolium,Fragrant Cudweed; Cat’s-Foot; Fragrant Everlasting,,annual,woods; prairie; sandy; disturbed-ground,asserted,native,398,"Diggs, Lipscomb & O'Kennon 1999, p. 398"
Pseudognaphalium,stramineum,species,,Pseudognaphalium stramineum,,,annual,prairie; rocky-limestone; disturbed-ground,asserted,native,398,"Diggs, Lipscomb & O'Kennon 1999, p. 398"
Psoralidium,tenuiflorum,species,,Psoralidium tenuiflorum,Slim-Leaf Scurf-Pea; Wild Alfalfa; Scurvy-Pea; Slender Scurfy-Pea,herb,perennial,woods; prairie; rocky-limestone; sandy; disturbed-ground,asserted,native,690,"Diggs, Lipscomb & O'Kennon 1999, p. 690"
Ptelea,trifoliata,species,,Ptelea trifoliata,Hoptree; Wafer-Ash; Skunkbush; Cola De Zorrillo,shrub,,woods; streamside; rocky-limestone; sandy,asserted,native,972,"Diggs, Lipscomb & O'Kennon 1999, p. 972"
Ptelea,trifoliata,subspecies,angustifolia,Ptelea trifoliata subsp. angustifolia,,,,,asserted,native,973,"Diggs, Lipscomb & O'Kennon 1999, p. 973"
Pteridium,aquilinum,variety,pseudocaudatum,Pteridium aquilinum var. pseudocaudatum,Western Bracken Fern; Pasture Brake; Bracken Fern,fern,,woods; streamside; sandy,asserted,native,181,"Diggs, Lipscomb & O'Kennon 1999, p. 181"
Ptilimnium,capillaceum,species,,Ptilimnium capillaceum,Thread-Leaf Mock Bishop’s-Weed,,,,asserted,native,258,"Diggs, Lipscomb & O'Kennon 1999, p. 258"
Ptilimnium,costatum,species,,Ptilimnium costatum,,,,,asserted,native,258,"Diggs, Lipscomb & O'Kennon 1999, p. 258"
Ptilimnium,nuttallii,species,,Ptilimnium nuttallii,Nuttall’s Mock Bishop’s-Weed,,,prairie; rocky-limestone; sandy; disturbed-ground,asserted,native,258,"Diggs, Lipscomb & O'Kennon 1999, p. 258"
Pueraria,montana,variety,lobata,Pueraria montana var. lobata,Kudzu; Kudsu; Kudzuvine; Japanese Arrowroot,vine,perennial,disturbed-ground,review,,690,"Diggs, Lipscomb & O'Kennon 1999, p. 690"
Pycnanthemum,albescens,species,,Pycnanthemum albescens,White-Leaf Mountain Mint; White Mountain Mint,,,woods; streamside,asserted,native,772,"Diggs, Lipscomb & O'Kennon 1999, p. 772"
Pycnanthemum,muticum,species,,Pycnanthemum muticum,Cluster Mountain Mint,,,woods,asserted,native,772,"Diggs, Lipscomb & O'Kennon 1999, p. 772"
Pycnanthemum,tenuifolium,species,,Pycnanthemum tenuifolium,Slender Mountain Mint; Narrow-Leaf Mountain Mint; Slender-Leaf Mountain Mint,,,rocky-limestone,asserted,native,772,"Diggs, Lipscomb & O'Kennon 1999, p. 772"
Pyracantha,koidzumii,species,,Pyracantha koidzumii,,shrub,,disturbed-ground,asserted,introduced,952,"Diggs, Lipscomb & O'Kennon 1999, p. 952"
Pyrrhopappus,carolinianus,species,,Pyrrhopappus carolinianus,Carolina False Dandelion,,annual,woods; streamside; sandy; disturbed-ground,asserted,native,399,"Diggs, Lipscomb & O'Kennon 1999, p. 399"
Pyrrhopappus,grandiflorus,species,,Pyrrhopappus grandiflorus,Tuber False Dandelion,,perennial,prairie; rocky-limestone; sandy,asserted,native,399,"Diggs, Lipscomb & O'Kennon 1999, p. 399"
Pyrrhopappus,pauciflorus,species,,Pyrrhopappus pauciflorus,Many-Stem False Dandelion; Texas Dandelion; Pata De Leon,,annual,prairie; rocky-limestone; sandy; disturbed-ground,asserted,native,399,"Diggs, Lipscomb & O'Kennon 1999, p. 399"
Pyrus,calleryana,species,,Pyrus calleryana,Callery Pear; Bradford Pear,tree,,streamside; disturbed-ground,asserted,introduced,952,"Diggs, Lipscomb & O'Kennon 1999, p. 952"
Pyrus,communis,species,,Pyrus communis,Common Pear; Pera,tree,,disturbed-ground,asserted,introduced,952,"Diggs, Lipscomb & O'Kennon 1999, p. 952"
Quercus,alba,species,,Quercus alba,White Oak; Stave Oak; Ridge White Oak; Forked-Leaf White Oak,tree,,woods; streamside,asserted,native,714,"Diggs, Lipscomb & O'Kennon 1999, p. 714"
Quercus,buckleyi,species,,Quercus buckleyi,Texas Red Oak; Spanish Oak; Spotted Oak; Rock Oak,tree,,prairie; streamside; rocky-limestone; sandy,asserted,native,714,"Diggs, Lipscomb & O'Kennon 1999, p. 714"
Quercus,falcata,species,,Quercus falcata,Southern Red Oak; Spanish Oak; Swamp Red Oak; Swamp Spanish Oak; Cherry-Bark Oak; Bottom-Land Red Oak; Three-Lobe Red Oak,tree,,streamside,asserted,native,714,"Diggs, Lipscomb & O'Kennon 1999, p. 714"
Quercus,fusiformis,species,,Quercus fusiformis,Plateau Live Oak; Escarpment Live Oak; Scrub Live Oak; West Texas Live Oak; Live Oak,shrub,,rocky-limestone; disturbed-ground,asserted,native,716,"Diggs, Lipscomb & O'Kennon 1999, p. 716"
Quercus,incana,species,,Quercus incana,Bluejack Oak; Sandjack Oak; Upland Willow Oak; Cinnamon Oak; Shin Oak; Turkey Oak; Highground Oak,shrub,,sandy,asserted,native,716,"Diggs, Lipscomb & O'Kennon 1999, p. 716"
Quercus,lyrata,species,,Quercus lyrata,Overcup Oak; Swamp Post Oak; Swamp White Oak; Water White Oak,tree,,wetland; streamside,asserted,native,716,"Diggs, Lipscomb & O'Kennon 1999, p. 716"
Quercus,macrocarpa,species,,Quercus macrocarpa,Bur Oak; Mossy-Cup Oak; Prairie Oak; Mossyovercup Oak,tree,,woods; streamside; rocky-limestone,asserted,native,716,"Diggs, Lipscomb & O'Kennon 1999, p. 716"
Quercus,margarettiae,species,,Quercus margarettiae,Sand Post Oak; Dwarf Post Oak; Scrubby Post Oak; Runner Oak,shrub,,sandy,asserted,native,716,"Diggs, Lipscomb & O'Kennon 1999, p. 716"
Quercus,marilandica,species,,Quercus marilandica,Blackjack Oak; Blackjack; Barren Oak; Jack Oak; Black Oak,tree,,sandy,asserted,native,716,"Diggs, Lipscomb & O'Kennon 1999, p. 716"
Quercus,mohriana,species,,Quercus mohriana,,,,,asserted,native,1413,"Diggs, Lipscomb & O'Kennon 1999, p. 1413"
Quercus,muehlenbergii,species,,Quercus muehlenbergii,Chinqapin Oak; Chestnut Oak; Swamp Chest- Nut Oak; Yellow Oak; Rock Oak,tree,,streamside; rocky-limestone,review,,716,"Diggs, Lipscomb & O'Kennon 1999, p. 716"
Quercus,nigra,species,,Quercus nigra,Water Oak; Possum Oak; Spotted Oak; Duck Oak; Punk Oak,tree,,woods; streamside; rocky-limestone,asserted,native,718,"Diggs, Lipscomb & O'Kennon 1999, p. 718"
Quercus,phellos,species,,Quercus phellos,Willow Oak; Pin Oak; Peach Oak; Swamp Willow Oak; Willow- Leaf Oak,tree,,streamside,asserted,native,718,"Diggs, Lipscomb & O'Kennon 1999, p. 718"
Quercus,pungens,variety,vaseyana,Quercus pungens var. vaseyana,,,,,asserted,native,1413,"Diggs, Lipscomb & O'Kennon 1999, p. 1413"
Quercus,shumardii,species,,Quercus shumardii,Shumard’s Oak; Shumard’s Red Oak; Red Oak; Swamp Red Oak; Spotted Oak,tree,,prairie; streamside,asserted,native,718,"Diggs, Lipscomb & O'Kennon 1999, p. 718"
Quercus,sinuata,species,,Quercus sinuata,,shrub,,rocky-limestone,asserted,native,718,"Diggs, Lipscomb & O'Kennon 1999, p. 718"
Quercus,sinuata,variety,breviloba,Quercus sinuata var. breviloba,Bigelow’s Oak; Scrub Oak; Shin Oak; White Oak; Scaly-Bark Oak,,,prairie; rocky-limestone,asserted,native,718,"Diggs, Lipscomb & O'Kennon 1999, p. 718"
Quercus,stellata,species,,Quercus stellata,Post Oak; Iron Oak; Cross Oak,tree,,sandy,asserted,native,718,"Diggs, Lipscomb & O'Kennon 1999, p. 718"
Quercus,velutina,species,,Quercus velutina,Black Oak; Yellow Oak; Quercitron Oak; Quercitron; Smooth-Bark Oak; Yellow-Bark Oak,tree,,streamside; sandy,asserted,native,718,"Diggs, Lipscomb & O'Kennon 1999, p. 718"
Quercus,virginiana,species,,Quercus virginiana,Live Oak; Encino; Coast Live Oak; Virginia Live Oak,tree,,,asserted,native,719,"Diggs, Lipscomb & O'Kennon 1999, p. 719"
Quincula,lobata,species,,Quincula lobata,Purple Ground-Cherry; Chinese-Lantern-Of-The-Plains,herb,perennial,sandy,asserted,native,1026,"Diggs, Lipscomb & O'Kennon 1999, p. 1026"
Ranunculus,abortivus,species,,Ranunculus abortivus,Little-Leaf Buttercup; Kidney-Leaf Buttercup; Early Woods Buttercup,,,woods,asserted,native,926,"Diggs, Lipscomb & O'Kennon 1999, p. 926"
Ranunculus,fascicularis,species,,Ranunculus fascicularis,Tufted Buttercup; Prairie Buttercup; Early Buttercup,,,,asserted,native,928,"Diggs, Lipscomb & O'Kennon 1999, p. 928"
Ranunculus,hispidus,variety,nitidus,Ranunculus hispidus var. nitidus,Bristly Buttercup; Marsh Buttercup,,,wetland; streamside,asserted,native,928,"Diggs, Lipscomb & O'Kennon 1999, p. 928"
Ranunculus,macranthus,species,,Ranunculus macranthus,Showy Buttercup; Large Buttercup,,,sandy,asserted,native,928,"Diggs, Lipscomb & O'Kennon 1999, p. 928"
Ranunculus,muricatus,species,,Ranunculus muricatus,Rough-Seed Buttercup,,,,asserted,introduced,928,"Diggs, Lipscomb & O'Kennon 1999, p. 928"
Ranunculus,parviflorus,species,,Ranunculus parviflorus,Sticktight Buttercup,,,woods; sandy; disturbed-ground,asserted,introduced,928,"Diggs, Lipscomb & O'Kennon 1999, p. 928"
Ranunculus,pusillus,species,,Ranunculus pusillus,Weak Buttercup,,annual,streamside; sandy,asserted,native,928,"Diggs, Lipscomb & O'Kennon 1999, p. 928"
Ranunculus,sceleratus,species,,Ranunculus sceleratus,Blister Buttercup; Rouge Buttercup; Cursed Crow’s-Foot; Celery-Leaf Buttercup,,,streamside; sandy,asserted,native,928,"Diggs, Lipscomb & O'Kennon 1999, p. 928"
Raphanus,sativus,species,,Raphanus sativus,Radish; Rabano,,annual,disturbed-ground,asserted,introduced,476,"Diggs, Lipscomb & O'Kennon 1999, p. 476"
Rapistrum,rugosum,species,,Rapistrum rugosum,,,annual,prairie; disturbed-ground,asserted,introduced,476,"Diggs, Lipscomb & O'Kennon 1999, p. 476"
Ratibida,columnifera,species,,Ratibida columnifera,Mexican -Hat; Thimbleflower; Prairie Coneflower; Upright Prairie Coneflower,,perennial,rocky-limestone; sandy,asserted,native,400,"Diggs, Lipscomb & O'Kennon 1999, p. 400"
Rayjacksonia,annua,species,,Rayjacksonia annua,,herb,annual,,asserted,native,400,"Diggs, Lipscomb & O'Kennon 1999, p. 400"
Reverchonia,arenaria,species,,Reverchonia arenaria,Sand Reverchonia,herb,annual,streamside; sandy,asserted,native,612,"Diggs, Lipscomb & O'Kennon 1999, p. 612"
Rhamnus,lanceolata,subspecies,glabrata,Rhamnus lanceolata subsp. glabrata,Lance-Leaf Buckthorn,shrub,,woods; prairie,review,,934,"Diggs, Lipscomb & O'Kennon 1999, p. 934"
Rhexia,mariana,variety,interior,Rhexia mariana var. interior,,,,streamside,asserted,native,822,"Diggs, Lipscomb & O'Kennon 1999, p. 822"
Rhexia,mariana,variety,mariana,Rhexia mariana var. mariana,Maryland Meadow-Beauty,,,streamside; rocky-limestone,asserted,native,822,"Diggs, Lipscomb & O'Kennon 1999, p. 822"
Rhexia,virginica,species,,Rhexia virginica,Common Meadow-Beauty,,,,asserted,native,822,"Diggs, Lipscomb & O'Kennon 1999, p. 822"
Rhus,aromatica,variety,serotina,Rhus aromatica var. serotina,Fragrant Sumac,shrub,,woods; sandy,asserted,native,232,"Diggs, Lipscomb & O'Kennon 1999, p. 232"
Rhus,copallinum,species,,Rhus copallinum,,,,prairie,asserted,native,1409,"Diggs, Lipscomb & O'Kennon 1999, p. 1409"
Rhus,copallinum,variety,latifolia,Rhus copallinum var. latifolia,Wing-Rib Sumac; Flame-Leaf Sumac; Dwarf Sumac; Shining Sumac,shrub,,woods; sandy,asserted,native,232,"Diggs, Lipscomb & O'Kennon 1999, p. 232"
Rhus,glabra,species,,Rhus glabra,Smooth Sumac; Scarlet Sumac,tree,,woods; streamside; rocky-limestone; sandy,asserted,native,234,"Diggs, Lipscomb & O'Kennon 1999, p. 234"
Rhus,lanceolata,species,,Rhus lanceolata,Prairie Sumac; Prairie Flameleaf Sumac,shrub,,prairie; rocky-limestone,asserted,native,234,"Diggs, Lipscomb & O'Kennon 1999, p. 234"
Rhus,microphylla,species,,Rhus microphylla,Little-Leaf Sumac; Desert Sumac; Scrub Sumac; Small-Leaf Sumac; Correosa Soda-Pop-Bush,shrub,,,asserted,native,234,"Diggs, Lipscomb & O'Kennon 1999, p. 234"
Rhus,trilobata,species,,Rhus trilobata,Skunkbush,,,woods; prairie; rocky-limestone; sandy,asserted,native,234,"Diggs, Lipscomb & O'Kennon 1999, p. 234"
Rhus,virens,species,,Rhus virens,Evergreen Sumac; Tobacco Sumac; Lentisco,shrub,,streamside; rocky-limestone,asserted,native,234,"Diggs, Lipscomb & O'Kennon 1999, p. 234"
Rhynchosia,latifolia,species,,Rhynchosia latifolia,Broad-Leaf Snout-Bean; Broadleaf Rhynchosia,,,woods; sandy; disturbed-ground,asserted,native,691,"Diggs, Lipscomb & O'Kennon 1999, p. 691"
Rhynchosia,minima,species,,Rhynchosia minima,Least Snout-Bean,,,,asserted,native,691,"Diggs, Lipscomb & O'Kennon 1999, p. 691"
Rhynchosia,senna,variety,texana,Rhynchosia senna var. texana,,,,rocky-limestone,asserted,native,691,"Diggs, Lipscomb & O'Kennon 1999, p. 691"
Rhynchosida,physocalyx,species,,Rhynchosida physocalyx,Spear-Leaf Sida,,perennial,prairie; rocky-limestone; sandy,review,,816,"Diggs, Lipscomb & O'Kennon 1999, p. 816"
Rhynchospora,colorata,species,,Rhynchospora colorata,White-Top Umbrella-Grass; Star-Rush Whitetop Sedge; Umbrella-Grass,grass,perennial,,asserted,native,1158,"Diggs, Lipscomb & O'Kennon 1999, p. 1158"
Rhynchospora,corniculata,variety,interior,Rhynchospora corniculata var. interior,Horned Beak-Rush; Horned-Rush,,perennial,streamside,asserted,native,1158,"Diggs, Lipscomb & O'Kennon 1999, p. 1158"
Rhynchospora,globularis,variety,globularis,Rhynchospora globularis var. globularis,Globe Beak-Rush,,perennial,sandy; disturbed-ground,asserted,native,1158,"Diggs, Lipscomb & O'Kennon 1999, p. 1158"
Rhynchospora,glomerata,species,,Rhynchospora glomerata,Cluster Beak-Rush,,perennial,streamside; sandy,asserted,native,1158,"Diggs, Lipscomb & O'Kennon 1999, p. 1158"
Rhynchospora,harveyi,species,,Rhynchospora harveyi,Harvey’s Beak-Rush; Plank Beak-Rush,,perennial,sandy; disturbed-ground,asserted,native,1158,"Diggs, Lipscomb & O'Kennon 1999, p. 1158"
Rhynchospora,macrostachya,species,,Rhynchospora macrostachya,Tall Beak-Rush; Horned Beakrush,,perennial,streamside,asserted,native,1158,"Diggs, Lipscomb & O'Kennon 1999, p. 1158"
Rhynchospora,nitens,species,,Rhynchospora nitens,Short-Beak Bald-Rush,,annual,woods,asserted,native,1160,"Diggs, Lipscomb & O'Kennon 1999, p. 1160"
Rhynchospora,nivea,species,,Rhynchospora nivea,Snowy White-Top Sedge,,perennial,streamside; rocky-limestone,asserted,native,1160,"Diggs, Lipscomb & O'Kennon 1999, p. 1160"
Ribes,aureum,variety,villosum,Ribes aureum var. villosum,Clove Currant; Buffalo Currant,shrub,,rocky-limestone; sandy,asserted,native,732,"Diggs, Lipscomb & O'Kennon 1999, p. 732"
Richardia,scabra,species,,Richardia scabra,Rough Mexican-Clover,,annual,disturbed-ground,review,,968,"Diggs, Lipscomb & O'Kennon 1999, p. 968"
Richardia,tricocca,species,,Richardia tricocca,Prairie Buttonweed; Prairie Mexican-Clover,,perennial,woods; prairie; sandy,asserted,native,970,"Diggs, Lipscomb & O'Kennon 1999, p. 970"
Ricinus,communis,species,,Ricinus communis,Castor-Bean; Castor-Oil-Plant; Palma Christi; Higuerilla,herb,annual,prairie; streamside; rocky-limestone; sandy; disturbed-ground,review,,612,"Diggs, Lipscomb & O'Kennon 1999, p. 612"
Rivina,humilis,species,,Rivina humilis,Pigeon -Berry; Rougeplant; Bloodberry; Coralito,,,woods; streamside; rocky-limestone; disturbed-ground,asserted,native,882,"Diggs, Lipscomb & O'Kennon 1999, p. 882"
Robinia,hispida,species,,Robinia hispida,Bristly Locust; Rose-Acacia; Mossy Locust,shrub,,disturbed-ground,asserted,native,691,"Diggs, Lipscomb & O'Kennon 1999, p. 691"
Robinia,pseudoacacia,species,,Robinia pseudoacacia,Black Locust; False Acacia; Bastard Acacia,tree,,woods; sandy; disturbed-ground,review,,692,"Diggs, Lipscomb & O'Kennon 1999, p. 692"
Rorippa,nasturtium-aquaticum,species,,Rorippa nasturtium-aquaticum,Watercress,,perennial,streamside,asserted,introduced,476,"Diggs, Lipscomb & O'Kennon 1999, p. 476"
Rorippa,palustris,subspecies,fernaldiana,Rorippa palustris subsp. fernaldiana,Bog Yellowcress; Bog Marshcress,,annual,prairie; streamside,asserted,native,478,"Diggs, Lipscomb & O'Kennon 1999, p. 478"
Rorippa,sessiliflora,species,,Rorippa sessiliflora,Stalk-Less Yellowcress,,annual,prairie; streamside,asserted,native,478,"Diggs, Lipscomb & O'Kennon 1999, p. 478"
Rorippa,teres,species,,Rorippa teres,Tansy-Leaf Yellowcress,,annual,streamside; sandy,asserted,native,478,"Diggs, Lipscomb & O'Kennon 1999, p. 478"
Rosa,arkansana,variety,suffulta,Rosa arkansana var. suffulta,Sunshine Rose; Prairie Wild Rose,shrub,,,asserted,native,956,"Diggs, Lipscomb & O'Kennon 1999, p. 956"
Rosa,bracteata,species,,Rosa bracteata,Macartney Rose,,,disturbed-ground,asserted,introduced,956,"Diggs, Lipscomb & O'Kennon 1999, p. 956"
Rosa,carolina,species,,Rosa carolina,Carolina Rose; Pasture Rose,shrub,,woods; streamside; disturbed-ground,asserted,native,956,"Diggs, Lipscomb & O'Kennon 1999, p. 956"
Rosa,eglanteria,species,,Rosa eglanteria,Sweet Briar Rose; Sweetbrier; Eglantine,shrub,,disturbed-ground,asserted,introduced,956,"Diggs, Lipscomb & O'Kennon 1999, p. 956"
Rosa,foliolosa,species,,Rosa foliolosa,White Prairie Rose; Leafy Rose,shrub,,prairie; sandy; disturbed-ground,asserted,native,956,"Diggs, Lipscomb & O'Kennon 1999, p. 956"
Rosa,laevigata,species,,Rosa laevigata,Cherokee Rose,,,disturbed-ground,asserted,introduced,956,"Diggs, Lipscomb & O'Kennon 1999, p. 956"
Rosa,micrantha,species,,Rosa micrantha,,shrub,,disturbed-ground,asserted,introduced,958,"Diggs, Lipscomb & O'Kennon 1999, p. 958"
Rosa,multiflora,species,,Rosa multiflora,Japanese Rose; Multiflora Rose,shrub,,disturbed-ground,asserted,introduced,958,"Diggs, Lipscomb & O'Kennon 1999, p. 958"
Rosa,setigera,variety,tomentosa,Rosa setigera var. tomentosa,Prairie Rose; Climbing Rose; Climbing Prairie Rose; Fuzzy Rose,shrub,,woods; prairie,asserted,native,958,"Diggs, Lipscomb & O'Kennon 1999, p. 958"
Rubus,aboriginum,species,,Rubus aboriginum,,,,woods; sandy; disturbed-ground,asserted,native,959,"Diggs, Lipscomb & O'Kennon 1999, p. 959"
Rubus,apogaeus,species,,Rubus apogaeus,,,,disturbed-ground,asserted,native,959,"Diggs, Lipscomb & O'Kennon 1999, p. 959"
Rubus,bifrons,species,,Rubus bifrons,,,,disturbed-ground,asserted,introduced,959,"Diggs, Lipscomb & O'Kennon 1999, p. 959"
Rubus,flagellaris,species,,Rubus flagellaris,,,,,asserted,native,959,"Diggs, Lipscomb & O'Kennon 1999, p. 959"
Rubus,oklahomus,species,,Rubus oklahomus,,,,streamside,asserted,native,959,"Diggs, Lipscomb & O'Kennon 1999, p. 959"
Rubus,riograndis,species,,Rubus riograndis,,,,streamside,asserted,native,960,"Diggs, Lipscomb & O'Kennon 1999, p. 960"
Rubus,trivialis,species,,Rubus trivialis,Southern Dewberry; Zarzamora,,,disturbed-ground,asserted,native,959,"Diggs, Lipscomb & O'Kennon 1999, p. 959"
Rudbeckia,fulgida,variety,palustris,Rudbeckia fulgida var. palustris,Marsh Coneflower,,perennial,wetland; disturbed-ground,asserted,native,402,"Diggs, Lipscomb & O'Kennon 1999, p. 402"
Rudbeckia,grandiflora,variety,alismifolia,Rudbeckia grandiflora var. alismifolia,Rough Coneflower,,perennial,woods; sandy,asserted,native,402,"Diggs, Lipscomb & O'Kennon 1999, p. 402"
Rudbeckia,hirta,variety,pulcherrima,Rudbeckia hirta var. pulcherrima,Black-Eyed-Susan,,annual,disturbed-ground,asserted,native,402,"Diggs, Lipscomb & O'Kennon 1999, p. 402"
Rudbeckia,maxima,species,,Rudbeckia maxima,Giant Coneflower; Great Coneflower; Largest Browneyed-Susan,,perennial,sandy,asserted,native,402,"Diggs, Lipscomb & O'Kennon 1999, p. 402"
Rudbeckia,triloba,species,,Rudbeckia triloba,Yellow Daisy; Brown-Eyed-Susan,,perennial,streamside; disturbed-ground,asserted,native,402,"Diggs, Lipscomb & O'Kennon 1999, p. 402"
Ruellia,brittoniana,species,,Ruellia brittoniana,,,,,review,,214,"Diggs, Lipscomb & O'Kennon 1999, p. 214"
Ruellia,caroliniensis,species,,Ruellia caroliniensis,Small-Flower Ruellia,,,woods; sandy,asserted,native,216,"Diggs, Lipscomb & O'Kennon 1999, p. 216"
Ruellia,davisiorum,species,,Ruellia davisiorum,,,,,asserted,native,218,"Diggs, Lipscomb & O'Kennon 1999, p. 218"
Ruellia,drummondiana,species,,Ruellia drummondiana,Drummond’s Ruellia,,,rocky-limestone,asserted,native,216,"Diggs, Lipscomb & O'Kennon 1999, p. 216"
Ruellia,humilis,species,,Ruellia humilis,Prairie-Petunia; Low Ruellia; Fringe-Leaf Ruellia,,,woods; prairie,asserted,native,216,"Diggs, Lipscomb & O'Kennon 1999, p. 216"
Ruellia,malacosperma,species,,Ruellia malacosperma,Soft-Seed Ruellia,,,,review,,216,"Diggs, Lipscomb & O'Kennon 1999, p. 216"
Ruellia,metziae,species,,Ruellia metziae,,,,woods; rocky-limestone,asserted,native,216,"Diggs, Lipscomb & O'Kennon 1999, p. 216"
Ruellia,nudiflora,variety,nudiflora,Ruellia nudiflora var. nudiflora,,,,,asserted,native,216,"Diggs, Lipscomb & O'Kennon 1999, p. 216"
Ruellia,nudiflora,variety,runyonii,Ruellia nudiflora var. runyonii,,,,,asserted,native,216,"Diggs, Lipscomb & O'Kennon 1999, p. 216"
Ruellia,pedunculata,species,,Ruellia pedunculata,Stalked Ruellia,,,woods; streamside,asserted,native,216,"Diggs, Lipscomb & O'Kennon 1999, p. 216"
Ruellia,strepens,species,,Ruellia strepens,Limestone Ruellia; Smooth Ruellia,,,woods; streamside,asserted,native,218,"Diggs, Lipscomb & O'Kennon 1999, p. 218"
Rumex,acetosella,species,,Rumex acetosella,Sheep Sorrel; Sorrel; Sour-Grass,,perennial,disturbed-ground,asserted,introduced,906,"Diggs, Lipscomb & O'Kennon 1999, p. 906"
Rumex,altissimus,species,,Rumex altissimus,Pale Dock; Smooth Dock; Peach-Leaf Dock,,perennial,disturbed-ground,asserted,native,906,"Diggs, Lipscomb & O'Kennon 1999, p. 906"
Rumex,crispus,species,,Rumex crispus,Curly Dock; Curly-Leaf Dock,,perennial,disturbed-ground,asserted,introduced,906,"Diggs, Lipscomb & O'Kennon 1999, p. 906"
Rumex,hastatulus,species,,Rumex hastatulus,Heart-Wing Sorrel; Engelmann’s Dock,,perennial,woods; sandy; disturbed-ground,asserted,native,906,"Diggs, Lipscomb & O'Kennon 1999, p. 906"
Rumex,hymenosepalus,species,,Rumex hymenosepalus,Canaigre; Wild Rhubarb; Tanner’s Dock,,perennial,sandy,asserted,native,906,"Diggs, Lipscomb & O'Kennon 1999, p. 906"
Rumex,pulcher,species,,Rumex pulcher,Fiddle Dock,,perennial,prairie; disturbed-ground,asserted,introduced,906,"Diggs, Lipscomb & O'Kennon 1999, p. 906"
Rumex,verticillatus,species,,Rumex verticillatus,,,,,asserted,native,906,"Diggs, Lipscomb & O'Kennon 1999, p. 906"
Sabal,minor,species,,Sabal minor,Dwarf Palmetto; Bush Palmetto; Dwarf Palm; Blue Palm; Palm; Blue Stem; Swamp Palm,,,woods; streamside,asserted,native,1094,"Diggs, Lipscomb & O'Kennon 1999, p. 1094"
Sabatia,angularis,species,,Sabatia angularis,Rose-Pink; Square-Stem Rose Gentian; Bitterbloom,,,woods; prairie; streamside,asserted,native,728,"Diggs, Lipscomb & O'Kennon 1999, p. 728"
Sabatia,campestris,species,,Sabatia campestris,Prairie Rose Gentian; Meadow-Pink; Texasstar; Rose-Pink,,,woods; sandy; disturbed-ground,asserted,native,728,"Diggs, Lipscomb & O'Kennon 1999, p. 728"
Sabatia,formosa,species,,Sabatia formosa,Buckley’s Sabatia,,,,asserted,native,728,"Diggs, Lipscomb & O'Kennon 1999, p. 728"
Saccharum,brevibarbe,variety,contortum,Saccharum brevibarbe var. contortum,Bent-Awn Plume Grass; Beard Grass,grass,,sandy,asserted,native,1315,"Diggs, Lipscomb & O'Kennon 1999, p. 1315"
Saccharum,giganteum,species,,Saccharum giganteum,Sugarcane Plume Grass,,,sandy,asserted,native,1315,"Diggs, Lipscomb & O'Kennon 1999, p. 1315"
Sacciolepis,striata,species,,Sacciolepis striata,American Cupscale,,perennial,streamside; sandy,asserted,native,1315,"Diggs, Lipscomb & O'Kennon 1999, p. 1315"
Sagina,decumbens,species,,Sagina decumbens,Trailing Pearlwort,,annual,woods; sandy; disturbed-ground,asserted,native,524,"Diggs, Lipscomb & O'Kennon 1999, p. 524"
Sagittaria,brevirostra,species,,Sagittaria brevirostra,,,,streamside,asserted,native,1088,"Diggs, Lipscomb & O'Kennon 1999, p. 1088"
Sagittaria,lancifolia,species,,Sagittaria lancifolia,Scythe-Fruit Arrowhead,,,wetland,asserted,native,1088,"Diggs, Lipscomb & O'Kennon 1999, p. 1088"
Sagittaria,latifolia,species,,Sagittaria latifolia,Common Arrowhead; Duck-Potato; Wapato,,,,asserted,native,1088,"Diggs, Lipscomb & O'Kennon 1999, p. 1088"
Sagittaria,longiloba,species,,Sagittaria longiloba,Long-Lobe Arrowhead; Long-Barb Arrowhead; Flecha De Agua,,,wetland; streamside,asserted,native,1090,"Diggs, Lipscomb & O'Kennon 1999, p. 1090"
Sagittaria,montevidensis,subspecies,calycina,Sagittaria montevidensis subsp. calycina,Giant Arrowhead,,,streamside,asserted,native,1090,"Diggs, Lipscomb & O'Kennon 1999, p. 1090"
Sagittaria,papillosa,species,,Sagittaria papillosa,Nipple-Bract Arrowhead,,,wetland,asserted,native,1090,"Diggs, Lipscomb & O'Kennon 1999, p. 1090"
Sagittaria,platyphylla,species,,Sagittaria platyphylla,Delta Arrowhead,,,wetland; streamside,asserted,native,1090,"Diggs, Lipscomb & O'Kennon 1999, p. 1090"
Salix,babylonica,species,,Salix babylonica,Weeping Willow; Babylon Weeping Willow,tree,,disturbed-ground,asserted,introduced,978,"Diggs, Lipscomb & O'Kennon 1999, p. 978"
Salix,caroliniana,species,,Salix caroliniana,Coastal Plain Willow; Carolina Willow; Longpedicel Willow; Southern Willow; Ward’s Willow,shrub,,streamside; rocky-limestone,asserted,native,978,"Diggs, Lipscomb & O'Kennon 1999, p. 978"
Salix,exigua,species,,Salix exigua,Sandbar Willow; Coyote Willow; Narrow-Leaf Willow; Long-Leaf Willow; Texas Sandbar Willow; Taray; Riverbank Willow; Osier Willow; Shrub Willow; Basket Willow,shrub,,streamside; sandy,asserted,native,978,"Diggs, Lipscomb & O'Kennon 1999, p. 978"
Salix,nigra,species,,Salix nigra,Black Willow; Saúz; Lindheimer’s Black Willow; Swamp Willow; Western Black Willow; Scythe-Leaf Willow; Pussy Willow,tree,,wetland; streamside,asserted,native,978,"Diggs, Lipscomb & O'Kennon 1999, p. 978"
Salsola,tragus,species,,Salsola tragus,Russian-Thistle; Tumbleweed,,annual,streamside; disturbed-ground,asserted,introduced,540,"Diggs, Lipscomb & O'Kennon 1999, p. 540"
Salvia,azurea,variety,grandiflora,Salvia azurea var. grandiflora,Blue Sage; Azure Sage; Pitcher Sage,herb,perennial,prairie; rocky-limestone; sandy,asserted,native,774,"Diggs, Lipscomb & O'Kennon 1999, p. 774"
Salvia,coccinea,species,,Salvia coccinea,Tropical Sage; Texas Sage; Mirto; Scarlet Sage; Indian-Fire; Mejorana,,perennial,woods; sandy,asserted,native,774,"Diggs, Lipscomb & O'Kennon 1999, p. 774"
Salvia,engelmannii,species,,Salvia engelmannii,Engelmann’s Sage,herb,perennial,prairie,asserted,native,776,"Diggs, Lipscomb & O'Kennon 1999, p. 776"
Salvia,farinacea,species,,Salvia farinacea,Mealy Sage; Mealy-Cup Sage,herb,perennial,prairie; rocky-limestone,asserted,native,776,"Diggs, Lipscomb & O'Kennon 1999, p. 776"
Salvia,greggii,species,,Salvia greggii,Autumn Sage; Gregg’s Sage,,perennial,rocky-limestone; disturbed-ground,review,,776,"Diggs, Lipscomb & O'Kennon 1999, p. 776"
Salvia,lyrata,species,,Salvia lyrata,Cancerweed; Lyre-Leaf Sage,herb,perennial,woods; streamside; sandy,asserted,native,776,"Diggs, Lipscomb & O'Kennon 1999, p. 776"
Salvia,reflexa,species,,Salvia reflexa,Rocky Mountain Sage; Lance-Leaf Sage,,annual,disturbed-ground,asserted,native,776,"Diggs, Lipscomb & O'Kennon 1999, p. 776"
Salvia,roemeriana,species,,Salvia roemeriana,Cedar Sage,herb,perennial,rocky-limestone,review,,776,"Diggs, Lipscomb & O'Kennon 1999, p. 776"
Salvia,texana,species,,Salvia texana,Texas Sage,,perennial,prairie; rocky-limestone,asserted,native,776,"Diggs, Lipscomb & O'Kennon 1999, p. 776"
Sambucus,nigra,variety,canadensis,Sambucus nigra var. canadensis,Common Elderberry; American Elderberry,,perennial,streamside,asserted,native,510,"Diggs, Lipscomb & O'Kennon 1999, p. 510"
Samolus,ebracteatus,subspecies,cuneatus,Samolus ebracteatus subsp. cuneatus,Limerock Brookweed,,,streamside; rocky-limestone,asserted,native,914,"Diggs, Lipscomb & O'Kennon 1999, p. 914"
Samolus,valerandi,subspecies,parviflorus,Samolus valerandi subsp. parviflorus,Thin -Leaf Brookweed,,,streamside,asserted,native,914,"Diggs, Lipscomb & O'Kennon 1999, p. 914"
Sandy,soils,species,,Sandy soils,,,,woods; sandy,asserted,native,329,"Diggs, Lipscomb & O'Kennon 1999, p. 329"
Sandy,soils,variety,texana,Sandy soils var. texana,Prairie Kuhnia,,,prairie; rocky-limestone,asserted,native,329,"Diggs, Lipscomb & O'Kennon 1999, p. 329"
Sanguisorba,annua,species,,Sanguisorba annua,Prairie Burnet,,annual,prairie; sandy; disturbed-ground,asserted,native,960,"Diggs, Lipscomb & O'Kennon 1999, p. 960"
Sanicula,canadensis,species,,Sanicula canadensis,Canada Sanicle,,,woods,asserted,native,260,"Diggs, Lipscomb & O'Kennon 1999, p. 260"
Sanicula,odorata,species,,Sanicula odorata,Cluster Sanicle,,,woods,asserted,native,260,"Diggs, Lipscomb & O'Kennon 1999, p. 260"
Sapindus,saponaria,variety,drummondii,Sapindus saponaria var. drummondii,Western Soapberry; Wild Chinaberry; Jaboncillo,tree,,streamside; disturbed-ground,asserted,native,980,"Diggs, Lipscomb & O'Kennon 1999, p. 980"
Saponaria,officinalis,species,,Saponaria officinalis,Bouncing-Bet; Soapwort; Fuller’s-Herb,,perennial,,asserted,introduced,524,"Diggs, Lipscomb & O'Kennon 1999, p. 524"
Sarracenia,alata,species,,Sarracenia alata,Yellow Trumpet; Pitcher Plant,herb,perennial,woods; wetland; disturbed-ground,asserted,native,983,"Diggs, Lipscomb & O'Kennon 1999, p. 983"
Sassafras,albidum,species,,Sassafras albidum,Sassafras,tree,,streamside; disturbed-ground,asserted,native,786,"Diggs, Lipscomb & O'Kennon 1999, p. 786"
Saururus,cernuus,species,,Saururus cernuus,Lizard’s-Tail; Water-Dragon; Swamp-Lily,,,wetland; streamside,asserted,native,986,"Diggs, Lipscomb & O'Kennon 1999, p. 986"
Saxifraga,texana,species,,Saxifraga texana,Texas Saxifrage,,perennial,prairie; sandy,asserted,native,988,"Diggs, Lipscomb & O'Kennon 1999, p. 988"
Scabiosa,atropurpurea,species,,Scabiosa atropurpurea,Pincushions; Sweet Scabious,herb,annual,prairie; disturbed-ground,asserted,introduced,576,"Diggs, Lipscomb & O'Kennon 1999, p. 576"
Scandix,pecten-veneris,species,,Scandix pecten-veneris,Venus’-Comb; Crow-Needles; Shepherd’s-Needle; Lady’s-Comb,,annual,prairie,asserted,introduced,260,"Diggs, Lipscomb & O'Kennon 1999, p. 260"
Schedonnardus,paniculatus,species,,Schedonnardus paniculatus,Tumble Grass; Texas Crab Grass,,perennial,prairie; disturbed-ground,asserted,native,1316,"Diggs, Lipscomb & O'Kennon 1999, p. 1316"
Schizachyrium,scoparium,species,,Schizachyrium scoparium,,,,,asserted,native,1239,"Diggs, Lipscomb & O'Kennon 1999, p. 1239"
Schizachyrium,scoparium,subspecies,hallii,Schizachyrium scoparium subsp. hallii,Sand Bluestem,,,sandy,asserted,native,1239,"Diggs, Lipscomb & O'Kennon 1999, p. 1239"
Schoenocaulon,drummondii,species,,Schoenocaulon drummondii,,,,,asserted,native,1210,"Diggs, Lipscomb & O'Kennon 1999, p. 1210"
Schoenocaulon,texanum,species,,Schoenocaulon texanum,Texas Sabadilla,herb,perennial,woods; rocky-limestone,asserted,native,1210,"Diggs, Lipscomb & O'Kennon 1999, p. 1210"
Schoenoplectus,acutus,species,,Schoenoplectus acutus,Hard-Stem Bulrush; Alkali Tule,,perennial,,asserted,native,1161,"Diggs, Lipscomb & O'Kennon 1999, p. 1161"
Schoenoplectus,californicus,species,,Schoenoplectus californicus,California Bulrush; Giant Bulrush; Tule; California Tule,,perennial,,asserted,native,1161,"Diggs, Lipscomb & O'Kennon 1999, p. 1161"
Schoenoplectus,pungens,species,,Schoenoplectus pungens,American Bulrush; Swordgrass; Three-Square Bulrush,,perennial,,asserted,native,1161,"Diggs, Lipscomb & O'Kennon 1999, p. 1161"
Schoenoplectus,saximontanus,species,,Schoenoplectus saximontanus,Rocky Mountain Bulrush,,annual,rocky-limestone,asserted,native,1161,"Diggs, Lipscomb & O'Kennon 1999, p. 1161"
Schoenoplectus,tabernaemontani,species,,Schoenoplectus tabernaemontani,Great Bulrush; Soft-Stem Bulrush; Giant Tule,,perennial,streamside,asserted,native,1161,"Diggs, Lipscomb & O'Kennon 1999, p. 1161"
Scirpus,atrovirens,species,,Scirpus atrovirens,Pale Bulrush,,perennial,,asserted,native,1162,"Diggs, Lipscomb & O'Kennon 1999, p. 1162"
Scirpus,cyperinus,species,,Scirpus cyperinus,Woolly-Grass Bulrush,,perennial,wetland; streamside,asserted,native,1162,"Diggs, Lipscomb & O'Kennon 1999, p. 1162"
Scirpus,georgianus,species,,Scirpus georgianus,,,perennial,,asserted,native,1162,"Diggs, Lipscomb & O'Kennon 1999, p. 1162"
Scirpus,pendulus,species,,Scirpus pendulus,,,perennial,streamside,asserted,native,1162,"Diggs, Lipscomb & O'Kennon 1999, p. 1162"
Scleria,ciliata,species,,Scleria ciliata,Fringed Nut-Rush; Ciliate Nut-Rush,,,woods; sandy,asserted,native,1164,"Diggs, Lipscomb & O'Kennon 1999, p. 1164"
Scleria,oligantha,species,,Scleria oligantha,Little-Head Nut-Rush; Few-Flower Nut-Rush,,perennial,woods; rocky-limestone; sandy,asserted,native,1164,"Diggs, Lipscomb & O'Kennon 1999, p. 1164"
Scleria,triglomerata,species,,Scleria triglomerata,Whip-Grass; Whip Nut-Rush; Tall Nut-Rush,,,woods; sandy,asserted,native,1164,"Diggs, Lipscomb & O'Kennon 1999, p. 1164"
Scleria,verticillata,species,,Scleria verticillata,Low Nut-Rush; Whorled Nut-Rush,,,,asserted,native,1164,"Diggs, Lipscomb & O'Kennon 1999, p. 1164"
Sclerochloa,dura,species,,Sclerochloa dura,Hard Grass,grass,annual,streamside; disturbed-ground,asserted,introduced,1316,"Diggs, Lipscomb & O'Kennon 1999, p. 1316"
Scrophularia,marilandica,species,,Scrophularia marilandica,Carpenter’s-Square; Maryland Figwort,herb,perennial,woods,asserted,native,1010,"Diggs, Lipscomb & O'Kennon 1999, p. 1010"
Scutellaria,cardiophylla,species,,Scutellaria cardiophylla,Heart-Leaf Skullcap,,perennial,woods; rocky-limestone; sandy,asserted,native,778,"Diggs, Lipscomb & O'Kennon 1999, p. 778"
Scutellaria,drummondii,species,,Scutellaria drummondii,Drummond’s Skullcap,,annual,,asserted,native,778,"Diggs, Lipscomb & O'Kennon 1999, p. 778"
Scutellaria,drummondii,variety,edwardsiana,Scutellaria drummondii var. edwardsiana,,,,rocky-limestone,asserted,native,779,"Diggs, Lipscomb & O'Kennon 1999, p. 779"
Scutellaria,lateriflora,species,,Scutellaria lateriflora,Mad-Dog Skullcap; Virginian Skullcap; Side-Flowering Scullcap,,perennial,woods; streamside,asserted,native,779,"Diggs, Lipscomb & O'Kennon 1999, p. 779"
Scutellaria,ovata,species,,Scutellaria ovata,Egg-Leaf Skullcap,,perennial,woods; rocky-limestone; sandy,asserted,native,779,"Diggs, Lipscomb & O'Kennon 1999, p. 779"
Scutellaria,ovata,subspecies,bracteata,Scutellaria ovata subsp. bracteata,Tuber Skullcap,,,,asserted,native,779,"Diggs, Lipscomb & O'Kennon 1999, p. 779"
Scutellaria,ovata,subspecies,mexicana,Scutellaria ovata subsp. mexicana,,,,,asserted,native,779,"Diggs, Lipscomb & O'Kennon 1999, p. 779"
Scutellaria,parvula,species,,Scutellaria parvula,,herb,perennial,woods; prairie,asserted,native,779,"Diggs, Lipscomb & O'Kennon 1999, p. 779"
Scutellaria,parvula,variety,australis,Scutellaria parvula var. australis,,,,prairie,asserted,native,780,"Diggs, Lipscomb & O'Kennon 1999, p. 780"
Scutellaria,parvula,variety,missouriensis,Scutellaria parvula var. missouriensis,,,,,asserted,native,780,"Diggs, Lipscomb & O'Kennon 1999, p. 780"
Scutellaria,parvula,variety,parvula,Scutellaria parvula var. parvula,Small Skullcap,,,,asserted,native,780,"Diggs, Lipscomb & O'Kennon 1999, p. 780"
Scutellaria,resinosa,species,,Scutellaria resinosa,Resin-Dot Skullcap; Short-Leaf Skullcap; Resinous Skullcap,,perennial,prairie; rocky-limestone; sandy,asserted,native,780,"Diggs, Lipscomb & O'Kennon 1999, p. 780"
Scutellaria,wrightii,species,,Scutellaria wrightii,Wright's Skullcap,,perennial,woods; prairie; sandy,asserted,native,780,"Diggs, Lipscomb & O'Kennon 1999, p. 780"
Secale,cereale,species,,Secale cereale,Rye,,annual,sandy; disturbed-ground,asserted,introduced,1318,"Diggs, Lipscomb & O'Kennon 1999, p. 1318"
Sedum,nuttallianum,species,,Sedum nuttallianum,Yellow Stonecrop,,annual,rocky-limestone; sandy,asserted,native,564,"Diggs, Lipscomb & O'Kennon 1999, p. 564"
Sedum,pulchellum,species,,Sedum pulchellum,Texas Stonecrop; Rock-Moss; Widow’s-Cross,herb,annual,rocky-limestone; disturbed-ground,asserted,native,564,"Diggs, Lipscomb & O'Kennon 1999, p. 564"
Selaginella,apoda,species,,Selaginella apoda,Meadow Spike-Moss; Basket Selaginella,,,woods; disturbed-ground,asserted,native,174,"Diggs, Lipscomb & O'Kennon 1999, p. 174"
Selaginella,arenicola,subspecies,riddellii,Selaginella arenicola subsp. riddellii,Riddell’s Selaginella; Riddell’s Spike-Moss,,,rocky-limestone; sandy,asserted,native,175,"Diggs, Lipscomb & O'Kennon 1999, p. 175"
Selaginella,peruviana,species,,Selaginella peruviana,Peruvian Spike-Moss,,,,asserted,native,175,"Diggs, Lipscomb & O'Kennon 1999, p. 175"
Selinocarpus,diffusus,species,,Selinocarpus diffusus,Spreading Moonpod,,perennial,sandy,asserted,native,842,"Diggs, Lipscomb & O'Kennon 1999, p. 842"
Senecio,ampullaceus,species,,Senecio ampullaceus,Texas Groundsel,,annual,woods; sandy; disturbed-ground,asserted,native,403,"Diggs, Lipscomb & O'Kennon 1999, p. 403"
Senecio,vulgaris,species,,Senecio vulgaris,Common Groundsel,,annual,disturbed-ground,asserted,introduced,403,"Diggs, Lipscomb & O'Kennon 1999, p. 403"
Senna,alata,species,,Senna alata,Emperor’s-Candlesticks,shrub,perennial,disturbed-ground,asserted,introduced,694,"Diggs, Lipscomb & O'Kennon 1999, p. 694"
Senna,corymbosa,species,,Senna corymbosa,Argentine Senna,shrub,perennial,disturbed-ground,asserted,introduced,694,"Diggs, Lipscomb & O'Kennon 1999, p. 694"
Senna,lindheimeriana,species,,Senna lindheimeriana,Lindheimer’s Senna,herb,perennial,rocky-limestone,asserted,native,694,"Diggs, Lipscomb & O'Kennon 1999, p. 694"
Senna,marilandica,species,,Senna marilandica,Wild Senna; Maryland Senna,herb,perennial,woods; sandy; disturbed-ground,asserted,native,694,"Diggs, Lipscomb & O'Kennon 1999, p. 694"
Senna,obtusifolia,species,,Senna obtusifolia,Sickle-Pod; Coffeeweed,,annual,prairie; sandy; disturbed-ground,asserted,native,694,"Diggs, Lipscomb & O'Kennon 1999, p. 694"
Senna,occidentalis,species,,Senna occidentalis,Coffee Senna; Stypicweed; Bricho,,annual,disturbed-ground,asserted,native,694,"Diggs, Lipscomb & O'Kennon 1999, p. 694"
Senna,pendula,variety,glabrata,Senna pendula var. glabrata,,,,disturbed-ground,asserted,native,696,"Diggs, Lipscomb & O'Kennon 1999, p. 696"
Senna,pumilio,species,,Senna pumilio,Dwarf Senna; Pygmy Senna,,perennial,rocky-limestone,asserted,native,694,"Diggs, Lipscomb & O'Kennon 1999, p. 694"
Senna,roemeriana,species,,Senna roemeriana,Two-Leaf Senna,,perennial,prairie; rocky-limestone,asserted,native,696,"Diggs, Lipscomb & O'Kennon 1999, p. 696"
Sesbania,drummondii,species,,Sesbania drummondii,Rattlebush; Poison-Bean; Coffee-Bean; Drummond’s Sesbania,subshrub,,,asserted,native,696,"Diggs, Lipscomb & O'Kennon 1999, p. 696"
Sesbania,herbacea,species,,Sesbania herbacea,Coffee-Bean; Bequilla; Colorado River-Hemp; Sesbane,,annual,disturbed-ground,asserted,native,696,"Diggs, Lipscomb & O'Kennon 1999, p. 696"
Setaria,italica,species,,Setaria italica,Foxtail-Millet; Italian-Millet; German-Millet; Hungarian-Millet,,annual,rocky-limestone,asserted,introduced,1319,"Diggs, Lipscomb & O'Kennon 1999, p. 1319"
Setaria,leucopila,species,,Setaria leucopila,,,perennial,,asserted,native,1319,"Diggs, Lipscomb & O'Kennon 1999, p. 1319"
Setaria,magna,species,,Setaria magna,Giant Bristle Grass; Giant Foxtail Grass,,annual,streamside; sandy,asserted,native,1319,"Diggs, Lipscomb & O'Kennon 1999, p. 1319"
Setaria,parviflora,species,,Setaria parviflora,Knot-Root Bristle Grass,,perennial,streamside; disturbed-ground,asserted,native,1319,"Diggs, Lipscomb & O'Kennon 1999, p. 1319"
Setaria,pumila,species,,Setaria pumila,Yellow Bristle Grass,,annual,disturbed-ground,asserted,introduced,1319,"Diggs, Lipscomb & O'Kennon 1999, p. 1319"
Setaria,ramiseta,species,,Setaria ramiseta,,,perennial,sandy,asserted,native,1320,"Diggs, Lipscomb & O'Kennon 1999, p. 1320"
Setaria,reverchonii,species,,Setaria reverchonii,Reverchon’s Bristle Grass,,perennial,prairie; rocky-limestone,asserted,native,1320,"Diggs, Lipscomb & O'Kennon 1999, p. 1320"
Setaria,scheelei,species,,Setaria scheelei,Southwestern Bristle Grass; Scheele’s Bristle Grass,,perennial,woods,asserted,native,1320,"Diggs, Lipscomb & O'Kennon 1999, p. 1320"
Setaria,verticillata,species,,Setaria verticillata,Hooked Bristle Grass; Bur Bristle Grass; Foxtail Grass,grass,annual,,asserted,introduced,1320,"Diggs, Lipscomb & O'Kennon 1999, p. 1320"
Setaria,viridis,species,,Setaria viridis,Green Bristle Grass; Green Foxtail Grass,grass,annual,prairie; disturbed-ground,asserted,introduced,1320,"Diggs, Lipscomb & O'Kennon 1999, p. 1320"
Sherardia,arvensis,species,,Sherardia arvensis,Spurwort; Herb Sherard; Field-Madder,,annual,streamside; disturbed-ground,asserted,introduced,970,"Diggs, Lipscomb & O'Kennon 1999, p. 970"
Sibara,virginica,species,,Sibara virginica,Virginia Sibara,,annual,disturbed-ground,asserted,native,478,"Diggs, Lipscomb & O'Kennon 1999, p. 478"
Sicyos,angulatus,species,,Sicyos angulatus,One-Seed Bur-Cucumber; Wall Bur-Cucumber,,annual,,asserted,native,570,"Diggs, Lipscomb & O'Kennon 1999, p. 570"
Sida,abutifolia,species,,Sida abutifolia,Spreading Sida,,perennial,prairie; rocky-limestone; disturbed-ground,asserted,native,818,"Diggs, Lipscomb & O'Kennon 1999, p. 818"
Sida,spinosa,species,,Sida spinosa,Prickly Sida; Prickly-Mallow,,annual,disturbed-ground,asserted,native,818,"Diggs, Lipscomb & O'Kennon 1999, p. 818"
Sideroxylon,lanuginosum,subspecies,oblongifolium,Sideroxylon lanuginosum subsp. oblongifolium,Chittamwood; Coma; Gum Bumelia; Woolly-Buckthorn; Gum-Elastic,shrub,,woods; streamside; rocky-limestone,asserted,native,982,"Diggs, Lipscomb & O'Kennon 1999, p. 982"
Silene,antirrhina,species,,Silene antirrhina,Sleepy Catchfly,,annual,woods; prairie; disturbed-ground,asserted,native,524,"Diggs, Lipscomb & O'Kennon 1999, p. 524"
Silene,stellata,species,,Silene stellata,Whorled Silene; Starry Campion; Widow’s-Frill,,perennial,woods; sandy,asserted,native,524,"Diggs, Lipscomb & O'Kennon 1999, p. 524"
Silphium,albiflorum,species,,Silphium albiflorum,White Rosinweed; White Compassplant,,,prairie,asserted,native,404,"Diggs, Lipscomb & O'Kennon 1999, p. 404"
Silphium,gracile,species,,Silphium gracile,Simpson Rosinweed; Slender Rosinweed,,,sandy,asserted,native,404,"Diggs, Lipscomb & O'Kennon 1999, p. 404"
Silphium,laciniatum,species,,Silphium laciniatum,Compassplant,,,prairie; sandy,asserted,native,404,"Diggs, Lipscomb & O'Kennon 1999, p. 404"
Silphium,radula,species,,Silphium radula,Rough-Stem Rosinweed,,,sandy,asserted,native,406,"Diggs, Lipscomb & O'Kennon 1999, p. 406"
Silybum,marianum,species,,Silybum marianum,Blessed Milk-Thistle; Our-Lady’sthistle; Holy-Thistle,,annual,disturbed-ground,asserted,introduced,406,"Diggs, Lipscomb & O'Kennon 1999, p. 406"
Simsia,calva,species,,Simsia calva,Awnless Bush-Sunflower,herb,perennial,,asserted,native,406,"Diggs, Lipscomb & O'Kennon 1999, p. 406"
Sinapis,alba,species,,Sinapis alba,White Mustard,,annual,disturbed-ground,asserted,introduced,478,"Diggs, Lipscomb & O'Kennon 1999, p. 478"
Sinapis,arvensis,species,,Sinapis arvensis,Field Mustard; Charlock,,annual,disturbed-ground,review,,479,"Diggs, Lipscomb & O'Kennon 1999, p. 479"
Since,that,subspecies,virginica,Since that subsp. virginica,False Aloe; Rattlesnake-Master; Virginia Agave,,,,asserted,native,1080,"Diggs, Lipscomb & O'Kennon 1999, p. 1080"
Siphonoglossa,pilosella,species,,Siphonoglossa pilosella,Hairy Tubetongue; Tubetongue; False Honeysuckle,,perennial,rocky-limestone; sandy,asserted,native,218,"Diggs, Lipscomb & O'Kennon 1999, p. 218"
Sisymbrium,altissimum,species,,Sisymbrium altissimum,Tumble-Mustard,,,disturbed-ground,asserted,introduced,479,"Diggs, Lipscomb & O'Kennon 1999, p. 479"
Sisymbrium,irio,species,,Sisymbrium irio,Rocket-Mustard; London-Rocket,,,disturbed-ground,asserted,introduced,479,"Diggs, Lipscomb & O'Kennon 1999, p. 479"
Sisymbrium,officinale,species,,Sisymbrium officinale,Hedge-Mustard; Tansy-Mustard,,,disturbed-ground,asserted,introduced,479,"Diggs, Lipscomb & O'Kennon 1999, p. 479"
Sisyrinchium,albidum,species,,Sisyrinchium albidum,White Blue-Eyed-Grass,,,woods,asserted,native,1176,"Diggs, Lipscomb & O'Kennon 1999, p. 1176"
Sisyrinchium,angustifolium,species,,Sisyrinchium angustifolium,Bermuda Blue-Eyed-Grass,,,woods; sandy,asserted,native,1176,"Diggs, Lipscomb & O'Kennon 1999, p. 1176"
Sisyrinchium,campestre,species,,Sisyrinchium campestre,Prairie Blue-Eyed-Grass,grass,,prairie; disturbed-ground,asserted,native,1178,"Diggs, Lipscomb & O'Kennon 1999, p. 1178"
Sisyrinchium,chilense,species,,Sisyrinchium chilense,Sword-Leaf Blue-Eyed-Grass,,,prairie,asserted,native,1178,"Diggs, Lipscomb & O'Kennon 1999, p. 1178"
Sisyrinchium,langloisii,species,,Sisyrinchium langloisii,Pale Blue-Eyed-Grass,grass,,woods; sandy,asserted,native,1178,"Diggs, Lipscomb & O'Kennon 1999, p. 1178"
Sisyrinchium,minus,species,,Sisyrinchium minus,Least Blue-Eyed-Grass,grass,,sandy,asserted,native,1178,"Diggs, Lipscomb & O'Kennon 1999, p. 1178"
Sisyrinchium,pruinosum,species,,Sisyrinchium pruinosum,Dotted Blueeyed-Grass,grass,,prairie; disturbed-ground,asserted,native,1178,"Diggs, Lipscomb & O'Kennon 1999, p. 1178"
Sium,suave,species,,Sium suave,Water-Parsnip; Hemlock,,perennial,wetland,asserted,native,260,"Diggs, Lipscomb & O'Kennon 1999, p. 260"
Smallanthus,uvedalia,species,,Smallanthus uvedalia,Bear’s-Foot; Hairy Leafcup,herb,perennial,,asserted,native,408,"Diggs, Lipscomb & O'Kennon 1999, p. 408"
Smilax,bona-nox,species,,Smilax bona-nox,Saw Greenbrier; Fiddle-Leaf Greenbrier; Stretchberry; China-Brier; Bullbrier; Catbrier; Zarzaparrilla; Tramp’s-Trouble; Fringed Greenbrier,shrub,,woods; rocky-limestone; sandy; disturbed-ground,asserted,native,1346,"Diggs, Lipscomb & O'Kennon 1999, p. 1346"
Smilax,glauca,species,,Smilax glauca,Sawbrier; Catbrier; Cat Greenbrier; Wild Sarsaparilla; Glaucous-Leaf Greenbrier; Sowbrier; Sarsaparilla-Vine,,,woods; streamside; sandy; disturbed-ground,asserted,native,1346,"Diggs, Lipscomb & O'Kennon 1999, p. 1346"
Smilax,renifolia,species,,Smilax renifolia,,,,disturbed-ground,asserted,native,1346,"Diggs, Lipscomb & O'Kennon 1999, p. 1346"
Smilax,rotundifolia,species,,Smilax rotundifolia,Common Greenbrier; Bullbrier; Horsebrier,,,woods,asserted,native,1346,"Diggs, Lipscomb & O'Kennon 1999, p. 1346"
Smilax,smallii,species,,Smilax smallii,Small’s Greenbrier,,,woods; streamside,asserted,native,1346,"Diggs, Lipscomb & O'Kennon 1999, p. 1346"
Smilax,tamnoides,species,,Smilax tamnoides,Chinaroot; Hellfetter; Bristle Greenbrier; Devil Greenbrier; Hagbrier; Wild Sarsparilla,,,woods; streamside; sandy,asserted,native,1346,"Diggs, Lipscomb & O'Kennon 1999, p. 1346"
Solanum,carolinense,species,,Solanum carolinense,Horse-Nettle; Ball-Nettle,,perennial,woods; sandy; disturbed-ground,asserted,native,1028,"Diggs, Lipscomb & O'Kennon 1999, p. 1028"
Solanum,citrullifolium,species,,Solanum citrullifolium,Melon-Leaf Nightshade,,annual,,asserted,native,1028,"Diggs, Lipscomb & O'Kennon 1999, p. 1028"
Solanum,dimidiatum,species,,Solanum dimidiatum,Western Horsenettle; Potato-Weed,,,woods; prairie; disturbed-ground,asserted,native,1028,"Diggs, Lipscomb & O'Kennon 1999, p. 1028"
Solanum,elaeagnifolium,species,,Solanum elaeagnifolium,Trompillo; Silver-Leaf Nightshade; Bull-Nettle; White Horse-Nettle; Whiteweed; Iron - Weed,,perennial,disturbed-ground,asserted,native,1030,"Diggs, Lipscomb & O'Kennon 1999, p. 1030"
Solanum,lycopersicum,species,,Solanum lycopersicum,Tomato; Love-Apple; Gold-Apple,herb,annual,streamside; disturbed-ground,asserted,introduced,1030,"Diggs, Lipscomb & O'Kennon 1999, p. 1030"
Solanum,ptychanthum,species,,Solanum ptychanthum,American Nightshade; Blue-Flower Buffalobur; Hierba Mora Negra,,annual,woods; streamside,asserted,native,1030,"Diggs, Lipscomb & O'Kennon 1999, p. 1030"
Solanum,rostratum,species,,Solanum rostratum,Buffalo-Bur; Kansas-Thistle; Mala Mujer,,annual,disturbed-ground,asserted,native,1030,"Diggs, Lipscomb & O'Kennon 1999, p. 1030"
Solanum,triquetrum,species,,Solanum triquetrum,Texas Nightshade; Hierba Mora,,perennial,streamside; disturbed-ground,asserted,native,1031,"Diggs, Lipscomb & O'Kennon 1999, p. 1031"
Solidago,altiplanities,species,,Solidago altiplanities,,,,streamside,asserted,native,415,"Diggs, Lipscomb & O'Kennon 1999, p. 415"
Solidago,canadensis,species,,Solidago canadensis,Common Goldenrod; Canada Goldenrod,,,woods; prairie,asserted,native,410,"Diggs, Lipscomb & O'Kennon 1999, p. 410"
Solidago,canadensis,variety,gilvocanescens,Solidago canadensis var. gilvocanescens,,,,prairie,asserted,native,410,"Diggs, Lipscomb & O'Kennon 1999, p. 410"
Solidago,canadensis,variety,scabra,Solidago canadensis var. scabra,,,,,asserted,native,410,"Diggs, Lipscomb & O'Kennon 1999, p. 410"
Solidago,gigantea,species,,Solidago gigantea,Giant Goldenrod; Late Goldenrod,,,streamside; disturbed-ground,asserted,native,410,"Diggs, Lipscomb & O'Kennon 1999, p. 410"
Solidago,ludoviciana,species,,Solidago ludoviciana,Willow Goldenrod,,,sandy; disturbed-ground,asserted,native,410,"Diggs, Lipscomb & O'Kennon 1999, p. 410"
Solidago,missouriensis,variety,fasciculata,Solidago missouriensis var. fasciculata,Missouri Basin Goldenrod,,,prairie,asserted,native,410,"Diggs, Lipscomb & O'Kennon 1999, p. 410"
Solidago,nemoralis,species,,Solidago nemoralis,Old-Field Goldenrod,,,,asserted,native,410,"Diggs, Lipscomb & O'Kennon 1999, p. 410"
Solidago,nemoralis,variety,longipetiolata,Solidago nemoralis var. longipetiolata,,,,,asserted,native,412,"Diggs, Lipscomb & O'Kennon 1999, p. 412"
Solidago,nitida,species,,Solidago nitida,Shiny Goldenrod; Flat-Topped Goldenrod,grass,,prairie; disturbed-ground,asserted,native,412,"Diggs, Lipscomb & O'Kennon 1999, p. 412"
Solidago,odora,species,,Solidago odora,Fragrant Goldenrod; Sweet Goldenrod,,,woods; disturbed-ground,asserted,native,412,"Diggs, Lipscomb & O'Kennon 1999, p. 412"
Solidago,patula,variety,strictula,Solidago patula var. strictula,Willow Goldenrod,,,disturbed-ground,asserted,native,412,"Diggs, Lipscomb & O'Kennon 1999, p. 412"
Solidago,petiolaris,species,,Solidago petiolaris,,,,prairie,asserted,native,412,"Diggs, Lipscomb & O'Kennon 1999, p. 412"
Solidago,petiolaris,variety,angustata,Solidago petiolaris var. angustata,,,,,asserted,native,412,"Diggs, Lipscomb & O'Kennon 1999, p. 412"
Solidago,radula,species,,Solidago radula,Rough Goldenrod,,,rocky-limestone; disturbed-ground,asserted,native,414,"Diggs, Lipscomb & O'Kennon 1999, p. 414"
Solidago,rigida,species,,Solidago rigida,Stiff Goldenrod; Rigid Goldenrod,,,prairie,asserted,native,414,"Diggs, Lipscomb & O'Kennon 1999, p. 414"
Solidago,rugosa,species,,Solidago rugosa,Rough -Leaf Goldenrod; Wrinkled Goldenrod,,,streamside; disturbed-ground,asserted,native,414,"Diggs, Lipscomb & O'Kennon 1999, p. 414"
Solidago,rugosa,variety,aspera,Solidago rugosa var. aspera,Celtis-Leaf Goldenrod,,,,asserted,native,414,"Diggs, Lipscomb & O'Kennon 1999, p. 414"
Solidago,sempervirens,species,,Solidago sempervirens,Seaside Goldenrod,,,,asserted,native,415,"Diggs, Lipscomb & O'Kennon 1999, p. 415"
Solidago,speciosa,variety,rigidiuscula,Solidago speciosa var. rigidiuscula,Prairie Goldenrod; Noble Goldenrod,,,prairie; sandy,asserted,native,414,"Diggs, Lipscomb & O'Kennon 1999, p. 414"
Solidago,ulmifolia,variety,microphylla,Solidago ulmifolia var. microphylla,Elm-Leaf Goldenrod,,,woods; sandy; disturbed-ground,asserted,native,415,"Diggs, Lipscomb & O'Kennon 1999, p. 415"
Soliva,mutisii,species,,Soliva mutisii,Button Burweed; Smooth-Stickers,,,,asserted,introduced,416,"Diggs, Lipscomb & O'Kennon 1999, p. 416"
Soliva,pterosperma,species,,Soliva pterosperma,,,,prairie; disturbed-ground,review,,77,"Diggs, Lipscomb & O'Kennon 1999, p. 77"
Soliva,stolonifera,species,,Soliva stolonifera,Trailing-Stickers,,,,asserted,introduced,416,"Diggs, Lipscomb & O'Kennon 1999, p. 416"
Sonchus,asper,species,,Sonchus asper,Prickly Sow-Thistle; Achicoria Dulce,,,disturbed-ground,asserted,introduced,416,"Diggs, Lipscomb & O'Kennon 1999, p. 416"
Sonchus,oleraceus,species,,Sonchus oleraceus,Common Sowthistle,,,,asserted,introduced,416,"Diggs, Lipscomb & O'Kennon 1999, p. 416"
Sophora,affinis,species,,Sophora affinis,Eve’s-Necklace; Texas Sophora,tree,,prairie; rocky-limestone,asserted,native,697,"Diggs, Lipscomb & O'Kennon 1999, p. 697"
Sophora,secundiflora,species,,Sophora secundiflora,Mountainlaurel; Texas Mountain-Laurel; Mescal-Bean; Frijolito,shrub,,rocky-limestone; disturbed-ground,asserted,native,697,"Diggs, Lipscomb & O'Kennon 1999, p. 697"
Sorghastrum,elliottii,species,,Sorghastrum elliottii,Slender Indian Grass; Long-Bristled Indian Grass,grass,,sandy,asserted,native,1322,"Diggs, Lipscomb & O'Kennon 1999, p. 1322"
Sorghastrum,nutans,species,,Sorghastrum nutans,,grass,,,asserted,native,62,"Diggs, Lipscomb & O'Kennon 1999, p. 62"
Sorghum,almum,species,,Sorghum almum,,,perennial,disturbed-ground,asserted,introduced,1322,"Diggs, Lipscomb & O'Kennon 1999, p. 1322"
Sorghum,bicolor,species,,Sorghum bicolor,,,annual,,review,,1322,"Diggs, Lipscomb & O'Kennon 1999, p. 1322"
Sorghum,bicolor,subspecies,drummondii,Sorghum bicolor subsp. drummondii,,grass,,disturbed-ground,review,,1324,"Diggs, Lipscomb & O'Kennon 1999, p. 1324"
Sorghum,halepense,species,,Sorghum halepense,Johnson Grass,,perennial,disturbed-ground,asserted,introduced,1324,"Diggs, Lipscomb & O'Kennon 1999, p. 1324"
Spartina,pectinata,species,,Spartina pectinata,Prairie Cord Grass; Tall Marsh Grass; Slough Grass,,perennial,prairie; wetland,asserted,native,1324,"Diggs, Lipscomb & O'Kennon 1999, p. 1324"
Spergularia,platensis,species,,Spergularia platensis,,,annual,sandy,asserted,introduced,525,"Diggs, Lipscomb & O'Kennon 1999, p. 525"
Spergularia,salina,species,,Spergularia salina,Salt-Marsh Sandspurry; Marsh Sandspurry,,annual,wetland,asserted,introduced,525,"Diggs, Lipscomb & O'Kennon 1999, p. 525"
Spermacoce,glabra,species,,Spermacoce glabra,Smooth Buttonweed,,perennial,streamside,asserted,native,970,"Diggs, Lipscomb & O'Kennon 1999, p. 970"
Spermolepis,divaricata,species,,Spermolepis divaricata,Forked Scaleseed,,,woods; sandy,asserted,native,262,"Diggs, Lipscomb & O'Kennon 1999, p. 262"
Spermolepis,echinata,species,,Spermolepis echinata,Beggar’s-Lice; Bristly Scaleseed,,,sandy,asserted,native,262,"Diggs, Lipscomb & O'Kennon 1999, p. 262"
Spermolepis,inermis,species,,Spermolepis inermis,Spreading Scaleseed,,,prairie; sandy,asserted,native,262,"Diggs, Lipscomb & O'Kennon 1999, p. 262"
Sphaeralcea,angustifolia,subspecies,cuspidata,Sphaeralcea angustifolia subsp. cuspidata,Narrow-Leaf Globe-Mallow; Point-Seed Globe-Mallow; Copper-Mallow,,,rocky-limestone; sandy,asserted,native,820,"Diggs, Lipscomb & O'Kennon 1999, p. 820"
Sphaeralcea,coccinea,species,,Sphaeralcea coccinea,Scarlet Globe-Mallow; Red False Mallow,,,sandy; disturbed-ground,asserted,native,820,"Diggs, Lipscomb & O'Kennon 1999, p. 820"
Sphaeralcea,hastulata,species,,Sphaeralcea hastulata,,,,rocky-limestone; sandy; disturbed-ground,review,,820,"Diggs, Lipscomb & O'Kennon 1999, p. 820"
Sphenoclea,zeylanica,species,,Sphenoclea zeylanica,,herb,,rocky-limestone; disturbed-ground,review,,496,"Diggs, Lipscomb & O'Kennon 1999, p. 496"
Sphenopholis,obtusata,species,,Sphenopholis obtusata,Prairie Wedgescale,,annual,sandy,asserted,native,1324,"Diggs, Lipscomb & O'Kennon 1999, p. 1324"
Spigelia,hedyotidea,species,,Spigelia hedyotidea,Prairie Pinkroot,,,rocky-limestone,asserted,native,798,"Diggs, Lipscomb & O'Kennon 1999, p. 798"
Spigelia,marilandica,species,,Spigelia marilandica,Indian-Pink,,,woods; disturbed-ground,asserted,native,799,"Diggs, Lipscomb & O'Kennon 1999, p. 799"
Spinacia,oleracea,species,,Spinacia oleracea,Spinach,,annual,disturbed-ground,asserted,introduced,542,"Diggs, Lipscomb & O'Kennon 1999, p. 542"
Spiranthes,cernua,species,,Spiranthes cernua,Nodding Ladies’-Tresses; Common Ladies’- Tresses; Ladies’-Tresses,,,woods; prairie; sandy,asserted,native,1220,"Diggs, Lipscomb & O'Kennon 1999, p. 1220"
Spiranthes,lacera,variety,gracilis,Spiranthes lacera var. gracilis,Slender Ladies’-Tresses; Green-Lip Ladies’-Tresses,,,woods; prairie; sandy,asserted,native,1220,"Diggs, Lipscomb & O'Kennon 1999, p. 1220"
Spiranthes,longilabris,species,,Spiranthes longilabris,Giant Spiral Orchid,,,woods,asserted,native,1220,"Diggs, Lipscomb & O'Kennon 1999, p. 1220"
Spiranthes,magnicamporum,species,,Spiranthes magnicamporum,Great Plains Ladies’-Tresses,,,prairie,asserted,native,1222,"Diggs, Lipscomb & O'Kennon 1999, p. 1222"
Spiranthes,ovalis,species,,Spiranthes ovalis,October Ladies’-Tresses; Oval Ladies’-Tresses,,,,asserted,native,1222,"Diggs, Lipscomb & O'Kennon 1999, p. 1222"
Spiranthes,praecox,species,,Spiranthes praecox,Grass-Leaf Ladies’-Tresses,grass,,woods,asserted,native,1222,"Diggs, Lipscomb & O'Kennon 1999, p. 1222"
Spiranthes,tuberosa,species,,Spiranthes tuberosa,Little Ladies’-Tresses; Gray’s Ladies’-Tresses,,,woods; streamside; sandy,asserted,native,1222,"Diggs, Lipscomb & O'Kennon 1999, p. 1222"
Spiranthes,vernalis,species,,Spiranthes vernalis,Spring Ladies’-Tresses; Twisted Ladies’- Tresses; Upland Ladies’-Tresses,,,woods; prairie; sandy; disturbed-ground,review,,1222,"Diggs, Lipscomb & O'Kennon 1999, p. 1222"
Spirodela,polyrhiza,species,,Spirodela polyrhiza,Common Duckmeat; Greater Duckweed,,,,asserted,native,1190,"Diggs, Lipscomb & O'Kennon 1999, p. 1190"
Spirodela,punctata,species,,Spirodela punctata,,,,,asserted,introduced,1190,"Diggs, Lipscomb & O'Kennon 1999, p. 1190"
Sporobolus,compositus,species,,Sporobolus compositus,,herb,,prairie; wetland,asserted,native,55,"Diggs, Lipscomb & O'Kennon 1999, p. 55"
Sporobolus,compositus,variety,clandestinus,Sporobolus compositus var. clandestinus,Purple-Flower Dropseed,,,disturbed-ground,asserted,native,1327,"Diggs, Lipscomb & O'Kennon 1999, p. 1327"
Sporobolus,compositus,variety,drummondii,Sporobolus compositus var. drummondii,Meadow Dropseed,,,disturbed-ground,asserted,native,1327,"Diggs, Lipscomb & O'Kennon 1999, p. 1327"
Sporobolus,compositus,variety,macer,Sporobolus compositus var. macer,Mississippi Dropseed,,,woods,asserted,native,1327,"Diggs, Lipscomb & O'Kennon 1999, p. 1327"
Sporobolus,cryptandrus,species,,Sporobolus cryptandrus,Sand Dropseed; Covered-Spike Dropseed,,perennial,sandy; disturbed-ground,asserted,native,1327,"Diggs, Lipscomb & O'Kennon 1999, p. 1327"
Sporobolus,giganteus,species,,Sporobolus giganteus,Giant Dropseed,,perennial,sandy,asserted,native,1327,"Diggs, Lipscomb & O'Kennon 1999, p. 1327"
Sporobolus,indicus,species,,Sporobolus indicus,Smut Grass,grass,perennial,disturbed-ground,asserted,introduced,1327,"Diggs, Lipscomb & O'Kennon 1999, p. 1327"
Sporobolus,neglectus,species,,Sporobolus neglectus,Puff-Sheath Dropseed,,annual,disturbed-ground,asserted,native,1327,"Diggs, Lipscomb & O'Kennon 1999, p. 1327"
Sporobolus,ozarkanus,species,,Sporobolus ozarkanus,Ozark Dropseed,,annual,rocky-limestone; disturbed-ground,asserted,native,1327,"Diggs, Lipscomb & O'Kennon 1999, p. 1327"
Sporobolus,pyramidatus,species,,Sporobolus pyramidatus,Whorled Dropseed,,perennial,disturbed-ground,asserted,native,1328,"Diggs, Lipscomb & O'Kennon 1999, p. 1328"
Sporobolus,silveanus,species,,Sporobolus silveanus,Silveus’ Dropseed,,perennial,prairie; sandy,asserted,native,1328,"Diggs, Lipscomb & O'Kennon 1999, p. 1328"
Sporobolus,vaginiflorus,species,,Sporobolus vaginiflorus,Poverty Dropseed; Southern Poverty Grass,grass,annual,woods; sandy; disturbed-ground,asserted,native,1328,"Diggs, Lipscomb & O'Kennon 1999, p. 1328"
Stachys,coccinea,species,,Stachys coccinea,,,,,review,,782,"Diggs, Lipscomb & O'Kennon 1999, p. 782"
Stachys,crenata,species,,Stachys crenata,Shade Betony,,,woods,asserted,native,780,"Diggs, Lipscomb & O'Kennon 1999, p. 780"
Stachys,tenuifolia,species,,Stachys tenuifolia,Slender-Leaf Betony; Smooth Hedge-Nettle,,,woods; streamside,asserted,native,782,"Diggs, Lipscomb & O'Kennon 1999, p. 782"
Stellaria,media,species,,Stellaria media,Tenpetal; Common Chickweed; Chickweed Starwort,,annual,streamside; disturbed-ground,asserted,introduced,525,"Diggs, Lipscomb & O'Kennon 1999, p. 525"
Stellaria,pallida,species,,Stellaria pallida,Lesser Chickweed,,annual,sandy; disturbed-ground,asserted,introduced,526,"Diggs, Lipscomb & O'Kennon 1999, p. 526"
Stems,ascending-erect,species,,Stems ascending-erect,,,,woods; sandy,asserted,native,656,"Diggs, Lipscomb & O'Kennon 1999, p. 656"
Stems,spreading-pilose,species,,Stems spreading-pilose,,,,woods; sandy,asserted,native,216,"Diggs, Lipscomb & O'Kennon 1999, p. 216"
Stenosiphon,linifolius,species,,Stenosiphon linifolius,False Gaura; Flax-Leaf Stenosiphon; Tall Gaura,,biennial,rocky-limestone,asserted,native,866,"Diggs, Lipscomb & O'Kennon 1999, p. 866"
Stenotaphrum,secundatum,species,,Stenotaphrum secundatum,St. Augustine Grass,,perennial,,asserted,native,1328,"Diggs, Lipscomb & O'Kennon 1999, p. 1328"
Stillingia,sylvatica,species,,Stillingia sylvatica,Queen’s-Delight,,,woods; prairie; sandy,asserted,native,614,"Diggs, Lipscomb & O'Kennon 1999, p. 614"
Stillingia,texana,species,,Stillingia texana,Texas Stillingia,,,rocky-limestone,asserted,native,614,"Diggs, Lipscomb & O'Kennon 1999, p. 614"
Stillingia,treculeana,species,,Stillingia treculeana,,,,streamside,asserted,native,81,"Diggs, Lipscomb & O'Kennon 1999, p. 81"
Streptanthus,hyacinthoides,species,,Streptanthus hyacinthoides,Smooth Twistflower,,annual,woods; prairie; sandy; disturbed-ground,asserted,native,479,"Diggs, Lipscomb & O'Kennon 1999, p. 479"
Strophostyles,helvula,species,,Strophostyles helvula,Amberique-Bean; Trailing Wild Bean,,,sandy,asserted,native,698,"Diggs, Lipscomb & O'Kennon 1999, p. 698"
Strophostyles,leiosperma,species,,Strophostyles leiosperma,,,,sandy,asserted,native,698,"Diggs, Lipscomb & O'Kennon 1999, p. 698"
Stuckenia,pectinatus,species,,Stuckenia pectinatus,Fennell-Leaf Pondweed; Sago Pondweed; Sago,herb,perennial,disturbed-ground,asserted,native,1343,"Diggs, Lipscomb & O'Kennon 1999, p. 1343"
Stylisma,pickeringii,variety,pattersonii,Stylisma pickeringii var. pattersonii,Big-Pod Bonamia,vine,perennial,woods; streamside; sandy,asserted,native,560,"Diggs, Lipscomb & O'Kennon 1999, p. 560"
Stylosanthes,biflora,species,,Stylosanthes biflora,Side-Beak Pencil-Flower,herb,perennial,woods; sandy,asserted,native,698,"Diggs, Lipscomb & O'Kennon 1999, p. 698"
Styrax,platanifolius,species,,Styrax platanifolius,Sycamore-Leaf Styrax; Sycamore-Leaf Snowbell,shrub,,streamside; rocky-limestone,asserted,native,1034,"Diggs, Lipscomb & O'Kennon 1999, p. 1034"
Symphoricarpos,orbiculatus,species,,Symphoricarpos orbiculatus,Indian -Currant; Coral-Berry; Caryophyllaceae 511 Buckbrush,shrub,,woods,asserted,native,510,"Diggs, Lipscomb & O'Kennon 1999, p. 510"
Talinum,aurantiacum,species,,Talinum aurantiacum,Orange Flameflower,,,rocky-limestone; sandy,asserted,native,911,"Diggs, Lipscomb & O'Kennon 1999, p. 911"
Talinum,calycinum,species,,Talinum calycinum,Rock-Pink,,,prairie; rocky-limestone,asserted,native,911,"Diggs, Lipscomb & O'Kennon 1999, p. 911"
Talinum,parviflorum,species,,Talinum parviflorum,Prairie Flameflower; Dwarf Flameflower,,,sandy,asserted,native,911,"Diggs, Lipscomb & O'Kennon 1999, p. 911"
Tamarix,chinensis,species,,Tamarix chinensis,Chinese Tamarisk,,,streamside; sandy; disturbed-ground,asserted,introduced,1035,"Diggs, Lipscomb & O'Kennon 1999, p. 1035"
Tamarix,gallica,species,,Tamarix gallica,French Tamarisk; Rompevientos; Salt-Cedar,,,streamside; sandy; disturbed-ground,asserted,introduced,1035,"Diggs, Lipscomb & O'Kennon 1999, p. 1035"
Tamarix,ramosissima,species,,Tamarix ramosissima,Salt-Cedar,,,streamside; sandy; disturbed-ground,asserted,introduced,1035,"Diggs, Lipscomb & O'Kennon 1999, p. 1035"
Taraxacum,laevigatum,species,,Taraxacum laevigatum,Red-Seed Dandelion,tree,,disturbed-ground,asserted,introduced,418,"Diggs, Lipscomb & O'Kennon 1999, p. 418"
Taraxacum,officinale,species,,Taraxacum officinale,Common Dandelion,,,,asserted,introduced,418,"Diggs, Lipscomb & O'Kennon 1999, p. 418"
Taxodium,distichum,variety,angustifolia,Taxodium distichum var. angustifolia,,shrub,,,asserted,native,1413,"Diggs, Lipscomb & O'Kennon 1999, p. 1413"
Taxodium,distichum,variety,distichum,Taxodium distichum var. distichum,Bald Cypress; Southern Cypress,tree,,woods; wetland; streamside,review,,204,"Diggs, Lipscomb & O'Kennon 1999, p. 204"
Taxodium,distichum,variety,mexicanum,Taxodium distichum var. mexicanum,,tree,,,asserted,native,204,"Diggs, Lipscomb & O'Kennon 1999, p. 204"
Tephrosia,lindheimeri,species,,Tephrosia lindheimeri,Lindheimer’s Tephrosia; Round-Leaf Tephrosia,,,sandy,asserted,native,700,"Diggs, Lipscomb & O'Kennon 1999, p. 700"
Tephrosia,onobrychoides,species,,Tephrosia onobrychoides,Multibloom Tephrosia,,,woods; sandy,asserted,native,700,"Diggs, Lipscomb & O'Kennon 1999, p. 700"
Tephrosia,virginiana,species,,Tephrosia virginiana,Goat’s-Rue; Virginia Tephrosia; Devil’s-Shoestring; Catgut,,,woods; sandy,asserted,native,700,"Diggs, Lipscomb & O'Kennon 1999, p. 700"
Tetragonotheca,ludoviciana,species,,Tetragonotheca ludoviciana,Sawtooth Nerveray,,,woods; sandy,asserted,native,420,"Diggs, Lipscomb & O'Kennon 1999, p. 420"
Tetragonotheca,texana,species,,Tetragonotheca texana,Plateau Nerveray; Square-Bud Daisy,,annual,prairie,asserted,native,420,"Diggs, Lipscomb & O'Kennon 1999, p. 420"
Tetraneuris,linearifolia,species,,Tetraneuris linearifolia,,,,prairie; rocky-limestone,asserted,native,420,"Diggs, Lipscomb & O'Kennon 1999, p. 420"
Tetraneuris,scaposa,species,,Tetraneuris scaposa,Plains Yellow Daisy; Yellow Paper-Flower; Four-Nerve Daisy,,,prairie; rocky-limestone,asserted,native,420,"Diggs, Lipscomb & O'Kennon 1999, p. 420"
Tetraneuris,turneri,species,,Tetraneuris turneri,,,perennial,,asserted,native,421,"Diggs, Lipscomb & O'Kennon 1999, p. 421"
Teucrium,canadense,species,,Teucrium canadense,American Germander; Wood-Sage,,perennial,woods; prairie; streamside,asserted,native,782,"Diggs, Lipscomb & O'Kennon 1999, p. 782"
Teucrium,cubense,variety,laevigatum,Teucrium cubense var. laevigatum,Annual Germander,herb,perennial,,asserted,native,782,"Diggs, Lipscomb & O'Kennon 1999, p. 782"
Teucrium,laciniatum,species,,Teucrium laciniatum,Cut-Leaf Germander,,perennial,prairie; sandy; disturbed-ground,asserted,native,783,"Diggs, Lipscomb & O'Kennon 1999, p. 783"
Texas,flora,species,,Texas flora,,,,,asserted,native,80,"Diggs, Lipscomb & O'Kennon 1999, p. 80"
Thalia,dealbata,species,,Thalia dealbata,Powdery Thalia; Powdered Thalia,herb,perennial,streamside,asserted,native,1212,"Diggs, Lipscomb & O'Kennon 1999, p. 1212"
Thalictrum,arkansanum,species,,Thalictrum arkansanum,Arkansas Meadow-Rue,,,woods; streamside; sandy,asserted,native,930,"Diggs, Lipscomb & O'Kennon 1999, p. 930"
Thalictrum,dasycarpum,species,,Thalictrum dasycarpum,Purple Meadow-Rue,,,woods; sandy,asserted,native,930,"Diggs, Lipscomb & O'Kennon 1999, p. 930"
Thalictrum,texanum,species,,Thalictrum texanum,,,,,review,,930,"Diggs, Lipscomb & O'Kennon 1999, p. 930"
Thamnosma,texanum,species,,Thamnosma texanum,Dutchman ’s-Breeches; Texas Desert-Rue; Ruda Del Monte,,perennial,rocky-limestone,asserted,native,973,"Diggs, Lipscomb & O'Kennon 1999, p. 973"
The,bird,species,,The bird,,,,prairie; rocky-limestone,asserted,native,52,"Diggs, Lipscomb & O'Kennon 1999, p. 52"
The,genus,species,,The genus,,,,,asserted,native,442,"Diggs, Lipscomb & O'Kennon 1999, p. 442"
The,ivory-billed,species,,The ivory-billed,,,,prairie; streamside,asserted,native,52,"Diggs, Lipscomb & O'Kennon 1999, p. 52"
The,name,species,,The name,,,perennial,disturbed-ground,asserted,introduced,566,"Diggs, Lipscomb & O'Kennon 1999, p. 566"
Thelesperma,ambiguum,species,,Thelesperma ambiguum,,,perennial,rocky-limestone,asserted,native,421,"Diggs, Lipscomb & O'Kennon 1999, p. 421"
Thelesperma,filifolium,species,,Thelesperma filifolium,Greenthread; Thread -Leaf Thelesperma,,annual,prairie; disturbed-ground,asserted,native,421,"Diggs, Lipscomb & O'Kennon 1999, p. 421"
Thelesperma,filifolium,variety,intermedium,Thelesperma filifolium var. intermedium,,,,,asserted,native,422,"Diggs, Lipscomb & O'Kennon 1999, p. 422"
Thelesperma,megapotamicum,species,,Thelesperma megapotamicum,Cota; Indian Tea; Navajo Tea; Colorado Greenthread; Rayless Thelesperma,,perennial,,asserted,native,422,"Diggs, Lipscomb & O'Kennon 1999, p. 422"
Thelesperma,simplicifolium,species,,Thelesperma simplicifolium,Slender Greenthread,,perennial,rocky-limestone,asserted,native,422,"Diggs, Lipscomb & O'Kennon 1999, p. 422"
Thelocactus,setispinus,species,,Thelocactus setispinus,Hedgehog Cactus,,,,asserted,native,494,"Diggs, Lipscomb & O'Kennon 1999, p. 494"
Thelypteris,kunthii,species,,Thelypteris kunthii,Widespread Maiden Fern; Southern Shield Fern,fern,,rocky-limestone,asserted,native,200,"Diggs, Lipscomb & O'Kennon 1999, p. 200"
Thelypteris,ovata,variety,lindheimeri,Thelypteris ovata var. lindheimeri,Lindheimer’s Maiden Fern,fern,,rocky-limestone,review,,200,"Diggs, Lipscomb & O'Kennon 1999, p. 200"
Thlaspi,arvense,species,,Thlaspi arvense,Field Pennycress; Mithridate-Mustard; Frenchweed; Fanweed; Pennycress,,annual,disturbed-ground,asserted,introduced,480,"Diggs, Lipscomb & O'Kennon 1999, p. 480"
Thunbergia,alata,species,,Thunbergia alata,Black-Eyed-Susan; Black-Eyed Clockvine,herb,perennial,disturbed-ground,asserted,introduced,218,"Diggs, Lipscomb & O'Kennon 1999, p. 218"
Thymophylla,pentachaeta,species,,Thymophylla pentachaeta,Common Dogweed; Parralena,,perennial,sandy,asserted,native,422,"Diggs, Lipscomb & O'Kennon 1999, p. 422"
Thymophylla,tenuiloba,variety,tenuiloba,Thymophylla tenuiloba var. tenuiloba,Bristle-Leaf Dyssodia; Tinytim,,annual,sandy,asserted,native,422,"Diggs, Lipscomb & O'Kennon 1999, p. 422"
Thymophylla,tenuiloba,variety,wrightii,Thymophylla tenuiloba var. wrightii,,,,sandy,asserted,native,424,"Diggs, Lipscomb & O'Kennon 1999, p. 424"
Tidestromia,lanuginosa,species,,Tidestromia lanuginosa,Woolly Tidestromia; Espanta Vaqueros,herb,annual,sandy,asserted,native,230,"Diggs, Lipscomb & O'Kennon 1999, p. 230"
Tilia,americana,variety,caroliniana,Tilia americana var. caroliniana,Carolina Basswood; Florida Basswood; Kendall Basswood; Florida Linden,tree,,woods,asserted,native,1036,"Diggs, Lipscomb & O'Kennon 1999, p. 1036"
Tillandsia,recurvata,species,,Tillandsia recurvata,Ball-Moss; Bunch-Moss; Gallitos,,,,asserted,native,1095,"Diggs, Lipscomb & O'Kennon 1999, p. 1095"
Tillandsia,usneoides,species,,Tillandsia usneoides,Old Man’sbeard; Long-Moss; Black-Moss; Pastle; Florida-Moss,,,,review,,1096,"Diggs, Lipscomb & O'Kennon 1999, p. 1096"
Tinantia,anomala,species,,Tinantia anomala,False Dayflower; Widow’s-Tears,,annual,rocky-limestone,asserted,native,1101,"Diggs, Lipscomb & O'Kennon 1999, p. 1101"
Torilis,arvensis,species,,Torilis arvensis,Hedge-Parsley,,,rocky-limestone; disturbed-ground,asserted,introduced,262,"Diggs, Lipscomb & O'Kennon 1999, p. 262"
Torilis,nodosa,species,,Torilis nodosa,Knotted Hedge-Parsley,,,rocky-limestone; disturbed-ground,asserted,introduced,262,"Diggs, Lipscomb & O'Kennon 1999, p. 262"
Townsendia,exscapa,species,,Townsendia exscapa,Stemless Townsendia; Easter Daisy,,perennial,prairie; rocky-limestone,asserted,native,424,"Diggs, Lipscomb & O'Kennon 1999, p. 424"
Toxicodendron,pubescens,species,,Toxicodendron pubescens,Eastern Poison-Oak,shrub,,woods; sandy,asserted,native,236,"Diggs, Lipscomb & O'Kennon 1999, p. 236"
Toxicodendron,radicans,species,,Toxicodendron radicans,Poison-Oak; Poison-Ivy; Hiedra,shrub,,woods; disturbed-ground,asserted,native,236,"Diggs, Lipscomb & O'Kennon 1999, p. 236"
Toxicodendron,radicans,subspecies,negundo,Toxicodendron radicans subsp. negundo,Poison-Ivy,,,,asserted,native,236,"Diggs, Lipscomb & O'Kennon 1999, p. 236"
Toxicodendron,radicans,subspecies,pubens,Toxicodendron radicans subsp. pubens,Poison-Ivy,,,,asserted,native,236,"Diggs, Lipscomb & O'Kennon 1999, p. 236"
Toxicodendron,radicans,subspecies,verrucosum,Toxicodendron radicans subsp. verrucosum,Poison-Ivy,,,,asserted,native,236,"Diggs, Lipscomb & O'Kennon 1999, p. 236"
Toxicodendron,vernix,species,,Toxicodendron vernix,Poison Sumac; Poison-Elder; Poison -Dogwood,,,wetland,asserted,native,238,"Diggs, Lipscomb & O'Kennon 1999, p. 238"
Trachelospermum,asiaticum,species,,Trachelospermum asiaticum,Asian-Jasmine; Japanese Starjasmine,,,,asserted,introduced,268,"Diggs, Lipscomb & O'Kennon 1999, p. 268"
Trachelospermum,difforme,species,,Trachelospermum difforme,,herb,,,asserted,native,71,"Diggs, Lipscomb & O'Kennon 1999, p. 71"
Trachelospermum,jasminoides,species,,Trachelospermum jasminoides,Star-Jasmine; Confederate-Jasmine,,,disturbed-ground,asserted,introduced,268,"Diggs, Lipscomb & O'Kennon 1999, p. 268"
Tradescantia,edwardsiana,species,,Tradescantia edwardsiana,Plateau Spiderwort,,,woods; streamside,asserted,native,1102,"Diggs, Lipscomb & O'Kennon 1999, p. 1102"
Tradescantia,gigantea,species,,Tradescantia gigantea,Giant Spiderwort,,,rocky-limestone,asserted,native,1102,"Diggs, Lipscomb & O'Kennon 1999, p. 1102"
Tradescantia,hirsutiflora,species,,Tradescantia hirsutiflora,Hairy-Flower Spiderwort,,,streamside; sandy,asserted,native,1102,"Diggs, Lipscomb & O'Kennon 1999, p. 1102"
Tradescantia,humilis,species,,Tradescantia humilis,Texas Spiderwort,,,,asserted,native,1102,"Diggs, Lipscomb & O'Kennon 1999, p. 1102"
Tradescantia,occidentalis,species,,Tradescantia occidentalis,Prairie Spiderwort,,,prairie; sandy,asserted,native,1102,"Diggs, Lipscomb & O'Kennon 1999, p. 1102"
Tradescantia,ohiensis,species,,Tradescantia ohiensis,Ohio Spiderwort,,,prairie; sandy; disturbed-ground,asserted,native,1104,"Diggs, Lipscomb & O'Kennon 1999, p. 1104"
Tradescantia,reverchonii,species,,Tradescantia reverchonii,Reverchon’s Spiderwort; Grass-Violet,,,woods; sandy,asserted,native,1104,"Diggs, Lipscomb & O'Kennon 1999, p. 1104"
Tradescantia,subacaulis,species,,Tradescantia subacaulis,Stemless Spiderwort,,,woods; rocky-limestone; sandy,asserted,native,1104,"Diggs, Lipscomb & O'Kennon 1999, p. 1104"
Tradescantia,tharpii,species,,Tradescantia tharpii,Tharp ’s Spiderwort,,,woods; prairie; rocky-limestone; sandy,asserted,native,1104,"Diggs, Lipscomb & O'Kennon 1999, p. 1104"
Tragia,amblyodonta,species,,Tragia amblyodonta,,,,disturbed-ground,asserted,native,617,"Diggs, Lipscomb & O'Kennon 1999, p. 617"
Tragia,betonicifolia,species,,Tragia betonicifolia,Betony Noseburn,,,sandy,asserted,native,616,"Diggs, Lipscomb & O'Kennon 1999, p. 616"
Tragia,brevispica,species,,Tragia brevispica,Short-Spike Noseburn,,,woods; prairie,asserted,native,616,"Diggs, Lipscomb & O'Kennon 1999, p. 616"
Tragia,ramosa,species,,Tragia ramosa,Catnip Noseburn,,,disturbed-ground,asserted,native,616,"Diggs, Lipscomb & O'Kennon 1999, p. 616"
Tragia,urticifolia,species,,Tragia urticifolia,Nettle-Leaf Noseburn,,,woods; sandy; disturbed-ground,asserted,native,616,"Diggs, Lipscomb & O'Kennon 1999, p. 616"
Tragopogon,dubius,species,,Tragopogon dubius,Goat’s-Beard; Western Salsify; Noon-Flower,,,,asserted,introduced,424,"Diggs, Lipscomb & O'Kennon 1999, p. 424"
Tragopogon,porrifolius,species,,Tragopogon porrifolius,Salsify; Vegetable-Oyster Salsify; Oysterplant,,,disturbed-ground,asserted,introduced,426,"Diggs, Lipscomb & O'Kennon 1999, p. 426"
Trepocarpus,aethusae,species,,Trepocarpus aethusae,,,annual,,asserted,native,262,"Diggs, Lipscomb & O'Kennon 1999, p. 262"
Triadenum,walteri,species,,Triadenum walteri,,herb,perennial,woods,asserted,native,548,"Diggs, Lipscomb & O'Kennon 1999, p. 548"
Trianthema,portulacastrum,species,,Trianthema portulacastrum,Desert Horsepurslane; Sea-Purslane; Verdolaga Blanca,herb,annual,sandy; disturbed-ground,asserted,native,220,"Diggs, Lipscomb & O'Kennon 1999, p. 220"
Tribulus,terrestris,species,,Tribulus terrestris,Goathead; Punctureweed; Puncturevine; Bullhead; Cadillo; Abrojo De Flor Amarillo,,annual,disturbed-ground,asserted,introduced,1076,"Diggs, Lipscomb & O'Kennon 1999, p. 1076"
Trichostema,brachiatum,species,,Trichostema brachiatum,Flux-Weed; False Pennyroyal,,,rocky-limestone; sandy; disturbed-ground,asserted,native,783,"Diggs, Lipscomb & O'Kennon 1999, p. 783"
Trichostema,dichotomum,species,,Trichostema dichotomum,Forked Blue-Curls; Bastard Pennyroyal,,,woods; streamside; sandy,asserted,native,783,"Diggs, Lipscomb & O'Kennon 1999, p. 783"
Tridens,albescens,species,,Tridens albescens,White Tridens; Whitetop,,,,asserted,native,1330,"Diggs, Lipscomb & O'Kennon 1999, p. 1330"
Tridens,congestus,species,,Tridens congestus,Pink Tridens,,,disturbed-ground,asserted,native,1330,"Diggs, Lipscomb & O'Kennon 1999, p. 1330"
Tridens,flavus,species,,Tridens flavus,Purpletop; Redtop,,,woods; disturbed-ground,asserted,native,1330,"Diggs, Lipscomb & O'Kennon 1999, p. 1330"
Tridens,muticus,species,,Tridens muticus,,,,disturbed-ground,asserted,native,1330,"Diggs, Lipscomb & O'Kennon 1999, p. 1330"
Tridens,muticus,variety,elongatus,Tridens muticus var. elongatus,Rough Tridens,,,disturbed-ground,asserted,native,1330,"Diggs, Lipscomb & O'Kennon 1999, p. 1330"
Tridens,strictus,species,,Tridens strictus,Long-Spike Tridens,,,rocky-limestone; sandy; disturbed-ground,asserted,native,1330,"Diggs, Lipscomb & O'Kennon 1999, p. 1330"
Tridens,texanus,species,,Tridens texanus,Texas Tridens,shrub,,,asserted,native,1330,"Diggs, Lipscomb & O'Kennon 1999, p. 1330"
Trifolium,arvense,species,,Trifolium arvense,Rabbit-Foot Clover; Old-Field Clover,,annual,sandy; disturbed-ground,asserted,introduced,702,"Diggs, Lipscomb & O'Kennon 1999, p. 702"
Trifolium,bejariense,species,,Trifolium bejariense,Bejar Clover,,annual,prairie; sandy,asserted,native,704,"Diggs, Lipscomb & O'Kennon 1999, p. 704"
Trifolium,campestre,species,,Trifolium campestre,Large Hop Clover; Low Hop Clover; Hop Trefoil,,annual,streamside; disturbed-ground,asserted,introduced,704,"Diggs, Lipscomb & O'Kennon 1999, p. 704"
Trifolium,carolinianum,species,,Trifolium carolinianum,Carolina Clover,,annual,disturbed-ground,asserted,native,704,"Diggs, Lipscomb & O'Kennon 1999, p. 704"
Trifolium,dubium,species,,Trifolium dubium,Least Hop Clover; Small Hop Clover; Shamrock,,annual,disturbed-ground,asserted,introduced,704,"Diggs, Lipscomb & O'Kennon 1999, p. 704"
Trifolium,incarnatum,species,,Trifolium incarnatum,Crimson Clover; Italian Clover,,annual,sandy; disturbed-ground,asserted,introduced,704,"Diggs, Lipscomb & O'Kennon 1999, p. 704"
Trifolium,lappaceum,species,,Trifolium lappaceum,Lappa Clover,,annual,streamside; disturbed-ground,asserted,introduced,704,"Diggs, Lipscomb & O'Kennon 1999, p. 704"
Trifolium,polymorphum,species,,Trifolium polymorphum,Peanut Clover,,perennial,woods; prairie; sandy; disturbed-ground,asserted,native,704,"Diggs, Lipscomb & O'Kennon 1999, p. 704"
Trifolium,pratense,species,,Trifolium pratense,Red Clover,,perennial,streamside; disturbed-ground,asserted,introduced,706,"Diggs, Lipscomb & O'Kennon 1999, p. 706"
Trifolium,repens,species,,Trifolium repens,White Clover; Dutch Clover,,perennial,disturbed-ground,asserted,introduced,706,"Diggs, Lipscomb & O'Kennon 1999, p. 706"
Trifolium,resupinatum,species,,Trifolium resupinatum,Persian Clover; Reversed Clover,,annual,disturbed-ground,asserted,introduced,706,"Diggs, Lipscomb & O'Kennon 1999, p. 706"
Trifolium,vesiculosum,species,,Trifolium vesiculosum,Arrow-Leaf Clover,,annual,sandy,asserted,introduced,706,"Diggs, Lipscomb & O'Kennon 1999, p. 706"
Triodanis,coloradoensis,species,,Triodanis coloradoensis,,,,streamside; rocky-limestone,asserted,native,70,"Diggs, Lipscomb & O'Kennon 1999, p. 70"
Triodanis,holzingeri,species,,Triodanis holzingeri,,,,woods; sandy,asserted,native,501,"Diggs, Lipscomb & O'Kennon 1999, p. 501"
Triodanis,lamprosperma,species,,Triodanis lamprosperma,,,,woods; streamside,asserted,native,501,"Diggs, Lipscomb & O'Kennon 1999, p. 501"
Triodanis,leptocarpa,species,,Triodanis leptocarpa,Slimpod Venus’-Looking-Glass; Slender Venus’-Looking-Glass,,,rocky-limestone; sandy,asserted,native,501,"Diggs, Lipscomb & O'Kennon 1999, p. 501"
Triodanis,perfoliata,species,,Triodanis perfoliata,Hen-And-Chickens,,,disturbed-ground,asserted,native,501,"Diggs, Lipscomb & O'Kennon 1999, p. 501"
Triodanis,perfoliata,variety,biflora,Triodanis perfoliata var. biflora,Small Venus’-Looking-Glass,,,,asserted,native,502,"Diggs, Lipscomb & O'Kennon 1999, p. 502"
Triodanis,perfoliata,variety,perfoliata,Triodanis perfoliata var. perfoliata,Clasping Venus’-Looking-Glass,,,,asserted,native,502,"Diggs, Lipscomb & O'Kennon 1999, p. 502"
Triodanis,texana,species,,Triodanis texana,,,,woods; sandy,asserted,native,502,"Diggs, Lipscomb & O'Kennon 1999, p. 502"
Triosteum,angustifolium,species,,Triosteum angustifolium,Yellow-Flowered Horse-Gentian,herb,perennial,streamside,asserted,native,511,"Diggs, Lipscomb & O'Kennon 1999, p. 511"
Triplasis,purpurea,species,,Triplasis purpurea,Purple Sand Grass,,annual,streamside; sandy,asserted,native,1332,"Diggs, Lipscomb & O'Kennon 1999, p. 1332"
Tripsacum,dactyloides,species,,Tripsacum dactyloides,Eastern Gamma Grass,,perennial,prairie,asserted,native,1332,"Diggs, Lipscomb & O'Kennon 1999, p. 1332"
Trisetum,interruptum,species,,Trisetum interruptum,Prairie Trisetum,,annual,disturbed-ground,asserted,native,1332,"Diggs, Lipscomb & O'Kennon 1999, p. 1332"
Triticum,aestivum,species,,Triticum aestivum,Bread Wheat; Wheat,,annual,prairie; disturbed-ground,asserted,introduced,1334,"Diggs, Lipscomb & O'Kennon 1999, p. 1334"
Two,forms,species,,Two forms,,,,,asserted,native,462,"Diggs, Lipscomb & O'Kennon 1999, p. 462"
Typha,angustifolia,species,,Typha angustifolia,,,,,asserted,native,1348,"Diggs, Lipscomb & O'Kennon 1999, p. 1348"
Typha,domingensis,species,,Typha domingensis,Narrow-Leaf Cat-Tail; Southern Cat-Tail; Tule,,,wetland; streamside,asserted,native,1348,"Diggs, Lipscomb & O'Kennon 1999, p. 1348"
Typha,latifolia,species,,Typha latifolia,Common Cat-Tail; Broad-Leaf Cat-Tail; Tule Espadilla,,,wetland; streamside,asserted,native,1348,"Diggs, Lipscomb & O'Kennon 1999, p. 1348"
Ulmus,alata,species,,Ulmus alata,Winged Elm; Cork Elm; Wahoo Elm,tree,,sandy,asserted,native,1039,"Diggs, Lipscomb & O'Kennon 1999, p. 1039"
Ulmus,americana,species,,Ulmus americana,American Elm; White Elm,tree,,streamside,asserted,native,1039,"Diggs, Lipscomb & O'Kennon 1999, p. 1039"
Ulmus,crassifolia,species,,Ulmus crassifolia,Cedar Elm; Olmo,,,prairie,asserted,native,1040,"Diggs, Lipscomb & O'Kennon 1999, p. 1040"
Ulmus,parvifolia,species,,Ulmus parvifolia,Chinese Elm; Lace-Bark Elm,tree,,disturbed-ground,asserted,introduced,1040,"Diggs, Lipscomb & O'Kennon 1999, p. 1040"
Ulmus,pumila,species,,Ulmus pumila,Siberian Elm; Dwarf Elm; Asiatic Elm; Chinese Elm,tree,,disturbed-ground,asserted,introduced,1040,"Diggs, Lipscomb & O'Kennon 1999, p. 1040"
Ulmus,rubra,species,,Ulmus rubra,Slippery Elm; Red Elm,tree,,streamside,asserted,native,1040,"Diggs, Lipscomb & O'Kennon 1999, p. 1040"
Ungnadia,speciosa,species,,Ungnadia speciosa,Mexican-Buckeye; Texas-Buckeye; Monilla,shrub,,woods; rocky-limestone; disturbed-ground,asserted,native,982,"Diggs, Lipscomb & O'Kennon 1999, p. 982"
Urochloa,ciliatissima,species,,Urochloa ciliatissima,Fringed Signal Grass,grass,perennial,rocky-limestone; sandy,asserted,native,1334,"Diggs, Lipscomb & O'Kennon 1999, p. 1334"
Urochloa,fasciculata,species,,Urochloa fasciculata,Hurrah Grass; Browntop; Brown-Top Signal Grass; Field Grass,grass,annual,streamside; disturbed-ground,asserted,native,1335,"Diggs, Lipscomb & O'Kennon 1999, p. 1335"
Urochloa,platyphylla,species,,Urochloa platyphylla,Broad-Leaf Signal Grass,grass,annual,disturbed-ground,asserted,native,1335,"Diggs, Lipscomb & O'Kennon 1999, p. 1335"
Urochloa,texana,species,,Urochloa texana,Texas Panicum; Texas Signal Grass; Texasmillet; Colorado Grass,grass,annual,disturbed-ground,asserted,native,1335,"Diggs, Lipscomb & O'Kennon 1999, p. 1335"
Urtica,chamaedryoides,species,,Urtica chamaedryoides,Stinging Nettle; Heart-Leaf Nettle; Ortiguilla,,annual,,asserted,native,1043,"Diggs, Lipscomb & O'Kennon 1999, p. 1043"
Utricularia,cornuta,species,,Utricularia cornuta,Horned Bladderwort,,,wetland,asserted,native,787,"Diggs, Lipscomb & O'Kennon 1999, p. 787"
Utricularia,gibba,species,,Utricularia gibba,Cone-Spur Bladderwort,,,,asserted,native,787,"Diggs, Lipscomb & O'Kennon 1999, p. 787"
Vaccaria,hispanica,species,,Vaccaria hispanica,Cowcockle; Cowherb,,annual,disturbed-ground,asserted,introduced,526,"Diggs, Lipscomb & O'Kennon 1999, p. 526"
Vaccinium,arboreum,species,,Vaccinium arboreum,Farkle-Berry; Sparkle-Berry,shrub,,woods; streamside; rocky-limestone; sandy; disturbed-ground,asserted,native,584,"Diggs, Lipscomb & O'Kennon 1999, p. 584"
Valerianella,amarella,species,,Valerianella amarella,Hairy Cornsalad,,,prairie; rocky-limestone,asserted,native,1044,"Diggs, Lipscomb & O'Kennon 1999, p. 1044"
Valerianella,florifera,species,,Valerianella florifera,,,,sandy,asserted,native,1046,"Diggs, Lipscomb & O'Kennon 1999, p. 1046"
Valerianella,radiata,species,,Valerianella radiata,Beaked Cornsalad; Narrow -Cell Cornsalad,,,disturbed-ground,asserted,native,1044,"Diggs, Lipscomb & O'Kennon 1999, p. 1044"
Valerianella,stenocarpa,species,,Valerianella stenocarpa,,,,woods; disturbed-ground,asserted,native,1046,"Diggs, Lipscomb & O'Kennon 1999, p. 1046"
Valerianella,texana,species,,Valerianella texana,,,,,asserted,native,1046,"Diggs, Lipscomb & O'Kennon 1999, p. 1046"
Valerianella,woodsiana,species,,Valerianella woodsiana,Wood’s Cornsalad,,,woods; sandy,asserted,native,1046,"Diggs, Lipscomb & O'Kennon 1999, p. 1046"
Vallisneria,americana,species,,Vallisneria americana,American Wild-Celery; Eel-Grass; Water-Celery,,,streamside,asserted,native,1170,"Diggs, Lipscomb & O'Kennon 1999, p. 1170"
Variety,cinerea,species,,Variety cinerea,,,,,asserted,native,994,"Diggs, Lipscomb & O'Kennon 1999, p. 994"
Verbascum,blattaria,species,,Verbascum blattaria,Moth Mullein,,,disturbed-ground,asserted,introduced,1010,"Diggs, Lipscomb & O'Kennon 1999, p. 1010"
Verbascum,thapsus,species,,Verbascum thapsus,Common Mullein; Flannel Mullein; Flannel-Plant; Flannel-Leaf; Indian-Tobacco; Jupiter’s-Staff; Velvet-Dock; Cowboy'stoilet-Paper,,,disturbed-ground,asserted,introduced,1010,"Diggs, Lipscomb & O'Kennon 1999, p. 1010"
Verbena,bracteata,species,,Verbena bracteata,Big-Bract Vervain; Large-Bract Vervain; Prostrate Vervain,,perennial,disturbed-ground,asserted,native,1056,"Diggs, Lipscomb & O'Kennon 1999, p. 1056"
Verbena,brasiliensis,species,,Verbena brasiliensis,Brazilian Vervain,,perennial,streamside,asserted,introduced,1056,"Diggs, Lipscomb & O'Kennon 1999, p. 1056"
Verbena,canescens,species,,Verbena canescens,Gray Vervain,,perennial,rocky-limestone,asserted,native,1056,"Diggs, Lipscomb & O'Kennon 1999, p. 1056"
Verbena,halei,species,,Verbena halei,Slender Vervain; Blue Vervain; Candelabra Vervain; Sanding Vervain; Texas Vervain,,perennial,prairie; disturbed-ground,asserted,native,1056,"Diggs, Lipscomb & O'Kennon 1999, p. 1056"
Verbena,neomexicana,species,,Verbena neomexicana,Hillside Vervain,,,rocky-limestone,asserted,native,1056,"Diggs, Lipscomb & O'Kennon 1999, p. 1056"
Verbena,neomexicana,variety,hirtella,Verbena neomexicana var. hirtella,,,,,asserted,native,1056,"Diggs, Lipscomb & O'Kennon 1999, p. 1056"
Verbena,plicata,species,,Verbena plicata,Fan-Leaf Vervain,,perennial,rocky-limestone; sandy; disturbed-ground,asserted,native,1058,"Diggs, Lipscomb & O'Kennon 1999, p. 1058"
Verbena,rigida,species,,Verbena rigida,Veiny Vervain; Tuber Vervain,,perennial,disturbed-ground,asserted,introduced,1058,"Diggs, Lipscomb & O'Kennon 1999, p. 1058"
Verbena,scabra,species,,Verbena scabra,Harsh Vervain; White Vervain; Sandpaper Vervain,,perennial,,asserted,native,1058,"Diggs, Lipscomb & O'Kennon 1999, p. 1058"
Verbena,stricta,species,,Verbena stricta,Woolly Vervain; Hoary Vervain; Mullen-Leaf Vervain,,perennial,,asserted,native,1058,"Diggs, Lipscomb & O'Kennon 1999, p. 1058"
Verbena,urticifolia,species,,Verbena urticifolia,White Vervain; Nettle-Leaf Vervain,,perennial,woods,asserted,native,1058,"Diggs, Lipscomb & O'Kennon 1999, p. 1058"
Verbena,xutha,species,,Verbena xutha,Coarse Vervain; Gulf Vervain,,perennial,streamside; disturbed-ground,asserted,native,1058,"Diggs, Lipscomb & O'Kennon 1999, p. 1058"
Verbesina,alternifolia,species,,Verbesina alternifolia,Wingstem,,,woods,asserted,native,426,"Diggs, Lipscomb & O'Kennon 1999, p. 426"
Verbesina,encelioides,species,,Verbesina encelioides,Cowpen Daisy; Golden Crownbeard; Feverweed; Butter Daisy,,,sandy; disturbed-ground,asserted,native,426,"Diggs, Lipscomb & O'Kennon 1999, p. 426"
Verbesina,helianthoides,species,,Verbesina helianthoides,Gravelweed Crownbeard,,,woods; streamside; sandy; disturbed-ground,asserted,native,427,"Diggs, Lipscomb & O'Kennon 1999, p. 427"
Verbesina,lindheimeri,species,,Verbesina lindheimeri,Lindheimer’s Crownbeard,,,woods; rocky-limestone,asserted,native,427,"Diggs, Lipscomb & O'Kennon 1999, p. 427"
Verbesina,virginica,species,,Verbesina virginica,Frostweed; Iceplant; White Crownbeard; Virginia Crownbeard; Richweed; Squaw-Weed; Indian-Tobacco,,,disturbed-ground,asserted,native,427,"Diggs, Lipscomb & O'Kennon 1999, p. 427"
Vernonia,baldwinii,species,,Vernonia baldwinii,Baldwin’s Ironweed; Western Ironweed,,,woods,asserted,native,428,"Diggs, Lipscomb & O'Kennon 1999, p. 428"
Vernonia,gigantea,species,,Vernonia gigantea,Tall Ironweed,,,,asserted,native,428,"Diggs, Lipscomb & O'Kennon 1999, p. 428"
Vernonia,lindheimeri,species,,Vernonia lindheimeri,Woolly Ironweed,,,rocky-limestone,asserted,native,428,"Diggs, Lipscomb & O'Kennon 1999, p. 428"
Vernonia,marginata,species,,Vernonia marginata,Plains Ironweed; Narrow-Leaf Ironweed,,,,asserted,native,428,"Diggs, Lipscomb & O'Kennon 1999, p. 428"
Vernonia,missurica,species,,Vernonia missurica,Missouri Ironweed,,,woods,asserted,native,428,"Diggs, Lipscomb & O'Kennon 1999, p. 428"
Vernonia,texana,species,,Vernonia texana,Texas Ironweed,,,woods; streamside; rocky-limestone; sandy,asserted,native,428,"Diggs, Lipscomb & O'Kennon 1999, p. 428"
Veronica,agrestis,species,,Veronica agrestis,Wayside Speedwell,,,,asserted,introduced,1012,"Diggs, Lipscomb & O'Kennon 1999, p. 1012"
Veronica,americana,species,,Veronica americana,American Brooklime,,perennial,streamside,asserted,native,1012,"Diggs, Lipscomb & O'Kennon 1999, p. 1012"
Veronica,anagallis-aquatica,species,,Veronica anagallis-aquatica,Water Speedwell; Brook-Pimpernel,,perennial,,asserted,introduced,1012,"Diggs, Lipscomb & O'Kennon 1999, p. 1012"
Veronica,arvensis,species,,Veronica arvensis,Common Speedwell; Corn Speedwell; Cornsperry; Necklaceweed; Neckweed,grass,annual,sandy; disturbed-ground,asserted,introduced,1012,"Diggs, Lipscomb & O'Kennon 1999, p. 1012"
Veronica,peregrina,species,,Veronica peregrina,Necklaceweed; Neckweed; Purslane Speedwell,,annual,woods; streamside; disturbed-ground,asserted,native,1014,"Diggs, Lipscomb & O'Kennon 1999, p. 1014"
Veronica,peregrina,subspecies,peregrina,Veronica peregrina subsp. peregrina,,,,,asserted,native,1014,"Diggs, Lipscomb & O'Kennon 1999, p. 1014"
Veronica,peregrina,subspecies,xalapensis,Veronica peregrina subsp. xalapensis,Jalapa Speedwell,,,,asserted,native,1014,"Diggs, Lipscomb & O'Kennon 1999, p. 1014"
Veronica,persica,species,,Veronica persica,Persian Speedwell; Bird’s-Eye Speedwell,,annual,,asserted,introduced,1014,"Diggs, Lipscomb & O'Kennon 1999, p. 1014"
Veronica,polita,species,,Veronica polita,,,annual,,review,,1014,"Diggs, Lipscomb & O'Kennon 1999, p. 1014"
Veronicastrum,virginicum,species,,Veronicastrum virginicum,Culver’s-Physic; Culver’s-Root,herb,perennial,woods; streamside,asserted,native,1014,"Diggs, Lipscomb & O'Kennon 1999, p. 1014"
Viburnum,rufidulum,species,,Viburnum rufidulum,Southern Blackhaw; Downy Viburnum; Nanny-Berry; Rusty Blackhaw,shrub,,woods; rocky-limestone; sandy,asserted,native,511,"Diggs, Lipscomb & O'Kennon 1999, p. 511"
Vicia,caroliniana,species,,Vicia caroliniana,,vine,,,review,,708,"Diggs, Lipscomb & O'Kennon 1999, p. 708"
Vicia,ludoviciana,species,,Vicia ludoviciana,Deer Pea Vetch,,annual,,asserted,native,707,"Diggs, Lipscomb & O'Kennon 1999, p. 707"
Vicia,ludoviciana,subspecies,leavenworthii,Vicia ludoviciana subsp. leavenworthii,Leavenworth’s Vetch,,,prairie; rocky-limestone; sandy; disturbed-ground,asserted,native,707,"Diggs, Lipscomb & O'Kennon 1999, p. 707"
Vicia,minutiflora,species,,Vicia minutiflora,Small-Flower Vetch; Pygmy-Flower Vetch,,annual,woods; sandy; disturbed-ground,asserted,native,707,"Diggs, Lipscomb & O'Kennon 1999, p. 707"
Vicia,sativa,species,,Vicia sativa,Common Vetch,,annual,,review,,707,"Diggs, Lipscomb & O'Kennon 1999, p. 707"
Vicia,sativa,subspecies,nigra,Vicia sativa subsp. nigra,Narrow-Leaf Vetch,,,disturbed-ground,asserted,introduced,708,"Diggs, Lipscomb & O'Kennon 1999, p. 708"
Vicia,villosa,species,,Vicia villosa,,,,disturbed-ground,review,,708,"Diggs, Lipscomb & O'Kennon 1999, p. 708"
Vicia,villosa,subspecies,varia,Vicia villosa subsp. varia,Winter Vetch; Woolly-Pod Vetch,,,sandy; disturbed-ground,asserted,introduced,708,"Diggs, Lipscomb & O'Kennon 1999, p. 708"
Viguiera,dentata,species,,Viguiera dentata,Sunflower Golden -Eye,herb,perennial,,asserted,native,430,"Diggs, Lipscomb & O'Kennon 1999, p. 430"
Vinca,major,species,,Vinca major,Big-Leaf Periwinkle,herb,,woods; streamside; rocky-limestone; disturbed-ground,asserted,introduced,269,"Diggs, Lipscomb & O'Kennon 1999, p. 269"
Vinca,minor,species,,Vinca minor,Common Periwinkle,,,disturbed-ground,asserted,introduced,269,"Diggs, Lipscomb & O'Kennon 1999, p. 269"
Viola,bicolor,species,,Viola bicolor,Field Pansy; Wild Pansy; Johnny-Jump-Up; Hearts-Ease; Cupid’s-Delight,,annual,sandy,asserted,native,1062,"Diggs, Lipscomb & O'Kennon 1999, p. 1062"
Viola,missouriensis,species,,Viola missouriensis,Missouri Violet,,,,asserted,native,1062,"Diggs, Lipscomb & O'Kennon 1999, p. 1062"
Viola,palmata,species,,Viola palmata,Tri-Lobe Violet; Lovell Violet; Wood Violet,,,woods,asserted,native,1062,"Diggs, Lipscomb & O'Kennon 1999, p. 1062"
Viola,pubescens,species,,Viola pubescens,Yellow Violet; Smooth Yellow Violet,,,woods,asserted,native,1062,"Diggs, Lipscomb & O'Kennon 1999, p. 1062"
Viola,sagittata,species,,Viola sagittata,Arrow-Leaf Violet,,,woods; sandy,asserted,native,1064,"Diggs, Lipscomb & O'Kennon 1999, p. 1064"
Viola,sororia,species,,Viola sororia,Sister Violet; Bayou Violet; Downy Blue Violet; Blue Prairie Violet,,,woods; sandy,asserted,native,1064,"Diggs, Lipscomb & O'Kennon 1999, p. 1064"
Viola,villosa,species,,Viola villosa,Carolina Violet,,,woods; sandy; disturbed-ground,review,,1064,"Diggs, Lipscomb & O'Kennon 1999, p. 1064"
Vitex,agnus-castus,species,,Vitex agnus-castus,Common Chastetree; Indian-Spice; Wild-Lavender; Hemptree; Monk’s Pepper-Tree; Wild Pepper; True Chastetree; Abraham’sbalm; Chaste-Lamb-Tree; Sagetree; Tree-Of-Chastity,shrub,,disturbed-ground,review,,1060,"Diggs, Lipscomb & O'Kennon 1999, p. 1060"
Vitex,agnus-castus,variety,caerulea,Vitex agnus-castus var. caerulea,,,,,asserted,native,1060,"Diggs, Lipscomb & O'Kennon 1999, p. 1060"
Vitex,negundo,variety,heterophylla,Vitex negundo var. heterophylla,Neguno; Cut-Leaf Chastetree,,,disturbed-ground,asserted,introduced,1060,"Diggs, Lipscomb & O'Kennon 1999, p. 1060"
Vitis,acerifolia,species,,Vitis acerifolia,Panhandle Grape; Bush Grape; Long’s Grape,shrub,,prairie; streamside; rocky-limestone,asserted,native,1070,"Diggs, Lipscomb & O'Kennon 1999, p. 1070"
Vitis,aestivalis,species,,Vitis aestivalis,Pigeon Grape,vine,,woods; streamside; sandy,asserted,native,1070,"Diggs, Lipscomb & O'Kennon 1999, p. 1070"
Vitis,aestivalis,variety,aestivalis,Vitis aestivalis var. aestivalis,Summer Grape; Pigeon Grape,,,rocky-limestone,asserted,native,1070,"Diggs, Lipscomb & O'Kennon 1999, p. 1070"
Vitis,aestivalis,variety,lincecumii,Vitis aestivalis var. lincecumii,,,,rocky-limestone,asserted,native,1070,"Diggs, Lipscomb & O'Kennon 1999, p. 1070"
Vitis,cinerea,species,,Vitis cinerea,Summer Grape; Gray-Bark Grape; Sweet Grape,vine,,woods; streamside,asserted,native,1070,"Diggs, Lipscomb & O'Kennon 1999, p. 1070"
Vitis,cinerea,variety,cinerea,Vitis cinerea var. cinerea,Sweet Grape; Gray-Bark Grape; Parra Silvestre,,,,asserted,native,1070,"Diggs, Lipscomb & O'Kennon 1999, p. 1070"
Vitis,cinerea,variety,helleri,Vitis cinerea var. helleri,Winter Grape; Round-Leaf Grape; Spanish Grape; Uva Cimarrona,,,,asserted,native,1072,"Diggs, Lipscomb & O'Kennon 1999, p. 1072"
Vitis,monticola,species,,Vitis monticola,Sweet Mountain Grape; Champin Grape,,,streamside; rocky-limestone,asserted,native,1072,"Diggs, Lipscomb & O'Kennon 1999, p. 1072"
Vitis,mustangensis,species,,Vitis mustangensis,,vine,,streamside; sandy; disturbed-ground,asserted,native,1072,"Diggs, Lipscomb & O'Kennon 1999, p. 1072"
Vitis,palmata,species,,Vitis palmata,Catbird Grape; Missouri Grape; Red Grape,,,woods; streamside,asserted,native,1072,"Diggs, Lipscomb & O'Kennon 1999, p. 1072"
Vitis,riparia,species,,Vitis riparia,River Grape; Riverbank Grape; Frost Grape,,,streamside,asserted,native,1072,"Diggs, Lipscomb & O'Kennon 1999, p. 1072"
Vitis,rotundifolia,species,,Vitis rotundifolia,Muscadine Grape; Scuppernong; Bullace Grape,,,woods,asserted,native,1072,"Diggs, Lipscomb & O'Kennon 1999, p. 1072"
Vitis,vulpina,species,,Vitis vulpina,Fox Grape,,,streamside,asserted,native,1072,"Diggs, Lipscomb & O'Kennon 1999, p. 1072"
Vulpia,bromoides,species,,Vulpia bromoides,Brome Sixweeks Grass,,,prairie; disturbed-ground,asserted,introduced,1336,"Diggs, Lipscomb & O'Kennon 1999, p. 1336"
Vulpia,myuros,species,,Vulpia myuros,Rat-Tail Sixweeks Grass,grass,,disturbed-ground,asserted,introduced,1336,"Diggs, Lipscomb & O'Kennon 1999, p. 1336"
Vulpia,octoflora,species,,Vulpia octoflora,Common Sixweeks Grass,,,rocky-limestone; sandy; disturbed-ground,asserted,native,1336,"Diggs, Lipscomb & O'Kennon 1999, p. 1336"
Vulpia,octoflora,variety,glauca,Vulpia octoflora var. glauca,,,,,asserted,native,1336,"Diggs, Lipscomb & O'Kennon 1999, p. 1336"
Vulpia,octoflora,variety,hirtella,Vulpia octoflora var. hirtella,Hairy Sixweeks Grass,,,,asserted,native,1336,"Diggs, Lipscomb & O'Kennon 1999, p. 1336"
Vulpia,sciurea,species,,Vulpia sciurea,Squirrel Sixweeks Grass; Sixweeks Fescue,,,rocky-limestone; sandy,asserted,native,1336,"Diggs, Lipscomb & O'Kennon 1999, p. 1336"
Warnockia,scutellarioides,species,,Warnockia scutellarioides,Prairie Brazoria; Rattlesnake-Flower,herb,annual,prairie; rocky-limestone,asserted,native,784,"Diggs, Lipscomb & O'Kennon 1999, p. 784"
Wedelia,texana,species,,Wedelia texana,Hairy Wedelia; Orange Daisy,shrub,,,asserted,native,430,"Diggs, Lipscomb & O'Kennon 1999, p. 430"
Willkommia,texana,species,,Willkommia texana,Texas Willkommia,,perennial,,asserted,native,1336,"Diggs, Lipscomb & O'Kennon 1999, p. 1336"
Wisteria,floribunda,species,,Wisteria floribunda,,,,,asserted,introduced,710,"Diggs, Lipscomb & O'Kennon 1999, p. 710"
Wisteria,fructescens,species,,Wisteria fructescens,,,,,review,,710,"Diggs, Lipscomb & O'Kennon 1999, p. 710"
Wisteria,sinensis,species,,Wisteria sinensis,Chinese Wisteria,vine,,disturbed-ground,asserted,introduced,710,"Diggs, Lipscomb & O'Kennon 1999, p. 710"
Wolffia,brasiliensis,species,,Wolffia brasiliensis,Pointed Wolffia,,,wetland,asserted,native,1190,"Diggs, Lipscomb & O'Kennon 1999, p. 1190"
Wolffia,columbiana,species,,Wolffia columbiana,Colombia Wolffia; Common Wolffia,,,,asserted,native,1191,"Diggs, Lipscomb & O'Kennon 1999, p. 1191"
Wolffiella,gladiata,species,,Wolffiella gladiata,,,,,asserted,native,1191,"Diggs, Lipscomb & O'Kennon 1999, p. 1191"
Wolffiella,lingulata,species,,Wolffiella lingulata,,,,,asserted,native,1191,"Diggs, Lipscomb & O'Kennon 1999, p. 1191"
Woodsia,obtusa,species,,Woodsia obtusa,Common Woodsia; Blunt-Lobed Woodsia; Large Woodsia,,,rocky-limestone; sandy,asserted,native,185,"Diggs, Lipscomb & O'Kennon 1999, p. 185"
Woodsia,obtusa,subspecies,occidentalis,Woodsia obtusa subsp. occidentalis,,,,rocky-limestone; disturbed-ground,asserted,native,185,"Diggs, Lipscomb & O'Kennon 1999, p. 185"
Woodwardia,areolata,species,,Woodwardia areolata,Chain Fern; Narrow-Leaf Chain Fern,fern,,streamside; sandy,asserted,native,181,"Diggs, Lipscomb & O'Kennon 1999, p. 181"
Woodwardia,virginica,species,,Woodwardia virginica,Virginia Chain Fern,,,,asserted,native,181,"Diggs, Lipscomb & O'Kennon 1999, p. 181"
Xanthisma,texanum,subspecies,drummondii,Xanthisma texanum subsp. drummondii,Texas Sleepy Daisy,,annual,woods; sandy; disturbed-ground,asserted,native,430,"Diggs, Lipscomb & O'Kennon 1999, p. 430"
Xanthium,spinosum,species,,Xanthium spinosum,Spiny Cocklebur; Clotbur,,,disturbed-ground,asserted,introduced,432,"Diggs, Lipscomb & O'Kennon 1999, p. 432"
Xanthium,strumarium,variety,canadense,Xanthium strumarium var. canadense,Cocklebur; Common Cocklebur; Abrojo,,,sandy; disturbed-ground,asserted,native,432,"Diggs, Lipscomb & O'Kennon 1999, p. 432"
Xanthosoma,sagittifolium,species,,Xanthosoma sagittifolium,Elephant's Ear; Tannia; Tania,herb,perennial,disturbed-ground,review,,1094,"Diggs, Lipscomb & O'Kennon 1999, p. 1094"
Xyris,ambigua,species,,Xyris ambigua,,,,wetland; streamside; sandy,asserted,native,1349,"Diggs, Lipscomb & O'Kennon 1999, p. 1349"
Xyris,baldwiniana,species,,Xyris baldwiniana,,,,wetland; sandy,asserted,native,1349,"Diggs, Lipscomb & O'Kennon 1999, p. 1349"
Xyris,jupicai,species,,Xyris jupicai,,,,streamside; rocky-limestone; sandy,review,,1349,"Diggs, Lipscomb & O'Kennon 1999, p. 1349"
Youngia,japonica,species,,Youngia japonica,Japanese-Hawkweed,herb,annual,,asserted,introduced,433,"Diggs, Lipscomb & O'Kennon 1999, p. 433"
Yucca,arkansana,species,,Yucca arkansana,Arkansas Yucca,,,rocky-limestone; sandy,asserted,native,1083,"Diggs, Lipscomb & O'Kennon 1999, p. 1083"
Yucca,constricta,species,,Yucca constricta,Buckley’s Yucca,,,prairie; streamside; rocky-limestone; sandy; disturbed-ground,asserted,native,1083,"Diggs, Lipscomb & O'Kennon 1999, p. 1083"
Yucca,rupicola,species,,Yucca rupicola,Texas Yucca; Twist-Leaf Yucca,,,rocky-limestone,asserted,native,1084,"Diggs, Lipscomb & O'Kennon 1999, p. 1084"
Yucca,torreyi,species,,Yucca torreyi,Torrey’s Yucca; Spanish-Dagger,,,disturbed-ground,asserted,native,1084,"Diggs, Lipscomb & O'Kennon 1999, p. 1084"
Yucca,treculeana,species,,Yucca treculeana,Trecul’s Yucca; Spanish-Dagger; Spanish-Bayonet; Don Quixote’s-Lance; Pita; Palma Pita; Palma De Dátiles; Palma Loca; Texas-Bayonet,vine,,disturbed-ground,asserted,native,1084,"Diggs, Lipscomb & O'Kennon 1999, p. 1084"
Zanthoxylum,clava-hercules,species,,Zanthoxylum clava-hercules,,,,,asserted,native,1409,"Diggs, Lipscomb & O'Kennon 1999, p. 1409"
Zanthoxylum,clava-herculis,species,,Zanthoxylum clava-herculis,Prickly-Ash; Southern Prickly-Ash; Tickletongue; Toothachetree; Pepperbark; Hercules’-Club,shrub,,prairie; rocky-limestone; sandy,asserted,native,974,"Diggs, Lipscomb & O'Kennon 1999, p. 974"
Zanthoxylum,hirsutum,species,,Zanthoxylum hirsutum,Prickly-Ash; Tickletongue; Toothachetree,shrub,,rocky-limestone; sandy,asserted,native,974,"Diggs, Lipscomb & O'Kennon 1999, p. 974"
Zea,mays,species,,Zea mays,Maize; Corn,,annual,disturbed-ground,asserted,introduced,1338,"Diggs, Lipscomb & O'Kennon 1999, p. 1338"
Zinnia,grandiflora,species,,Zinnia grandiflora,Plains Zinnia; Rocky Mt. Zinnia,,perennial,,asserted,native,433,"Diggs, Lipscomb & O'Kennon 1999, p. 433"
Zizaniopsis,miliacea,species,,Zizaniopsis miliacea,Southern Wild Rice; Marsh-Millet; Giant Cut Grass; Water-Millet,,perennial,wetland; streamside,asserted,native,1338,"Diggs, Lipscomb & O'Kennon 1999, p. 1338"
Zizia,aurea,species,,Zizia aurea,Golden-Alexanders; Golden Zizia,,perennial,woods,asserted,native,264,"Diggs, Lipscomb & O'Kennon 1999, p. 264"
Ziziphus,obtusifolia,species,,Ziziphus obtusifolia,Lotebush; Gumdroptree; Gumdropbush; Bluethorn; Clepe,shrub,,rocky-limestone; sandy,asserted,native,936,"Diggs, Lipscomb & O'Kennon 1999, p. 936"
Ziziphus,zizyphus,species,,Ziziphus zizyphus,Jujube; Japanese-Apple; Common Jujube; Chinese Jujube; Chinese-Date,shrub,,disturbed-ground,asserted,introduced,936,"Diggs, Lipscomb & O'Kennon 1999, p. 936"
Zornia,bracteata,species,,Zornia bracteata,Bracted Zornia; Viperina,herb,perennial,woods; sandy,asserted,native,710,"Diggs, Lipscomb & O'Kennon 1999, p. 710"
