genus,animal_species,animal_common,category,interaction_type,synonym_of,source
Achillea,Acanthis flammea,,feeds-on,eatenBy,,"globalbioticinteractions.org, fetched 2026-09-02"
Achillea,Acaudinum longisetosum,,feeds-on,eatenBy,,"globalbioticinteractions.org, fetched 2026-09-02"
Achillea,Adelphocoris quadripunctatus,,feeds-on,eatenBy,,"globalbioticinteractions.org, fetched 2026-09-02"
Achillea,Aethes smeathmanniana,,feeds-on,eatenBy,,"globalbioticinteractions.org, fetched 2026-09-02"
Achillea,Agapostemon sericeus,,feeds-on,eatenBy,,"globalbioticinteractions.org, fetched 2026-09-02"
Achillea,Agapostemon splendens,,feeds-on,eatenBy,,"globalbioticinteractions.org, fetched 2026-09-02"
Achillea,Agapostemon texanus,,feeds-on,eatenBy,,"globalbioticinteractions.org, fetched 2026-09-02"
Achillea,Agapostemon virescens,,feeds-on,eatenBy,,"globalbioticinteractions.org, fetched 2026-09-02"
Achillea,Agriotes gallicus,,feeds-on,eatenBy,,"globalbioticinteractions.org, fetched 2026-09-02"
Achillea,Agriotes obscurus,,feeds-on,eatenBy,,"globalbioticinteractions.org, fetched 2026-09-02"
Achillea,Agriotes sputator,,feeds-on,eatenBy,,"globalbioticinteractions.org, fetched 2026-09-02"
Achillea,Agrypnus murinus,,feeds-on,eatenBy,,"globalbioticinteractions.org, fetched 2026-09-02"
Achillea,Alectoris graeca,,feeds-on,eatenBy,,"globalbioticinteractions.org, fetched 2026-09-02"
Achillea,Allograpta,,feeds-on,eatenBy,,"globalbioticinteractions.org, fetched 2026-09-02"
Achillea,Alophus triguttatus,,feeds-on,eatenBy,,"globalbioticinteractions.org, fetched 2026-09-02"
Achillea,Amara aenea,,feeds-on,eatenBy,,"globalbioticinteractions.org, fetched 2026-09-02"
Achillea,Amara bifrons,,feeds-on,eatenBy,,"globalbioticinteractions.org, fetched 2026-09-02"
Achillea,Amara familiaris,,feeds-on,eatenBy,,"globalbioticinteractions.org, fetched 2026-09-02"
Achillea,Amara plebeja,,feeds-on,eatenBy,,"globalbioticinteractions.org, fetched 2026-09-02"
Achillea,Amara similata,,feeds-on,eatenBy,,"globalbioticinteractions.org, fetched 2026-09-02"
Achillea,Amara sinuosa,,feeds-on,eatenBy,,"globalbioticinteractions.org, fetched 2026-09-02"
Achillea,Anastrangalia laetifica,,feeds-on,eatenBy,,"globalbioticinteractions.org, fetched 2026-09-02"
Achillea,Ancistrocerus,,feeds-on,eatenBy,,"globalbioticinteractions.org, fetched 2026-09-02"
Achillea,Ancistrocerus bustamente,,feeds-on,eatenBy,,"globalbioticinteractions.org, fetched 2026-09-02"
Achillea,Andrena nigrocaerulea,,feeds-on,eatenBy,,"globalbioticinteractions.org, fetched 2026-09-02"
Achillea,Andrena w-scripta,,feeds-on,eatenBy,,"globalbioticinteractions.org, fetched 2026-09-02"
Achillea,Anisodactylus binotatus,,feeds-on,eatenBy,,"globalbioticinteractions.org, fetched 2026-09-02"
Achillea,Annaphila depicta,,feeds-on,eatenBy,,"globalbioticinteractions.org, fetched 2026-09-02"
Achillea,Anser anser,,feeds-on,eatenBy,,"globalbioticinteractions.org, fetched 2026-09-02"
Achillea,Anthaxia millefolii,,feeds-on,eatenBy,,"globalbioticinteractions.org, fetched 2026-09-02"
Achillea,Anthicus antherinus,,feeds-on,eatenBy,,"globalbioticinteractions.org, fetched 2026-09-02"
Achillea,Anthrenus lepidus,,feeds-on,eatenBy,,"globalbioticinteractions.org, fetched 2026-09-02"
Achillea,Anthrenus pimpinellae,,feeds-on,eatenBy,,"globalbioticinteractions.org, fetched 2026-09-02"
Achillea,Anthrenus sophonisba,,feeds-on,eatenBy,,"globalbioticinteractions.org, fetched 2026-09-02"
Achillea,Anthrenus verbasci,,feeds-on,eatenBy,,"globalbioticinteractions.org, fetched 2026-09-02"
Achillea,Aphrodes makarovi,,feeds-on,eatenBy,,"globalbioticinteractions.org, fetched 2026-09-02"
Achillea,Apolygus lucorum,,feeds-on,eatenBy,,"globalbioticinteractions.org, fetched 2026-09-02"
Achillea,Aporophyla lutulenta,,feeds-on,eatenBy,,"globalbioticinteractions.org, fetched 2026-09-02"
Achillea,Apterona helicoidella,,feeds-on,eatenBy,,"globalbioticinteractions.org, fetched 2026-09-02"
Achillea,Araneus quadratus,,feeds-on,eatenBy,,"globalbioticinteractions.org, fetched 2026-09-02"
Achillea,Arctia caja,,feeds-on,eatenBy,,"globalbioticinteractions.org, fetched 2026-09-02"
Achillea,Arctia villica,,feeds-on,eatenBy,,"globalbioticinteractions.org, fetched 2026-09-02"
Achillea,Arcyptera fusca,,feeds-on,eatenBy,,"globalbioticinteractions.org, fetched 2026-09-02"
Achillea,Asemosyrphus polygrammus,,feeds-on,eatenBy,,"globalbioticinteractions.org, fetched 2026-09-02"
Achillea,Athous bicolor,,feeds-on,eatenBy,,"globalbioticinteractions.org, fetched 2026-09-02"
Achillea,Augochlorella aurata,,feeds-on,eatenBy,,"globalbioticinteractions.org, fetched 2026-09-02"
Achillea,Austrevylaeus,,feeds-on,eatenBy,,"globalbioticinteractions.org, fetched 2026-09-02"
Achillea,Bicolorana bicolor bicolor,,feeds-on,eatenBy,,"globalbioticinteractions.org, fetched 2026-09-02"
Achillea,BOLD:ADH8532,,feeds-on,eatenBy,,"globalbioticinteractions.org, fetched 2026-09-02"
Achillea,Bombus,,feeds-on,eatenBy,,"globalbioticinteractions.org, fetched 2026-09-02"
Achillea,Bombus californicus,,feeds-on,eatenBy,,"globalbioticinteractions.org, fetched 2026-09-02"
Achillea,Bombus fervidus,,feeds-on,eatenBy,,"globalbioticinteractions.org, fetched 2026-09-02"
Achillea,Bombus flavidus flavidus,,feeds-on,eatenBy,,"globalbioticinteractions.org, fetched 2026-09-02"
Achillea,Bombus griseocollis,,feeds-on,eatenBy,,"globalbioticinteractions.org, fetched 2026-09-02"
Achillea,Bombus insularis,,feeds-on,eatenBy,,"globalbioticinteractions.org, fetched 2026-09-02"
Achillea,Bombus mckayi,,feeds-on,eatenBy,,"globalbioticinteractions.org, fetched 2026-09-02"
Achillea,Bombus melanopygus,,feeds-on,eatenBy,,"globalbioticinteractions.org, fetched 2026-09-02"
Achillea,Bombus pascuorum,,feeds-on,eatenBy,,"globalbioticinteractions.org, fetched 2026-09-02"
Achillea,Bombus ternarius,,feeds-on,eatenBy,,"globalbioticinteractions.org, fetched 2026-09-02"
Achillea,Bombus terricola,,feeds-on,eatenBy,,"globalbioticinteractions.org, fetched 2026-09-02"
Achillea,Bombus vancouverensis nearcticus,,feeds-on,eatenBy,,"globalbioticinteractions.org, fetched 2026-09-02"
Achillea,Bombus vancouverensis vancouverensis,,feeds-on,eatenBy,,"globalbioticinteractions.org, fetched 2026-09-02"
Achillea,Bombus vosnesenskii,,feeds-on,eatenBy,,"globalbioticinteractions.org, fetched 2026-09-02"
Achillea,Brachycoleus decolor,,feeds-on,eatenBy,,"globalbioticinteractions.org, fetched 2026-09-02"
Achillea,Brachysomida californica,,feeds-on,eatenBy,,"globalbioticinteractions.org, fetched 2026-09-02"
Achillea,Brueelia indonesiana,,feeds-on,eatenBy,,"globalbioticinteractions.org, fetched 2026-09-02"
Achillea,Bucculatrix capreella,,feeds-on,eatenBy,,"globalbioticinteractions.org, fetched 2026-09-02"
Achillea,Burnsius communis,,feeds-on,eatenBy,,"globalbioticinteractions.org, fetched 2026-09-02"
Achillea,Calliopsis andreniformis,,feeds-on,eatenBy,,"globalbioticinteractions.org, fetched 2026-09-02"
Achillea,Callophrys gryneus,,feeds-on,eatenBy,,"globalbioticinteractions.org, fetched 2026-09-02"
Achillea,Callophrys gryneus nelsoni,,feeds-on,eatenBy,,"globalbioticinteractions.org, fetched 2026-09-02"
Achillea,Callophrys muiri,,feeds-on,eatenBy,,"globalbioticinteractions.org, fetched 2026-09-02"
Achillea,Callophrys spinetorum,,feeds-on,eatenBy,,"globalbioticinteractions.org, fetched 2026-09-02"
Achillea,Campylenchia latipes,,feeds-on,eatenBy,,"globalbioticinteractions.org, fetched 2026-09-02"
Achillea,Cantharis lateralis,,feeds-on,eatenBy,,"globalbioticinteractions.org, fetched 2026-09-02"
Achillea,Carpocoris purpureipennis,,feeds-on,eatenBy,,"globalbioticinteractions.org, fetched 2026-09-02"
Achillea,Carterocephalus palaemon,,feeds-on,eatenBy,,"globalbioticinteractions.org, fetched 2026-09-02"
Achillea,Cassida denticollis,,feeds-on,eatenBy,,"globalbioticinteractions.org, fetched 2026-09-02"
Achillea,Cassida prasina,,feeds-on,eatenBy,,"globalbioticinteractions.org, fetched 2026-09-02"
Achillea,Cassida rufovirens,,feeds-on,eatenBy,,"globalbioticinteractions.org, fetched 2026-09-02"
Achillea,Cathormiocerus aristatus,,feeds-on,eatenBy,,"globalbioticinteractions.org, fetched 2026-09-02"
Achillea,Celypha rufana,,feeds-on,eatenBy,,"globalbioticinteractions.org, fetched 2026-09-02"
Achillea,Centricnemus leucogrammus,,feeds-on,eatenBy,,"globalbioticinteractions.org, fetched 2026-09-02"
Achillea,Ceratina,,feeds-on,hostOf,,"globalbioticinteractions.org, fetched 2026-09-02"
Achillea,Ceratina calcarata,,feeds-on,eatenBy,,"globalbioticinteractions.org, fetched 2026-09-02"
Achillea,Chauliognathus marginatus,,feeds-on,eatenBy,,"globalbioticinteractions.org, fetched 2026-09-02"
Achillea,Chauliognathus opacus,,feeds-on,eatenBy,,"globalbioticinteractions.org, fetched 2026-09-02"
Achillea,Chiasmia clathrata,,feeds-on,eatenBy,,"globalbioticinteractions.org, fetched 2026-09-02"
Achillea,Chlorita paolii,,feeds-on,eatenBy,,"globalbioticinteractions.org, fetched 2026-09-02"
Achillea,Chlorita subulata,,feeds-on,eatenBy,,"globalbioticinteractions.org, fetched 2026-09-02"
Achillea,Chlorita viridula,,feeds-on,eatenBy,,"globalbioticinteractions.org, fetched 2026-09-02"
Achillea,Chloroclystis v-ata,,feeds-on,eatenBy,,"globalbioticinteractions.org, fetched 2026-09-02"
Achillea,Chlosyne leanira,,feeds-on,eatenBy,,"globalbioticinteractions.org, fetched 2026-09-02"
Achillea,Chlosyne palla,,feeds-on,eatenBy,,"globalbioticinteractions.org, fetched 2026-09-02"
Achillea,Choristoneura diversana,,feeds-on,eatenBy,,"globalbioticinteractions.org, fetched 2026-09-02"
Achillea,Chorthippus apricarius,,feeds-on,eatenBy,,"globalbioticinteractions.org, fetched 2026-09-02"
Achillea,Chorthippus biguttulus,,feeds-on,eatenBy,,"globalbioticinteractions.org, fetched 2026-09-02"
Achillea,Chorthippus brunneus,,feeds-on,eatenBy,,"globalbioticinteractions.org, fetched 2026-09-02"
Achillea,Chorthippus dorsatus,,feeds-on,eatenBy,,"globalbioticinteractions.org, fetched 2026-09-02"
Achillea,Chorthippus mollis,,feeds-on,eatenBy,,"globalbioticinteractions.org, fetched 2026-09-02"
Achillea,Chrysanthia geniculata,,feeds-on,eatenBy,,"globalbioticinteractions.org, fetched 2026-09-02"
Achillea,Cisseps fulvicollis,,feeds-on,eatenBy,,"globalbioticinteractions.org, fetched 2026-09-02"
Achillea,Cnephasia incertana,,feeds-on,eatenBy,,"globalbioticinteractions.org, fetched 2026-09-02"
Achillea,Cnephasia pasiuana,,feeds-on,eatenBy,,"globalbioticinteractions.org, fetched 2026-09-02"
Achillea,Coccinella californica,,feeds-on,eatenBy,,"globalbioticinteractions.org, fetched 2026-09-02"
Achillea,Coccinula quatuordecimpustulata,,feeds-on,eatenBy,,"globalbioticinteractions.org, fetched 2026-09-02"
Achillea,Coenonympha arcania,,feeds-on,eatenBy,,"globalbioticinteractions.org, fetched 2026-09-02"
Achillea,Coenonympha california,,feeds-on,eatenBy,,"globalbioticinteractions.org, fetched 2026-09-02"
Achillea,Coenonympha california benjamini,,feeds-on,eatenBy,,"globalbioticinteractions.org, fetched 2026-09-02"
Achillea,Coenonympha california california,,feeds-on,eatenBy,,"globalbioticinteractions.org, fetched 2026-09-02"
Achillea,Coleophora succursella,,feeds-on,eatenBy,,"globalbioticinteractions.org, fetched 2026-09-02"
Achillea,Colias croceus,,feeds-on,eatenBy,,"globalbioticinteractions.org, fetched 2026-09-02"
Achillea,Colias hyale,,feeds-on,eatenBy,,"globalbioticinteractions.org, fetched 2026-09-02"
Achillea,Colletes,,feeds-on,eatenBy,,"globalbioticinteractions.org, fetched 2026-09-02"
Achillea,Colletes compactus,,feeds-on,eatenBy,,"globalbioticinteractions.org, fetched 2026-09-02"
Achillea,Coloradoa,,feeds-on,eatenBy,,"globalbioticinteractions.org, fetched 2026-09-02"
Achillea,Coloradoa achilleae,,feeds-on,eatenBy,,"globalbioticinteractions.org, fetched 2026-09-02"
Achillea,Columba livia domestica,,feeds-on,eatenBy,,"globalbioticinteractions.org, fetched 2026-09-02"
Achillea,Compsomyiops callipes,,feeds-on,eatenBy,,"globalbioticinteractions.org, fetched 2026-09-02"
Achillea,Conocephalus dorsalis,,feeds-on,eatenBy,,"globalbioticinteractions.org, fetched 2026-09-02"
Achillea,Conocephalus fuscus,,feeds-on,eatenBy,,"globalbioticinteractions.org, fetched 2026-09-02"
Achillea,Copestylum violaceum,,feeds-on,eatenBy,,"globalbioticinteractions.org, fetched 2026-09-02"
Achillea,Cordylepherus viridis,,feeds-on,eatenBy,,"globalbioticinteractions.org, fetched 2026-09-02"
Achillea,Corvus monedula,,feeds-on,eatenBy,,"globalbioticinteractions.org, fetched 2026-09-02"
Achillea,Craspedolepta bulgarica,,feeds-on,eatenBy,,"globalbioticinteractions.org, fetched 2026-09-02"
Achillea,Craspedolepta pontica,,feeds-on,eatenBy,,"globalbioticinteractions.org, fetched 2026-09-02"
Achillea,Cryptocala acadiensis,,feeds-on,eatenBy,,"globalbioticinteractions.org, fetched 2026-09-02"
Achillea,Cryptocephalus pygmaeus,,feeds-on,eatenBy,,"globalbioticinteractions.org, fetched 2026-09-02"
Achillea,Cteniopus sulphureus,,feeds-on,eatenBy,,"globalbioticinteractions.org, fetched 2026-09-02"
Achillea,Ctenucha virginica,,feeds-on,eatenBy,,"globalbioticinteractions.org, fetched 2026-09-02"
Achillea,Cucullia chamomillae,,feeds-on,eatenBy,,"globalbioticinteractions.org, fetched 2026-09-02"
Achillea,Cucullia tanaceti,,feeds-on,eatenBy,,"globalbioticinteractions.org, fetched 2026-09-02"
Achillea,Cultellunguis americanus,,feeds-on,eatenBy,,"globalbioticinteractions.org, fetched 2026-09-02"
Achillea,Cylindromyia,,feeds-on,eatenBy,,"globalbioticinteractions.org, fetched 2026-09-02"
Achillea,Cyphocleonus dealbatus,,feeds-on,eatenBy,,"globalbioticinteractions.org, fetched 2026-09-02"
Achillea,Cyrtomoptera divisa,,feeds-on,eatenBy,,"globalbioticinteractions.org, fetched 2026-09-02"
Achillea,Dascillus davidsoni,,feeds-on,eatenBy,,"globalbioticinteractions.org, fetched 2026-09-02"
Achillea,Decticus albifrons,,feeds-on,eatenBy,,"globalbioticinteractions.org, fetched 2026-09-02"
Achillea,Decticus verrucivorus verrucivorus,,feeds-on,eatenBy,,"globalbioticinteractions.org, fetched 2026-09-02"
Achillea,Depressaria olerella,,feeds-on,eatenBy,,"globalbioticinteractions.org, fetched 2026-09-02"
Achillea,Depressaria silesiaca,,feeds-on,eatenBy,,"globalbioticinteractions.org, fetched 2026-09-02"
Achillea,Dexia rustica,,feeds-on,eatenBy,,"globalbioticinteractions.org, fetched 2026-09-02"
Achillea,Diachromus germanus,,feeds-on,eatenBy,,"globalbioticinteractions.org, fetched 2026-09-02"
Achillea,Diacrisia sannio,,feeds-on,eatenBy,,"globalbioticinteractions.org, fetched 2026-09-02"
Achillea,Dialictus,,feeds-on,eatenBy,,"globalbioticinteractions.org, fetched 2026-09-02"
Achillea,Dichrorampha agilana,,feeds-on,eatenBy,,"globalbioticinteractions.org, fetched 2026-09-02"
Achillea,Dichrorampha alpinana,,feeds-on,eatenBy,,"globalbioticinteractions.org, fetched 2026-09-02"
Achillea,Dichrorampha incognitana,,feeds-on,eatenBy,,"globalbioticinteractions.org, fetched 2026-09-02"
Achillea,Dichrorampha ligulana,,feeds-on,eatenBy,,"globalbioticinteractions.org, fetched 2026-09-02"
Achillea,Dichrorampha montanana,,feeds-on,eatenBy,,"globalbioticinteractions.org, fetched 2026-09-02"
Achillea,Dichrorampha petiverella,,feeds-on,eatenBy,,"globalbioticinteractions.org, fetched 2026-09-02"
Achillea,Dichrorampha plumbagana,,feeds-on,eatenBy,,"globalbioticinteractions.org, fetched 2026-09-02"
Achillea,Dichrorampha plumbana,,feeds-on,eatenBy,,"globalbioticinteractions.org, fetched 2026-09-02"
Achillea,Dichrorampha senectana,,feeds-on,eatenBy,,"globalbioticinteractions.org, fetched 2026-09-02"
Achillea,Dichrorampha sequana,,feeds-on,eatenBy,,"globalbioticinteractions.org, fetched 2026-09-02"
Achillea,Dictyophara europaea,,feeds-on,eatenBy,,"globalbioticinteractions.org, fetched 2026-09-02"
Achillea,Dilophus,,feeds-on,eatenBy,,"globalbioticinteractions.org, fetched 2026-09-02"
Achillea,Dilophus strigilatus,,feeds-on,eatenBy,,"globalbioticinteractions.org, fetched 2026-09-02"
Achillea,Dilophus tibialis,,feeds-on,eatenBy,,"globalbioticinteractions.org, fetched 2026-09-02"
Achillea,Dione vanillae,,feeds-on,eatenBy,,"globalbioticinteractions.org, fetched 2026-09-02"
Achillea,Diplapion confluens,,feeds-on,eatenBy,,"globalbioticinteractions.org, fetched 2026-09-02"
Achillea,Discus ruderatus,,feeds-on,eatenBy,,"globalbioticinteractions.org, fetched 2026-09-02"
Achillea,Drymus ryei,,feeds-on,eatenBy,,"globalbioticinteractions.org, fetched 2026-09-02"
Achillea,Ectophasia crassipennis,,feeds-on,eatenBy,,"globalbioticinteractions.org, fetched 2026-09-02"
Achillea,Elophos dilucidaria,,feeds-on,eatenBy,,"globalbioticinteractions.org, fetched 2026-09-02"
Achillea,Emberiza cia,,feeds-on,eatenBy,,"globalbioticinteractions.org, fetched 2026-09-02"
Achillea,Emberiza citrinella,,feeds-on,eatenBy,,"globalbioticinteractions.org, fetched 2026-09-02"
Achillea,Endothenia marginana,,feeds-on,eatenBy,,"globalbioticinteractions.org, fetched 2026-09-02"
Achillea,Epargyreus clarus,,feeds-on,eatenBy,,"globalbioticinteractions.org, fetched 2026-09-02"
Achillea,Ephippiger ephippiger,,feeds-on,eatenBy,,"globalbioticinteractions.org, fetched 2026-09-02"
Achillea,Erebia melampus,,feeds-on,eatenBy,,"globalbioticinteractions.org, fetched 2026-09-02"
Achillea,Eremnophila aureonotata,,feeds-on,eatenBy,,"globalbioticinteractions.org, fetched 2026-09-02"
Achillea,Eristalinus,,feeds-on,eatenBy,,"globalbioticinteractions.org, fetched 2026-09-02"
Achillea,Eristalis,,feeds-on,eatenBy,,"globalbioticinteractions.org, fetched 2026-09-02"
Achillea,Eristalis arbustorum,,feeds-on,eatenBy,,"globalbioticinteractions.org, fetched 2026-09-02"
Achillea,Eristalis tenax,,feeds-on,eatenBy,,"globalbioticinteractions.org, fetched 2026-09-02"
Achillea,Erynnis tages,,feeds-on,eatenBy,,"globalbioticinteractions.org, fetched 2026-09-02"
Achillea,Etorofus propinquus,,feeds-on,eatenBy,,"globalbioticinteractions.org, fetched 2026-09-02"
Achillea,Eumenes verticalis,,feeds-on,eatenBy,,"globalbioticinteractions.org, fetched 2026-09-02"
Achillea,Euodynerus hidalgo viereckii,,feeds-on,eatenBy,,"globalbioticinteractions.org, fetched 2026-09-02"
Achillea,Euphoria sepulcralis,,feeds-on,eatenBy,,"globalbioticinteractions.org, fetched 2026-09-02"
Achillea,Euphydryas chalcedona,,feeds-on,eatenBy,,"globalbioticinteractions.org, fetched 2026-09-02"
Achillea,Euphydryas chalcedona chalcedona,,feeds-on,eatenBy,,"globalbioticinteractions.org, fetched 2026-09-02"
Achillea,Euphydryas chalcedona sierra,,feeds-on,eatenBy,,"globalbioticinteractions.org, fetched 2026-09-02"
Achillea,Euphydryas editha,,feeds-on,eatenBy,,"globalbioticinteractions.org, fetched 2026-09-02"
Achillea,Eupithecia absinthiata,,feeds-on,eatenBy,,"globalbioticinteractions.org, fetched 2026-09-02"
Achillea,Eupithecia centaureata,,feeds-on,eatenBy,,"globalbioticinteractions.org, fetched 2026-09-02"
Achillea,Eupithecia icterata,,feeds-on,eatenBy,,"globalbioticinteractions.org, fetched 2026-09-02"
Achillea,Eupithecia millefoliata,,feeds-on,eatenBy,,"globalbioticinteractions.org, fetched 2026-09-02"
Achillea,Eupithecia orphnata,,feeds-on,eatenBy,,"globalbioticinteractions.org, fetched 2026-09-02"
Achillea,Eupithecia subumbrata,,feeds-on,eatenBy,,"globalbioticinteractions.org, fetched 2026-09-02"
Achillea,Eupithecia virgaureata,,feeds-on,eatenBy,,"globalbioticinteractions.org, fetched 2026-09-02"
Achillea,Eupithecia vulgata,,feeds-on,eatenBy,,"globalbioticinteractions.org, fetched 2026-09-02"
Achillea,Eupoecilia angustana,,feeds-on,eatenBy,,"globalbioticinteractions.org, fetched 2026-09-02"
Achillea,Eupteryx tenella,,feeds-on,eatenBy,,"globalbioticinteractions.org, fetched 2026-09-02"
Achillea,Eusomus ovulum,,feeds-on,eatenBy,,"globalbioticinteractions.org, fetched 2026-09-02"
Achillea,Euthystira brachyptera,,feeds-on,eatenBy,,"globalbioticinteractions.org, fetched 2026-09-02"
Achillea,Exomias trichopterus,,feeds-on,eatenBy,,"globalbioticinteractions.org, fetched 2026-09-02"
Achillea,Exosoma lusitanicum,,feeds-on,eatenBy,,"globalbioticinteractions.org, fetched 2026-09-02"
Achillea,Fazia micrura,,feeds-on,eatenBy,,"globalbioticinteractions.org, fetched 2026-09-02"
Achillea,Ferdinandea croesus,,feeds-on,eatenBy,,"globalbioticinteractions.org, fetched 2026-09-02"
Achillea,Forficula dentata,,feeds-on,eatenBy,,"globalbioticinteractions.org, fetched 2026-09-02"
Achillea,Frankliniella intonsa,,feeds-on,eatenBy,,"globalbioticinteractions.org, fetched 2026-09-02"
Achillea,Galeruca pomonae,,feeds-on,eatenBy,,"globalbioticinteractions.org, fetched 2026-09-02"
Achillea,Galeruca tanaceti,,feeds-on,eatenBy,,"globalbioticinteractions.org, fetched 2026-09-02"
Achillea,Garrulus glandarius,,feeds-on,eatenBy,,"globalbioticinteractions.org, fetched 2026-09-02"
Achillea,Gillmeria,,feeds-on,eatenBy,,"globalbioticinteractions.org, fetched 2026-09-02"
Achillea,Gillmeria pallidactyla,,feeds-on,eatenBy,,"globalbioticinteractions.org, fetched 2026-09-02"
Achillea,Glaucopsyche lygdamus,,feeds-on,eatenBy,,"globalbioticinteractions.org, fetched 2026-09-02"
Achillea,Gnophaela discreta,,feeds-on,eatenBy,,"globalbioticinteractions.org, fetched 2026-09-02"
Achillea,Gomphocerippus rufus,,feeds-on,eatenBy,,"globalbioticinteractions.org, fetched 2026-09-02"
Achillea,Gomphocerus sibiricus,,feeds-on,eatenBy,,"globalbioticinteractions.org, fetched 2026-09-02"
Achillea,Gymnetron stimulosum,,feeds-on,eatenBy,,"globalbioticinteractions.org, fetched 2026-09-02"
Achillea,Gymnoclytia occidentalis,,feeds-on,eatenBy,,"globalbioticinteractions.org, fetched 2026-09-02"
Achillea,Gymnoscelis rufifasciata,,feeds-on,eatenBy,,"globalbioticinteractions.org, fetched 2026-09-02"
Achillea,Habropoda depressa,,feeds-on,eatenBy,,"globalbioticinteractions.org, fetched 2026-09-02"
Achillea,Halictus confusus,,feeds-on,eatenBy,,"globalbioticinteractions.org, fetched 2026-09-02"
Achillea,Halictus farinosus,,feeds-on,eatenBy,,"globalbioticinteractions.org, fetched 2026-09-02"
Achillea,Halictus ligatus,,feeds-on,eatenBy,,"globalbioticinteractions.org, fetched 2026-09-02"
Achillea,Halictus maculatus,,feeds-on,eatenBy,,"globalbioticinteractions.org, fetched 2026-09-02"
Achillea,Halictus rubicundus,,feeds-on,eatenBy,,"globalbioticinteractions.org, fetched 2026-09-02"
Achillea,Halictus subauratus,,feeds-on,eatenBy,,"globalbioticinteractions.org, fetched 2026-09-02"
Achillea,Halictus tripartitus,,feeds-on,eatenBy,,"globalbioticinteractions.org, fetched 2026-09-02"
Achillea,Hapedothrips angusticornis,,feeds-on,eatenBy,,"globalbioticinteractions.org, fetched 2026-09-02"
Achillea,Harmostes reflexulus,,feeds-on,eatenBy,,"globalbioticinteractions.org, fetched 2026-09-02"
Achillea,Harpalus affinis,,feeds-on,eatenBy,,"globalbioticinteractions.org, fetched 2026-09-02"
Achillea,Harpalus griseus,,feeds-on,eatenBy,,"globalbioticinteractions.org, fetched 2026-09-02"
Achillea,Harpalus latus,,feeds-on,eatenBy,,"globalbioticinteractions.org, fetched 2026-09-02"
Achillea,Harpalus rubripes,,feeds-on,eatenBy,,"globalbioticinteractions.org, fetched 2026-09-02"
Achillea,Harpalus rufipes,,feeds-on,eatenBy,,"globalbioticinteractions.org, fetched 2026-09-02"
Achillea,Harpalus tardus,,feeds-on,eatenBy,,"globalbioticinteractions.org, fetched 2026-09-02"
Achillea,Harrisina americana,,feeds-on,eatenBy,,"globalbioticinteractions.org, fetched 2026-09-02"
Achillea,Hedychrum,,feeds-on,eatenBy,,"globalbioticinteractions.org, fetched 2026-09-02"
Achillea,Hedychrum rutilans,,feeds-on,eatenBy,,"globalbioticinteractions.org, fetched 2026-09-02"
Achillea,Heliothodes diminutiva,,feeds-on,eatenBy,,"globalbioticinteractions.org, fetched 2026-09-02"
Achillea,Helophilus fasciatus,,feeds-on,eatenBy,,"globalbioticinteractions.org, fetched 2026-09-02"
Achillea,Helophorus griseus,,feeds-on,eatenBy,,"globalbioticinteractions.org, fetched 2026-09-02"
Achillea,Hemicrepidius hirtus,,feeds-on,eatenBy,,"globalbioticinteractions.org, fetched 2026-09-02"
Achillea,Hemipenthes sinuosa,,feeds-on,eatenBy,,"globalbioticinteractions.org, fetched 2026-09-02"
Achillea,Hephathus achilleae,,feeds-on,eatenBy,,"globalbioticinteractions.org, fetched 2026-09-02"
Achillea,Heriades,,feeds-on,eatenBy,,"globalbioticinteractions.org, fetched 2026-09-02"
Achillea,Heriades carinata,,feeds-on,eatenBy,,"globalbioticinteractions.org, fetched 2026-09-02"
Achillea,Hipparchia fagi,,feeds-on,eatenBy,,"globalbioticinteractions.org, fetched 2026-09-02"
Achillea,Holcopasites calliopsidis,,feeds-on,eatenBy,,"globalbioticinteractions.org, fetched 2026-09-02"
Achillea,Holcostethus sphacelatus,,feeds-on,eatenBy,,"globalbioticinteractions.org, fetched 2026-09-02"
Achillea,Homorthodes furfurata,,feeds-on,eatenBy,,"globalbioticinteractions.org, fetched 2026-09-02"
Achillea,Hoplia argentea,,feeds-on,eatenBy,,"globalbioticinteractions.org, fetched 2026-09-02"
Achillea,Hoplitis producta,,feeds-on,eatenBy,,"globalbioticinteractions.org, fetched 2026-09-02"
Achillea,Horistus orientalis,,feeds-on,eatenBy,,"globalbioticinteractions.org, fetched 2026-09-02"
Achillea,Hylaeus,,feeds-on,eatenBy,,"globalbioticinteractions.org, fetched 2026-09-02"
Achillea,Hylaeus affinis,,feeds-on,eatenBy,,"globalbioticinteractions.org, fetched 2026-09-02"
Achillea,Hylaeus hyalinatus,,feeds-on,eatenBy,,"globalbioticinteractions.org, fetched 2026-09-02"
Achillea,Hylaeus modestus,,feeds-on,eatenBy,,"globalbioticinteractions.org, fetched 2026-09-02"
Achillea,Hyleoides concinna,,feeds-on,eatenBy,,"globalbioticinteractions.org, fetched 2026-09-02"
Achillea,Hypocassida subferruginea,,feeds-on,eatenBy,,"globalbioticinteractions.org, fetched 2026-09-02"
Achillea,Hypodryas intermedia,,feeds-on,eatenBy,,"globalbioticinteractions.org, fetched 2026-09-02"
Achillea,Icaricia icarioides,,feeds-on,eatenBy,,"globalbioticinteractions.org, fetched 2026-09-02"
Achillea,Icaricia icarioides missionensis,,feeds-on,eatenBy,,"globalbioticinteractions.org, fetched 2026-09-02"
Achillea,Icaricia icarioides parapheres,,feeds-on,eatenBy,,"globalbioticinteractions.org, fetched 2026-09-02"
Achillea,Idaea aversata,,feeds-on,eatenBy,,"globalbioticinteractions.org, fetched 2026-09-02"
Achillea,Isidiella nickerlii,,feeds-on,eatenBy,,"globalbioticinteractions.org, fetched 2026-09-02"
Achillea,Isodontia mexicana,,feeds-on,eatenBy,,"globalbioticinteractions.org, fetched 2026-09-02"
Achillea,Junonia grisea,,feeds-on,eatenBy,,"globalbioticinteractions.org, fetched 2026-09-02"
Achillea,Larinus turbinatus,,feeds-on,eatenBy,,"globalbioticinteractions.org, fetched 2026-09-02"
Achillea,Lasioglossum,,feeds-on,eatenBy,,"globalbioticinteractions.org, fetched 2026-09-02"
Achillea,Lasioglossum (Chilalictus) disclusum,,feeds-on,hostOf,,"globalbioticinteractions.org, fetched 2026-09-02"
Achillea,Lasioglossum pilosum,,feeds-on,eatenBy,,"globalbioticinteractions.org, fetched 2026-09-02"
Achillea,Lasioglossum plorator,,feeds-on,eatenBy,,"globalbioticinteractions.org, fetched 2026-09-02"
Achillea,Lasioglossum sordidum,,feeds-on,eatenBy,,"globalbioticinteractions.org, fetched 2026-09-02"
Achillea,Lasioglossum vierecki,,feeds-on,eatenBy,,"globalbioticinteractions.org, fetched 2026-09-02"
Achillea,Leptidea sinapis,,feeds-on,eatenBy,,"globalbioticinteractions.org, fetched 2026-09-02"
Achillea,Leptophyes albovittata,,feeds-on,eatenBy,,"globalbioticinteractions.org, fetched 2026-09-02"
Achillea,Leptura quadrifasciata,,feeds-on,eatenBy,,"globalbioticinteractions.org, fetched 2026-09-02"
Achillea,Lepturobosca chrysocoma,,feeds-on,eatenBy,,"globalbioticinteractions.org, fetched 2026-09-02"
Achillea,Lomatia lateralis,,feeds-on,eatenBy,,"globalbioticinteractions.org, fetched 2026-09-02"
Achillea,Lon melane,,feeds-on,eatenBy,,"globalbioticinteractions.org, fetched 2026-09-02"
Achillea,Lophophanes cristatus,,feeds-on,eatenBy,,"globalbioticinteractions.org, fetched 2026-09-02"
Achillea,Lullula arborea,,feeds-on,eatenBy,,"globalbioticinteractions.org, fetched 2026-09-02"
Achillea,Lycaena,,feeds-on,eatenBy,,"globalbioticinteractions.org, fetched 2026-09-02"
Achillea,Lycaena hypophlaeas,,feeds-on,eatenBy,,"globalbioticinteractions.org, fetched 2026-09-02"
Achillea,Lycaena phlaeas,,feeds-on,eatenBy,,"globalbioticinteractions.org, fetched 2026-09-02"
Achillea,Lycaena rauparaha,,feeds-on,eatenBy,,"globalbioticinteractions.org, fetched 2026-09-02"
Achillea,Lycaena tityrus,,feeds-on,eatenBy,,"globalbioticinteractions.org, fetched 2026-09-02"
Achillea,Lycaena virgaureae,,feeds-on,eatenBy,,"globalbioticinteractions.org, fetched 2026-09-02"
Achillea,Lysandra coridon,,feeds-on,eatenBy,,"globalbioticinteractions.org, fetched 2026-09-02"
Achillea,Macrosiphoniella,,feeds-on,eatenBy,,"globalbioticinteractions.org, fetched 2026-09-02"
Achillea,Macrosiphoniella tanacetaria,,feeds-on,eatenBy,,"globalbioticinteractions.org, fetched 2026-09-02"
Achillea,Malachius bipustulatus,,feeds-on,eatenBy,,"globalbioticinteractions.org, fetched 2026-09-02"
Achillea,Malachius mixtus,,feeds-on,eatenBy,,"globalbioticinteractions.org, fetched 2026-09-02"
Achillea,Malacosoma castrensis,,feeds-on,eatenBy,,"globalbioticinteractions.org, fetched 2026-09-02"
Achillea,Mecostethus parapleurus,,feeds-on,eatenBy,,"globalbioticinteractions.org, fetched 2026-09-02"
Achillea,Megachile fidelis,,feeds-on,eatenBy,,"globalbioticinteractions.org, fetched 2026-09-02"
Achillea,Megachile latimanus,,feeds-on,eatenBy,,"globalbioticinteractions.org, fetched 2026-09-02"
Achillea,Megachile mendica,,feeds-on,eatenBy,,"globalbioticinteractions.org, fetched 2026-09-02"
Achillea,Megachile perihirta,,feeds-on,eatenBy,,"globalbioticinteractions.org, fetched 2026-09-02"
Achillea,Megachile pugnata,,feeds-on,eatenBy,,"globalbioticinteractions.org, fetched 2026-09-02"
Achillea,Megachile relativa,,feeds-on,eatenBy,,"globalbioticinteractions.org, fetched 2026-09-02"
Achillea,Megachile rotundata,,feeds-on,eatenBy,,"globalbioticinteractions.org, fetched 2026-09-02"
Achillea,Megapenthes quadrimaculatus,,feeds-on,eatenBy,,"globalbioticinteractions.org, fetched 2026-09-02"
Achillea,Melissodes druriellus,,feeds-on,eatenBy,,"globalbioticinteractions.org, fetched 2026-09-02"
Achillea,Melitaea athalia,,feeds-on,eatenBy,,"globalbioticinteractions.org, fetched 2026-09-02"
Achillea,Melitaea cinxia,,feeds-on,eatenBy,,"globalbioticinteractions.org, fetched 2026-09-02"
Achillea,Melitaea diamina,,feeds-on,eatenBy,,"globalbioticinteractions.org, fetched 2026-09-02"
Achillea,Melitaea varia,,feeds-on,eatenBy,,"globalbioticinteractions.org, fetched 2026-09-02"
Achillea,Mellicta aurelia,,feeds-on,eatenBy,,"globalbioticinteractions.org, fetched 2026-09-02"
Achillea,Mellicta britomartis,,feeds-on,eatenBy,,"globalbioticinteractions.org, fetched 2026-09-02"
Achillea,Metopeurum fuscoviride,,feeds-on,eatenBy,,"globalbioticinteractions.org, fetched 2026-09-02"
Achillea,Metopoplax origani,,feeds-on,eatenBy,,"globalbioticinteractions.org, fetched 2026-09-02"
Achillea,Metrioptera brachyptera,,feeds-on,eatenBy,,"globalbioticinteractions.org, fetched 2026-09-02"
Achillea,Metrioptera saussuriana,,feeds-on,eatenBy,,"globalbioticinteractions.org, fetched 2026-09-02"
Achillea,Microporus nigrita,,feeds-on,eatenBy,,"globalbioticinteractions.org, fetched 2026-09-02"
Achillea,Microtus agrestis,,feeds-on,eatenBy,,"globalbioticinteractions.org, fetched 2026-09-02"
Achillea,Microtus pennsylvanicus,,feeds-on,eatenBy,,"globalbioticinteractions.org, fetched 2026-09-02"
Achillea,Mirificarma eburnella,,feeds-on,eatenBy,,"globalbioticinteractions.org, fetched 2026-09-02"
Achillea,Mniotype adusta,,feeds-on,eatenBy,,"globalbioticinteractions.org, fetched 2026-09-02"
Achillea,Montifringilla nivalis,,feeds-on,eatenBy,,"globalbioticinteractions.org, fetched 2026-09-02"
Achillea,Mordellistena parvula,,feeds-on,eatenBy,,"globalbioticinteractions.org, fetched 2026-09-02"
Achillea,Myrmeleotettix maculatus,,feeds-on,eatenBy,,"globalbioticinteractions.org, fetched 2026-09-02"
Achillea,Mythimna conigera,,feeds-on,eatenBy,,"globalbioticinteractions.org, fetched 2026-09-02"
Achillea,Myzus ascalonicus,,feeds-on,eatenBy,,"globalbioticinteractions.org, fetched 2026-09-02"
Achillea,Myzus persicae,,feeds-on,eatenBy,,"globalbioticinteractions.org, fetched 2026-09-02"
Achillea,Nadigella formosanta,,feeds-on,eatenBy,,"globalbioticinteractions.org, fetched 2026-09-02"
Achillea,Nasonovia,,feeds-on,eatenBy,,"globalbioticinteractions.org, fetched 2026-09-02"
Achillea,Nemognatha scutellaris,,feeds-on,eatenBy,,"globalbioticinteractions.org, fetched 2026-09-02"
Achillea,Nemotelus bruesii,,feeds-on,eatenBy,,"globalbioticinteractions.org, fetched 2026-09-02"
Achillea,Neocrepidodera ferruginea,,feeds-on,eatenBy,,"globalbioticinteractions.org, fetched 2026-09-02"
Achillea,Oedemera nobilis,,feeds-on,eatenBy,,"globalbioticinteractions.org, fetched 2026-09-02"
Achillea,Oedipoda caerulescens,,feeds-on,eatenBy,,"globalbioticinteractions.org, fetched 2026-09-02"
Achillea,Omocestus rufipes,,feeds-on,eatenBy,,"globalbioticinteractions.org, fetched 2026-09-02"
Achillea,Ophonus ardosiacus,,feeds-on,eatenBy,,"globalbioticinteractions.org, fetched 2026-09-02"
Achillea,Ophonus azureus,,feeds-on,eatenBy,,"globalbioticinteractions.org, fetched 2026-09-02"
Achillea,Ophonus rufibarbis,,feeds-on,eatenBy,,"globalbioticinteractions.org, fetched 2026-09-02"
Achillea,Oriolus oriolus,,feeds-on,eatenBy,,"globalbioticinteractions.org, fetched 2026-09-02"
Achillea,Orphilus subnitidus,,feeds-on,eatenBy,,"globalbioticinteractions.org, fetched 2026-09-02"
Achillea,Orthodes cynica,,feeds-on,eatenBy,,"globalbioticinteractions.org, fetched 2026-09-02"
Achillea,Osmia subaustralis,,feeds-on,eatenBy,,"globalbioticinteractions.org, fetched 2026-09-02"
Achillea,Otidoecus neotidis,,feeds-on,eatenBy,,"globalbioticinteractions.org, fetched 2026-09-02"
Achillea,Ovis aries,,feeds-on,eatenBy,,"globalbioticinteractions.org, fetched 2026-09-02"
Achillea,Oxysarcodexia varia,,feeds-on,eatenBy,,"globalbioticinteractions.org, fetched 2026-09-02"
Achillea,Palpada alhambra,,feeds-on,eatenBy,,"globalbioticinteractions.org, fetched 2026-09-02"
Achillea,Panorpa vulgaris,,feeds-on,eatenBy,,"globalbioticinteractions.org, fetched 2026-09-02"
Achillea,Papilio zelicaon,,feeds-on,eatenBy,,"globalbioticinteractions.org, fetched 2026-09-02"
Achillea,Paracorymbia maculicornis,,feeds-on,eatenBy,,"globalbioticinteractions.org, fetched 2026-09-02"
Achillea,Paradejeania rutilioides,,feeds-on,eatenBy,,"globalbioticinteractions.org, fetched 2026-09-02"
Achillea,Parancistrocerus leionotus,,feeds-on,eatenBy,,"globalbioticinteractions.org, fetched 2026-09-02"
Achillea,Parancistrocerus pensylvanicus,,feeds-on,eatenBy,,"globalbioticinteractions.org, fetched 2026-09-02"
Achillea,Passer italiae,,feeds-on,eatenBy,,"globalbioticinteractions.org, fetched 2026-09-02"
Achillea,Perconia strigillaria,,feeds-on,eatenBy,,"globalbioticinteractions.org, fetched 2026-09-02"
Achillea,Peribalus strictus,,feeds-on,eatenBy,,"globalbioticinteractions.org, fetched 2026-09-02"
Achillea,Peritrechus geniculatus,,feeds-on,eatenBy,,"globalbioticinteractions.org, fetched 2026-09-02"
Achillea,Philaenus spumarius,,feeds-on,eatenBy,,"globalbioticinteractions.org, fetched 2026-09-02"
Achillea,Pholidoptera aptera,,feeds-on,eatenBy,,"globalbioticinteractions.org, fetched 2026-09-02"
Achillea,Pholidoptera griseoaptera,,feeds-on,eatenBy,,"globalbioticinteractions.org, fetched 2026-09-02"
Achillea,Phragmatobia fuliginosa,,feeds-on,eatenBy,,"globalbioticinteractions.org, fetched 2026-09-02"
Achillea,Phyciodes mylitta,,feeds-on,eatenBy,,"globalbioticinteractions.org, fetched 2026-09-02"
Achillea,Phyciodes tharos,,feeds-on,eatenBy,,"globalbioticinteractions.org, fetched 2026-09-02"
Achillea,Phycitodes maritima,,feeds-on,eatenBy,,"globalbioticinteractions.org, fetched 2026-09-02"
Achillea,Phyllobius virideaeris,,feeds-on,eatenBy,,"globalbioticinteractions.org, fetched 2026-09-02"
Achillea,Phymatodes nitidus,,feeds-on,eatenBy,,"globalbioticinteractions.org, fetched 2026-09-02"
Achillea,Physocephala burgessi,,feeds-on,eatenBy,,"globalbioticinteractions.org, fetched 2026-09-02"
Achillea,Physocephala texana,,feeds-on,eatenBy,,"globalbioticinteractions.org, fetched 2026-09-02"
Achillea,Phytoecia nigricornis,,feeds-on,eatenBy,,"globalbioticinteractions.org, fetched 2026-09-02"
Achillea,Phytoecia pustulata,,feeds-on,eatenBy,,"globalbioticinteractions.org, fetched 2026-09-02"
Achillea,Pica pica,,feeds-on,eatenBy,,"globalbioticinteractions.org, fetched 2026-09-02"
Achillea,Platycheirus,,feeds-on,eatenBy,,"globalbioticinteractions.org, fetched 2026-09-02"
Achillea,Platycheirus stegnus,,feeds-on,eatenBy,,"globalbioticinteractions.org, fetched 2026-09-02"
Achillea,Platycheirus trichopus,,feeds-on,eatenBy,,"globalbioticinteractions.org, fetched 2026-09-02"
Achillea,Platycleis albopunctata,,feeds-on,eatenBy,,"globalbioticinteractions.org, fetched 2026-09-02"
Achillea,Plebeia emerina,,feeds-on,eatenBy,,"globalbioticinteractions.org, fetched 2026-09-02"
Achillea,Pleotrichophorus,,feeds-on,eatenBy,,"globalbioticinteractions.org, fetched 2026-09-02"
Achillea,Podisma pedestris,,feeds-on,eatenBy,,"globalbioticinteractions.org, fetched 2026-09-02"
Achillea,Poecilus cupreus,,feeds-on,eatenBy,,"globalbioticinteractions.org, fetched 2026-09-02"
Achillea,Polia bombycina,,feeds-on,eatenBy,,"globalbioticinteractions.org, fetched 2026-09-02"
Achillea,Polistes dominula,,feeds-on,eatenBy,,"globalbioticinteractions.org, fetched 2026-09-02"
Achillea,Polydontomyia curvipes,,feeds-on,eatenBy,,"globalbioticinteractions.org, fetched 2026-09-02"
Achillea,Prunella modularis,,feeds-on,eatenBy,,"globalbioticinteractions.org, fetched 2026-09-02"
Achillea,Pseudorthodes vecors,,feeds-on,eatenBy,,"globalbioticinteractions.org, fetched 2026-09-02"
Achillea,Pseudozizeeria maha,,feeds-on,eatenBy,,"globalbioticinteractions.org, fetched 2026-09-02"
Achillea,Pterotmetus staphyliniformis,,feeds-on,eatenBy,,"globalbioticinteractions.org, fetched 2026-09-02"
Achillea,Pyrausta despicata,,feeds-on,eatenBy,,"globalbioticinteractions.org, fetched 2026-09-02"
Achillea,Pyrausta semirubralis,,feeds-on,eatenBy,,"globalbioticinteractions.org, fetched 2026-09-02"
Achillea,Pyrobombus,,feeds-on,eatenBy,,"globalbioticinteractions.org, fetched 2026-09-02"
Achillea,Pyrrhocorax pyrrhocorax,,feeds-on,eatenBy,,"globalbioticinteractions.org, fetched 2026-09-02"
Achillea,Pyrrhula pyrrhula,,feeds-on,eatenBy,,"globalbioticinteractions.org, fetched 2026-09-02"
Achillea,Rheumaptera hastata,,feeds-on,eatenBy,,"globalbioticinteractions.org, fetched 2026-09-02"
Achillea,Rhyparochromus vulgaris,,feeds-on,eatenBy,,"globalbioticinteractions.org, fetched 2026-09-02"
Achillea,Satyrium behrii,,feeds-on,eatenBy,,"globalbioticinteractions.org, fetched 2026-09-02"
Achillea,Satyrium californica,,feeds-on,eatenBy,,"globalbioticinteractions.org, fetched 2026-09-02"
Achillea,Satyrium dryope dryope,,feeds-on,eatenBy,,"globalbioticinteractions.org, fetched 2026-09-02"
Achillea,Satyrium favonius,,feeds-on,eatenBy,,"globalbioticinteractions.org, fetched 2026-09-02"
Achillea,Scaeva affinis,,feeds-on,eatenBy,,"globalbioticinteractions.org, fetched 2026-09-02"
Achillea,Scleroracus dasidus,,feeds-on,eatenBy,,"globalbioticinteractions.org, fetched 2026-09-02"
Achillea,Scolia nobilitata,,feeds-on,eatenBy,,"globalbioticinteractions.org, fetched 2026-09-02"
Achillea,Scopula immorata,,feeds-on,eatenBy,,"globalbioticinteractions.org, fetched 2026-09-02"
Achillea,Scopula marginepunctata,,feeds-on,eatenBy,,"globalbioticinteractions.org, fetched 2026-09-02"
Achillea,Serinus serinus,,feeds-on,eatenBy,,"globalbioticinteractions.org, fetched 2026-09-02"
Achillea,Sophronia sicariellus,,feeds-on,eatenBy,,"globalbioticinteractions.org, fetched 2026-09-02"
Achillea,Sparganothis senecionana,,feeds-on,eatenBy,,"globalbioticinteractions.org, fetched 2026-09-02"
Achillea,Sphaerophoria sulphuripes,,feeds-on,eatenBy,,"globalbioticinteractions.org, fetched 2026-09-02"
Achillea,Sphecodes davisii,,feeds-on,eatenBy,,"globalbioticinteractions.org, fetched 2026-09-02"
Achillea,Sphex lucae,,feeds-on,eatenBy,,"globalbioticinteractions.org, fetched 2026-09-02"
Achillea,Sphragisticus nebulosus,,feeds-on,eatenBy,,"globalbioticinteractions.org, fetched 2026-09-02"
Achillea,Spilomyia,,feeds-on,eatenBy,,"globalbioticinteractions.org, fetched 2026-09-02"
Achillea,Spilomyia citima,,feeds-on,eatenBy,,"globalbioticinteractions.org, fetched 2026-09-02"
Achillea,Spiracme striatipes,,feeds-on,eatenBy,,"globalbioticinteractions.org, fetched 2026-09-02"
Achillea,Staria lunata,,feeds-on,eatenBy,,"globalbioticinteractions.org, fetched 2026-09-02"
Achillea,Stauroderus scalaris,,feeds-on,eatenBy,,"globalbioticinteractions.org, fetched 2026-09-02"
Achillea,Stenobothrus lineatus,,feeds-on,eatenBy,,"globalbioticinteractions.org, fetched 2026-09-02"
Achillea,Stenodema laevigata,,feeds-on,eatenBy,,"globalbioticinteractions.org, fetched 2026-09-02"
Achillea,Stenodynerus blandus,,feeds-on,eatenBy,,"globalbioticinteractions.org, fetched 2026-09-02"
Achillea,Stenopterus rufus,,feeds-on,eatenBy,,"globalbioticinteractions.org, fetched 2026-09-02"
Achillea,Stenurella bifasciata,,feeds-on,eatenBy,,"globalbioticinteractions.org, fetched 2026-09-02"
Achillea,Stenurella septempunctata,,feeds-on,eatenBy,,"globalbioticinteractions.org, fetched 2026-09-02"
Achillea,Stictoleptura rubra,,feeds-on,eatenBy,,"globalbioticinteractions.org, fetched 2026-09-02"
Achillea,Stictoleptura stragulata,,feeds-on,eatenBy,,"globalbioticinteractions.org, fetched 2026-09-02"
Achillea,Stictopleurus crassicornis,,feeds-on,eatenBy,,"globalbioticinteractions.org, fetched 2026-09-02"
Achillea,Stonemyia rasa,,feeds-on,eatenBy,,"globalbioticinteractions.org, fetched 2026-09-02"
Achillea,Strangalia attenuata,,feeds-on,eatenBy,,"globalbioticinteractions.org, fetched 2026-09-02"
Achillea,Stratiomys maculosa,,feeds-on,eatenBy,,"globalbioticinteractions.org, fetched 2026-09-02"
Achillea,Strophiona tigrina,,feeds-on,eatenBy,,"globalbioticinteractions.org, fetched 2026-09-02"
Achillea,Synanthedon,,feeds-on,eatenBy,,"globalbioticinteractions.org, fetched 2026-09-02"
Achillea,Taylorilygus apicalis,,feeds-on,eatenBy,,"globalbioticinteractions.org, fetched 2026-09-02"
Achillea,Tenthredo basilaris,,feeds-on,eatenBy,,"globalbioticinteractions.org, fetched 2026-09-02"
Achillea,Tenthredo notha,,feeds-on,eatenBy,,"globalbioticinteractions.org, fetched 2026-09-02"
Achillea,Tephritis nigricauda,,feeds-on,eatenBy,,"globalbioticinteractions.org, fetched 2026-09-02"
Achillea,Tetrao urogallus,,feeds-on,eatenBy,,"globalbioticinteractions.org, fetched 2026-09-02"
Achillea,Tetrastes bonasia,,feeds-on,eatenBy,,"globalbioticinteractions.org, fetched 2026-09-02"
Achillea,Tetrix bipunctata,,feeds-on,eatenBy,,"globalbioticinteractions.org, fetched 2026-09-02"
Achillea,Tettigonia cantans,,feeds-on,eatenBy,,"globalbioticinteractions.org, fetched 2026-09-02"
Achillea,Tettigonia viridissima,,feeds-on,eatenBy,,"globalbioticinteractions.org, fetched 2026-09-02"
Achillea,Thalera fimbrialis,,feeds-on,eatenBy,,"globalbioticinteractions.org, fetched 2026-09-02"
Achillea,Thecla betulae,,feeds-on,eatenBy,,"globalbioticinteractions.org, fetched 2026-09-02"
Achillea,Thecophora propinqua,,feeds-on,eatenBy,,"globalbioticinteractions.org, fetched 2026-09-02"
Achillea,Thricops,,feeds-on,eatenBy,,"globalbioticinteractions.org, fetched 2026-09-02"
Achillea,Thrips,,feeds-on,eatenBy,,"globalbioticinteractions.org, fetched 2026-09-02"
Achillea,Thrips flavus,,feeds-on,eatenBy,,"globalbioticinteractions.org, fetched 2026-09-02"
Achillea,Thrips fuscipennis,,feeds-on,eatenBy,,"globalbioticinteractions.org, fetched 2026-09-02"
Achillea,Thymelicus lineola,,feeds-on,eatenBy,,"globalbioticinteractions.org, fetched 2026-09-02"
Achillea,Thymelicus sylvestris,,feeds-on,eatenBy,,"globalbioticinteractions.org, fetched 2026-09-02"
Achillea,Tiphia,,feeds-on,eatenBy,,"globalbioticinteractions.org, fetched 2026-09-02"
Achillea,Toxomerus occidentalis,,feeds-on,eatenBy,,"globalbioticinteractions.org, fetched 2026-09-02"
Achillea,Trechus quadristriatus,,feeds-on,eatenBy,,"globalbioticinteractions.org, fetched 2026-09-02"
Achillea,Trichodes alvearius,,feeds-on,eatenBy,,"globalbioticinteractions.org, fetched 2026-09-02"
Achillea,Trichodes apiarius,,feeds-on,eatenBy,,"globalbioticinteractions.org, fetched 2026-09-02"
Achillea,Trichordestra legitima,,feeds-on,eatenBy,,"globalbioticinteractions.org, fetched 2026-09-02"
Achillea,Turdus torquatus,,feeds-on,eatenBy,,"globalbioticinteractions.org, fetched 2026-09-02"
Achillea,Vanessa virginiensis,,feeds-on,eatenBy,,"globalbioticinteractions.org, fetched 2026-09-02"
Achillea,Vespula,,feeds-on,eatenBy,,"globalbioticinteractions.org, fetched 2026-09-02"
Achillea,Vespula vulgaris,,feeds-on,eatenBy,,"globalbioticinteractions.org, fetched 2026-09-02"
Achillea,Xestoleptura crassipes,,feeds-on,eatenBy,,"globalbioticinteractions.org, fetched 2026-09-02"
Achillea,Xylocopa tabaniformis orpifex,,feeds-on,eatenBy,,"globalbioticinteractions.org, fetched 2026-09-02"
Achillea,Zizina oxleyi,,feeds-on,eatenBy,,"globalbioticinteractions.org, fetched 2026-09-02"
Anisacanthus,Acanthocephala alata,,pollinator,flowersVisitedBy,,"globalbioticinteractions.org, fetched 2026-09-02"
Anisacanthus,Archilochus,,feeds-on,eatenBy,,"globalbioticinteractions.org, fetched 2026-09-02"
Anisacanthus,Archilochus alexandri,,feeds-on,eatenBy,,"globalbioticinteractions.org, fetched 2026-09-02"
Anisacanthus,Archilochus alexandri,,pollinator,flowersVisitedBy,,"globalbioticinteractions.org, fetched 2026-09-02"
Anisacanthus,Archilochus colubris,,feeds-on,eatenBy,,"globalbioticinteractions.org, fetched 2026-09-02"
Anisacanthus,Battus philenor,,pollinator,flowersVisitedBy,,"globalbioticinteractions.org, fetched 2026-09-02"
Anisacanthus,Battus philenor,,feeds-on,eatenBy,,"globalbioticinteractions.org, fetched 2026-09-02"
Anisacanthus,Brachygastra mellifica,,feeds-on,eatenBy,,"globalbioticinteractions.org, fetched 2026-09-02"
Anisacanthus,Brachygastra mellifica,,pollinator,visitedBy,,"globalbioticinteractions.org, fetched 2026-09-02"
Anisacanthus,Chionomesa lactea,,pollinator,flowersVisitedBy,,"globalbioticinteractions.org, fetched 2026-09-02"
Anisacanthus,Chlosyne janais,,feeds-on,hostOf,,"globalbioticinteractions.org, fetched 2026-09-02"
Anisacanthus,Dione vanillae,,pollinator,flowersVisitedBy,,"globalbioticinteractions.org, fetched 2026-09-02"
Anisacanthus,Dione vanillae,,feeds-on,eatenBy,,"globalbioticinteractions.org, fetched 2026-09-02"
Anisacanthus,Hemierana marginata,,pollinator,visitedBy,,"globalbioticinteractions.org, fetched 2026-09-02"
Anisacanthus,Heraclides rumiko,,pollinator,flowersVisitedBy,,"globalbioticinteractions.org, fetched 2026-09-02"
Anisacanthus,Leucolia violiceps,,pollinator,flowersVisitedBy,,"globalbioticinteractions.org, fetched 2026-09-02"
Anisacanthus,Micrutalis pallens,,feeds-on,eatenBy,,"globalbioticinteractions.org, fetched 2026-09-02"
Anisacanthus,Phoebis sennae,,pollinator,flowersVisitedBy,,"globalbioticinteractions.org, fetched 2026-09-02"
Anisacanthus,Scaphytopius anisacanus,,feeds-on,eatenBy,,"globalbioticinteractions.org, fetched 2026-09-02"
Anisacanthus,Xylocopa micans,,pollinator,flowersVisitedBy,,"globalbioticinteractions.org, fetched 2026-09-02"
Anisacanthus,Xylocopa tabaniformis parkinsoniae,,pollinator,flowersVisitedBy,,"globalbioticinteractions.org, fetched 2026-09-02"
Asclepias,Acanalonia bivittata,,feeds-on,hostOf,,"globalbioticinteractions.org, fetched 2026-09-02"
Asclepias,Aethalotus nigriventris,,feeds-on,eatenBy,,"globalbioticinteractions.org, fetched 2026-09-02"
Asclepias,Agallia quadripunctata,,feeds-on,eatenBy,,"globalbioticinteractions.org, fetched 2026-09-02"
Asclepias,Agelaia multipicta,,pollinator,pollinatedBy,,"globalbioticinteractions.org, fetched 2026-09-02"
Asclepias,Allodape friesei,,pollinator,flowersVisitedBy,,"globalbioticinteractions.org, fetched 2026-09-02"
Asclepias,Allorhynchium chinense,,pollinator,visitedBy,,"globalbioticinteractions.org, fetched 2026-09-02"
Asclepias,Amartus rufipes,,feeds-on,hostOf,,"globalbioticinteractions.org, fetched 2026-09-02"
Asclepias,Amegilla canifrons,,pollinator,flowersVisitedBy,,"globalbioticinteractions.org, fetched 2026-09-02"
Asclepias,Ammophila clavus,,pollinator,flowersVisitedBy,,"globalbioticinteractions.org, fetched 2026-09-02"
Asclepias,Anartia amathea roeselia,,pollinator,pollinatedBy,,"globalbioticinteractions.org, fetched 2026-09-02"
Asclepias,Anartia fatima,,feeds-on,eatenBy,,"globalbioticinteractions.org, fetched 2026-09-02"
Asclepias,Anartia fatima,,pollinator,flowersVisitedBy,,"globalbioticinteractions.org, fetched 2026-09-02"
Asclepias,Anartia fatima fatima,,feeds-on,eatenBy,,"globalbioticinteractions.org, fetched 2026-09-02"
Asclepias,Anartia fatima fatima,,pollinator,flowersVisitedBy,,"globalbioticinteractions.org, fetched 2026-09-02"
Asclepias,Anartia jatrophae,,pollinator,flowersVisitedBy,,"globalbioticinteractions.org, fetched 2026-09-02"
Asclepias,Ancistrocerus adiabatus,,pollinator,flowersVisitedBy,,"globalbioticinteractions.org, fetched 2026-09-02"
Asclepias,Andrena,,feeds-on,hostOf,,"globalbioticinteractions.org, fetched 2026-09-02"
Asclepias,Anegleis cardoni,,pollinator,visitedBy,,"globalbioticinteractions.org, fetched 2026-09-02"
Asclepias,Anoplolepis gracilipes,,pollinator,flowersVisitedBy,,"globalbioticinteractions.org, fetched 2026-09-02"
Asclepias,Anthophora abrupta,,feeds-on,eatenBy,,"globalbioticinteractions.org, fetched 2026-09-02"
Asclepias,Anthrenus lepidus,,feeds-on,eatenBy,,"globalbioticinteractions.org, fetched 2026-09-02"
Asclepias,Aphis asclepiadis,,feeds-on,eatenBy,,"globalbioticinteractions.org, fetched 2026-09-02"
Asclepias,Apis cerana,,feeds-on,eatenBy,,"globalbioticinteractions.org, fetched 2026-09-02"
Asclepias,Apis florea,,feeds-on,eatenBy,,"globalbioticinteractions.org, fetched 2026-09-02"
Asclepias,Apis florea,,pollinator,flowersVisitedBy,,"globalbioticinteractions.org, fetched 2026-09-02"
Asclepias,Apodemia palmerii australis,,pollinator,flowersVisitedBy,,"globalbioticinteractions.org, fetched 2026-09-02"
Asclepias,Appias albina,,feeds-on,eatenBy,,"globalbioticinteractions.org, fetched 2026-09-02"
Asclepias,Archilochus alexandri,,feeds-on,eatenBy,,"globalbioticinteractions.org, fetched 2026-09-02"
Asclepias,Archilochus colubris,,pollinator,flowersVisitedBy,,"globalbioticinteractions.org, fetched 2026-09-02"
Asclepias,Archonias nimbice nimbice,,pollinator,flowersVisitedBy,,"globalbioticinteractions.org, fetched 2026-09-02"
Asclepias,Arocatus sericans,,feeds-on,eatenBy,,"globalbioticinteractions.org, fetched 2026-09-02"
Asclepias,Ascia monuste orseis,,pollinator,pollinatedBy,,"globalbioticinteractions.org, fetched 2026-09-02"
Asclepias,Atalopedes huron,,pollinator,flowersVisitedBy,,"globalbioticinteractions.org, fetched 2026-09-02"
Asclepias,Atteva pustulella,,pollinator,visitedBy,,"globalbioticinteractions.org, fetched 2026-09-02"
Asclepias,Augochlora pura,,feeds-on,eatenBy,,"globalbioticinteractions.org, fetched 2026-09-02"
Asclepias,Augochlorella aurata,,feeds-on,eatenBy,,"globalbioticinteractions.org, fetched 2026-09-02"
Asclepias,Augochlorella aurata,,pollinator,flowersVisitedBy,,"globalbioticinteractions.org, fetched 2026-09-02"
Asclepias,Augochloropsis metallica,,pollinator,flowersVisitedBy,,"globalbioticinteractions.org, fetched 2026-09-02"
Asclepias,Batozonellus maculifrons,,pollinator,flowersVisitedBy,,"globalbioticinteractions.org, fetched 2026-09-02"
Asclepias,Battus philenor,,pollinator,flowersVisitedBy,,"globalbioticinteractions.org, fetched 2026-09-02"
Asclepias,Battus philenor philenor,,pollinator,flowersVisitedBy,,"globalbioticinteractions.org, fetched 2026-09-02"
Asclepias,BOLD:AAD0583,,feeds-on,hostOf,,"globalbioticinteractions.org, fetched 2026-09-02"
Asclepias,BOLD:AAG8878,,feeds-on,hostOf,,"globalbioticinteractions.org, fetched 2026-09-02"
Asclepias,Bombus,,feeds-on,eatenBy,,"globalbioticinteractions.org, fetched 2026-09-02"
Asclepias,Bombus auricomus,,feeds-on,eatenBy,,"globalbioticinteractions.org, fetched 2026-09-02"
Asclepias,Bombus griseocollis,,feeds-on,eatenBy,,"globalbioticinteractions.org, fetched 2026-09-02"
Asclepias,Bombus griseocollis,,pollinator,flowersVisitedBy,,"globalbioticinteractions.org, fetched 2026-09-02"
Asclepias,Bombus hortulanus,,feeds-on,eatenBy,,"globalbioticinteractions.org, fetched 2026-09-02"
Asclepias,Bombus impatiens,,pollinator,flowersVisitedBy,,"globalbioticinteractions.org, fetched 2026-09-02"
Asclepias,Bombus impatiens,,feeds-on,eatenBy,,"globalbioticinteractions.org, fetched 2026-09-02"
Asclepias,Bombus perplexus,,feeds-on,eatenBy,,"globalbioticinteractions.org, fetched 2026-09-02"
Asclepias,Bombus ternarius,,feeds-on,eatenBy,,"globalbioticinteractions.org, fetched 2026-09-02"
Asclepias,Bombus terricola,,pollinator,flowersVisitedBy,,"globalbioticinteractions.org, fetched 2026-09-02"
Asclepias,Brachygastra mellifica,,pollinator,flowersVisitedBy,,"globalbioticinteractions.org, fetched 2026-09-02"
Asclepias,Brachymeria lasus,,pollinator,visitedBy,,"globalbioticinteractions.org, fetched 2026-09-02"
Asclepias,Brinckochrysa,,pollinator,flowersVisitedBy,,"globalbioticinteractions.org, fetched 2026-09-02"
Asclepias,Calephelis,,pollinator,flowersVisitedBy,,"globalbioticinteractions.org, fetched 2026-09-02"
Asclepias,Callophrys gryneus,,pollinator,flowersVisitedBy,,"globalbioticinteractions.org, fetched 2026-09-02"
Asclepias,Callophrys xami,,pollinator,flowersVisitedBy,,"globalbioticinteractions.org, fetched 2026-09-02"
Asclepias,Callophrys xami xami,,pollinator,flowersVisitedBy,,"globalbioticinteractions.org, fetched 2026-09-02"
Asclepias,Caribovia coffeacola,,feeds-on,eatenBy,,"globalbioticinteractions.org, fetched 2026-09-02"
Asclepias,Catopsilia pomona,,feeds-on,eatenBy,,"globalbioticinteractions.org, fetched 2026-09-02"
Asclepias,Catopsilia pomona,,pollinator,flowersVisitedBy,,"globalbioticinteractions.org, fetched 2026-09-02"
Asclepias,Cecropterus albociliatus albociliatus,,pollinator,flowersVisitedBy,,"globalbioticinteractions.org, fetched 2026-09-02"
Asclepias,Cecropterus pseudocellus,,pollinator,flowersVisitedBy,,"globalbioticinteractions.org, fetched 2026-09-02"
Asclepias,Cepora nerissa,,feeds-on,eatenBy,,"globalbioticinteractions.org, fetched 2026-09-02"
Asclepias,Cepora nerissa phryne,,feeds-on,eatenBy,,"globalbioticinteractions.org, fetched 2026-09-02"
Asclepias,Ceratina,,pollinator,flowersVisitedBy,,"globalbioticinteractions.org, fetched 2026-09-02"
Asclepias,Ceratina ignara,,pollinator,flowersVisitedBy,,"globalbioticinteractions.org, fetched 2026-09-02"
Asclepias,Chalybion japonicum,,pollinator,visitedBy,,"globalbioticinteractions.org, fetched 2026-09-02"
Asclepias,Chauliognathus marginatus,,feeds-on,eatenBy,,"globalbioticinteractions.org, fetched 2026-09-02"
Asclepias,Chlorestes julie,,pollinator,flowersVisitedBy,,"globalbioticinteractions.org, fetched 2026-09-02"
Asclepias,Chlosyne ehrenbergii,,pollinator,flowersVisitedBy,,"globalbioticinteractions.org, fetched 2026-09-02"
Asclepias,Chlosyne janais janais,,pollinator,flowersVisitedBy,,"globalbioticinteractions.org, fetched 2026-09-02"
Asclepias,Cigaritis ictis,,feeds-on,eatenBy,,"globalbioticinteractions.org, fetched 2026-09-02"
Asclepias,Cigaritis ictis,,pollinator,flowersVisitedBy,,"globalbioticinteractions.org, fetched 2026-09-02"
Asclepias,Cisseps fulvicollis,,feeds-on,eatenBy,,"globalbioticinteractions.org, fetched 2026-09-02"
Asclepias,Coelioxys,,pollinator,flowersVisitedBy,,"globalbioticinteractions.org, fetched 2026-09-02"
Asclepias,Colias lesbia lesbia,,pollinator,pollinatedBy,,"globalbioticinteractions.org, fetched 2026-09-02"
Asclepias,Colias nilagiriensis,,feeds-on,eatenBy,,"globalbioticinteractions.org, fetched 2026-09-02"
Asclepias,Cupha erymanthis,,pollinator,flowersVisitedBy,,"globalbioticinteractions.org, fetched 2026-09-02"
Asclepias,Curinus coeruleus,,pollinator,flowersVisitedBy,,"globalbioticinteractions.org, fetched 2026-09-02"
Asclepias,Cycnia inopinatus,,feeds-on,hostOf,,"globalbioticinteractions.org, fetched 2026-09-02"
Asclepias,Cycnia pudens,,feeds-on,eatenBy,,"globalbioticinteractions.org, fetched 2026-09-02"
Asclepias,Cycnia tenera,,feeds-on,hostOf,,"globalbioticinteractions.org, fetched 2026-09-02"
Asclepias,Cynanthus auriceps,,pollinator,flowersVisitedBy,,"globalbioticinteractions.org, fetched 2026-09-02"
Asclepias,Cynanthus latirostris,,pollinator,flowersVisitedBy,,"globalbioticinteractions.org, fetched 2026-09-02"
Asclepias,Danaus chrysippus,,feeds-on,eatenBy,,"globalbioticinteractions.org, fetched 2026-09-02"
Asclepias,Danaus chrysippus,,pollinator,flowersVisitedBy,,"globalbioticinteractions.org, fetched 2026-09-02"
Asclepias,Danaus chrysippus orientis,,pollinator,pollinatedBy,,"globalbioticinteractions.org, fetched 2026-09-02"
Asclepias,Danaus chrysippus orientis,,feeds-on,hostOf,,"globalbioticinteractions.org, fetched 2026-09-02"
Asclepias,Danaus cleophile,,feeds-on,hostOf,,"globalbioticinteractions.org, fetched 2026-09-02"
Asclepias,Danaus eresimus,,feeds-on,hostOf,,"globalbioticinteractions.org, fetched 2026-09-02"
Asclepias,Danaus eresimus,,pollinator,flowersVisitedBy,,"globalbioticinteractions.org, fetched 2026-09-02"
Asclepias,Danaus eresimus montezuma,,feeds-on,eatenBy,,"globalbioticinteractions.org, fetched 2026-09-02"
Asclepias,Danaus eresimus montezuma,,pollinator,flowersVisitedBy,,"globalbioticinteractions.org, fetched 2026-09-02"
Asclepias,Danaus eresimus tethys,,pollinator,flowersVisitedBy,,"globalbioticinteractions.org, fetched 2026-09-02"
Asclepias,Danaus erippus,,feeds-on,eatenBy,,"globalbioticinteractions.org, fetched 2026-09-02"
Asclepias,Danaus erippus,,pollinator,flowersVisitedBy,,"globalbioticinteractions.org, fetched 2026-09-02"
Asclepias,Danaus genutia,,feeds-on,eatenBy,,"globalbioticinteractions.org, fetched 2026-09-02"
Asclepias,Danaus genutia,,pollinator,flowersVisitedBy,,"globalbioticinteractions.org, fetched 2026-09-02"
Asclepias,Danaus gilippus,,feeds-on,eatenBy,,"globalbioticinteractions.org, fetched 2026-09-02"
Asclepias,Danaus gilippus,,pollinator,flowersVisitedBy,,"globalbioticinteractions.org, fetched 2026-09-02"
Asclepias,Danaus gilippus berenice,,feeds-on,hostOf,,"globalbioticinteractions.org, fetched 2026-09-02"
Asclepias,Danaus gilippus berenice,,pollinator,flowersVisitedBy,,"globalbioticinteractions.org, fetched 2026-09-02"
Asclepias,Danaus gilippus gilippus,,pollinator,pollinatedBy,,"globalbioticinteractions.org, fetched 2026-09-02"
Asclepias,Danaus gilippus thersippus,,feeds-on,eatenBy,,"globalbioticinteractions.org, fetched 2026-09-02"
Asclepias,Danaus gilippus thersippus,,pollinator,flowersVisitedBy,,"globalbioticinteractions.org, fetched 2026-09-02"
Asclepias,Danaus plexippus,,feeds-on,eatenBy,,"globalbioticinteractions.org, fetched 2026-09-02"
Asclepias,Danaus plexippus nigrippus,,pollinator,flowersVisitedBy,,"globalbioticinteractions.org, fetched 2026-09-02"
Asclepias,Dasychira proleprota,,feeds-on,hostOf,,"globalbioticinteractions.org, fetched 2026-09-02"
Asclepias,Dejongia lobidactylus,,pollinator,flowersVisitedBy,,"globalbioticinteractions.org, fetched 2026-09-02"
Asclepias,Delias eucharis,,feeds-on,eatenBy,,"globalbioticinteractions.org, fetched 2026-09-02"
Asclepias,Delias eucharis,,pollinator,flowersVisitedBy,,"globalbioticinteractions.org, fetched 2026-09-02"
Asclepias,Delta pyriforme,,pollinator,flowersVisitedBy,,"globalbioticinteractions.org, fetched 2026-09-02"
Asclepias,Delta pyriformis pyriformis,,pollinator,flowersVisitedBy,,"globalbioticinteractions.org, fetched 2026-09-02"
Asclepias,Dialictus,,pollinator,flowersVisitedBy,,"globalbioticinteractions.org, fetched 2026-09-02"
Asclepias,Dichomeris varronia,,feeds-on,hostOf,,"globalbioticinteractions.org, fetched 2026-09-02"
Asclepias,Dielis trifasciata,,pollinator,flowersVisitedBy,,"globalbioticinteractions.org, fetched 2026-09-02"
Asclepias,Dione juno,,pollinator,pollinatedBy,,"globalbioticinteractions.org, fetched 2026-09-02"
Asclepias,Dione moneta,,pollinator,flowersVisitedBy,,"globalbioticinteractions.org, fetched 2026-09-02"
Asclepias,Dione vanillae,,feeds-on,eatenBy,,"globalbioticinteractions.org, fetched 2026-09-02"
Asclepias,Dione vanillae,,pollinator,flowersVisitedBy,,"globalbioticinteractions.org, fetched 2026-09-02"
Asclepias,Dione vanillae maculosa,,pollinator,flowersVisitedBy,,"globalbioticinteractions.org, fetched 2026-09-02"
Asclepias,Dryas iulia alcionea,,pollinator,pollinatedBy,,"globalbioticinteractions.org, fetched 2026-09-02"
Asclepias,Dryas julia,,pollinator,pollinatedBy,,"globalbioticinteractions.org, fetched 2026-09-02"
Asclepias,Dryophytes cinereus,,pollinator,visitedBy,,"globalbioticinteractions.org, fetched 2026-09-02"
Asclepias,Dysdercus maurus,,pollinator,pollinatedBy,,"globalbioticinteractions.org, fetched 2026-09-02"
Asclepias,Dysdercus ruficollis,,pollinator,pollinatedBy,,"globalbioticinteractions.org, fetched 2026-09-02"
Asclepias,Eantis pallida,,pollinator,flowersVisitedBy,,"globalbioticinteractions.org, fetched 2026-09-02"
Asclepias,Elkalyce comyntas,,pollinator,flowersVisitedBy,,"globalbioticinteractions.org, fetched 2026-09-02"
Asclepias,Emesis poeas,,pollinator,flowersVisitedBy,,"globalbioticinteractions.org, fetched 2026-09-02"
Asclepias,Enyo lugubris,,pollinator,flowersVisitedBy,,"globalbioticinteractions.org, fetched 2026-09-02"
Asclepias,Erinnyis lassauxi,,feeds-on,hostOf,,"globalbioticinteractions.org, fetched 2026-09-02"
Asclepias,Erinnyis lassauxii,,feeds-on,eatenBy,,"globalbioticinteractions.org, fetched 2026-09-02"
Asclepias,Erynnis horatius,,pollinator,flowersVisitedBy,,"globalbioticinteractions.org, fetched 2026-09-02"
Asclepias,Euchaetes egle,,feeds-on,eatenBy,,"globalbioticinteractions.org, fetched 2026-09-02"
Asclepias,Eudasychira proleprota proleprota,,feeds-on,hostOf,,"globalbioticinteractions.org, fetched 2026-09-02"
Asclepias,Euglossa mixta,,pollinator,flowersVisitedBy,,"globalbioticinteractions.org, fetched 2026-09-02"
Asclepias,Euglossa townsendi,,pollinator,flowersVisitedBy,,"globalbioticinteractions.org, fetched 2026-09-02"
Asclepias,Eumaeus atala,,pollinator,flowersVisitedBy,,"globalbioticinteractions.org, fetched 2026-09-02"
Asclepias,Eumenes fraternus,,pollinator,flowersVisitedBy,,"globalbioticinteractions.org, fetched 2026-09-02"
Asclepias,Euodynerus pratensis,,feeds-on,eatenBy,,"globalbioticinteractions.org, fetched 2026-09-02"
Asclepias,Euodynerus pratensis,,pollinator,visitedBy,,"globalbioticinteractions.org, fetched 2026-09-02"
Asclepias,Euodynerus trilobus,,pollinator,visitedBy,,"globalbioticinteractions.org, fetched 2026-09-02"
Asclepias,Euphoria basalis,,feeds-on,eatenBy,,"globalbioticinteractions.org, fetched 2026-09-02"
Asclepias,Euphydryas chalcedona,,feeds-on,eatenBy,,"globalbioticinteractions.org, fetched 2026-09-02"
Asclepias,Euphydryas phaeton,,feeds-on,eatenBy,,"globalbioticinteractions.org, fetched 2026-09-02"
Asclepias,Euploea alcathoe,,feeds-on,eatenBy,,"globalbioticinteractions.org, fetched 2026-09-02"
Asclepias,Euploea core,,feeds-on,eatenBy,,"globalbioticinteractions.org, fetched 2026-09-02"
Asclepias,Euploea core,,pollinator,flowersVisitedBy,,"globalbioticinteractions.org, fetched 2026-09-02"
Asclepias,Euploea corinna,,feeds-on,eatenBy,,"globalbioticinteractions.org, fetched 2026-09-02"
Asclepias,Euploea klugii,,feeds-on,eatenBy,,"globalbioticinteractions.org, fetched 2026-09-02"
Asclepias,Euploea midamus,,pollinator,flowersVisitedBy,,"globalbioticinteractions.org, fetched 2026-09-02"
Asclepias,Euploea mulciber,,feeds-on,eatenBy,,"globalbioticinteractions.org, fetched 2026-09-02"
Asclepias,Euploea sylvester,,feeds-on,eatenBy,,"globalbioticinteractions.org, fetched 2026-09-02"
Asclepias,Euptoieta hegesia,,pollinator,flowersVisitedBy,,"globalbioticinteractions.org, fetched 2026-09-02"
Asclepias,Euptoieta hegesia meridiania,,pollinator,flowersVisitedBy,,"globalbioticinteractions.org, fetched 2026-09-02"
Asclepias,Euptoieta hortensia,,pollinator,flowersVisitedBy,,"globalbioticinteractions.org, fetched 2026-09-02"
Asclepias,Eurema daira,,pollinator,flowersVisitedBy,,"globalbioticinteractions.org, fetched 2026-09-02"
Asclepias,Eurema daira eugenia,,pollinator,flowersVisitedBy,,"globalbioticinteractions.org, fetched 2026-09-02"
Asclepias,Eurybia pergaea,,pollinator,pollinatedBy,,"globalbioticinteractions.org, fetched 2026-09-02"
Asclepias,Eurytides thymbraeus aconophos,,feeds-on,eatenBy,,"globalbioticinteractions.org, fetched 2026-09-02"
Asclepias,Eutricharaea,,pollinator,flowersVisitedBy,,"globalbioticinteractions.org, fetched 2026-09-02"
Asclepias,Exomalopsis mellipes,,pollinator,flowersVisitedBy,,"globalbioticinteractions.org, fetched 2026-09-02"
Asclepias,Fuscopolistes,,pollinator,flowersVisitedBy,,"globalbioticinteractions.org, fetched 2026-09-02"
Asclepias,Glutophrissa drusilla tenuis,,pollinator,flowersVisitedBy,,"globalbioticinteractions.org, fetched 2026-09-02"
Asclepias,Graphium agamemnon,,feeds-on,eatenBy,,"globalbioticinteractions.org, fetched 2026-09-02"
Asclepias,Graphium agamemnon,,pollinator,flowersVisitedBy,,"globalbioticinteractions.org, fetched 2026-09-02"
Asclepias,Graphium doson,,feeds-on,eatenBy,,"globalbioticinteractions.org, fetched 2026-09-02"
Asclepias,Graphium doson,,pollinator,flowersVisitedBy,,"globalbioticinteractions.org, fetched 2026-09-02"
Asclepias,Graphocephala coccinea,,feeds-on,eatenBy,,"globalbioticinteractions.org, fetched 2026-09-02"
Asclepias,Greta morgane morgane,,pollinator,flowersVisitedBy,,"globalbioticinteractions.org, fetched 2026-09-02"
Asclepias,Halictus confusus,,feeds-on,eatenBy,,"globalbioticinteractions.org, fetched 2026-09-02"
Asclepias,Halictus ligatus,,feeds-on,eatenBy,,"globalbioticinteractions.org, fetched 2026-09-02"
Asclepias,Halictus rubicundus,,feeds-on,eatenBy,,"globalbioticinteractions.org, fetched 2026-09-02"
Asclepias,Haploa confusa,,feeds-on,eatenBy,,"globalbioticinteractions.org, fetched 2026-09-02"
Asclepias,Harrisina americana,,feeds-on,eatenBy,,"globalbioticinteractions.org, fetched 2026-09-02"
Asclepias,Hasora chromus,,feeds-on,eatenBy,,"globalbioticinteractions.org, fetched 2026-09-02"
Asclepias,Hedriodiscus binotatus,,feeds-on,eatenBy,,"globalbioticinteractions.org, fetched 2026-09-02"
Asclepias,Heliconius erato,,pollinator,pollinatedBy,,"globalbioticinteractions.org, fetched 2026-09-02"
Asclepias,Heliconius ismenius,,pollinator,pollinatedBy,,"globalbioticinteractions.org, fetched 2026-09-02"
Asclepias,Heliconius peruvianus,,pollinator,flowersVisitedBy,,"globalbioticinteractions.org, fetched 2026-09-02"
Asclepias,Hemiargus ceraunus astenidas,,feeds-on,eatenBy,,"globalbioticinteractions.org, fetched 2026-09-02"
Asclepias,Hemiargus ceraunus astenidas,,pollinator,flowersVisitedBy,,"globalbioticinteractions.org, fetched 2026-09-02"
Asclepias,Hemipepsis sogdiana,,pollinator,flowersVisitedBy,,"globalbioticinteractions.org, fetched 2026-09-02"
Asclepias,Heraclides anchisiades capys,,pollinator,pollinatedBy,,"globalbioticinteractions.org, fetched 2026-09-02"
Asclepias,Holopyga,,pollinator,flowersVisitedBy,,"globalbioticinteractions.org, fetched 2026-09-02"
Asclepias,Hyalophora cecropia,,feeds-on,hostOf,,"globalbioticinteractions.org, fetched 2026-09-02"
Asclepias,Hylaeus,,feeds-on,eatenBy,,"globalbioticinteractions.org, fetched 2026-09-02"
Asclepias,Hylaeus affinis,,feeds-on,eatenBy,,"globalbioticinteractions.org, fetched 2026-09-02"
Asclepias,Hylaeus modestus,,pollinator,flowersVisitedBy,,"globalbioticinteractions.org, fetched 2026-09-02"
Asclepias,Ibidoecus longiclypeatus,,feeds-on,eatenBy,,"globalbioticinteractions.org, fetched 2026-09-02"
Asclepias,Idea leuconoe,,pollinator,flowersVisitedBy,,"globalbioticinteractions.org, fetched 2026-09-02"
Asclepias,Isodontia mexicana,,pollinator,flowersVisitedBy,,"globalbioticinteractions.org, fetched 2026-09-02"
Asclepias,Ixias pyrene,,feeds-on,eatenBy,,"globalbioticinteractions.org, fetched 2026-09-02"
Asclepias,Junonia grisea,,feeds-on,eatenBy,,"globalbioticinteractions.org, fetched 2026-09-02"
Asclepias,Junonia grisea,,pollinator,flowersVisitedBy,,"globalbioticinteractions.org, fetched 2026-09-02"
Asclepias,Junonia iphita,,feeds-on,eatenBy,,"globalbioticinteractions.org, fetched 2026-09-02"
Asclepias,Labidomera clivicollis,,feeds-on,eatenBy,,"globalbioticinteractions.org, fetched 2026-09-02"
Asclepias,Labidomera clivicollis,,pollinator,flowersVisitedBy,,"globalbioticinteractions.org, fetched 2026-09-02"
Asclepias,Lampides boeticus,,feeds-on,eatenBy,,"globalbioticinteractions.org, fetched 2026-09-02"
Asclepias,Lasioglossum,,pollinator,flowersVisitedBy,,"globalbioticinteractions.org, fetched 2026-09-02"
Asclepias,Lasioglossum admirandum,,feeds-on,eatenBy,,"globalbioticinteractions.org, fetched 2026-09-02"
Asclepias,Lasioglossum coriaceum,,feeds-on,eatenBy,,"globalbioticinteractions.org, fetched 2026-09-02"
Asclepias,Lasioglossum pectorale,,feeds-on,eatenBy,,"globalbioticinteractions.org, fetched 2026-09-02"
Asclepias,Lasioglossum pilosum,,feeds-on,eatenBy,,"globalbioticinteractions.org, fetched 2026-09-02"
Asclepias,Leptophobia aripa,,feeds-on,eatenBy,,"globalbioticinteractions.org, fetched 2026-09-02"
Asclepias,Leptophobia aripa,,pollinator,flowersVisitedBy,,"globalbioticinteractions.org, fetched 2026-09-02"
Asclepias,Leptophobia aripa balidia,,pollinator,pollinatedBy,,"globalbioticinteractions.org, fetched 2026-09-02"
Asclepias,Lerina incarnata,,feeds-on,hostOf,,"globalbioticinteractions.org, fetched 2026-09-02"
Asclepias,Liacos erythrosoma,,pollinator,flowersVisitedBy,,"globalbioticinteractions.org, fetched 2026-09-02"
Asclepias,Libytheana carinenta,,pollinator,flowersVisitedBy,,"globalbioticinteractions.org, fetched 2026-09-02"
Asclepias,Libytheana carinenta mexicana,,feeds-on,eatenBy,,"globalbioticinteractions.org, fetched 2026-09-02"
Asclepias,Liriomyza trifolii,,feeds-on,eatenBy,,"globalbioticinteractions.org, fetched 2026-09-02"
Asclepias,Lon melane,,feeds-on,eatenBy,,"globalbioticinteractions.org, fetched 2026-09-02"
Asclepias,Lon melane,,pollinator,flowersVisitedBy,,"globalbioticinteractions.org, fetched 2026-09-02"
Asclepias,Lygaeus kalmii,,feeds-on,hostOf,,"globalbioticinteractions.org, fetched 2026-09-02"
Asclepias,Lygaeus kalmii,,pollinator,flowersVisitedBy,,"globalbioticinteractions.org, fetched 2026-09-02"
Asclepias,Lygaeus kalmii angustomarginatus,,pollinator,flowersVisitedBy,,"globalbioticinteractions.org, fetched 2026-09-02"
Asclepias,Maculinea nausithous,,pollinator,pollinatedBy,,"globalbioticinteractions.org, fetched 2026-09-02"
Asclepias,Megachile,,pollinator,flowersVisitedBy,,"globalbioticinteractions.org, fetched 2026-09-02"
Asclepias,Megachile mendica,,pollinator,flowersVisitedBy,,"globalbioticinteractions.org, fetched 2026-09-02"
Asclepias,Megachile otomita,,pollinator,flowersVisitedBy,,"globalbioticinteractions.org, fetched 2026-09-02"
Asclepias,Megachile perihirta,,feeds-on,eatenBy,,"globalbioticinteractions.org, fetched 2026-09-02"
Asclepias,Megachile rotundata,,feeds-on,eatenBy,,"globalbioticinteractions.org, fetched 2026-09-02"
Asclepias,Megachile sculpturalis,,feeds-on,eatenBy,,"globalbioticinteractions.org, fetched 2026-09-02"
Asclepias,Megachile texana,,pollinator,flowersVisitedBy,,"globalbioticinteractions.org, fetched 2026-09-02"
Asclepias,Megachile texana,,feeds-on,eatenBy,,"globalbioticinteractions.org, fetched 2026-09-02"
Asclepias,Melanchra adjuncta,,feeds-on,eatenBy,,"globalbioticinteractions.org, fetched 2026-09-02"
Asclepias,Mellisuga minima,,pollinator,pollinatedBy,,"globalbioticinteractions.org, fetched 2026-09-02"
Asclepias,Mischocyttarus mexicanus,,feeds-on,eatenBy,,"globalbioticinteractions.org, fetched 2026-09-02"
Asclepias,Mischocyttarus mexicanus,,pollinator,flowersVisitedBy,,"globalbioticinteractions.org, fetched 2026-09-02"
Asclepias,Mischocyttarus mexicanus cubicola,,pollinator,flowersVisitedBy,,"globalbioticinteractions.org, fetched 2026-09-02"
Asclepias,Myzus persicae,,feeds-on,eatenBy,,"globalbioticinteractions.org, fetched 2026-09-02"
Asclepias,Neoponera foetida,,pollinator,flowersVisitedBy,,"globalbioticinteractions.org, fetched 2026-09-02"
Asclepias,Nesophlox evelynae,,feeds-on,eatenBy,,"globalbioticinteractions.org, fetched 2026-09-02"
Asclepias,Nomia iridescens,,feeds-on,eatenBy,,"globalbioticinteractions.org, fetched 2026-09-02"
Asclepias,Nomia iridescens,,pollinator,flowersVisitedBy,,"globalbioticinteractions.org, fetched 2026-09-02"
Asclepias,Notocyphus dorsalis,,feeds-on,eatenBy,,"globalbioticinteractions.org, fetched 2026-09-02"
Asclepias,Oncometopia orbona,,feeds-on,eatenBy,,"globalbioticinteractions.org, fetched 2026-09-02"
Asclepias,Oncopeltus fasciatus,,feeds-on,hostOf,,"globalbioticinteractions.org, fetched 2026-09-02"
Asclepias,Oncopeltus sandarachatus,,feeds-on,eatenBy,,"globalbioticinteractions.org, fetched 2026-09-02"
Asclepias,Oncopeltus unifasciatellus,,pollinator,flowersVisitedBy,,"globalbioticinteractions.org, fetched 2026-09-02"
Asclepias,Oncopeltus varicolor varicolor,,pollinator,flowersVisitedBy,,"globalbioticinteractions.org, fetched 2026-09-02"
Asclepias,Ortilia velica durnfordi,,pollinator,pollinatedBy,,"globalbioticinteractions.org, fetched 2026-09-02"
Asclepias,Pachliopta aristolochiae,,feeds-on,eatenBy,,"globalbioticinteractions.org, fetched 2026-09-02"
Asclepias,Pachnaeus litus,,pollinator,flowersVisitedBy,,"globalbioticinteractions.org, fetched 2026-09-02"
Asclepias,Pachodynerus erynnis,,feeds-on,eatenBy,,"globalbioticinteractions.org, fetched 2026-09-02"
Asclepias,Pachodynerus erynnis,,pollinator,flowersVisitedBy,,"globalbioticinteractions.org, fetched 2026-09-02"
Asclepias,Pachydiplax longipennis,,pollinator,visitedBy,,"globalbioticinteractions.org, fetched 2026-09-02"
Asclepias,Papilio bianor,,feeds-on,eatenBy,,"globalbioticinteractions.org, fetched 2026-09-02"
Asclepias,Papilio cresphontes,,pollinator,flowersVisitedBy,,"globalbioticinteractions.org, fetched 2026-09-02"
Asclepias,Papilio crino,,feeds-on,eatenBy,,"globalbioticinteractions.org, fetched 2026-09-02"
Asclepias,Papilio demoleus,,feeds-on,eatenBy,,"globalbioticinteractions.org, fetched 2026-09-02"
Asclepias,Papilio demoleus,,pollinator,flowersVisitedBy,,"globalbioticinteractions.org, fetched 2026-09-02"
Asclepias,Papilio garamas,,pollinator,flowersVisitedBy,,"globalbioticinteractions.org, fetched 2026-09-02"
Asclepias,Papilio garamas garamas,,pollinator,flowersVisitedBy,,"globalbioticinteractions.org, fetched 2026-09-02"
Asclepias,Papilio glaucus,,pollinator,flowersVisitedBy,,"globalbioticinteractions.org, fetched 2026-09-02"
Asclepias,Papilio memnon,,pollinator,flowersVisitedBy,,"globalbioticinteractions.org, fetched 2026-09-02"
Asclepias,Papilio multicaudata,,feeds-on,eatenBy,,"globalbioticinteractions.org, fetched 2026-09-02"
Asclepias,Papilio multicaudata multicaudata,,feeds-on,eatenBy,,"globalbioticinteractions.org, fetched 2026-09-02"
Asclepias,Papilio multicaudata multicaudata,,pollinator,flowersVisitedBy,,"globalbioticinteractions.org, fetched 2026-09-02"
Asclepias,Papilio palamedes,,pollinator,flowersVisitedBy,,"globalbioticinteractions.org, fetched 2026-09-02"
Asclepias,Papilio palamedes leontis,,pollinator,flowersVisitedBy,,"globalbioticinteractions.org, fetched 2026-09-02"
Asclepias,Papilio palamedes palamedes,,pollinator,flowersVisitedBy,,"globalbioticinteractions.org, fetched 2026-09-02"
Asclepias,Papilio polyxenes asterius,,pollinator,flowersVisitedBy,,"globalbioticinteractions.org, fetched 2026-09-02"
Asclepias,Papilio rutulus,,feeds-on,eatenBy,,"globalbioticinteractions.org, fetched 2026-09-02"
Asclepias,Papilio rutulus,,pollinator,flowersVisitedBy,,"globalbioticinteractions.org, fetched 2026-09-02"
Asclepias,Papilio zelicaon,,feeds-on,eatenBy,,"globalbioticinteractions.org, fetched 2026-09-02"
Asclepias,Papilio zelicaon,,pollinator,flowersVisitedBy,,"globalbioticinteractions.org, fetched 2026-09-02"
Asclepias,Parantica aglea,,feeds-on,eatenBy,,"globalbioticinteractions.org, fetched 2026-09-02"
Asclepias,Parantica aglea,,pollinator,flowersVisitedBy,,"globalbioticinteractions.org, fetched 2026-09-02"
Asclepias,Parantica sita,,feeds-on,hostOf,,"globalbioticinteractions.org, fetched 2026-09-02"
Asclepias,Parapolybia indica,,pollinator,visitedBy,,"globalbioticinteractions.org, fetched 2026-09-02"
Asclepias,Parapolybia varia,,feeds-on,eatenBy,,"globalbioticinteractions.org, fetched 2026-09-02"
Asclepias,Parapolybia varia,,pollinator,flowersVisitedBy,,"globalbioticinteractions.org, fetched 2026-09-02"
Asclepias,Paratetrapedia apicalis,,pollinator,flowersVisitedBy,,"globalbioticinteractions.org, fetched 2026-09-02"
Asclepias,Pareronia hippia,,feeds-on,eatenBy,,"globalbioticinteractions.org, fetched 2026-09-02"
Asclepias,Parides montezuma,,pollinator,flowersVisitedBy,,"globalbioticinteractions.org, fetched 2026-09-02"
Asclepias,Partamona bilineata,,pollinator,flowersVisitedBy,,"globalbioticinteractions.org, fetched 2026-09-02"
Asclepias,Pelopidas mathias,,pollinator,flowersVisitedBy,,"globalbioticinteractions.org, fetched 2026-09-02"
Asclepias,Pereirapis semiaurata,,pollinator,pollinatedBy,,"globalbioticinteractions.org, fetched 2026-09-02"
Asclepias,Phalanta phalantha,,feeds-on,eatenBy,,"globalbioticinteractions.org, fetched 2026-09-02"
Asclepias,Phalanta phalantha,,pollinator,flowersVisitedBy,,"globalbioticinteractions.org, fetched 2026-09-02"
Asclepias,Pheucticus ludovicianus,,feeds-on,eatenBy,,"globalbioticinteractions.org, fetched 2026-09-02"
Asclepias,Phimenes flavopictus,,feeds-on,eatenBy,,"globalbioticinteractions.org, fetched 2026-09-02"
Asclepias,Phimenes flavopictus,,pollinator,flowersVisitedBy,,"globalbioticinteractions.org, fetched 2026-09-02"
Asclepias,Phoebis neocypris,,pollinator,flowersVisitedBy,,"globalbioticinteractions.org, fetched 2026-09-02"
Asclepias,Phyciodes mylitta,,feeds-on,eatenBy,,"globalbioticinteractions.org, fetched 2026-09-02"
Asclepias,Phyciodes tharos,,feeds-on,eatenBy,,"globalbioticinteractions.org, fetched 2026-09-02"
Asclepias,Phyciodes tharos,,pollinator,flowersVisitedBy,,"globalbioticinteractions.org, fetched 2026-09-02"
Asclepias,Phytomia crassa,,feeds-on,eatenBy,,"globalbioticinteractions.org, fetched 2026-09-02"
Asclepias,Phytomia crassa,,pollinator,flowersVisitedBy,,"globalbioticinteractions.org, fetched 2026-09-02"
Asclepias,Polistes,,pollinator,pollinatedBy,,"globalbioticinteractions.org, fetched 2026-09-02"
Asclepias,Polistes aurifer,,pollinator,flowersVisitedBy,,"globalbioticinteractions.org, fetched 2026-09-02"
Asclepias,Polistes canadensis,,pollinator,flowersVisitedBy,,"globalbioticinteractions.org, fetched 2026-09-02"
Asclepias,Polistes dominula,,feeds-on,eatenBy,,"globalbioticinteractions.org, fetched 2026-09-02"
Asclepias,Polistes dominula,,pollinator,flowersVisitedBy,,"globalbioticinteractions.org, fetched 2026-09-02"
Asclepias,Polistes dorsalis,,pollinator,flowersVisitedBy,,"globalbioticinteractions.org, fetched 2026-09-02"
Asclepias,Polistes dorsalis dorsalis,,pollinator,flowersVisitedBy,,"globalbioticinteractions.org, fetched 2026-09-02"
Asclepias,Polistes exclamans,,feeds-on,eatenBy,,"globalbioticinteractions.org, fetched 2026-09-02"
Asclepias,Polistes exclamans,,pollinator,flowersVisitedBy,,"globalbioticinteractions.org, fetched 2026-09-02"
Asclepias,Polistes gigas,,pollinator,flowersVisitedBy,,"globalbioticinteractions.org, fetched 2026-09-02"
Asclepias,Polistes instabilis,,pollinator,visitedBy,,"globalbioticinteractions.org, fetched 2026-09-02"
Asclepias,Polistes japonicus,,pollinator,flowersVisitedBy,,"globalbioticinteractions.org, fetched 2026-09-02"
Asclepias,Polistes lanio,,pollinator,pollinatedBy,,"globalbioticinteractions.org, fetched 2026-09-02"
Asclepias,Polistes major,,pollinator,flowersVisitedBy,,"globalbioticinteractions.org, fetched 2026-09-02"
Asclepias,Polistes major major,,pollinator,flowersVisitedBy,,"globalbioticinteractions.org, fetched 2026-09-02"
Asclepias,Polistes major major,,feeds-on,eatenBy,,"globalbioticinteractions.org, fetched 2026-09-02"
Asclepias,Polistes rothneyi,,pollinator,flowersVisitedBy,,"globalbioticinteractions.org, fetched 2026-09-02"
Asclepias,Polistes rothneyi gressitti,,pollinator,flowersVisitedBy,,"globalbioticinteractions.org, fetched 2026-09-02"
Asclepias,Polistes stigma,,feeds-on,eatenBy,,"globalbioticinteractions.org, fetched 2026-09-02"
Asclepias,Polistes stigma,,pollinator,flowersVisitedBy,,"globalbioticinteractions.org, fetched 2026-09-02"
Asclepias,Polistes strigosus,,feeds-on,eatenBy,,"globalbioticinteractions.org, fetched 2026-09-02"
Asclepias,Polistes strigosus,,pollinator,flowersVisitedBy,,"globalbioticinteractions.org, fetched 2026-09-02"
Asclepias,Polistes takasagonus,,pollinator,flowersVisitedBy,,"globalbioticinteractions.org, fetched 2026-09-02"
Asclepias,Polistes versicolor,,pollinator,flowersVisitedBy,,"globalbioticinteractions.org, fetched 2026-09-02"
Asclepias,Polybia ignobilis,,pollinator,pollinatedBy,,"globalbioticinteractions.org, fetched 2026-09-02"
Asclepias,Polybia scutellaris,,pollinator,pollinatedBy,,"globalbioticinteractions.org, fetched 2026-09-02"
Asclepias,Polybia sericea,,pollinator,pollinatedBy,,"globalbioticinteractions.org, fetched 2026-09-02"
Asclepias,Pseudomalus auratus,,pollinator,flowersVisitedBy,,"globalbioticinteractions.org, fetched 2026-09-02"
Asclepias,Pterodoras granulosus,,feeds-on,eatenBy,,"globalbioticinteractions.org, fetched 2026-09-02"
Asclepias,Pygarctia eglenensis,,feeds-on,eatenBy,,"globalbioticinteractions.org, fetched 2026-09-02"
Asclepias,Pygodasis ephippium,,feeds-on,eatenBy,,"globalbioticinteractions.org, fetched 2026-09-02"
Asclepias,Pygodasis ephippium,,pollinator,flowersVisitedBy,,"globalbioticinteractions.org, fetched 2026-09-02"
Asclepias,Pyrausta testalis,,feeds-on,eatenBy,,"globalbioticinteractions.org, fetched 2026-09-02"
Asclepias,Pyrrharctia isabella,,feeds-on,eatenBy,,"globalbioticinteractions.org, fetched 2026-09-02"
Asclepias,Rekoa marius,,pollinator,flowersVisitedBy,,"globalbioticinteractions.org, fetched 2026-09-02"
Asclepias,Rekoa palegon,,pollinator,pollinatedBy,,"globalbioticinteractions.org, fetched 2026-09-02"
Asclepias,Romalea centurio,,pollinator,flowersVisitedBy,,"globalbioticinteractions.org, fetched 2026-09-02"
Asclepias,Satyrium californica,,feeds-on,eatenBy,,"globalbioticinteractions.org, fetched 2026-09-02"
Asclepias,Satyrium dryope dryope,,feeds-on,eatenBy,,"globalbioticinteractions.org, fetched 2026-09-02"
Asclepias,Satyrium titus,,feeds-on,eatenBy,,"globalbioticinteractions.org, fetched 2026-09-02"
Asclepias,Saucrobotys futilalis,,feeds-on,eatenBy,,"globalbioticinteractions.org, fetched 2026-09-02"
Asclepias,Sceliphron caementarium,,pollinator,flowersVisitedBy,,"globalbioticinteractions.org, fetched 2026-09-02"
Asclepias,Solenopsis geminata,,pollinator,visitedBy,,"globalbioticinteractions.org, fetched 2026-09-02"
Asclepias,Speyeria cybele,,feeds-on,eatenBy,,"globalbioticinteractions.org, fetched 2026-09-02"
Asclepias,Sphaerophoria sulphuripes,,feeds-on,eatenBy,,"globalbioticinteractions.org, fetched 2026-09-02"
Asclepias,Sphex argentatus,,pollinator,flowersVisitedBy,,"globalbioticinteractions.org, fetched 2026-09-02"
Asclepias,Sphex habenus,,feeds-on,eatenBy,,"globalbioticinteractions.org, fetched 2026-09-02"
Asclepias,Sphex habenus,,pollinator,flowersVisitedBy,,"globalbioticinteractions.org, fetched 2026-09-02"
Asclepias,Sphex pensylvanicus,,feeds-on,eatenBy,,"globalbioticinteractions.org, fetched 2026-09-02"
Asclepias,Sphex pensylvanicus,,pollinator,flowersVisitedBy,,"globalbioticinteractions.org, fetched 2026-09-02"
Asclepias,Spicauda tanna,,pollinator,flowersVisitedBy,,"globalbioticinteractions.org, fetched 2026-09-02"
Asclepias,Spilostethus hospes,,feeds-on,eatenBy,,"globalbioticinteractions.org, fetched 2026-09-02"
Asclepias,Stagmomantis limbata,,pollinator,flowersVisitedBy,,"globalbioticinteractions.org, fetched 2026-09-02"
Asclepias,Stictocephala diceros,,feeds-on,eatenBy,,"globalbioticinteractions.org, fetched 2026-09-02"
Asclepias,Strymon lucena,,pollinator,flowersVisitedBy,,"globalbioticinteractions.org, fetched 2026-09-02"
Asclepias,Sylvilagus floridanus,,feeds-on,eatenBy,,"globalbioticinteractions.org, fetched 2026-09-02"
Asclepias,Synoeca cyanea,,pollinator,pollinatedBy,,"globalbioticinteractions.org, fetched 2026-09-02"
Asclepias,Tajuria jehana,,feeds-on,eatenBy,,"globalbioticinteractions.org, fetched 2026-09-02"
Asclepias,Talicada nyseus nyseus,,feeds-on,eatenBy,,"globalbioticinteractions.org, fetched 2026-09-02"
Asclepias,Talicada nyseus nyseus,,pollinator,flowersVisitedBy,,"globalbioticinteractions.org, fetched 2026-09-02"
Asclepias,Tegosa claudina,,pollinator,pollinatedBy,,"globalbioticinteractions.org, fetched 2026-09-02"
Asclepias,Telegonus cellus,,pollinator,flowersVisitedBy,,"globalbioticinteractions.org, fetched 2026-09-02"
Asclepias,Tetragonisca angustula,,pollinator,flowersVisitedBy,,"globalbioticinteractions.org, fetched 2026-09-02"
Asclepias,Tetranychidae,,feeds-on,eatenBy,,"globalbioticinteractions.org, fetched 2026-09-02"
Asclepias,Tetranychus tumidus,,feeds-on,eatenBy,,"globalbioticinteractions.org, fetched 2026-09-02"
Asclepias,Thabena brunnifrons,,feeds-on,eatenBy,,"globalbioticinteractions.org, fetched 2026-09-02"
Asclepias,Tirumala limniace,,feeds-on,eatenBy,,"globalbioticinteractions.org, fetched 2026-09-02"
Asclepias,Tirumala limniace,,pollinator,flowersVisitedBy,,"globalbioticinteractions.org, fetched 2026-09-02"
Asclepias,Tirumala limniace exoticus,,feeds-on,eatenBy,,"globalbioticinteractions.org, fetched 2026-09-02"
Asclepias,Tithorea tarricina duenna,,pollinator,flowersVisitedBy,,"globalbioticinteractions.org, fetched 2026-09-02"
Asclepias,Trichordestra legitima,,feeds-on,eatenBy,,"globalbioticinteractions.org, fetched 2026-09-02"
Asclepias,Trigona fulviventris,,pollinator,flowersVisitedBy,,"globalbioticinteractions.org, fetched 2026-09-02"
Asclepias,Trigona spinipes,,pollinator,flowersVisitedBy,,"globalbioticinteractions.org, fetched 2026-09-02"
Asclepias,Troides minos,,feeds-on,eatenBy,,"globalbioticinteractions.org, fetched 2026-09-02"
Asclepias,Troides minos,,pollinator,flowersVisitedBy,,"globalbioticinteractions.org, fetched 2026-09-02"
Asclepias,Unknown,,pollinator,pollinatedBy,,"globalbioticinteractions.org, fetched 2026-09-02"
Asclepias,Urbanus dorantes,,pollinator,pollinatedBy,,"globalbioticinteractions.org, fetched 2026-09-02"
Asclepias,Urbanus simplicius,,pollinator,pollinatedBy,,"globalbioticinteractions.org, fetched 2026-09-02"
Asclepias,Vanessa annabella,,feeds-on,eatenBy,,"globalbioticinteractions.org, fetched 2026-09-02"
Asclepias,Vanessa virginiensis,,pollinator,flowersVisitedBy,,"globalbioticinteractions.org, fetched 2026-09-02"
Asclepias,Vespa affinis,,feeds-on,eatenBy,,"globalbioticinteractions.org, fetched 2026-09-02"
Asclepias,Vespa affinis,,pollinator,flowersVisitedBy,,"globalbioticinteractions.org, fetched 2026-09-02"
Asclepias,Vespa bicolor,,pollinator,flowersVisitedBy,,"globalbioticinteractions.org, fetched 2026-09-02"
Asclepias,Vespa velutina,,pollinator,flowersVisitedBy,,"globalbioticinteractions.org, fetched 2026-09-02"
Asclepias,Vitroliarus ecologus,,feeds-on,eatenBy,,"globalbioticinteractions.org, fetched 2026-09-02"
Asclepias,Xanthocampsomeris fulvohirta,,pollinator,flowersVisitedBy,,"globalbioticinteractions.org, fetched 2026-09-02"
Asclepias,Xenophanes tryxus,,pollinator,pollinatedBy,,"globalbioticinteractions.org, fetched 2026-09-02"
Asclepias,Xylocopa,,feeds-on,eatenBy,,"globalbioticinteractions.org, fetched 2026-09-02"
Asclepias,Xylocopa dejeanii alboxantha,,pollinator,flowersVisitedBy,,"globalbioticinteractions.org, fetched 2026-09-02"
Asclepias,Xylocopa sonorina,,feeds-on,eatenBy,,"globalbioticinteractions.org, fetched 2026-09-02"
Asclepias,Xylocopa virginica,,pollinator,flowersVisitedBy,,"globalbioticinteractions.org, fetched 2026-09-02"
Asclepias,Xylocopa virginica,,feeds-on,eatenBy,,"globalbioticinteractions.org, fetched 2026-09-02"
Asclepias,Zadontomerus,,feeds-on,eatenBy,,"globalbioticinteractions.org, fetched 2026-09-02"
Asclepias,Zelus longipes,,pollinator,flowersVisitedBy,,"globalbioticinteractions.org, fetched 2026-09-02"
Asclepias,Zerene cesonia cesonia,,feeds-on,eatenBy,,"globalbioticinteractions.org, fetched 2026-09-02"
Asclepias,Zerene cesonia cesonia,,pollinator,flowersVisitedBy,,"globalbioticinteractions.org, fetched 2026-09-02"
Asclepias,Zethus spinipes spinipes,,pollinator,flowersVisitedBy,,"globalbioticinteractions.org, fetched 2026-09-02"
Asclepias,Zethus spinipes variegatus,,feeds-on,eatenBy,,"globalbioticinteractions.org, fetched 2026-09-02"
Asclepias,Zethus spinipes variegatus,,pollinator,flowersVisitedBy,,"globalbioticinteractions.org, fetched 2026-09-02"
Berlandiera,Agapostemon splendens,,pollinator,flowersVisitedBy,,"globalbioticinteractions.org, fetched 2026-09-02"
Berlandiera,Agapostemon splendens,,feeds-on,eatenBy,,"globalbioticinteractions.org, fetched 2026-09-02"
Berlandiera,Agapostemon virescens,,pollinator,visitedBy,,"globalbioticinteractions.org, fetched 2026-09-02"
Berlandiera,Agapostemon virescens,,feeds-on,eatenBy,,"globalbioticinteractions.org, fetched 2026-09-02"
Berlandiera,Atalopedes huron,,feeds-on,eatenBy,,"globalbioticinteractions.org, fetched 2026-09-02"
Berlandiera,Atalopedes huron,,pollinator,flowersVisitedBy,,"globalbioticinteractions.org, fetched 2026-09-02"
Berlandiera,Bombus griseocollis,,pollinator,flowersVisitedBy,,"globalbioticinteractions.org, fetched 2026-09-02"
Berlandiera,Bombus impatiens,,feeds-on,eatenBy,,"globalbioticinteractions.org, fetched 2026-09-02"
Berlandiera,Bombus impatiens,,pollinator,visitsFlowersOf,,"globalbioticinteractions.org, fetched 2026-09-02"
Berlandiera,Bombus melanopygus,,feeds-on,eatenBy,,"globalbioticinteractions.org, fetched 2026-09-02"
Berlandiera,Brephidium exilis,,pollinator,visitedBy,,"globalbioticinteractions.org, fetched 2026-09-02"
Berlandiera,Burnsius communis,,feeds-on,eatenBy,,"globalbioticinteractions.org, fetched 2026-09-02"
Berlandiera,Cecropterus dorantes,,pollinator,flowersVisitedBy,,"globalbioticinteractions.org, fetched 2026-09-02"
Berlandiera,Ceratina floridana,,pollinator,flowersVisitedBy,,"globalbioticinteractions.org, fetched 2026-09-02"
Berlandiera,Coelioxys slossoni slossoni,,pollinator,flowersVisitedBy,,"globalbioticinteractions.org, fetched 2026-09-02"
Berlandiera,Copestylum mexicanum,,pollinator,flowersVisitedBy,,"globalbioticinteractions.org, fetched 2026-09-02"
Berlandiera,Copestylum violaceum,,pollinator,flowersVisitedBy,,"globalbioticinteractions.org, fetched 2026-09-02"
Berlandiera,Copestylum violaceum,,feeds-on,eatenBy,,"globalbioticinteractions.org, fetched 2026-09-02"
Berlandiera,Danaus gilippus,,feeds-on,eatenBy,,"globalbioticinteractions.org, fetched 2026-09-02"
Berlandiera,Danaus gilippus,,pollinator,visitedBy,,"globalbioticinteractions.org, fetched 2026-09-02"
Berlandiera,Dielis plumipes,,pollinator,flowersVisitedBy,,"globalbioticinteractions.org, fetched 2026-09-02"
Berlandiera,Dielis tolteca,,feeds-on,eatenBy,,"globalbioticinteractions.org, fetched 2026-09-02"
Berlandiera,Dione vanillae,,pollinator,flowersVisitedBy,,"globalbioticinteractions.org, fetched 2026-09-02"
Berlandiera,Enchenopa latipes,,pollinator,visitedBy,,"globalbioticinteractions.org, fetched 2026-09-02"
Berlandiera,Erynnis horatius,,pollinator,flowersVisitedBy,,"globalbioticinteractions.org, fetched 2026-09-02"
Berlandiera,Eupeodes fumipennis,,feeds-on,eatenBy,,"globalbioticinteractions.org, fetched 2026-09-02"
Berlandiera,Eurema lisa,,pollinator,flowersVisitedBy,,"globalbioticinteractions.org, fetched 2026-09-02"
Berlandiera,Eurytides marcellus,,pollinator,flowersVisitedBy,,"globalbioticinteractions.org, fetched 2026-09-02"
Berlandiera,Halictus ligatus,,pollinator,flowersVisitedBy,,"globalbioticinteractions.org, fetched 2026-09-02"
Berlandiera,Halictus ligatus,,feeds-on,eatenBy,,"globalbioticinteractions.org, fetched 2026-09-02"
Berlandiera,Halictus tripartitus,,pollinator,visitedBy,,"globalbioticinteractions.org, fetched 2026-09-02"
Berlandiera,Hemiargus ceraunus,,pollinator,flowersVisitedBy,,"globalbioticinteractions.org, fetched 2026-09-02"
Berlandiera,Lasioglossum sisymbrii,,feeds-on,eatenBy,,"globalbioticinteractions.org, fetched 2026-09-02"
Berlandiera,Lerema accius,,pollinator,visitedBy,,"globalbioticinteractions.org, fetched 2026-09-02"
Berlandiera,Limenitis arthemis astyanax,,pollinator,visitedBy,,"globalbioticinteractions.org, fetched 2026-09-02"
Berlandiera,Lon zabulon,,pollinator,visitedBy,,"globalbioticinteractions.org, fetched 2026-09-02"
Berlandiera,Melissodes bimaculatus,,feeds-on,eatenBy,,"globalbioticinteractions.org, fetched 2026-09-02"
Berlandiera,Melissodes bimaculatus,,pollinator,visitedBy,,"globalbioticinteractions.org, fetched 2026-09-02"
Berlandiera,Misumenops bellulus,,pollinator,visitedBy,,"globalbioticinteractions.org, fetched 2026-09-02"
Berlandiera,Nathalis iole,,pollinator,flowersVisitedBy,,"globalbioticinteractions.org, fetched 2026-09-02"
Berlandiera,Panoquina ocola,,pollinator,flowersVisitedBy,,"globalbioticinteractions.org, fetched 2026-09-02"
Berlandiera,Papilio cresphontes,,pollinator,flowersVisitedBy,,"globalbioticinteractions.org, fetched 2026-09-02"
Berlandiera,Papilio glaucus,,pollinator,flowersVisitedBy,,"globalbioticinteractions.org, fetched 2026-09-02"
Berlandiera,Paranthidium jugatorium lepidum,,pollinator,flowersVisitedBy,,"globalbioticinteractions.org, fetched 2026-09-02"
Berlandiera,Platycheirus trichopus,,feeds-on,eatenBy,,"globalbioticinteractions.org, fetched 2026-09-02"
Berlandiera,Scolia nobilitata,,pollinator,flowersVisitedBy,,"globalbioticinteractions.org, fetched 2026-09-02"
Berlandiera,Scolia nobilitata,,feeds-on,eatenBy,,"globalbioticinteractions.org, fetched 2026-09-02"
Berlandiera,Stelis louisae,,pollinator,visitedBy,,"globalbioticinteractions.org, fetched 2026-09-02"
Berlandiera,Synchlora frondaria,,feeds-on,hostOf,,"globalbioticinteractions.org, fetched 2026-09-02"
Berlandiera,Synchlora frondaria,,pollinator,flowersVisitedBy,,"globalbioticinteractions.org, fetched 2026-09-02"
Berlandiera,Vanessa virginiensis,,pollinator,flowersVisitedBy,,"globalbioticinteractions.org, fetched 2026-09-02"
Berlandiera,Xanthocampsomeris fulvohirta,,pollinator,flowersVisitedBy,,"globalbioticinteractions.org, fetched 2026-09-02"
Berlandiera,Xylocopa micans,,pollinator,visitedBy,,"globalbioticinteractions.org, fetched 2026-09-02"
Berlandiera,Xylocopa tabaniformis orpifex,,feeds-on,eatenBy,,"globalbioticinteractions.org, fetched 2026-09-02"
Berlandiera,Zadontomerus,,feeds-on,eatenBy,,"globalbioticinteractions.org, fetched 2026-09-02"
Berlandiera,Zadontomerus,,pollinator,visitedBy,,"globalbioticinteractions.org, fetched 2026-09-02"
Bouteloua,Athysanella emarginata,,feeds-on,eatenBy,,"globalbioticinteractions.org, fetched 2026-09-02"
Bouteloua,Euxoa oberfoelli,,feeds-on,hostOf,,"globalbioticinteractions.org, fetched 2026-09-02"
Bouteloua,Flexamia pectinata,,feeds-on,eatenBy,,"globalbioticinteractions.org, fetched 2026-09-02"
Bouteloua,Hemileuca oliviae,,feeds-on,hostOf,,"globalbioticinteractions.org, fetched 2026-09-02"
Bouteloua,Hesperia viridis,,feeds-on,hostOf,,"globalbioticinteractions.org, fetched 2026-09-02"
Bouteloua,Mastor simius,,feeds-on,hostOf,,"globalbioticinteractions.org, fetched 2026-09-02"
Bouteloua,Nathalis iole,,pollinator,flowersVisitedBy,,"globalbioticinteractions.org, fetched 2026-09-02"
Bouteloua,Oarisma garita,,feeds-on,hostOf,,"globalbioticinteractions.org, fetched 2026-09-02"
Bouteloua,Phyciodes tharos,,feeds-on,eatenBy,,"globalbioticinteractions.org, fetched 2026-09-02"
Bouteloua,Prokelisia salina,,feeds-on,eatenBy,,"globalbioticinteractions.org, fetched 2026-09-02"
Bouteloua,Yvretta rhesus,,feeds-on,hostOf,,"globalbioticinteractions.org, fetched 2026-09-02"
Bouvardia,Anteos clorinde,,pollinator,flowersVisitedBy,,"globalbioticinteractions.org, fetched 2026-09-02"
Bouvardia,Archilochus colubris,,pollinator,pollinatedBy,,"globalbioticinteractions.org, fetched 2026-09-02"
Bouvardia,Archonias teutila teutila,,pollinator,flowersVisitedBy,,"globalbioticinteractions.org, fetched 2026-09-02"
Bouvardia,Atrytonopsis frappenda,,pollinator,flowersVisitedBy,,"globalbioticinteractions.org, fetched 2026-09-02"
Bouvardia,Atrytonopsis python,,pollinator,flowersVisitedBy,,"globalbioticinteractions.org, fetched 2026-09-02"
Bouvardia,Basilinna leucotis,,feeds-on,eatenBy,,"globalbioticinteractions.org, fetched 2026-09-02"
Bouvardia,Basilinna leucotis,,pollinator,flowersVisitedBy,,"globalbioticinteractions.org, fetched 2026-09-02"
Bouvardia,Battus philenor,,pollinator,flowersVisitedBy,,"globalbioticinteractions.org, fetched 2026-09-02"
Bouvardia,Battus philenor philenor,,pollinator,flowersVisitedBy,,"globalbioticinteractions.org, fetched 2026-09-02"
Bouvardia,Callophrys xami,,pollinator,flowersVisitedBy,,"globalbioticinteractions.org, fetched 2026-09-02"
Bouvardia,Callophrys xami xami,,pollinator,flowersVisitedBy,,"globalbioticinteractions.org, fetched 2026-09-02"
Bouvardia,Calothorax lucifer,,feeds-on,eatenBy,,"globalbioticinteractions.org, fetched 2026-09-02"
Bouvardia,Chlosyne marina,,pollinator,flowersVisitedBy,,"globalbioticinteractions.org, fetched 2026-09-02"
Bouvardia,Colias eurytheme,,feeds-on,eatenBy,,"globalbioticinteractions.org, fetched 2026-09-02"
Bouvardia,Colias eurytheme,,pollinator,visitedBy,,"globalbioticinteractions.org, fetched 2026-09-02"
Bouvardia,Cynanthus auriceps,,pollinator,flowersVisitedBy,,"globalbioticinteractions.org, fetched 2026-09-02"
Bouvardia,Cynanthus latirostris,,feeds-on,eatenBy,,"globalbioticinteractions.org, fetched 2026-09-02"
Bouvardia,Cynanthus latirostris,,pollinator,flowersVisitedBy,,"globalbioticinteractions.org, fetched 2026-09-02"
Bouvardia,Diglossa baritula,,pollinator,flowersVisitedBy,,"globalbioticinteractions.org, fetched 2026-09-02"
Bouvardia,Dione juno huascuma,,pollinator,flowersVisitedBy,,"globalbioticinteractions.org, fetched 2026-09-02"
Bouvardia,Dione vanillae incarnata,,pollinator,flowersVisitedBy,,"globalbioticinteractions.org, fetched 2026-09-02"
Bouvardia,Erynnis baptisiae,,pollinator,flowersVisitedBy,,"globalbioticinteractions.org, fetched 2026-09-02"
Bouvardia,Eugenes fulgens,,pollinator,pollinatedBy,,"globalbioticinteractions.org, fetched 2026-09-02"
Bouvardia,Eurema mexicana mexicana,,pollinator,flowersVisitedBy,,"globalbioticinteractions.org, fetched 2026-09-02"
Bouvardia,Eurema salome jamapa,,pollinator,flowersVisitedBy,,"globalbioticinteractions.org, fetched 2026-09-02"
Bouvardia,Felicola zeylonicus,,feeds-on,eatenBy,,"globalbioticinteractions.org, fetched 2026-09-02"
Bouvardia,Heliconius charithonia vazquezae,,pollinator,flowersVisitedBy,,"globalbioticinteractions.org, fetched 2026-09-02"
Bouvardia,Heraclides rumiko,,pollinator,flowersVisitedBy,,"globalbioticinteractions.org, fetched 2026-09-02"
Bouvardia,Hesperocharis graphites avivolans,,pollinator,flowersVisitedBy,,"globalbioticinteractions.org, fetched 2026-09-02"
Bouvardia,Ophraea,,feeds-on,eatenBy,,"globalbioticinteractions.org, fetched 2026-09-02"
Bouvardia,Papilio alexiares garcia,,pollinator,flowersVisitedBy,,"globalbioticinteractions.org, fetched 2026-09-02"
Bouvardia,Papilio cresphontes,,pollinator,flowersVisitedBy,,"globalbioticinteractions.org, fetched 2026-09-02"
Bouvardia,Papilio garamas garamas,,pollinator,flowersVisitedBy,,"globalbioticinteractions.org, fetched 2026-09-02"
Bouvardia,Papilio multicaudata,,pollinator,flowersVisitedBy,,"globalbioticinteractions.org, fetched 2026-09-02"
Bouvardia,Papilio multicaudata multicaudata,,pollinator,flowersVisitedBy,,"globalbioticinteractions.org, fetched 2026-09-02"
Bouvardia,Papilio multicaudata multicaudata,,feeds-on,eatenBy,,"globalbioticinteractions.org, fetched 2026-09-02"
Bouvardia,Papilio pilumnus,,feeds-on,eatenBy,,"globalbioticinteractions.org, fetched 2026-09-02"
Bouvardia,Papilio pilumnus,,pollinator,flowersVisitedBy,,"globalbioticinteractions.org, fetched 2026-09-02"
Bouvardia,Papilio polyxenes asterius,,pollinator,flowersVisitedBy,,"globalbioticinteractions.org, fetched 2026-09-02"
Bouvardia,Phoebis statira statira,,pollinator,flowersVisitedBy,,"globalbioticinteractions.org, fetched 2026-09-02"
Bouvardia,Phyciodes tharos,,pollinator,flowersVisitedBy,,"globalbioticinteractions.org, fetched 2026-09-02"
Bouvardia,Saucerottia beryllina,,pollinator,flowersVisitedBy,,"globalbioticinteractions.org, fetched 2026-09-02"
Bouvardia,Tilmatura dupontii,,pollinator,flowersVisitedBy,,"globalbioticinteractions.org, fetched 2026-09-02"
Bouvardia,Trochilidae,,pollinator,pollinatedBy,,"globalbioticinteractions.org, fetched 2026-09-02"
Bouvardia,Xylophanes falco,,feeds-on,eatenBy,,"globalbioticinteractions.org, fetched 2026-09-02"
Bouvardia,Xylophanes robinsonii,,feeds-on,hostOf,,"globalbioticinteractions.org, fetched 2026-09-02"
Callicarpa,Agapostemon splendens,,pollinator,flowersVisitedBy,,"globalbioticinteractions.org, fetched 2026-09-02"
Callicarpa,Apis cerana,,feeds-on,eatenBy,,"globalbioticinteractions.org, fetched 2026-09-02"
Callicarpa,Augochlora pura,,pollinator,flowersVisitedBy,,"globalbioticinteractions.org, fetched 2026-09-02"
Callicarpa,BOLD:AAA9085,,feeds-on,hostOf,,"globalbioticinteractions.org, fetched 2026-09-02"
Callicarpa,BOLD:AAB9341,,feeds-on,hostOf,,"globalbioticinteractions.org, fetched 2026-09-02"
Callicarpa,BOLD:AAI4360,,feeds-on,hostOf,,"globalbioticinteractions.org, fetched 2026-09-02"
Callicarpa,BOLD:ABX9686,,feeds-on,hostOf,,"globalbioticinteractions.org, fetched 2026-09-02"
Callicarpa,BOLD:ACG8507,,feeds-on,hostOf,,"globalbioticinteractions.org, fetched 2026-09-02"
Callicarpa,BOLD:ACG9014,,feeds-on,hostOf,,"globalbioticinteractions.org, fetched 2026-09-02"
Callicarpa,BOLD:ACG9435,,feeds-on,hostOf,,"globalbioticinteractions.org, fetched 2026-09-02"
Callicarpa,BOLD:ACU6039,,feeds-on,hostOf,,"globalbioticinteractions.org, fetched 2026-09-02"
Callicarpa,BOLD:ACU6040,,feeds-on,hostOf,,"globalbioticinteractions.org, fetched 2026-09-02"
Callicarpa,BOLD:ACU7244,,feeds-on,hostOf,,"globalbioticinteractions.org, fetched 2026-09-02"
Callicarpa,Bombus impatiens,,pollinator,flowersVisitedBy,,"globalbioticinteractions.org, fetched 2026-09-02"
Callicarpa,Bombus impatiens,,feeds-on,eatenBy,,"globalbioticinteractions.org, fetched 2026-09-02"
Callicarpa,Bombycilla cedrorum,,feeds-on,eatenBy,,"globalbioticinteractions.org, fetched 2026-09-02"
Callicarpa,Cardinalis cardinalis,,feeds-on,eatenBy,,"globalbioticinteractions.org, fetched 2026-09-02"
Callicarpa,Catharus fuscescens,,feeds-on,eatenBy,,"globalbioticinteractions.org, fetched 2026-09-02"
Callicarpa,Catharus guttatus,,feeds-on,eatenBy,,"globalbioticinteractions.org, fetched 2026-09-02"
Callicarpa,Catharus minimus,,feeds-on,eatenBy,,"globalbioticinteractions.org, fetched 2026-09-02"
Callicarpa,Catharus ustulatus,,feeds-on,eatenBy,,"globalbioticinteractions.org, fetched 2026-09-02"
Callicarpa,Ceroplastes ceriferus,,feeds-on,eatenBy,,"globalbioticinteractions.org, fetched 2026-09-02"
Callicarpa,Chiton magnificus,,feeds-on,eatenBy,,"globalbioticinteractions.org, fetched 2026-09-02"
Callicarpa,Colaptes auratus,,feeds-on,eatenBy,,"globalbioticinteractions.org, fetched 2026-09-02"
Callicarpa,Corthylio calendula,,feeds-on,eatenBy,,"globalbioticinteractions.org, fetched 2026-09-02"
Callicarpa,Didelphis virginiana,,feeds-on,eatenBy,,"globalbioticinteractions.org, fetched 2026-09-02"
Callicarpa,Dipterygina indica,,feeds-on,hostOf,,"globalbioticinteractions.org, fetched 2026-09-02"
Callicarpa,Dryocopus pileatus,,feeds-on,eatenBy,,"globalbioticinteractions.org, fetched 2026-09-02"
Callicarpa,Dumetella carolinensis,,feeds-on,eatenBy,,"globalbioticinteractions.org, fetched 2026-09-02"
Callicarpa,Dumetella carolinensis,,pollinator,visitedBy,,"globalbioticinteractions.org, fetched 2026-09-02"
Callicarpa,Echinolittorina peruviana,,feeds-on,eatenBy,,"globalbioticinteractions.org, fetched 2026-09-02"
Callicarpa,Elaenia,,feeds-on,eatenBy,,"globalbioticinteractions.org, fetched 2026-09-02"
Callicarpa,Empidonax virescens,,feeds-on,eatenBy,,"globalbioticinteractions.org, fetched 2026-09-02"
Callicarpa,Endoclita malabaricus,,feeds-on,hostOf,,"globalbioticinteractions.org, fetched 2026-09-02"
Callicarpa,Endoclita undulifer,,feeds-on,hostOf,,"globalbioticinteractions.org, fetched 2026-09-02"
Callicarpa,Enoplochiton niger,,feeds-on,eatenBy,,"globalbioticinteractions.org, fetched 2026-09-02"
Callicarpa,Epilachna longissima,,feeds-on,eatenBy,,"globalbioticinteractions.org, fetched 2026-09-02"
Callicarpa,Fissurella limbata,,feeds-on,eatenBy,,"globalbioticinteractions.org, fetched 2026-09-02"
Callicarpa,Garrulus glandarius,,feeds-on,eatenBy,,"globalbioticinteractions.org, fetched 2026-09-02"
Callicarpa,Haemorhous purpureus,,feeds-on,eatenBy,,"globalbioticinteractions.org, fetched 2026-09-02"
Callicarpa,Halictus ligatus,,pollinator,flowersVisitedBy,,"globalbioticinteractions.org, fetched 2026-09-02"
Callicarpa,Halictus parallelus,,pollinator,visitedBy,,"globalbioticinteractions.org, fetched 2026-09-02"
Callicarpa,Hemipyxis balyi,,feeds-on,eatenBy,,"globalbioticinteractions.org, fetched 2026-09-02"
Callicarpa,Hylocichla mustelina,,feeds-on,eatenBy,,"globalbioticinteractions.org, fetched 2026-09-02"
Callicarpa,Hypercompe scribonia,,feeds-on,hostOf,,"globalbioticinteractions.org, fetched 2026-09-02"
Callicarpa,Ibidoecus longiclypeatus,,feeds-on,eatenBy,,"globalbioticinteractions.org, fetched 2026-09-02"
Callicarpa,Kusala setosa,,feeds-on,eatenBy,,"globalbioticinteractions.org, fetched 2026-09-02"
Callicarpa,Kuschelina petaurista,,pollinator,visitedBy,,"globalbioticinteractions.org, fetched 2026-09-02"
Callicarpa,Kuschelina vians,,pollinator,visitedBy,,"globalbioticinteractions.org, fetched 2026-09-02"
Callicarpa,Lalage leucomela,,feeds-on,eatenBy,,"globalbioticinteractions.org, fetched 2026-09-02"
Callicarpa,Lepidoptera,,pollinator,pollinatedBy,,"globalbioticinteractions.org, fetched 2026-09-02"
Callicarpa,Limenitis arthemis astyanax,,pollinator,visitedBy,,"globalbioticinteractions.org, fetched 2026-09-02"
Callicarpa,Lophura swinhoii,,feeds-on,eatenBy,,"globalbioticinteractions.org, fetched 2026-09-02"
Callicarpa,Manduca albiplaga,,feeds-on,eatenBy,,"globalbioticinteractions.org, fetched 2026-09-02"
Callicarpa,Manduca albiplaga,,pollinator,visitedBy,,"globalbioticinteractions.org, fetched 2026-09-02"
Callicarpa,Megachile pseudobrevis,,pollinator,flowersVisitedBy,,"globalbioticinteractions.org, fetched 2026-09-02"
Callicarpa,Melanerpes carolinus,,feeds-on,eatenBy,,"globalbioticinteractions.org, fetched 2026-09-02"
Callicarpa,Melissodes bimaculatus,,feeds-on,eatenBy,,"globalbioticinteractions.org, fetched 2026-09-02"
Callicarpa,Melissodes bimaculatus,,pollinator,flowersVisitedBy,,"globalbioticinteractions.org, fetched 2026-09-02"
Callicarpa,Menippus cynicus,,feeds-on,eatenBy,,"globalbioticinteractions.org, fetched 2026-09-02"
Callicarpa,Milesia virginiensis,,pollinator,flowersVisitedBy,,"globalbioticinteractions.org, fetched 2026-09-02"
Callicarpa,Mimus polyglottos,,feeds-on,eatenBy,,"globalbioticinteractions.org, fetched 2026-09-02"
Callicarpa,Mimus polyglottos,,pollinator,visitedBy,,"globalbioticinteractions.org, fetched 2026-09-02"
Callicarpa,Misumenops iners,,pollinator,visitedBy,,"globalbioticinteractions.org, fetched 2026-09-02"
Callicarpa,Myiozetetes similis,,feeds-on,eatenBy,,"globalbioticinteractions.org, fetched 2026-09-02"
Callicarpa,Nemosia pileata,,feeds-on,eatenBy,,"globalbioticinteractions.org, fetched 2026-09-02"
Callicarpa,Neoscona arabesca,,pollinator,visitedBy,,"globalbioticinteractions.org, fetched 2026-09-02"
Callicarpa,Noctuana stator,,feeds-on,hostOf,,"globalbioticinteractions.org, fetched 2026-09-02"
Callicarpa,Orgyia postica,,feeds-on,hostOf,,"globalbioticinteractions.org, fetched 2026-09-02"
Callicarpa,Paliga machoeralis,,feeds-on,hostOf,,"globalbioticinteractions.org, fetched 2026-09-02"
Callicarpa,Papilio palamedes,,pollinator,flowersVisitedBy,,"globalbioticinteractions.org, fetched 2026-09-02"
Callicarpa,Passerina ciris,,feeds-on,eatenBy,,"globalbioticinteractions.org, fetched 2026-09-02"
Callicarpa,Phalangida,,pollinator,pollinatedBy,,"globalbioticinteractions.org, fetched 2026-09-02"
Callicarpa,Pipilo erythrophthalmus,,feeds-on,eatenBy,,"globalbioticinteractions.org, fetched 2026-09-02"
Callicarpa,Pitangus sulphuratus,,feeds-on,eatenBy,,"globalbioticinteractions.org, fetched 2026-09-02"
Callicarpa,Procyon lotor,,feeds-on,eatenBy,,"globalbioticinteractions.org, fetched 2026-09-02"
Callicarpa,Pycnonotus brunneus,,feeds-on,eatenBy,,"globalbioticinteractions.org, fetched 2026-09-02"
Callicarpa,Pyrops candelarius,,feeds-on,eatenBy,,"globalbioticinteractions.org, fetched 2026-09-02"
Callicarpa,Ramphocelus carbo,,feeds-on,eatenBy,,"globalbioticinteractions.org, fetched 2026-09-02"
Callicarpa,Ricania speculum,,feeds-on,eatenBy,,"globalbioticinteractions.org, fetched 2026-09-02"
Callicarpa,Saiva formosana,,feeds-on,eatenBy,,"globalbioticinteractions.org, fetched 2026-09-02"
Callicarpa,Sayornis phoebe,,feeds-on,eatenBy,,"globalbioticinteractions.org, fetched 2026-09-02"
Callicarpa,Sciurus carolinensis,,feeds-on,eatenBy,,"globalbioticinteractions.org, fetched 2026-09-02"
Callicarpa,Scurria araucana,,feeds-on,eatenBy,,"globalbioticinteractions.org, fetched 2026-09-02"
Callicarpa,Scurria scurra,,feeds-on,eatenBy,,"globalbioticinteractions.org, fetched 2026-09-02"
Callicarpa,Sebastes mystinus,,feeds-on,eatenBy,,"globalbioticinteractions.org, fetched 2026-09-02"
Callicarpa,Setophaga americana,,feeds-on,eatenBy,,"globalbioticinteractions.org, fetched 2026-09-02"
Callicarpa,Setophaga caerulescens,,feeds-on,eatenBy,,"globalbioticinteractions.org, fetched 2026-09-02"
Callicarpa,Setophaga castanea,,feeds-on,eatenBy,,"globalbioticinteractions.org, fetched 2026-09-02"
Callicarpa,Setophaga coronata,,feeds-on,eatenBy,,"globalbioticinteractions.org, fetched 2026-09-02"
Callicarpa,Setophaga pensylvanica,,feeds-on,eatenBy,,"globalbioticinteractions.org, fetched 2026-09-02"
Callicarpa,Setophaga tigrina,,feeds-on,eatenBy,,"globalbioticinteractions.org, fetched 2026-09-02"
Callicarpa,Sialia sialis,,feeds-on,eatenBy,,"globalbioticinteractions.org, fetched 2026-09-02"
Callicarpa,Sigmodon hispidus,,feeds-on,eatenBy,,"globalbioticinteractions.org, fetched 2026-09-02"
Callicarpa,Sphyrapicus varius,,feeds-on,eatenBy,,"globalbioticinteractions.org, fetched 2026-09-02"
Callicarpa,Spizixos semitorques,,feeds-on,eatenBy,,"globalbioticinteractions.org, fetched 2026-09-02"
Callicarpa,Strangalia luteicornis,,pollinator,flowersVisitedBy,,"globalbioticinteractions.org, fetched 2026-09-02"
Callicarpa,Strangalia sexnotata,,pollinator,visitedBy,,"globalbioticinteractions.org, fetched 2026-09-02"
Callicarpa,Tegula atra,,feeds-on,eatenBy,,"globalbioticinteractions.org, fetched 2026-09-02"
Callicarpa,Thlaspida biramosa,,feeds-on,eatenBy,,"globalbioticinteractions.org, fetched 2026-09-02"
Callicarpa,Thraupis episcopus,,feeds-on,eatenBy,,"globalbioticinteractions.org, fetched 2026-09-02"
Callicarpa,Tonicia chilensis,,feeds-on,eatenBy,,"globalbioticinteractions.org, fetched 2026-09-02"
Callicarpa,Toxostoma rufum,,feeds-on,eatenBy,,"globalbioticinteractions.org, fetched 2026-09-02"
Callicarpa,Turdus amaurochalinus,,feeds-on,eatenBy,,"globalbioticinteractions.org, fetched 2026-09-02"
Callicarpa,Turdus chrysolaus,,feeds-on,eatenBy,,"globalbioticinteractions.org, fetched 2026-09-02"
Callicarpa,Turdus leucomelas,,feeds-on,eatenBy,,"globalbioticinteractions.org, fetched 2026-09-02"
Callicarpa,Turdus pallidus,,feeds-on,eatenBy,,"globalbioticinteractions.org, fetched 2026-09-02"
Callicarpa,Typocerus velutinus,,pollinator,visitedBy,,"globalbioticinteractions.org, fetched 2026-09-02"
Callicarpa,Uroplata fusca,,feeds-on,eatenBy,,"globalbioticinteractions.org, fetched 2026-09-02"
Callicarpa,Vireo flavifrons,,feeds-on,eatenBy,,"globalbioticinteractions.org, fetched 2026-09-02"
Callicarpa,Vireo griseus,,feeds-on,eatenBy,,"globalbioticinteractions.org, fetched 2026-09-02"
Callicarpa,Vireo olivaceus,,feeds-on,eatenBy,,"globalbioticinteractions.org, fetched 2026-09-02"
Callicarpa,Vireo solitarius,,feeds-on,eatenBy,,"globalbioticinteractions.org, fetched 2026-09-02"
Callicarpa,Yuhina brunneiceps,,feeds-on,eatenBy,,"globalbioticinteractions.org, fetched 2026-09-02"
Callirhoe,Agapostemon texanus,,pollinator,flowersVisitedBy,,"globalbioticinteractions.org, fetched 2026-09-02"
Callirhoe,Agapostemon virescens,,pollinator,flowersVisitedBy,,"globalbioticinteractions.org, fetched 2026-09-02"
Callirhoe,Andrena plebeia,,pollinator,flowersVisitedBy,,"globalbioticinteractions.org, fetched 2026-09-02"
Callirhoe,Anthophila,,pollinator,flowersVisitedBy,,"globalbioticinteractions.org, fetched 2026-09-02"
Callirhoe,Armadillidium vulgare,,pollinator,flowersVisitedBy,,"globalbioticinteractions.org, fetched 2026-09-02"
Callirhoe,Atalopedes huron,,pollinator,flowersVisitedBy,,"globalbioticinteractions.org, fetched 2026-09-02"
Callirhoe,Bombus affinis,,pollinator,flowersVisitedBy,,"globalbioticinteractions.org, fetched 2026-09-02"
Callirhoe,Bombus bimaculatus,,pollinator,flowersVisitedBy,,"globalbioticinteractions.org, fetched 2026-09-02"
Callirhoe,Bombus bimaculatus,,feeds-on,eatenBy,,"globalbioticinteractions.org, fetched 2026-09-02"
Callirhoe,Bombus griseocollis,,feeds-on,eatenBy,,"globalbioticinteractions.org, fetched 2026-09-02"
Callirhoe,Bombus griseocollis,,pollinator,flowersVisitedBy,,"globalbioticinteractions.org, fetched 2026-09-02"
Callirhoe,Bombus impatiens,,pollinator,flowersVisitedBy,,"globalbioticinteractions.org, fetched 2026-09-02"
Callirhoe,Bombus impatiens,,feeds-on,eatenBy,,"globalbioticinteractions.org, fetched 2026-09-02"
Callirhoe,Burnsius communis,,pollinator,flowersVisitedBy,,"globalbioticinteractions.org, fetched 2026-09-02"
Callirhoe,Calycomyza malvae,,pollinator,visitedBy,,"globalbioticinteractions.org, fetched 2026-09-02"
Callirhoe,Cercyonis pegala,,pollinator,flowersVisitedBy,,"globalbioticinteractions.org, fetched 2026-09-02"
Callirhoe,Coleoptera,,pollinator,flowersVisitedBy,,"globalbioticinteractions.org, fetched 2026-09-02"
Callirhoe,Curculionidae,,pollinator,flowersVisitedBy,,"globalbioticinteractions.org, fetched 2026-09-02"
Callirhoe,Diadasia,,pollinator,flowersVisitedBy,,"globalbioticinteractions.org, fetched 2026-09-02"
Callirhoe,Diadasia rinconis,,pollinator,flowersVisitedBy,,"globalbioticinteractions.org, fetched 2026-09-02"
Callirhoe,Diptera,,pollinator,flowersVisitedBy,,"globalbioticinteractions.org, fetched 2026-09-02"
Callirhoe,Epargyreus clarus,,pollinator,flowersVisitedBy,,"globalbioticinteractions.org, fetched 2026-09-02"
Callirhoe,Euphoria kernii,,pollinator,flowersVisitedBy,,"globalbioticinteractions.org, fetched 2026-09-02"
Callirhoe,Formicidae,,pollinator,flowersVisitedBy,,"globalbioticinteractions.org, fetched 2026-09-02"
Callirhoe,Halictus ligatus,,pollinator,pollinatedBy,,"globalbioticinteractions.org, fetched 2026-09-02"
Callirhoe,Halictus tripartitus,,pollinator,flowersVisitedBy,,"globalbioticinteractions.org, fetched 2026-09-02"
Callirhoe,Insecta,,pollinator,flowersVisitedBy,,"globalbioticinteractions.org, fetched 2026-09-02"
Callirhoe,Lasioglossum,,pollinator,pollinatedBy,,"globalbioticinteractions.org, fetched 2026-09-02"
Callirhoe,Lasioglossum pruinosum,,pollinator,flowersVisitedBy,,"globalbioticinteractions.org, fetched 2026-09-02"
Callirhoe,Lepidoptera,,pollinator,pollinatedBy,,"globalbioticinteractions.org, fetched 2026-09-02"
Callirhoe,Lerema accius,,pollinator,flowersVisitedBy,,"globalbioticinteractions.org, fetched 2026-09-02"
Callirhoe,Macrorhoptus,,pollinator,flowersVisitedBy,,"globalbioticinteractions.org, fetched 2026-09-02"
Callirhoe,Melissodes bimaculatus,,pollinator,flowersVisitedBy,,"globalbioticinteractions.org, fetched 2026-09-02"
Callirhoe,Melissodes bimaculatus,,feeds-on,eatenBy,,"globalbioticinteractions.org, fetched 2026-09-02"
Callirhoe,Myrsidea borneoensis,,pollinator,flowersVisitedBy,,"globalbioticinteractions.org, fetched 2026-09-02"
Callirhoe,Psellidotus,,pollinator,flowersVisitedBy,,"globalbioticinteractions.org, fetched 2026-09-02"
Callirhoe,Trichiotinus texanus,,feeds-on,eatenBy,,"globalbioticinteractions.org, fetched 2026-09-02"
Callirhoe,Trichiotinus texanus,,pollinator,flowersVisitedBy,,"globalbioticinteractions.org, fetched 2026-09-02"
Callirhoe,Xylocopa virginica,,feeds-on,eatenBy,,"globalbioticinteractions.org, fetched 2026-09-02"
Callirhoe,Xylocopa virginica,,pollinator,flowersVisitedBy,,"globalbioticinteractions.org, fetched 2026-09-02"
Calyptocarpus,Ampittia dioscorides,,feeds-on,eatenBy,,"globalbioticinteractions.org, fetched 2026-09-02"
Calyptocarpus,Asterocampa clyton,,pollinator,flowersVisitedBy,,"globalbioticinteractions.org, fetched 2026-09-02"
Calyptocarpus,Burnsius oileus,,pollinator,flowersVisitedBy,,"globalbioticinteractions.org, fetched 2026-09-02"
Calyptocarpus,Chilades lajus,,feeds-on,eatenBy,,"globalbioticinteractions.org, fetched 2026-09-02"
Calyptocarpus,Euchrysops cnejus,,feeds-on,eatenBy,,"globalbioticinteractions.org, fetched 2026-09-02"
Calyptocarpus,Euploea core,,feeds-on,eatenBy,,"globalbioticinteractions.org, fetched 2026-09-02"
Calyptocarpus,Eurema blanda,,feeds-on,eatenBy,,"globalbioticinteractions.org, fetched 2026-09-02"
Calyptocarpus,Eurema elathea,,feeds-on,eatenBy,,"globalbioticinteractions.org, fetched 2026-09-02"
Calyptocarpus,Eurema lisa,,feeds-on,eatenBy,,"globalbioticinteractions.org, fetched 2026-09-02"
Calyptocarpus,Eurema lisa,,pollinator,flowersVisitedBy,,"globalbioticinteractions.org, fetched 2026-09-02"
Calyptocarpus,Helcystogramma melantherella,,feeds-on,eatenBy,,"globalbioticinteractions.org, fetched 2026-09-02"
Calyptocarpus,Lacturnea lacturnus,,feeds-on,eatenBy,,"globalbioticinteractions.org, fetched 2026-09-02"
Calyptocarpus,Leptotes plinius,,feeds-on,eatenBy,,"globalbioticinteractions.org, fetched 2026-09-02"
Calyptocarpus,Nathalis iole,,feeds-on,eatenBy,,"globalbioticinteractions.org, fetched 2026-09-02"
Calyptocarpus,Nathalis iole,,pollinator,flowersVisitedBy,,"globalbioticinteractions.org, fetched 2026-09-02"
Calyptocarpus,Pseudozizeeria maha,,feeds-on,eatenBy,,"globalbioticinteractions.org, fetched 2026-09-02"
Calyptocarpus,Pseudozizeeria maha okinawana,,pollinator,flowersVisitedBy,,"globalbioticinteractions.org, fetched 2026-09-02"
Calyptocarpus,Strymon istapa,,feeds-on,eatenBy,,"globalbioticinteractions.org, fetched 2026-09-02"
Calyptocarpus,Talicada nyseus nyseus,,feeds-on,eatenBy,,"globalbioticinteractions.org, fetched 2026-09-02"
Calyptocarpus,Taylorilygus apicalis,,pollinator,visitedBy,,"globalbioticinteractions.org, fetched 2026-09-02"
Calyptocarpus,Zizeeria karsandra,,feeds-on,eatenBy,,"globalbioticinteractions.org, fetched 2026-09-02"
Calyptocarpus,Zizina otis,,feeds-on,eatenBy,,"globalbioticinteractions.org, fetched 2026-09-02"
Capsicum,Achaea janata,,feeds-on,hostOf,,"globalbioticinteractions.org, fetched 2026-09-02"
Capsicum,Agrius convolvuli,,feeds-on,eatenBy,,"globalbioticinteractions.org, fetched 2026-09-02"
Capsicum,Agrotis malefida,,feeds-on,hostOf,,"globalbioticinteractions.org, fetched 2026-09-02"
Capsicum,Agrotis tokionis,,feeds-on,hostOf,,"globalbioticinteractions.org, fetched 2026-09-02"
Capsicum,Amrasca biguttula,,feeds-on,eatenBy,,"globalbioticinteractions.org, fetched 2026-09-02"
Capsicum,Antheraea polyphemus polyphemus,,feeds-on,hostOf,,"globalbioticinteractions.org, fetched 2026-09-02"
Capsicum,Aphis nasturtii,,feeds-on,eatenBy,,"globalbioticinteractions.org, fetched 2026-09-02"
Capsicum,Apis cerana,,pollinator,visitedBy,,"globalbioticinteractions.org, fetched 2026-09-02"
Capsicum,Apis florea,,feeds-on,eatenBy,,"globalbioticinteractions.org, fetched 2026-09-02"
Capsicum,Archips mimicus,,feeds-on,hostOf,,"globalbioticinteractions.org, fetched 2026-09-02"
Capsicum,Artibeus lituratus,,feeds-on,eatenBy,,"globalbioticinteractions.org, fetched 2026-09-02"
Capsicum,Asymmetrasca decedens,,feeds-on,eatenBy,,"globalbioticinteractions.org, fetched 2026-09-02"
Capsicum,Augochlora pura,,pollinator,flowersVisitedBy,,"globalbioticinteractions.org, fetched 2026-09-02"
Capsicum,Bactericera nigricornis,,feeds-on,eatenBy,,"globalbioticinteractions.org, fetched 2026-09-02"
Capsicum,BOLD:AAA3070,,feeds-on,hostOf,,"globalbioticinteractions.org, fetched 2026-09-02"
Capsicum,BOLD:AAA6644,,feeds-on,hostOf,,"globalbioticinteractions.org, fetched 2026-09-02"
Capsicum,BOLD:AAD4032,,feeds-on,hostOf,,"globalbioticinteractions.org, fetched 2026-09-02"
Capsicum,Bombus,,pollinator,flowersVisitedBy,,"globalbioticinteractions.org, fetched 2026-09-02"
Capsicum,Bombus impatiens,,pollinator,flowersVisitedBy,,"globalbioticinteractions.org, fetched 2026-09-02"
Capsicum,Bombus pauloensis,,feeds-on,eatenBy,,"globalbioticinteractions.org, fetched 2026-09-02"
Capsicum,Cadra cautella,,feeds-on,hostOf,,"globalbioticinteractions.org, fetched 2026-09-02"
Capsicum,Cadra figulilella,,feeds-on,eatenBy,,"globalbioticinteractions.org, fetched 2026-09-02"
Capsicum,Camarhynchus psittacula,,feeds-on,eatenBy,,"globalbioticinteractions.org, fetched 2026-09-02"
Capsicum,Carollia perspicillata,,feeds-on,eatenBy,,"globalbioticinteractions.org, fetched 2026-09-02"
Capsicum,Ceratoneura indi,,feeds-on,hostOf,,"globalbioticinteractions.org, fetched 2026-09-02"
Capsicum,Coccyzus melacoryphus,,feeds-on,eatenBy,,"globalbioticinteractions.org, fetched 2026-09-02"
Capsicum,Creatonotos leucanioides,,feeds-on,eatenBy,,"globalbioticinteractions.org, fetched 2026-09-02"
Capsicum,Crocidolomia pavonana,,feeds-on,eatenBy,,"globalbioticinteractions.org, fetched 2026-09-02"
Capsicum,Crotophaga ani,,feeds-on,eatenBy,,"globalbioticinteractions.org, fetched 2026-09-02"
Capsicum,Cydosia nobilitella,,feeds-on,hostOf,,"globalbioticinteractions.org, fetched 2026-09-02"
Capsicum,Diptera,,feeds-on,hostOf,,"globalbioticinteractions.org, fetched 2026-09-02"
Capsicum,Draeculacephala soluta,,feeds-on,eatenBy,,"globalbioticinteractions.org, fetched 2026-09-02"
Capsicum,Duponchelia fovealis,,feeds-on,eatenBy,,"globalbioticinteractions.org, fetched 2026-09-02"
Capsicum,Ectomyelois ceratoniae,,feeds-on,hostOf,,"globalbioticinteractions.org, fetched 2026-09-02"
Capsicum,Ectropis bhurmitra,,feeds-on,hostOf,,"globalbioticinteractions.org, fetched 2026-09-02"
Capsicum,Entylia carinata,,pollinator,visitedBy,,"globalbioticinteractions.org, fetched 2026-09-02"
Capsicum,Ephestia elutella,,feeds-on,hostOf,,"globalbioticinteractions.org, fetched 2026-09-02"
Capsicum,Ephestia kuehniella,,feeds-on,eatenBy,,"globalbioticinteractions.org, fetched 2026-09-02"
Capsicum,Epiphyas postvittana,,feeds-on,eatenBy,,"globalbioticinteractions.org, fetched 2026-09-02"
Capsicum,Etiella zinckenella,,feeds-on,hostOf,,"globalbioticinteractions.org, fetched 2026-09-02"
Capsicum,Eumeta variegatus,,feeds-on,hostOf,,"globalbioticinteractions.org, fetched 2026-09-02"
Capsicum,Eurydema oleracea,,feeds-on,eatenBy,,"globalbioticinteractions.org, fetched 2026-09-02"
Capsicum,Euzophera osseatella,,feeds-on,hostOf,,"globalbioticinteractions.org, fetched 2026-09-02"
Capsicum,Euzophera perticella,,feeds-on,eatenBy,,"globalbioticinteractions.org, fetched 2026-09-02"
Capsicum,Frankliniella intonsa,,feeds-on,eatenBy,,"globalbioticinteractions.org, fetched 2026-09-02"
Capsicum,Geospiza conirostris,,feeds-on,eatenBy,,"globalbioticinteractions.org, fetched 2026-09-02"
Capsicum,Geospiza fortis,,feeds-on,eatenBy,,"globalbioticinteractions.org, fetched 2026-09-02"
Capsicum,Geospiza fuliginosa,,feeds-on,eatenBy,,"globalbioticinteractions.org, fetched 2026-09-02"
Capsicum,Geospiza magnirostris,,feeds-on,eatenBy,,"globalbioticinteractions.org, fetched 2026-09-02"
Capsicum,Geospiza scandens,,feeds-on,eatenBy,,"globalbioticinteractions.org, fetched 2026-09-02"
Capsicum,Glischrochilus fasciatus,,pollinator,visitedBy,,"globalbioticinteractions.org, fetched 2026-09-02"
Capsicum,Gnorimoschema,,feeds-on,eatenBy,,"globalbioticinteractions.org, fetched 2026-09-02"
Capsicum,Goethella,,feeds-on,hostOf,,"globalbioticinteractions.org, fetched 2026-09-02"
Capsicum,Grinnellaspis,,feeds-on,hostOf,,"globalbioticinteractions.org, fetched 2026-09-02"
Capsicum,Hebata capsicae,,feeds-on,eatenBy,,"globalbioticinteractions.org, fetched 2026-09-02"
Capsicum,Hebata decipiens,,feeds-on,eatenBy,,"globalbioticinteractions.org, fetched 2026-09-02"
Capsicum,Hebata motti,,feeds-on,eatenBy,,"globalbioticinteractions.org, fetched 2026-09-02"
Capsicum,Helicoverpa assulta,,feeds-on,hostOf,,"globalbioticinteractions.org, fetched 2026-09-02"
Capsicum,Heliothis peltigera,,feeds-on,eatenBy,,"globalbioticinteractions.org, fetched 2026-09-02"
Capsicum,Hemiberlesia lataniae,,feeds-on,eatenBy,,"globalbioticinteractions.org, fetched 2026-09-02"
Capsicum,Hydriris ornatalis,,feeds-on,eatenBy,,"globalbioticinteractions.org, fetched 2026-09-02"
Capsicum,Keiferia lycopersicella,,feeds-on,hostOf,,"globalbioticinteractions.org, fetched 2026-09-02"
Capsicum,Lacanobia oleracea,,feeds-on,eatenBy,,"globalbioticinteractions.org, fetched 2026-09-02"
Capsicum,Lasioglossum,,pollinator,flowersVisitedBy,,"globalbioticinteractions.org, fetched 2026-09-02"
Capsicum,Leptinotarsa decemlineata,,feeds-on,eatenBy,,"globalbioticinteractions.org, fetched 2026-09-02"
Capsicum,Leptoglossus phyllopus,,pollinator,visitedBy,,"globalbioticinteractions.org, fetched 2026-09-02"
Capsicum,Lineodes integra,,feeds-on,eatenBy,,"globalbioticinteractions.org, fetched 2026-09-02"
Capsicum,Liocoris tripustulatus,,feeds-on,eatenBy,,"globalbioticinteractions.org, fetched 2026-09-02"
Capsicum,Liriomyza huidobrensis,,feeds-on,eatenBy,,"globalbioticinteractions.org, fetched 2026-09-02"
Capsicum,Liriomyza trifolii,,feeds-on,eatenBy,,"globalbioticinteractions.org, fetched 2026-09-02"
Capsicum,Macroscytus brunneus,,feeds-on,eatenBy,,"globalbioticinteractions.org, fetched 2026-09-02"
Capsicum,Macrosteles indrinus,,feeds-on,eatenBy,,"globalbioticinteractions.org, fetched 2026-09-02"
Capsicum,Maladera formosae,,feeds-on,eatenBy,,"globalbioticinteractions.org, fetched 2026-09-02"
Capsicum,Manduca sexta jamaicensis,,feeds-on,hostOf,,"globalbioticinteractions.org, fetched 2026-09-02"
Capsicum,Manduca sexta paphus,,feeds-on,hostOf,,"globalbioticinteractions.org, fetched 2026-09-02"
Capsicum,Melipotis,,feeds-on,hostOf,,"globalbioticinteractions.org, fetched 2026-09-02"
Capsicum,Metalimnobia,,feeds-on,hostOf,,"globalbioticinteractions.org, fetched 2026-09-02"
Capsicum,Monomorium carbonarium,,pollinator,flowersVisitedBy,,"globalbioticinteractions.org, fetched 2026-09-02"
Capsicum,Mythimna unipuncta,,feeds-on,hostOf,,"globalbioticinteractions.org, fetched 2026-09-02"
Capsicum,Myzus persicae,,feeds-on,eatenBy,,"globalbioticinteractions.org, fetched 2026-09-02"
Capsicum,Nomia westwoodi,,feeds-on,eatenBy,,"globalbioticinteractions.org, fetched 2026-09-02"
Capsicum,Orosanga japonica,,feeds-on,eatenBy,,"globalbioticinteractions.org, fetched 2026-09-02"
Capsicum,Ostrinia furnacalis,,feeds-on,hostOf,,"globalbioticinteractions.org, fetched 2026-09-02"
Capsicum,Ostrinia nubilalis,,feeds-on,hostOf,,"globalbioticinteractions.org, fetched 2026-09-02"
Capsicum,Philaenus spumarius,,feeds-on,eatenBy,,"globalbioticinteractions.org, fetched 2026-09-02"
Capsicum,Phthorimaea operculella,,feeds-on,eatenBy,,"globalbioticinteractions.org, fetched 2026-09-02"
Capsicum,Phytonemus pallidus,,feeds-on,eatenBy,,"globalbioticinteractions.org, fetched 2026-09-02"
Capsicum,Platynota rostrana,,feeds-on,hostOf,,"globalbioticinteractions.org, fetched 2026-09-02"
Capsicum,Platyspiza crassirostris,,feeds-on,eatenBy,,"globalbioticinteractions.org, fetched 2026-09-02"
Capsicum,Plodia interpunctella,,feeds-on,eatenBy,,"globalbioticinteractions.org, fetched 2026-09-02"
Capsicum,Polyphagotarsonemus latus,,feeds-on,eatenBy,,"globalbioticinteractions.org, fetched 2026-09-02"
Capsicum,Pseudaulacaspis pentagona,,feeds-on,eatenBy,,"globalbioticinteractions.org, fetched 2026-09-02"
Capsicum,Pyroderces rileyi,,feeds-on,hostOf,,"globalbioticinteractions.org, fetched 2026-09-02"
Capsicum,Scirtothrips dorsalis,,feeds-on,eatenBy,,"globalbioticinteractions.org, fetched 2026-09-02"
Capsicum,Setophaga petechia,,feeds-on,eatenBy,,"globalbioticinteractions.org, fetched 2026-09-02"
Capsicum,Somena scintillans,,feeds-on,hostOf,,"globalbioticinteractions.org, fetched 2026-09-02"
Capsicum,Spodoptera latifascia,,feeds-on,eatenBy,,"globalbioticinteractions.org, fetched 2026-09-02"
Capsicum,Spodoptera littoralis,,feeds-on,eatenBy,,"globalbioticinteractions.org, fetched 2026-09-02"
Capsicum,Sturnira lilium,,feeds-on,eatenBy,,"globalbioticinteractions.org, fetched 2026-09-02"
Capsicum,Symmetrischema borsaniella,,feeds-on,eatenBy,,"globalbioticinteractions.org, fetched 2026-09-02"
Capsicum,Symmetrischema capsica,,feeds-on,eatenBy,,"globalbioticinteractions.org, fetched 2026-09-02"
Capsicum,Symmetrischema capsicivorum,,feeds-on,eatenBy,,"globalbioticinteractions.org, fetched 2026-09-02"
Capsicum,Symmetrischema dulce,,feeds-on,eatenBy,,"globalbioticinteractions.org, fetched 2026-09-02"
Capsicum,Symmetrischema tangolias,,feeds-on,hostOf,,"globalbioticinteractions.org, fetched 2026-09-02"
Capsicum,Tetranychidae,,feeds-on,eatenBy,,"globalbioticinteractions.org, fetched 2026-09-02"
Capsicum,Thaumatotibia leucotreta,,feeds-on,hostOf,,"globalbioticinteractions.org, fetched 2026-09-02"
Capsicum,Tmolus echion echiolus,,feeds-on,hostOf,,"globalbioticinteractions.org, fetched 2026-09-02"
Capsicum,Tretogonia notatifrons,,feeds-on,eatenBy,,"globalbioticinteractions.org, fetched 2026-09-02"
Capsicum,Udea ferrugalis,,feeds-on,hostOf,,"globalbioticinteractions.org, fetched 2026-09-02"
Capsicum,Utetheisa pulchella,,feeds-on,eatenBy,,"globalbioticinteractions.org, fetched 2026-09-02"
Capsicum,Xylocopa sonorina,,feeds-on,eatenBy,,"globalbioticinteractions.org, fetched 2026-09-02"
Capsicum,Zenaida galapagoensis,,feeds-on,eatenBy,,"globalbioticinteractions.org, fetched 2026-09-02"
Capsicum,Zeuzera,,feeds-on,hostOf,,"globalbioticinteractions.org, fetched 2026-09-02"
Carex,Acanthis flammea,,feeds-on,eatenBy,,"globalbioticinteractions.org, fetched 2026-09-02"
Carex,Achorotile albosignata,,feeds-on,eatenBy,,"globalbioticinteractions.org, fetched 2026-09-02"
Carex,Aconura fasciata,,feeds-on,eatenBy,,"globalbioticinteractions.org, fetched 2026-09-02"
Carex,Aconura jakowlefi,,feeds-on,eatenBy,,"globalbioticinteractions.org, fetched 2026-09-02"
Carex,Acromega scurrilis,,feeds-on,eatenBy,,"globalbioticinteractions.org, fetched 2026-09-02"
Carex,Adarrus multinotatus,,feeds-on,eatenBy,,"globalbioticinteractions.org, fetched 2026-09-02"
Carex,Agelaius phoeniceus,,feeds-on,eatenBy,,"globalbioticinteractions.org, fetched 2026-09-02"
Carex,Aglena ornata,,feeds-on,eatenBy,,"globalbioticinteractions.org, fetched 2026-09-02"
Carex,Allygidius commutatus,,feeds-on,eatenBy,,"globalbioticinteractions.org, fetched 2026-09-02"
Carex,Altaiotettix forficula,,feeds-on,eatenBy,,"globalbioticinteractions.org, fetched 2026-09-02"
Carex,Ammodramus savannarum,,feeds-on,eatenBy,,"globalbioticinteractions.org, fetched 2026-09-02"
Carex,Amphipoea americana,,feeds-on,eatenBy,,"globalbioticinteractions.org, fetched 2026-09-02"
Carex,Amplicephalus osborni,,feeds-on,eatenBy,,"globalbioticinteractions.org, fetched 2026-09-02"
Carex,Anaceratagallia aciculata,,feeds-on,eatenBy,,"globalbioticinteractions.org, fetched 2026-09-02"
Carex,Anaceratagallia acuteangulata,,feeds-on,eatenBy,,"globalbioticinteractions.org, fetched 2026-09-02"
Carex,Anaceratagallia camphorosmatis,,feeds-on,eatenBy,,"globalbioticinteractions.org, fetched 2026-09-02"
Carex,Anaceratagallia estonica,,feeds-on,eatenBy,,"globalbioticinteractions.org, fetched 2026-09-02"
Carex,Anaceratagallia glabra,,feeds-on,eatenBy,,"globalbioticinteractions.org, fetched 2026-09-02"
Carex,Anaceratagallia ribauti,,feeds-on,eatenBy,,"globalbioticinteractions.org, fetched 2026-09-02"
Carex,Anaceratagallia venosa,,feeds-on,eatenBy,,"globalbioticinteractions.org, fetched 2026-09-02"
Carex,Anakelisia perspicillata,,feeds-on,eatenBy,,"globalbioticinteractions.org, fetched 2026-09-02"
Carex,Anas acuta,,feeds-on,eatenBy,,"globalbioticinteractions.org, fetched 2026-09-02"
Carex,Anas crecca,,feeds-on,eatenBy,,"globalbioticinteractions.org, fetched 2026-09-02"
Carex,Anoscopus flavostriatus flavostriatus,,feeds-on,eatenBy,,"globalbioticinteractions.org, fetched 2026-09-02"
Carex,Anser brachyrhynchus,,feeds-on,eatenBy,,"globalbioticinteractions.org, fetched 2026-09-02"
Carex,Anser caerulescens,,feeds-on,eatenBy,,"globalbioticinteractions.org, fetched 2026-09-02"
Carex,Anthus rubescens,,feeds-on,eatenBy,,"globalbioticinteractions.org, fetched 2026-09-02"
Carex,Anzygina zealandica,,feeds-on,eatenBy,,"globalbioticinteractions.org, fetched 2026-09-02"
Carex,Apamea indocilis,,feeds-on,eatenBy,,"globalbioticinteractions.org, fetched 2026-09-02"
Carex,Aphantopus hyperantus,,feeds-on,eatenBy,,"globalbioticinteractions.org, fetched 2026-09-02"
Carex,Aphrodes astrachanica,,feeds-on,eatenBy,,"globalbioticinteractions.org, fetched 2026-09-02"
Carex,Aphrophora major,,feeds-on,eatenBy,,"globalbioticinteractions.org, fetched 2026-09-02"
Carex,Aporophyla australis,,feeds-on,eatenBy,,"globalbioticinteractions.org, fetched 2026-09-02"
Carex,Arocephalus longiceps longiceps,,feeds-on,eatenBy,,"globalbioticinteractions.org, fetched 2026-09-02"
Carex,Arthaldeus pascuellus,,feeds-on,eatenBy,,"globalbioticinteractions.org, fetched 2026-09-02"
Carex,Aruena apicimaculata,,feeds-on,eatenBy,,"globalbioticinteractions.org, fetched 2026-09-02"
Carex,Asianidia pallescita,,feeds-on,eatenBy,,"globalbioticinteractions.org, fetched 2026-09-02"
Carex,Astacus astacus,,feeds-on,eatenBy,,"globalbioticinteractions.org, fetched 2026-09-02"
Carex,Athysanus quadrum,,feeds-on,eatenBy,,"globalbioticinteractions.org, fetched 2026-09-02"
Carex,Auridius melinus,,feeds-on,eatenBy,,"globalbioticinteractions.org, fetched 2026-09-02"
Carex,Auridius vitellinus,,feeds-on,eatenBy,,"globalbioticinteractions.org, fetched 2026-09-02"
Carex,Bagous chandleri,,feeds-on,eatenBy,,"globalbioticinteractions.org, fetched 2026-09-02"
Carex,Balclutha abdominalis abdominalis,,feeds-on,eatenBy,,"globalbioticinteractions.org, fetched 2026-09-02"
Carex,Balclutha tricolor,,feeds-on,eatenBy,,"globalbioticinteractions.org, fetched 2026-09-02"
Carex,Batracomorphus angustatus,,feeds-on,eatenBy,,"globalbioticinteractions.org, fetched 2026-09-02"
Carex,BOLD:ACC3917,,feeds-on,eatenBy,,"globalbioticinteractions.org, fetched 2026-09-02"
Carex,BOLD:ACJ0481,,feeds-on,eatenBy,,"globalbioticinteractions.org, fetched 2026-09-02"
Carex,BOLD:ADF8875,,feeds-on,eatenBy,,"globalbioticinteractions.org, fetched 2026-09-02"
Carex,BOLD:ADF9908,,feeds-on,eatenBy,,"globalbioticinteractions.org, fetched 2026-09-02"
Carex,BOLD:ADG2478,,feeds-on,eatenBy,,"globalbioticinteractions.org, fetched 2026-09-02"
Carex,Bombylius major,,feeds-on,eatenBy,,"globalbioticinteractions.org, fetched 2026-09-02"
Carex,Bonasa umbellus,,feeds-on,eatenBy,,"globalbioticinteractions.org, fetched 2026-09-02"
Carex,Boreolimnus incisurus,,feeds-on,eatenBy,,"globalbioticinteractions.org, fetched 2026-09-02"
Carex,Brachythops flavens,,feeds-on,eatenBy,,"globalbioticinteractions.org, fetched 2026-09-02"
Carex,Branta canadensis,,feeds-on,eatenBy,,"globalbioticinteractions.org, fetched 2026-09-02"
Carex,Branta leucopsis,,feeds-on,eatenBy,,"globalbioticinteractions.org, fetched 2026-09-02"
Carex,Calcarius lapponicus,,feeds-on,eatenBy,,"globalbioticinteractions.org, fetched 2026-09-02"
Carex,Calligypona reyi,,feeds-on,eatenBy,,"globalbioticinteractions.org, fetched 2026-09-02"
Carex,Capreolus capreolus,,feeds-on,eatenBy,,"globalbioticinteractions.org, fetched 2026-09-02"
Carex,Cardinalis cardinalis,,feeds-on,eatenBy,,"globalbioticinteractions.org, fetched 2026-09-02"
Carex,Cedusa cedusa,,feeds-on,eatenBy,,"globalbioticinteractions.org, fetched 2026-09-02"
Carex,Ceragra deserticola,,feeds-on,eatenBy,,"globalbioticinteractions.org, fetched 2026-09-02"
Carex,Ceratocranus agamopsyche,,feeds-on,eatenBy,,"globalbioticinteractions.org, fetched 2026-09-02"
Carex,Cervus elaphus,,feeds-on,eatenBy,,"globalbioticinteractions.org, fetched 2026-09-02"
Carex,Cerynia maria,,feeds-on,eatenBy,,"globalbioticinteractions.org, fetched 2026-09-02"
Carex,Chlaenius sericeus,,feeds-on,eatenBy,,"globalbioticinteractions.org, fetched 2026-09-02"
Carex,Chloriona unicolor,,feeds-on,eatenBy,,"globalbioticinteractions.org, fetched 2026-09-02"
Carex,Chorthippus biguttulus,,feeds-on,eatenBy,,"globalbioticinteractions.org, fetched 2026-09-02"
Carex,Chorthippus montanus,,feeds-on,eatenBy,,"globalbioticinteractions.org, fetched 2026-09-02"
Carex,Chrysochraon dispar,,feeds-on,eatenBy,,"globalbioticinteractions.org, fetched 2026-09-02"
Carex,Cicadula (Cicadula) ciliata,,feeds-on,eatenBy,,"globalbioticinteractions.org, fetched 2026-09-02"
Carex,Cicadula (Cicadula) intermedia,,feeds-on,eatenBy,,"globalbioticinteractions.org, fetched 2026-09-02"
Carex,Cicadula (Cicadula) melanogaster,,feeds-on,eatenBy,,"globalbioticinteractions.org, fetched 2026-09-02"
Carex,Cicadula (Cicadula) vittipennis,,feeds-on,eatenBy,,"globalbioticinteractions.org, fetched 2026-09-02"
Carex,Cicadula albingensis,,feeds-on,eatenBy,,"globalbioticinteractions.org, fetched 2026-09-02"
Carex,Cicadula ciliata,,feeds-on,eatenBy,,"globalbioticinteractions.org, fetched 2026-09-02"
Carex,Cicadula flori,,feeds-on,eatenBy,,"globalbioticinteractions.org, fetched 2026-09-02"
Carex,Cicadula frontalis,,feeds-on,eatenBy,,"globalbioticinteractions.org, fetched 2026-09-02"
Carex,Cicadula intermedia,,feeds-on,eatenBy,,"globalbioticinteractions.org, fetched 2026-09-02"
Carex,Cicadula melanogaster,,feeds-on,eatenBy,,"globalbioticinteractions.org, fetched 2026-09-02"
Carex,Cicadula ornata,,feeds-on,eatenBy,,"globalbioticinteractions.org, fetched 2026-09-02"
Carex,Cicadula persimilis,,feeds-on,eatenBy,,"globalbioticinteractions.org, fetched 2026-09-02"
Carex,Cicadula placida,,feeds-on,eatenBy,,"globalbioticinteractions.org, fetched 2026-09-02"
Carex,Cicadula quadripunctata,,feeds-on,eatenBy,,"globalbioticinteractions.org, fetched 2026-09-02"
Carex,Cicadula quinquenotata,,feeds-on,eatenBy,,"globalbioticinteractions.org, fetched 2026-09-02"
Carex,Cicadula saturata,,feeds-on,eatenBy,,"globalbioticinteractions.org, fetched 2026-09-02"
Carex,Cicadula subcupraea,,feeds-on,eatenBy,,"globalbioticinteractions.org, fetched 2026-09-02"
Carex,Cingilia catenaria,,feeds-on,eatenBy,,"globalbioticinteractions.org, fetched 2026-09-02"
Carex,Cixius similis,,feeds-on,eatenBy,,"globalbioticinteractions.org, fetched 2026-09-02"
Carex,Coelestinus kasakhstanicus,,feeds-on,eatenBy,,"globalbioticinteractions.org, fetched 2026-09-02"
Carex,Coenonympha tullia,,feeds-on,eatenBy,,"globalbioticinteractions.org, fetched 2026-09-02"
Carex,Coleoptera,,feeds-on,eatenBy,,"globalbioticinteractions.org, fetched 2026-09-02"
Carex,Cordilura ciliata,,feeds-on,eatenBy,,"globalbioticinteractions.org, fetched 2026-09-02"
Carex,Cosmopterix clemensella,,feeds-on,eatenBy,,"globalbioticinteractions.org, fetched 2026-09-02"
Carex,Cosmopterix ebriola,,feeds-on,eatenBy,,"globalbioticinteractions.org, fetched 2026-09-02"
Carex,Cosmopterix fernaldella,,feeds-on,eatenBy,,"globalbioticinteractions.org, fetched 2026-09-02"
Carex,Cosmotettix (Airosius) multinotatus,,feeds-on,eatenBy,,"globalbioticinteractions.org, fetched 2026-09-02"
Carex,Cosmotettix aurantiacus,,feeds-on,eatenBy,,"globalbioticinteractions.org, fetched 2026-09-02"
Carex,Cosmotettix bilineatus,,feeds-on,eatenBy,,"globalbioticinteractions.org, fetched 2026-09-02"
Carex,Cosmotettix caudatus,,feeds-on,eatenBy,,"globalbioticinteractions.org, fetched 2026-09-02"
Carex,Cosmotettix costalis,,feeds-on,eatenBy,,"globalbioticinteractions.org, fetched 2026-09-02"
Carex,Cosmotettix delector,,feeds-on,eatenBy,,"globalbioticinteractions.org, fetched 2026-09-02"
Carex,Cosmotettix edwardsi,,feeds-on,eatenBy,,"globalbioticinteractions.org, fetched 2026-09-02"
Carex,Cosmotettix limatus,,feeds-on,eatenBy,,"globalbioticinteractions.org, fetched 2026-09-02"
Carex,Cosmotettix paludosus,,feeds-on,eatenBy,,"globalbioticinteractions.org, fetched 2026-09-02"
Carex,Cosmotettix pyrifer,,feeds-on,eatenBy,,"globalbioticinteractions.org, fetched 2026-09-02"
Carex,Cosmotettix tigriceps,,feeds-on,eatenBy,,"globalbioticinteractions.org, fetched 2026-09-02"
Carex,Cosmotettix wagneri,,feeds-on,eatenBy,,"globalbioticinteractions.org, fetched 2026-09-02"
Carex,Crambus silvella,,feeds-on,eatenBy,,"globalbioticinteractions.org, fetched 2026-09-02"
Carex,Crambus uliginosellus,,feeds-on,eatenBy,,"globalbioticinteractions.org, fetched 2026-09-02"
Carex,Criomorphus albomarginatus,,feeds-on,eatenBy,,"globalbioticinteractions.org, fetched 2026-09-02"
Carex,Criomorphus ovis,,feeds-on,eatenBy,,"globalbioticinteractions.org, fetched 2026-09-02"
Carex,Ctenucha virginica,,feeds-on,eatenBy,,"globalbioticinteractions.org, fetched 2026-09-02"
Carex,Cygnus buccinator,,feeds-on,eatenBy,,"globalbioticinteractions.org, fetched 2026-09-02"
Carex,Cygnus columbianus,,feeds-on,eatenBy,,"globalbioticinteractions.org, fetched 2026-09-02"
Carex,Cymus claviculus,,feeds-on,eatenBy,,"globalbioticinteractions.org, fetched 2026-09-02"
Carex,Dargida procinctus,,feeds-on,eatenBy,,"globalbioticinteractions.org, fetched 2026-09-02"
Carex,Decticus verrucivorus verrucivorus,,feeds-on,eatenBy,,"globalbioticinteractions.org, fetched 2026-09-02"
Carex,Delphacodes capnodes,,feeds-on,eatenBy,,"globalbioticinteractions.org, fetched 2026-09-02"
Carex,Delphacodes venosus,,feeds-on,eatenBy,,"globalbioticinteractions.org, fetched 2026-09-02"
Carex,Delphax armeniacus,,feeds-on,eatenBy,,"globalbioticinteractions.org, fetched 2026-09-02"
Carex,Delphax crassicornis,,feeds-on,eatenBy,,"globalbioticinteractions.org, fetched 2026-09-02"
Carex,Delphax orientalis,,feeds-on,eatenBy,,"globalbioticinteractions.org, fetched 2026-09-02"
Carex,Delphax ribautianus,,feeds-on,eatenBy,,"globalbioticinteractions.org, fetched 2026-09-02"
Carex,Deltocephalus lineatifrons,,feeds-on,eatenBy,,"globalbioticinteractions.org, fetched 2026-09-02"
Carex,Deltocephalus pulicaris,,feeds-on,eatenBy,,"globalbioticinteractions.org, fetched 2026-09-02"
Carex,Deltote bankiana,,feeds-on,eatenBy,,"globalbioticinteractions.org, fetched 2026-09-02"
Carex,Deltote bellicula,,feeds-on,eatenBy,,"globalbioticinteractions.org, fetched 2026-09-02"
Carex,Denticucullus pygmina,,feeds-on,eatenBy,,"globalbioticinteractions.org, fetched 2026-09-02"
Carex,Dicraneurula exigua,,feeds-on,eatenBy,,"globalbioticinteractions.org, fetched 2026-09-02"
Carex,Dicranotropis hamata,,feeds-on,eatenBy,,"globalbioticinteractions.org, fetched 2026-09-02"
Carex,Dictyophara pannonica,,feeds-on,eatenBy,,"globalbioticinteractions.org, fetched 2026-09-02"
Carex,Dikraneura ossia,,feeds-on,eatenBy,,"globalbioticinteractions.org, fetched 2026-09-02"
Carex,Dikraneura variata,,feeds-on,eatenBy,,"globalbioticinteractions.org, fetched 2026-09-02"
Carex,Diplocolenus evansi,,feeds-on,eatenBy,,"globalbioticinteractions.org, fetched 2026-09-02"
Carex,Ditropsis flavipes,,feeds-on,eatenBy,,"globalbioticinteractions.org, fetched 2026-09-02"
Carex,Dolerus anticus,,feeds-on,eatenBy,,"globalbioticinteractions.org, fetched 2026-09-02"
Carex,Dolerus haematodes,,feeds-on,eatenBy,,"globalbioticinteractions.org, fetched 2026-09-02"
Carex,Dolerus stygius,,feeds-on,eatenBy,,"globalbioticinteractions.org, fetched 2026-09-02"
Carex,Donacaula forficella,,feeds-on,eatenBy,,"globalbioticinteractions.org, fetched 2026-09-02"
Carex,Donacaula melinellus,,feeds-on,eatenBy,,"globalbioticinteractions.org, fetched 2026-09-02"
Carex,Donacaula mucronella,,feeds-on,eatenBy,,"globalbioticinteractions.org, fetched 2026-09-02"
Carex,Donacia antiqua,,feeds-on,eatenBy,,"globalbioticinteractions.org, fetched 2026-09-02"
Carex,Donacia aquatica,,feeds-on,eatenBy,,"globalbioticinteractions.org, fetched 2026-09-02"
Carex,Donacia bicolora,,feeds-on,eatenBy,,"globalbioticinteractions.org, fetched 2026-09-02"
Carex,Donacia brevicornis,,feeds-on,eatenBy,,"globalbioticinteractions.org, fetched 2026-09-02"
Carex,Donacia cinerea,,feeds-on,eatenBy,,"globalbioticinteractions.org, fetched 2026-09-02"
Carex,Donacia impressa,,feeds-on,eatenBy,,"globalbioticinteractions.org, fetched 2026-09-02"
Carex,Donacia marginata,,feeds-on,eatenBy,,"globalbioticinteractions.org, fetched 2026-09-02"
Carex,Donacia obscura,,feeds-on,eatenBy,,"globalbioticinteractions.org, fetched 2026-09-02"
Carex,Donacia reticulata,,feeds-on,eatenBy,,"globalbioticinteractions.org, fetched 2026-09-02"
Carex,Donacia simplex,,feeds-on,eatenBy,,"globalbioticinteractions.org, fetched 2026-09-02"
Carex,Donacia vulgaris,,feeds-on,eatenBy,,"globalbioticinteractions.org, fetched 2026-09-02"
Carex,Doratura homophyla,,feeds-on,eatenBy,,"globalbioticinteractions.org, fetched 2026-09-02"
Carex,Draeculacephala antica,,feeds-on,eatenBy,,"globalbioticinteractions.org, fetched 2026-09-02"
Carex,Draeculacephala constricta,,feeds-on,eatenBy,,"globalbioticinteractions.org, fetched 2026-09-02"
Carex,Draeculacephala mollipes,,feeds-on,eatenBy,,"globalbioticinteractions.org, fetched 2026-09-02"
Carex,Draeculacephala noveboracensis,,feeds-on,eatenBy,,"globalbioticinteractions.org, fetched 2026-09-02"
Carex,Draeculacephala robinsoni,,feeds-on,eatenBy,,"globalbioticinteractions.org, fetched 2026-09-02"
Carex,Elachiptera austriaca,,feeds-on,eatenBy,,"globalbioticinteractions.org, fetched 2026-09-02"
Carex,Elachiptera brevipennis,,feeds-on,eatenBy,,"globalbioticinteractions.org, fetched 2026-09-02"
Carex,Elachiptera scrobiculata,,feeds-on,eatenBy,,"globalbioticinteractions.org, fetched 2026-09-02"
Carex,Elachista albidella,,feeds-on,eatenBy,,"globalbioticinteractions.org, fetched 2026-09-02"
Carex,Elachista alpinella,,feeds-on,eatenBy,,"globalbioticinteractions.org, fetched 2026-09-02"
Carex,Elachista cucullata,,feeds-on,eatenBy,,"globalbioticinteractions.org, fetched 2026-09-02"
Carex,Elachista eleochariella,,feeds-on,eatenBy,,"globalbioticinteractions.org, fetched 2026-09-02"
Carex,Elachista humilis,,feeds-on,eatenBy,,"globalbioticinteractions.org, fetched 2026-09-02"
Carex,Elachista kilmunella,,feeds-on,eatenBy,,"globalbioticinteractions.org, fetched 2026-09-02"
Carex,Elachista nobilella,,feeds-on,eatenBy,,"globalbioticinteractions.org, fetched 2026-09-02"
Carex,Elachista subalbidella,,feeds-on,eatenBy,,"globalbioticinteractions.org, fetched 2026-09-02"
Carex,Elachista utonella,,feeds-on,eatenBy,,"globalbioticinteractions.org, fetched 2026-09-02"
Carex,Elachodelphax metcalfi,,feeds-on,eatenBy,,"globalbioticinteractions.org, fetched 2026-09-02"
Carex,Elymana sulphurella,,feeds-on,eatenBy,,"globalbioticinteractions.org, fetched 2026-09-02"
Carex,Emeljanovianus pratensis,,feeds-on,eatenBy,,"globalbioticinteractions.org, fetched 2026-09-02"
Carex,Emelyanoviana mollicula,,feeds-on,eatenBy,,"globalbioticinteractions.org, fetched 2026-09-02"
Carex,Emydoidea blandingii,,feeds-on,eatenBy,,"globalbioticinteractions.org, fetched 2026-09-02"
Carex,Endria nebulosa,,feeds-on,eatenBy,,"globalbioticinteractions.org, fetched 2026-09-02"
Carex,Epistagma guttulinervis,,feeds-on,eatenBy,,"globalbioticinteractions.org, fetched 2026-09-02"
Carex,Epistagma sanguinisparsa,,feeds-on,eatenBy,,"globalbioticinteractions.org, fetched 2026-09-02"
Carex,Erebia ligea,,feeds-on,eatenBy,,"globalbioticinteractions.org, fetched 2026-09-02"
Carex,Erebia manto,,feeds-on,eatenBy,,"globalbioticinteractions.org, fetched 2026-09-02"
Carex,Ericryphalus trypanoides,,feeds-on,eatenBy,,"globalbioticinteractions.org, fetched 2026-09-02"
Carex,Erythria aureola,,feeds-on,eatenBy,,"globalbioticinteractions.org, fetched 2026-09-02"
Carex,Erzaleus metrius,,feeds-on,eatenBy,,"globalbioticinteractions.org, fetched 2026-09-02"
Carex,Euconomelus lepidus,,feeds-on,eatenBy,,"globalbioticinteractions.org, fetched 2026-09-02"
Carex,Euides alpina,,feeds-on,eatenBy,,"globalbioticinteractions.org, fetched 2026-09-02"
Carex,Euides basilinea,,feeds-on,eatenBy,,"globalbioticinteractions.org, fetched 2026-09-02"
Carex,Eupelix cuspidata,,feeds-on,eatenBy,,"globalbioticinteractions.org, fetched 2026-09-02"
Carex,Euphyes bimacula,,feeds-on,eatenBy,,"globalbioticinteractions.org, fetched 2026-09-02"
Carex,Euphyes conspicua,,feeds-on,eatenBy,,"globalbioticinteractions.org, fetched 2026-09-02"
Carex,Eurybregma nigrolineata,,feeds-on,eatenBy,,"globalbioticinteractions.org, fetched 2026-09-02"
Carex,Eurybregma pygalis,,feeds-on,eatenBy,,"globalbioticinteractions.org, fetched 2026-09-02"
Carex,Eurygaster testudinaria,,feeds-on,eatenBy,,"globalbioticinteractions.org, fetched 2026-09-02"
Carex,Euthystira brachyptera,,feeds-on,eatenBy,,"globalbioticinteractions.org, fetched 2026-09-02"
Carex,Euura clibrichella,,feeds-on,eatenBy,,"globalbioticinteractions.org, fetched 2026-09-02"
Carex,Falcotoya simulans,,feeds-on,eatenBy,,"globalbioticinteractions.org, fetched 2026-09-02"
Carex,Fitchana vitellina,,feeds-on,eatenBy,,"globalbioticinteractions.org, fetched 2026-09-02"
Carex,Flastena fumipennis,,feeds-on,eatenBy,,"globalbioticinteractions.org, fetched 2026-09-02"
Carex,Florodelphax paryphasma,,feeds-on,eatenBy,,"globalbioticinteractions.org, fetched 2026-09-02"
Carex,Forcipata citrinella,,feeds-on,eatenBy,,"globalbioticinteractions.org, fetched 2026-09-02"
Carex,Fulica americana,,feeds-on,eatenBy,,"globalbioticinteractions.org, fetched 2026-09-02"
Carex,Glyphipterix forsterella,,feeds-on,eatenBy,,"globalbioticinteractions.org, fetched 2026-09-02"
Carex,Glyphipterix scintelella,,feeds-on,eatenBy,,"globalbioticinteractions.org, fetched 2026-09-02"
Carex,Gomphocerippus rufus,,feeds-on,eatenBy,,"globalbioticinteractions.org, fetched 2026-09-02"
Carex,Gomphocerus sibiricus,,feeds-on,eatenBy,,"globalbioticinteractions.org, fetched 2026-09-02"
Carex,Goniodes capitatus,,feeds-on,eatenBy,,"globalbioticinteractions.org, fetched 2026-09-02"
Carex,Goniodes klockenhoffi,,feeds-on,eatenBy,,"globalbioticinteractions.org, fetched 2026-09-02"
Carex,Goniodes tetraophasis,,feeds-on,eatenBy,,"globalbioticinteractions.org, fetched 2026-09-02"
Carex,Graphocraerus ventralis,,feeds-on,eatenBy,,"globalbioticinteractions.org, fetched 2026-09-02"
Carex,Grus canadensis,,feeds-on,eatenBy,,"globalbioticinteractions.org, fetched 2026-09-02"
Carex,Hebata decipiens,,feeds-on,eatenBy,,"globalbioticinteractions.org, fetched 2026-09-02"
Carex,Hebata decipiens decipiens,,feeds-on,eatenBy,,"globalbioticinteractions.org, fetched 2026-09-02"
Carex,Hebata karatavica,,feeds-on,eatenBy,,"globalbioticinteractions.org, fetched 2026-09-02"
Carex,Hebata kontkaneni,,feeds-on,eatenBy,,"globalbioticinteractions.org, fetched 2026-09-02"
Carex,Hebata minor,,feeds-on,eatenBy,,"globalbioticinteractions.org, fetched 2026-09-02"
Carex,Hebata sibirica,,feeds-on,eatenBy,,"globalbioticinteractions.org, fetched 2026-09-02"
Carex,Hebata solani,,feeds-on,eatenBy,,"globalbioticinteractions.org, fetched 2026-09-02"
Carex,Hebata vitis,,feeds-on,eatenBy,,"globalbioticinteractions.org, fetched 2026-09-02"
Carex,Helochara communis,,feeds-on,eatenBy,,"globalbioticinteractions.org, fetched 2026-09-02"
Carex,Hemiptera,,feeds-on,eatenBy,,"globalbioticinteractions.org, fetched 2026-09-02"
Carex,Hipparchia statilinus,,feeds-on,eatenBy,,"globalbioticinteractions.org, fetched 2026-09-02"
Carex,Hydrellia,,feeds-on,eatenBy,,"globalbioticinteractions.org, fetched 2026-09-02"
Carex,Hylesinus varius,,feeds-on,eatenBy,,"globalbioticinteractions.org, fetched 2026-09-02"
Carex,Javesella bottnica,,feeds-on,eatenBy,,"globalbioticinteractions.org, fetched 2026-09-02"
Carex,Javesella compacta,,feeds-on,eatenBy,,"globalbioticinteractions.org, fetched 2026-09-02"
Carex,Javesella discolor,,feeds-on,eatenBy,,"globalbioticinteractions.org, fetched 2026-09-02"
Carex,Javesella dubia,,feeds-on,eatenBy,,"globalbioticinteractions.org, fetched 2026-09-02"
Carex,Javesella forcipata,,feeds-on,eatenBy,,"globalbioticinteractions.org, fetched 2026-09-02"
Carex,Javesella obscurella,,feeds-on,eatenBy,,"globalbioticinteractions.org, fetched 2026-09-02"
Carex,Javesella salina,,feeds-on,eatenBy,,"globalbioticinteractions.org, fetched 2026-09-02"
Carex,Javesella simillima,,feeds-on,eatenBy,,"globalbioticinteractions.org, fetched 2026-09-02"
Carex,Kateretes rufilabris,,feeds-on,eatenBy,,"globalbioticinteractions.org, fetched 2026-09-02"
Carex,Kelisia guttulifera,,feeds-on,eatenBy,,"globalbioticinteractions.org, fetched 2026-09-02"
Carex,Kelisia italica,,feeds-on,eatenBy,,"globalbioticinteractions.org, fetched 2026-09-02"
Carex,Kelisia melanops,,feeds-on,eatenBy,,"globalbioticinteractions.org, fetched 2026-09-02"
Carex,Kelisia melanura,,feeds-on,eatenBy,,"globalbioticinteractions.org, fetched 2026-09-02"
Carex,Kelisia monoceros,,feeds-on,eatenBy,,"globalbioticinteractions.org, fetched 2026-09-02"
Carex,Kelisia occirrega,,feeds-on,eatenBy,,"globalbioticinteractions.org, fetched 2026-09-02"
Carex,Kelisia praecox,,feeds-on,eatenBy,,"globalbioticinteractions.org, fetched 2026-09-02"
Carex,Kelisia punctulum,,feeds-on,eatenBy,,"globalbioticinteractions.org, fetched 2026-09-02"
Carex,Kelisia ribauti,,feeds-on,eatenBy,,"globalbioticinteractions.org, fetched 2026-09-02"
Carex,Kikihia muta muta,,feeds-on,eatenBy,,"globalbioticinteractions.org, fetched 2026-09-02"
Carex,Kosswigianella exigua,,feeds-on,eatenBy,,"globalbioticinteractions.org, fetched 2026-09-02"
Carex,Kusnezoviella dimidiatifrons,,feeds-on,eatenBy,,"globalbioticinteractions.org, fetched 2026-09-02"
Carex,Lagopus muta,,feeds-on,eatenBy,,"globalbioticinteractions.org, fetched 2026-09-02"
Carex,Lemellus bimaculatus,,feeds-on,eatenBy,,"globalbioticinteractions.org, fetched 2026-09-02"
Carex,Leptofloria leptosoma,,feeds-on,eatenBy,,"globalbioticinteractions.org, fetched 2026-09-02"
Carex,Leptophyes punctatissima,,feeds-on,eatenBy,,"globalbioticinteractions.org, fetched 2026-09-02"
Carex,Lepyronia coleoptrata,,feeds-on,eatenBy,,"globalbioticinteractions.org, fetched 2026-09-02"
Carex,Leucania phragmitidicola,,feeds-on,eatenBy,,"globalbioticinteractions.org, fetched 2026-09-02"
Carex,Limnobaris dolorosa,,feeds-on,eatenBy,,"globalbioticinteractions.org, fetched 2026-09-02"
Carex,Limotettix atricapillus,,feeds-on,eatenBy,,"globalbioticinteractions.org, fetched 2026-09-02"
Carex,Limotettix ochrifrons,,feeds-on,eatenBy,,"globalbioticinteractions.org, fetched 2026-09-02"
Carex,Limotettix pallidus,,feeds-on,eatenBy,,"globalbioticinteractions.org, fetched 2026-09-02"
Carex,Limotettix parallelus,,feeds-on,eatenBy,,"globalbioticinteractions.org, fetched 2026-09-02"
Carex,Limotettix salinus,,feeds-on,eatenBy,,"globalbioticinteractions.org, fetched 2026-09-02"
Carex,Limotettix sphagneticus,,feeds-on,eatenBy,,"globalbioticinteractions.org, fetched 2026-09-02"
Carex,Limotettix striola ferganensis,,feeds-on,eatenBy,,"globalbioticinteractions.org, fetched 2026-09-02"
Carex,Limotettix striola striola,,feeds-on,eatenBy,,"globalbioticinteractions.org, fetched 2026-09-02"
Carex,Macrochilo absorptalis,,feeds-on,eatenBy,,"globalbioticinteractions.org, fetched 2026-09-02"
Carex,Macrosteles alpinus,,feeds-on,eatenBy,,"globalbioticinteractions.org, fetched 2026-09-02"
Carex,Macrosteles alticola,,feeds-on,eatenBy,,"globalbioticinteractions.org, fetched 2026-09-02"
Carex,Macrosteles cristatus,,feeds-on,eatenBy,,"globalbioticinteractions.org, fetched 2026-09-02"
Carex,Macrosteles ehensis,,feeds-on,eatenBy,,"globalbioticinteractions.org, fetched 2026-09-02"
Carex,Macrosteles fieberi,,feeds-on,eatenBy,,"globalbioticinteractions.org, fetched 2026-09-02"
Carex,Macrosteles fieberi affinis,,feeds-on,eatenBy,,"globalbioticinteractions.org, fetched 2026-09-02"
Carex,Macrosteles fieberi fieberi,,feeds-on,eatenBy,,"globalbioticinteractions.org, fetched 2026-09-02"
Carex,Macrosteles glacialis,,feeds-on,eatenBy,,"globalbioticinteractions.org, fetched 2026-09-02"
Carex,Macrosteles ignarus,,feeds-on,eatenBy,,"globalbioticinteractions.org, fetched 2026-09-02"
Carex,Macrosteles informis,,feeds-on,eatenBy,,"globalbioticinteractions.org, fetched 2026-09-02"
Carex,Macrosteles lepidus,,feeds-on,eatenBy,,"globalbioticinteractions.org, fetched 2026-09-02"
Carex,Macrosteles maritimus,,feeds-on,eatenBy,,"globalbioticinteractions.org, fetched 2026-09-02"
Carex,Macrosteles nabiae,,feeds-on,eatenBy,,"globalbioticinteractions.org, fetched 2026-09-02"
Carex,Macrosteles nielsoni,,feeds-on,eatenBy,,"globalbioticinteractions.org, fetched 2026-09-02"
Carex,Macrosteles oshanini,,feeds-on,eatenBy,,"globalbioticinteractions.org, fetched 2026-09-02"
Carex,Macrosteles provoensis,,feeds-on,eatenBy,,"globalbioticinteractions.org, fetched 2026-09-02"
Carex,Macrosteles quadripunctulatus,,feeds-on,eatenBy,,"globalbioticinteractions.org, fetched 2026-09-02"
Carex,Macrosteles ramosus,,feeds-on,eatenBy,,"globalbioticinteractions.org, fetched 2026-09-02"
Carex,Macrosteles separatus,,feeds-on,eatenBy,,"globalbioticinteractions.org, fetched 2026-09-02"
Carex,Macrosteles septemnotatus,,feeds-on,eatenBy,,"globalbioticinteractions.org, fetched 2026-09-02"
Carex,Macrosteles sexnotatus,,feeds-on,eatenBy,,"globalbioticinteractions.org, fetched 2026-09-02"
Carex,Macrosteles similis,,feeds-on,eatenBy,,"globalbioticinteractions.org, fetched 2026-09-02"
Carex,Macrosteles viridigriseus,,feeds-on,eatenBy,,"globalbioticinteractions.org, fetched 2026-09-02"
Carex,Maiestas schmidtgeni,,feeds-on,eatenBy,,"globalbioticinteractions.org, fetched 2026-09-02"
Carex,Marmota himalayana,,feeds-on,eatenBy,,"globalbioticinteractions.org, fetched 2026-09-02"
Carex,Mecostethus parapleurus,,feeds-on,eatenBy,,"globalbioticinteractions.org, fetched 2026-09-02"
Carex,Melanoplus confusus,,feeds-on,eatenBy,,"globalbioticinteractions.org, fetched 2026-09-02"
Carex,Melospiza melodia,,feeds-on,eatenBy,,"globalbioticinteractions.org, fetched 2026-09-02"
Carex,Metalimnus obtusus,,feeds-on,eatenBy,,"globalbioticinteractions.org, fetched 2026-09-02"
Carex,Metalimnus singularis,,feeds-on,eatenBy,,"globalbioticinteractions.org, fetched 2026-09-02"
Carex,Metalimnus steini,,feeds-on,eatenBy,,"globalbioticinteractions.org, fetched 2026-09-02"
Carex,Metropis inermis,,feeds-on,eatenBy,,"globalbioticinteractions.org, fetched 2026-09-02"
Carex,Micantulina micantula,,feeds-on,eatenBy,,"globalbioticinteractions.org, fetched 2026-09-02"
Carex,Micantulina nigrohumeralis,,feeds-on,eatenBy,,"globalbioticinteractions.org, fetched 2026-09-02"
Carex,Micantulina pseudomicantula,,feeds-on,eatenBy,,"globalbioticinteractions.org, fetched 2026-09-02"
Carex,Micropterix calthella,,feeds-on,eatenBy,,"globalbioticinteractions.org, fetched 2026-09-02"
Carex,Microtus pennsylvanicus,,feeds-on,eatenBy,,"globalbioticinteractions.org, fetched 2026-09-02"
Carex,Mimarada vitellina,,feeds-on,eatenBy,,"globalbioticinteractions.org, fetched 2026-09-02"
Carex,Mimohardya heptneri,,feeds-on,eatenBy,,"globalbioticinteractions.org, fetched 2026-09-02"
Carex,Mocuellus flaveolus,,feeds-on,eatenBy,,"globalbioticinteractions.org, fetched 2026-09-02"
Carex,Mocuellus lingi,,feeds-on,eatenBy,,"globalbioticinteractions.org, fetched 2026-09-02"
Carex,Molothrus ater,,feeds-on,eatenBy,,"globalbioticinteractions.org, fetched 2026-09-02"
Carex,Muirodelphax aubei,,feeds-on,eatenBy,,"globalbioticinteractions.org, fetched 2026-09-02"
Carex,Myndus musivus,,feeds-on,eatenBy,,"globalbioticinteractions.org, fetched 2026-09-02"
Carex,Myrmeleotettix maculatus,,feeds-on,eatenBy,,"globalbioticinteractions.org, fetched 2026-09-02"
Carex,Mythimna impura,,feeds-on,eatenBy,,"globalbioticinteractions.org, fetched 2026-09-02"
Carex,Neoaliturus dubiosus,,feeds-on,eatenBy,,"globalbioticinteractions.org, fetched 2026-09-02"
Carex,Neocrepidodera pallida,,feeds-on,eatenBy,,"globalbioticinteractions.org, fetched 2026-09-02"
Carex,Neohaplegis tarsata,,feeds-on,eatenBy,,"globalbioticinteractions.org, fetched 2026-09-02"
Carex,Neophilaenus albipennis,,feeds-on,eatenBy,,"globalbioticinteractions.org, fetched 2026-09-02"
Carex,Neophilaenus haupti,,feeds-on,eatenBy,,"globalbioticinteractions.org, fetched 2026-09-02"
Carex,Neophilaenus lineatus,,feeds-on,eatenBy,,"globalbioticinteractions.org, fetched 2026-09-02"
Carex,Neottiglossa pusilla,,feeds-on,eatenBy,,"globalbioticinteractions.org, fetched 2026-09-02"
Carex,Nephotettix cincticeps,,feeds-on,eatenBy,,"globalbioticinteractions.org, fetched 2026-09-02"
Carex,Niphisa candens,,feeds-on,eatenBy,,"globalbioticinteractions.org, fetched 2026-09-02"
Carex,Nisia grandiceps,,feeds-on,eatenBy,,"globalbioticinteractions.org, fetched 2026-09-02"
Carex,Nothodelphax guentheri,,feeds-on,eatenBy,,"globalbioticinteractions.org, fetched 2026-09-02"
Carex,Notus flavipennis,,feeds-on,eatenBy,,"globalbioticinteractions.org, fetched 2026-09-02"
Carex,Notus italicus,,feeds-on,eatenBy,,"globalbioticinteractions.org, fetched 2026-09-02"
Carex,Notus minutus,,feeds-on,eatenBy,,"globalbioticinteractions.org, fetched 2026-09-02"
Carex,Notus sitka,,feeds-on,eatenBy,,"globalbioticinteractions.org, fetched 2026-09-02"
Carex,Oedemera croceicollis,,feeds-on,eatenBy,,"globalbioticinteractions.org, fetched 2026-09-02"
Carex,Oeneis bore taygete,,feeds-on,hostOf,,"globalbioticinteractions.org, fetched 2026-09-02"
Carex,Oligia ambigua,,feeds-on,eatenBy,,"globalbioticinteractions.org, fetched 2026-09-02"
Carex,Ommatidiotus inconspicuus,,feeds-on,eatenBy,,"globalbioticinteractions.org, fetched 2026-09-02"
Carex,Ommatidiotus sylvaticus,,feeds-on,eatenBy,,"globalbioticinteractions.org, fetched 2026-09-02"
Carex,Omocestus rufipes,,feeds-on,eatenBy,,"globalbioticinteractions.org, fetched 2026-09-02"
Carex,Oncodelphax micula,,feeds-on,eatenBy,,"globalbioticinteractions.org, fetched 2026-09-02"
Carex,Oncodelphax pullula,,feeds-on,eatenBy,,"globalbioticinteractions.org, fetched 2026-09-02"
Carex,Oncodelphax pullulus,,feeds-on,eatenBy,,"globalbioticinteractions.org, fetched 2026-09-02"
Carex,Ophiolix angustatus,,feeds-on,eatenBy,,"globalbioticinteractions.org, fetched 2026-09-02"
Carex,Ophiolix paludosus,,feeds-on,eatenBy,,"globalbioticinteractions.org, fetched 2026-09-02"
Carex,Ophiolix schedia,,feeds-on,eatenBy,,"globalbioticinteractions.org, fetched 2026-09-02"
Carex,Orius majusculus,,feeds-on,eatenBy,,"globalbioticinteractions.org, fetched 2026-09-02"
Carex,Orthoptera,,feeds-on,eatenBy,,"globalbioticinteractions.org, fetched 2026-09-02"
Carex,Ovis,,feeds-on,eatenBy,,"globalbioticinteractions.org, fetched 2026-09-02"
Carex,Ovis aries,,feeds-on,eatenBy,,"globalbioticinteractions.org, fetched 2026-09-02"
Carex,Paluda gladiola,,feeds-on,eatenBy,,"globalbioticinteractions.org, fetched 2026-09-02"
Carex,Paradelphacodes gvosdevi,,feeds-on,eatenBy,,"globalbioticinteractions.org, fetched 2026-09-02"
Carex,Parafairmairia gracilis,,feeds-on,eatenBy,,"globalbioticinteractions.org, fetched 2026-09-02"
Carex,Paraliburnia rasnitsyni,,feeds-on,eatenBy,,"globalbioticinteractions.org, fetched 2026-09-02"
Carex,Paralimnus elegans,,feeds-on,eatenBy,,"globalbioticinteractions.org, fetched 2026-09-02"
Carex,Paralimnus phragmitis,,feeds-on,eatenBy,,"globalbioticinteractions.org, fetched 2026-09-02"
Carex,Paraphlepsius apertus,,feeds-on,eatenBy,,"globalbioticinteractions.org, fetched 2026-09-02"
Carex,Paraphlepsius humidus,,feeds-on,eatenBy,,"globalbioticinteractions.org, fetched 2026-09-02"
Carex,Paraphlepsius solidaginis,,feeds-on,eatenBy,,"globalbioticinteractions.org, fetched 2026-09-02"
Carex,Passerella iliaca,,feeds-on,eatenBy,,"globalbioticinteractions.org, fetched 2026-09-02"
Carex,Peltonotellus punctifrons,,feeds-on,eatenBy,,"globalbioticinteractions.org, fetched 2026-09-02"
Carex,Pentastiridius leporinus,,feeds-on,eatenBy,,"globalbioticinteractions.org, fetched 2026-09-02"
Carex,Perkinsiella saccharicida,,feeds-on,eatenBy,,"globalbioticinteractions.org, fetched 2026-09-02"
Carex,Pheucticus ludovicianus,,feeds-on,eatenBy,,"globalbioticinteractions.org, fetched 2026-09-02"
Carex,Phlebiastes infortunatus,,feeds-on,eatenBy,,"globalbioticinteractions.org, fetched 2026-09-02"
Carex,Phlebiastes salsuginosus,,feeds-on,eatenBy,,"globalbioticinteractions.org, fetched 2026-09-02"
Carex,Plateumaris consimilis,,feeds-on,eatenBy,,"globalbioticinteractions.org, fetched 2026-09-02"
Carex,Plateumaris discolor,,feeds-on,eatenBy,,"globalbioticinteractions.org, fetched 2026-09-02"
Carex,Plateumaris sericea,,feeds-on,eatenBy,,"globalbioticinteractions.org, fetched 2026-09-02"
Carex,Platymetopius exappendiculatus,,feeds-on,eatenBy,,"globalbioticinteractions.org, fetched 2026-09-02"
Carex,Plectrophenax nivalis,,feeds-on,eatenBy,,"globalbioticinteractions.org, fetched 2026-09-02"
Carex,Pooecetes gramineus,,feeds-on,eatenBy,,"globalbioticinteractions.org, fetched 2026-09-02"
Carex,Porzana carolina,,feeds-on,eatenBy,,"globalbioticinteractions.org, fetched 2026-09-02"
Carex,Psammotettix alienus,,feeds-on,eatenBy,,"globalbioticinteractions.org, fetched 2026-09-02"
Carex,Psammotettix arcuatus,,feeds-on,eatenBy,,"globalbioticinteractions.org, fetched 2026-09-02"
Carex,Psammotettix dealbatus,,feeds-on,eatenBy,,"globalbioticinteractions.org, fetched 2026-09-02"
Carex,Psammotettix dubovskii,,feeds-on,eatenBy,,"globalbioticinteractions.org, fetched 2026-09-02"
Carex,Psammotettix kolosvarensis,,feeds-on,eatenBy,,"globalbioticinteractions.org, fetched 2026-09-02"
Carex,Psammotettix kolosvarensis kolosvarensis,,feeds-on,eatenBy,,"globalbioticinteractions.org, fetched 2026-09-02"
Carex,Psammotettix kublaichani,,feeds-on,eatenBy,,"globalbioticinteractions.org, fetched 2026-09-02"
Carex,Psammotettix mongolicus,,feeds-on,eatenBy,,"globalbioticinteractions.org, fetched 2026-09-02"
Carex,Psammotettix sabulicola,,feeds-on,eatenBy,,"globalbioticinteractions.org, fetched 2026-09-02"
Carex,Psammotettix zaisanensis,,feeds-on,eatenBy,,"globalbioticinteractions.org, fetched 2026-09-02"
Carex,Pseudeustrotia carneola,,feeds-on,eatenBy,,"globalbioticinteractions.org, fetched 2026-09-02"
Carex,Pseudodelphacodes flaviceps,,feeds-on,eatenBy,,"globalbioticinteractions.org, fetched 2026-09-02"
Carex,Rallus limicola,,feeds-on,eatenBy,,"globalbioticinteractions.org, fetched 2026-09-02"
Carex,Recilia coronifer,,feeds-on,eatenBy,,"globalbioticinteractions.org, fetched 2026-09-02"
Carex,Reptalus quinquecostatus,,feeds-on,eatenBy,,"globalbioticinteractions.org, fetched 2026-09-02"
Carex,Rhopalopyx tianshanica,,feeds-on,eatenBy,,"globalbioticinteractions.org, fetched 2026-09-02"
Carex,Rhopalosiphum padi,,feeds-on,eatenBy,,"globalbioticinteractions.org, fetched 2026-09-02"
Carex,Ribautodelphax albostriatus,,feeds-on,eatenBy,,"globalbioticinteractions.org, fetched 2026-09-02"
Carex,Ribautodelphax bicolor,,feeds-on,eatenBy,,"globalbioticinteractions.org, fetched 2026-09-02"
Carex,Ribautodelphax kasachstanica,,feeds-on,eatenBy,,"globalbioticinteractions.org, fetched 2026-09-02"
Carex,Ribautodelphax pungens,,feeds-on,eatenBy,,"globalbioticinteractions.org, fetched 2026-09-02"
Carex,Rigema ornata,,feeds-on,hostOf,,"globalbioticinteractions.org, fetched 2026-09-02"
Carex,Rivula sericealis,,feeds-on,eatenBy,,"globalbioticinteractions.org, fetched 2026-09-02"
Carex,Scaphytopius acutus acutus,,feeds-on,eatenBy,,"globalbioticinteractions.org, fetched 2026-09-02"
Carex,Schizaphis scirpi,,feeds-on,eatenBy,,"globalbioticinteractions.org, fetched 2026-09-02"
Carex,Scirtophaca uralensis,,feeds-on,eatenBy,,"globalbioticinteractions.org, fetched 2026-09-02"
Carex,Sedina buettneri,,feeds-on,eatenBy,,"globalbioticinteractions.org, fetched 2026-09-02"
Carex,Shadelphax eforiae,,feeds-on,eatenBy,,"globalbioticinteractions.org, fetched 2026-09-02"
Carex,Simyra albovenosa,,feeds-on,eatenBy,,"globalbioticinteractions.org, fetched 2026-09-02"
Carex,Sipha glyceriae,,feeds-on,eatenBy,,"globalbioticinteractions.org, fetched 2026-09-02"
Carex,Sogata hakonensis,,feeds-on,eatenBy,,"globalbioticinteractions.org, fetched 2026-09-02"
Carex,Sonorium zyxus,,feeds-on,eatenBy,,"globalbioticinteractions.org, fetched 2026-09-02"
Carex,Sorhoanus assimilis,,feeds-on,eatenBy,,"globalbioticinteractions.org, fetched 2026-09-02"
Carex,Sorhoanus ribauti,,feeds-on,eatenBy,,"globalbioticinteractions.org, fetched 2026-09-02"
Carex,Speudotettix subfusculus,,feeds-on,eatenBy,,"globalbioticinteractions.org, fetched 2026-09-02"
Carex,Sphenocratus palaeomastodon,,feeds-on,eatenBy,,"globalbioticinteractions.org, fetched 2026-09-02"
Carex,Sphenocratus reticulatus,,feeds-on,eatenBy,,"globalbioticinteractions.org, fetched 2026-09-02"
Carex,Spizella passerina,,feeds-on,eatenBy,,"globalbioticinteractions.org, fetched 2026-09-02"
Carex,Stenispa metallica,,feeds-on,eatenBy,,"globalbioticinteractions.org, fetched 2026-09-02"
Carex,Stenobothrus lineatus,,feeds-on,eatenBy,,"globalbioticinteractions.org, fetched 2026-09-02"
Carex,Stenocranus dorsalis,,feeds-on,eatenBy,,"globalbioticinteractions.org, fetched 2026-09-02"
Carex,Stenocranus fuscovittatus,,feeds-on,eatenBy,,"globalbioticinteractions.org, fetched 2026-09-02"
Carex,Stenocranus hokkaidoensis,,feeds-on,eatenBy,,"globalbioticinteractions.org, fetched 2026-09-02"
Carex,Stenocranus major,,feeds-on,eatenBy,,"globalbioticinteractions.org, fetched 2026-09-02"
Carex,Stenocranus sapporensis,,feeds-on,eatenBy,,"globalbioticinteractions.org, fetched 2026-09-02"
Carex,Stenometopiellus angorensis,,feeds-on,eatenBy,,"globalbioticinteractions.org, fetched 2026-09-02"
Carex,Stenometopiellus macilentus,,feeds-on,eatenBy,,"globalbioticinteractions.org, fetched 2026-09-02"
Carex,Stenometopiellus oxianus,,feeds-on,eatenBy,,"globalbioticinteractions.org, fetched 2026-09-02"
Carex,Stenometopiellus strautmani,,feeds-on,eatenBy,,"globalbioticinteractions.org, fetched 2026-09-02"
Carex,Stenometopiellus tianshanicus,,feeds-on,eatenBy,,"globalbioticinteractions.org, fetched 2026-09-02"
Carex,Stethophyma grossum,,feeds-on,eatenBy,,"globalbioticinteractions.org, fetched 2026-09-02"
Carex,Stiromella karatavica,,feeds-on,eatenBy,,"globalbioticinteractions.org, fetched 2026-09-02"
Carex,Stiromella notata,,feeds-on,eatenBy,,"globalbioticinteractions.org, fetched 2026-09-02"
Carex,Stroggylocephalus agrestis,,feeds-on,eatenBy,,"globalbioticinteractions.org, fetched 2026-09-02"
Carex,Struebingianella lugubrina,,feeds-on,eatenBy,,"globalbioticinteractions.org, fetched 2026-09-02"
Carex,Struebingianella paryphasma,,feeds-on,eatenBy,,"globalbioticinteractions.org, fetched 2026-09-02"
Carex,Sulix miridianalis,,feeds-on,eatenBy,,"globalbioticinteractions.org, fetched 2026-09-02"
Carex,Syringius talassicus,,feeds-on,eatenBy,,"globalbioticinteractions.org, fetched 2026-09-02"
Carex,Tanytarsus,,feeds-on,eatenBy,,"globalbioticinteractions.org, fetched 2026-09-02"
Carex,Taurotettix elegans subornatus,,feeds-on,eatenBy,,"globalbioticinteractions.org, fetched 2026-09-02"
Carex,Tbilisica danilevskii,,feeds-on,eatenBy,,"globalbioticinteractions.org, fetched 2026-09-02"
Carex,Tbilisica karatavica,,feeds-on,eatenBy,,"globalbioticinteractions.org, fetched 2026-09-02"
Carex,Tenthredopsis nassata,,feeds-on,eatenBy,,"globalbioticinteractions.org, fetched 2026-09-02"
Carex,Tettigometra (Tettigometra) nasikornis,,feeds-on,eatenBy,,"globalbioticinteractions.org, fetched 2026-09-02"
Carex,Tettigometra (Tettigometra) vitellina,,feeds-on,eatenBy,,"globalbioticinteractions.org, fetched 2026-09-02"
Carex,Tettigometra nasikornis,,feeds-on,eatenBy,,"globalbioticinteractions.org, fetched 2026-09-02"
Carex,Texananus decorus,,feeds-on,eatenBy,,"globalbioticinteractions.org, fetched 2026-09-02"
Carex,Thripsaphis caricicola,,feeds-on,eatenBy,,"globalbioticinteractions.org, fetched 2026-09-02"
Carex,Tournotaris bimaculata,,feeds-on,eatenBy,,"globalbioticinteractions.org, fetched 2026-09-02"
Carex,Toya propinqua,,feeds-on,eatenBy,,"globalbioticinteractions.org, fetched 2026-09-02"
Carex,Toya superba,,feeds-on,eatenBy,,"globalbioticinteractions.org, fetched 2026-09-02"
Carex,Tylozygus bifidus,,feeds-on,eatenBy,,"globalbioticinteractions.org, fetched 2026-09-02"
Carex,Vesiculaphis theobaldi,,feeds-on,eatenBy,,"globalbioticinteractions.org, fetched 2026-09-02"
Carex,Wagneriala franzi,,feeds-on,eatenBy,,"globalbioticinteractions.org, fetched 2026-09-02"
Carex,Wagneriala incisa,,feeds-on,eatenBy,,"globalbioticinteractions.org, fetched 2026-09-02"
Carex,Wagneriala minima,,feeds-on,eatenBy,,"globalbioticinteractions.org, fetched 2026-09-02"
Carex,Wagneriala sinuata,,feeds-on,eatenBy,,"globalbioticinteractions.org, fetched 2026-09-02"
Carex,Xanthodelphax stramineus,,feeds-on,eatenBy,,"globalbioticinteractions.org, fetched 2026-09-02"
Carex,Xanthodelphax xanthus,,feeds-on,eatenBy,,"globalbioticinteractions.org, fetched 2026-09-02"
Carex,Xestocephalus fulvocapitatus,,feeds-on,eatenBy,,"globalbioticinteractions.org, fetched 2026-09-02"
Carex,Xylena vetusta,,feeds-on,eatenBy,,"globalbioticinteractions.org, fetched 2026-09-02"
Carex,Zonotrichia leucophrys,,feeds-on,eatenBy,,"globalbioticinteractions.org, fetched 2026-09-02"
Carex,Zonotrichia querula,,feeds-on,eatenBy,,"globalbioticinteractions.org, fetched 2026-09-02"
Carex,Zyginidia scutellaris,,feeds-on,eatenBy,,"globalbioticinteractions.org, fetched 2026-09-02"
Cercis,Acanalonia conica,,feeds-on,eatenBy,,"globalbioticinteractions.org, fetched 2026-09-02"
Cercis,Acanthis flammea,,feeds-on,eatenBy,,"globalbioticinteractions.org, fetched 2026-09-02"
Cercis,Aceria ceanothi,,feeds-on,hostOf,,"globalbioticinteractions.org, fetched 2026-09-02"
Cercis,Acronicta americana,,feeds-on,hostOf,,"globalbioticinteractions.org, fetched 2026-09-02"
Cercis,Agrilus roscidus,,feeds-on,eatenBy,,"globalbioticinteractions.org, fetched 2026-09-02"
Cercis,Alebra aurea,,feeds-on,eatenBy,,"globalbioticinteractions.org, fetched 2026-09-02"
Cercis,Alebra floridae,,feeds-on,eatenBy,,"globalbioticinteractions.org, fetched 2026-09-02"
Cercis,Alectoris graeca,,feeds-on,eatenBy,,"globalbioticinteractions.org, fetched 2026-09-02"
Cercis,Anastrangalia laetifica,,pollinator,flowersVisitedBy,,"globalbioticinteractions.org, fetched 2026-09-02"
Cercis,Andrena,,pollinator,flowersVisitedBy,,"globalbioticinteractions.org, fetched 2026-09-02"
Cercis,Andrena carlini,,pollinator,flowersVisitedBy,,"globalbioticinteractions.org, fetched 2026-09-02"
Cercis,Andrena cerasifolii,,pollinator,visitedBy,,"globalbioticinteractions.org, fetched 2026-09-02"
Cercis,Andrena cressonii,,pollinator,flowersVisitedBy,,"globalbioticinteractions.org, fetched 2026-09-02"
Cercis,Andrena fenningeri,,pollinator,flowersVisitedBy,,"globalbioticinteractions.org, fetched 2026-09-02"
Cercis,Andrena intermedia,,pollinator,flowersVisitedBy,,"globalbioticinteractions.org, fetched 2026-09-02"
Cercis,Andrena labialis,,pollinator,pollinatedBy,,"globalbioticinteractions.org, fetched 2026-09-02"
Cercis,Andrena milwaukeensis,,pollinator,flowersVisitedBy,,"globalbioticinteractions.org, fetched 2026-09-02"
Cercis,Andrena palpalis,,pollinator,flowersVisitedBy,,"globalbioticinteractions.org, fetched 2026-09-02"
Cercis,Andrena similis,,pollinator,flowersVisitedBy,,"globalbioticinteractions.org, fetched 2026-09-02"
Cercis,Andrena tridens,,pollinator,flowersVisitedBy,,"globalbioticinteractions.org, fetched 2026-09-02"
Cercis,Andrena wilkella,,pollinator,flowersVisitedBy,,"globalbioticinteractions.org, fetched 2026-09-02"
Cercis,Annaphila depicta,,feeds-on,eatenBy,,"globalbioticinteractions.org, fetched 2026-09-02"
Cercis,Annaphila depicta,,pollinator,flowersVisitedBy,,"globalbioticinteractions.org, fetched 2026-09-02"
Cercis,Anoplophora chinensis,,feeds-on,hostOf,,"globalbioticinteractions.org, fetched 2026-09-02"
Cercis,Anser anser,,feeds-on,eatenBy,,"globalbioticinteractions.org, fetched 2026-09-02"
Cercis,Anthaxia cichorii,,feeds-on,eatenBy,,"globalbioticinteractions.org, fetched 2026-09-02"
Cercis,Anthophora aestivalis,,pollinator,pollinatedBy,,"globalbioticinteractions.org, fetched 2026-09-02"
Cercis,Anthophora californica,,feeds-on,eatenBy,,"globalbioticinteractions.org, fetched 2026-09-02"
Cercis,Anthrenus sophonisba,,pollinator,flowersVisitedBy,,"globalbioticinteractions.org, fetched 2026-09-02"
Cercis,Aphis ceanothi,,feeds-on,hostOf,,"globalbioticinteractions.org, fetched 2026-09-02"
Cercis,Aphis pawneepae,,feeds-on,eatenBy,,"globalbioticinteractions.org, fetched 2026-09-02"
Cercis,Apinae,,pollinator,flowersVisitedBy,,"globalbioticinteractions.org, fetched 2026-09-02"
Cercis,Archilochus colubris,,pollinator,flowersVisitedBy,,"globalbioticinteractions.org, fetched 2026-09-02"
Cercis,Archips argyrospila,,feeds-on,eatenBy,,"globalbioticinteractions.org, fetched 2026-09-02"
Cercis,Atalopedes huron,,pollinator,visitedBy,,"globalbioticinteractions.org, fetched 2026-09-02"
Cercis,Automeris louisiana,,feeds-on,hostOf,,"globalbioticinteractions.org, fetched 2026-09-02"
Cercis,Automeris zephyria,,feeds-on,eatenBy,,"globalbioticinteractions.org, fetched 2026-09-02"
Cercis,Battus philenor,,feeds-on,eatenBy,,"globalbioticinteractions.org, fetched 2026-09-02"
Cercis,BOLD:AAG9544,,feeds-on,hostOf,,"globalbioticinteractions.org, fetched 2026-09-02"
Cercis,BOLD:AAN8263,,feeds-on,hostOf,,"globalbioticinteractions.org, fetched 2026-09-02"
Cercis,Bombus,,pollinator,pollinatedBy,,"globalbioticinteractions.org, fetched 2026-09-02"
Cercis,Bombus affinis,,pollinator,flowersVisitedBy,,"globalbioticinteractions.org, fetched 2026-09-02"
Cercis,Bombus auricomus,,pollinator,flowersVisitedBy,,"globalbioticinteractions.org, fetched 2026-09-02"
Cercis,Bombus bifarius,,pollinator,flowersVisitedBy,,"globalbioticinteractions.org, fetched 2026-09-02"
Cercis,Bombus bimaculatus,,feeds-on,eatenBy,,"globalbioticinteractions.org, fetched 2026-09-02"
Cercis,Bombus bimaculatus,,pollinator,flowersVisitedBy,,"globalbioticinteractions.org, fetched 2026-09-02"
Cercis,Bombus fervidus,,pollinator,flowersVisitedBy,,"globalbioticinteractions.org, fetched 2026-09-02"
Cercis,Bombus griseocollis,,feeds-on,eatenBy,,"globalbioticinteractions.org, fetched 2026-09-02"
Cercis,Bombus griseocollis,,pollinator,flowersVisitedBy,,"globalbioticinteractions.org, fetched 2026-09-02"
Cercis,Bombus impatiens,,feeds-on,eatenBy,,"globalbioticinteractions.org, fetched 2026-09-02"
Cercis,Bombus impatiens,,pollinator,flowersVisitedBy,,"globalbioticinteractions.org, fetched 2026-09-02"
Cercis,Bombus inexspectatus,,pollinator,flowersVisitedBy,,"globalbioticinteractions.org, fetched 2026-09-02"
Cercis,Bombus melanopygus,,feeds-on,eatenBy,,"globalbioticinteractions.org, fetched 2026-09-02"
Cercis,Bombus melanopygus,,pollinator,flowersVisitedBy,,"globalbioticinteractions.org, fetched 2026-09-02"
Cercis,Bombus vancouverensis,,pollinator,visitedBy,,"globalbioticinteractions.org, fetched 2026-09-02"
Cercis,Bombus vandykei,,pollinator,flowersVisitedBy,,"globalbioticinteractions.org, fetched 2026-09-02"
Cercis,Bombus vosnesenskii,,feeds-on,eatenBy,,"globalbioticinteractions.org, fetched 2026-09-02"
Cercis,Bombus vosnesenskii,,pollinator,flowersVisitedBy,,"globalbioticinteractions.org, fetched 2026-09-02"
Cercis,Cacopsylla pulchella,,feeds-on,eatenBy,,"globalbioticinteractions.org, fetched 2026-09-02"
Cercis,Cacopsylla pulchella,,pollinator,visitedBy,,"globalbioticinteractions.org, fetched 2026-09-02"
Cercis,Callophrys gryneus,,feeds-on,eatenBy,,"globalbioticinteractions.org, fetched 2026-09-02"
Cercis,Callophrys gryneus,,pollinator,flowersVisitedBy,,"globalbioticinteractions.org, fetched 2026-09-02"
Cercis,Callophrys gryneus nelsoni,,pollinator,flowersVisitedBy,,"globalbioticinteractions.org, fetched 2026-09-02"
Cercis,Callophrys henrici,,feeds-on,eatenBy,,"globalbioticinteractions.org, fetched 2026-09-02"
Cercis,Callophrys henrici,,pollinator,visitedBy,,"globalbioticinteractions.org, fetched 2026-09-02"
Cercis,Callophrys johnsoni,,pollinator,flowersVisitedBy,,"globalbioticinteractions.org, fetched 2026-09-02"
Cercis,Callophrys muiri,,feeds-on,eatenBy,,"globalbioticinteractions.org, fetched 2026-09-02"
Cercis,Callophrys muiri,,pollinator,flowersVisitedBy,,"globalbioticinteractions.org, fetched 2026-09-02"
Cercis,Cardinalis cardinalis,,feeds-on,eatenBy,,"globalbioticinteractions.org, fetched 2026-09-02"
Cercis,Cecidomyiinae,,feeds-on,hostOf,,"globalbioticinteractions.org, fetched 2026-09-02"
Cercis,Celastrina argiolus,,feeds-on,hostOf,,"globalbioticinteractions.org, fetched 2026-09-02"
Cercis,Charaxes pelias,,feeds-on,hostOf,,"globalbioticinteractions.org, fetched 2026-09-02"
Cercis,Chlorophorus varius,,feeds-on,eatenBy,,"globalbioticinteractions.org, fetched 2026-09-02"
Cercis,Chrysobothris affinis,,feeds-on,eatenBy,,"globalbioticinteractions.org, fetched 2026-09-02"
Cercis,Chrysobothris femorata,,feeds-on,hostOf,,"globalbioticinteractions.org, fetched 2026-09-02"
Cercis,Clypeadon taurulus,,feeds-on,hostOf,,"globalbioticinteractions.org, fetched 2026-09-02"
Cercis,Colletes inaequalis,,feeds-on,eatenBy,,"globalbioticinteractions.org, fetched 2026-09-02"
Cercis,Columba livia domestica,,feeds-on,eatenBy,,"globalbioticinteractions.org, fetched 2026-09-02"
Cercis,Contarinia,,feeds-on,hostOf,,"globalbioticinteractions.org, fetched 2026-09-02"
Cercis,Corvus monedula,,feeds-on,eatenBy,,"globalbioticinteractions.org, fetched 2026-09-02"
Cercis,Corythucha obliqua,,feeds-on,hostOf,,"globalbioticinteractions.org, fetched 2026-09-02"
Cercis,Cuerna costalis,,feeds-on,eatenBy,,"globalbioticinteractions.org, fetched 2026-09-02"
Cercis,Cyrtophorus verrucosus,,pollinator,flowersVisitedBy,,"globalbioticinteractions.org, fetched 2026-09-02"
Cercis,Desmia funeralis,,feeds-on,hostOf,,"globalbioticinteractions.org, fetched 2026-09-02"
Cercis,Dialictus,,feeds-on,eatenBy,,"globalbioticinteractions.org, fetched 2026-09-02"
Cercis,Dialictus,,pollinator,flowersVisitedBy,,"globalbioticinteractions.org, fetched 2026-09-02"
Cercis,Dicerca divaricata,,feeds-on,hostOf,,"globalbioticinteractions.org, fetched 2026-09-02"
Cercis,Dicerca lurida,,pollinator,visitedBy,,"globalbioticinteractions.org, fetched 2026-09-02"
Cercis,Dione vanillae,,feeds-on,eatenBy,,"globalbioticinteractions.org, fetched 2026-09-02"
Cercis,Dione vanillae,,pollinator,flowersVisitedBy,,"globalbioticinteractions.org, fetched 2026-09-02"
Cercis,Emberiza cia,,feeds-on,eatenBy,,"globalbioticinteractions.org, fetched 2026-09-02"
Cercis,Emberiza citrinella,,feeds-on,eatenBy,,"globalbioticinteractions.org, fetched 2026-09-02"
Cercis,Enchenopa binotata,,feeds-on,eatenBy,,"globalbioticinteractions.org, fetched 2026-09-02"
Cercis,Enchenopa binotata,,pollinator,visitedBy,,"globalbioticinteractions.org, fetched 2026-09-02"
Cercis,Entylia carinata,,feeds-on,eatenBy,,"globalbioticinteractions.org, fetched 2026-09-02"
Cercis,Epargyreus clarus,,pollinator,flowersVisitedBy,,"globalbioticinteractions.org, fetched 2026-09-02"
Cercis,Erasmoneura vulnerata,,feeds-on,eatenBy,,"globalbioticinteractions.org, fetched 2026-09-02"
Cercis,Eratoneura hymac,,feeds-on,eatenBy,,"globalbioticinteractions.org, fetched 2026-09-02"
Cercis,Erynnis brizo,,pollinator,flowersVisitedBy,,"globalbioticinteractions.org, fetched 2026-09-02"
Cercis,Erynnis funeralis,,feeds-on,eatenBy,,"globalbioticinteractions.org, fetched 2026-09-02"
Cercis,Erynnis funeralis,,pollinator,flowersVisitedBy,,"globalbioticinteractions.org, fetched 2026-09-02"
Cercis,Erynnis juvenalis,,pollinator,flowersVisitedBy,,"globalbioticinteractions.org, fetched 2026-09-02"
Cercis,Erythridula bicornis,,feeds-on,eatenBy,,"globalbioticinteractions.org, fetched 2026-09-02"
Cercis,Erythridula fulvocephala,,feeds-on,eatenBy,,"globalbioticinteractions.org, fetched 2026-09-02"
Cercis,Erythroneura aclys,,feeds-on,eatenBy,,"globalbioticinteractions.org, fetched 2026-09-02"
Cercis,Erythroneura bistrata,,feeds-on,eatenBy,,"globalbioticinteractions.org, fetched 2026-09-02"
Cercis,Erythroneura cancellata,,feeds-on,eatenBy,,"globalbioticinteractions.org, fetched 2026-09-02"
Cercis,Erythroneura vaga,,feeds-on,eatenBy,,"globalbioticinteractions.org, fetched 2026-09-02"
Cercis,Erythroneura vitis,,feeds-on,eatenBy,,"globalbioticinteractions.org, fetched 2026-09-02"
Cercis,Eucera chrysopyga,,pollinator,flowersVisitedBy,,"globalbioticinteractions.org, fetched 2026-09-02"
Cercis,Eucera pollinosa,,pollinator,pollinatedBy,,"globalbioticinteractions.org, fetched 2026-09-02"
Cercis,Euclidia ardita,,pollinator,flowersVisitedBy,,"globalbioticinteractions.org, fetched 2026-09-02"
Cercis,Eulophus,,pollinator,visitedBy,,"globalbioticinteractions.org, fetched 2026-09-02"
Cercis,Eumerus,,pollinator,flowersVisitedBy,,"globalbioticinteractions.org, fetched 2026-09-02"
Cercis,Euphydryas chalcedona,,pollinator,flowersVisitedBy,,"globalbioticinteractions.org, fetched 2026-09-02"
Cercis,Euphydryas colon,,pollinator,flowersVisitedBy,,"globalbioticinteractions.org, fetched 2026-09-02"
Cercis,Eupogonius pauper,,feeds-on,hostOf,,"globalbioticinteractions.org, fetched 2026-09-02"
Cercis,Eurytides marcellus,,feeds-on,eatenBy,,"globalbioticinteractions.org, fetched 2026-09-02"
Cercis,Eurytides marcellus,,pollinator,flowersVisitedBy,,"globalbioticinteractions.org, fetched 2026-09-02"
Cercis,Eurytoma squamosa,,feeds-on,hostOf,,"globalbioticinteractions.org, fetched 2026-09-02"
Cercis,Garrulus glandarius,,feeds-on,eatenBy,,"globalbioticinteractions.org, fetched 2026-09-02"
Cercis,Gonepteryx cleopatra,,pollinator,flowersVisitedBy,,"globalbioticinteractions.org, fetched 2026-09-02"
Cercis,Habropoda depressa,,feeds-on,eatenBy,,"globalbioticinteractions.org, fetched 2026-09-02"
Cercis,Habropoda laboriosa,,feeds-on,eatenBy,,"globalbioticinteractions.org, fetched 2026-09-02"
Cercis,Habropoda laboriosa,,pollinator,flowersVisitedBy,,"globalbioticinteractions.org, fetched 2026-09-02"
Cercis,Habropoda tarsata,,pollinator,flowersVisitedBy,,"globalbioticinteractions.org, fetched 2026-09-02"
Cercis,Halictus confusus,,pollinator,pollinatedBy,,"globalbioticinteractions.org, fetched 2026-09-02"
Cercis,Halictus tripartitus,,feeds-on,eatenBy,,"globalbioticinteractions.org, fetched 2026-09-02"
Cercis,Hoplitis ravouxi,,pollinator,flowersVisitedBy,,"globalbioticinteractions.org, fetched 2026-09-02"
Cercis,Hyalophora,,feeds-on,hostOf,,"globalbioticinteractions.org, fetched 2026-09-02"
Cercis,Hyalophora cecropia,,feeds-on,hostOf,,"globalbioticinteractions.org, fetched 2026-09-02"
Cercis,Hyphantria cunea,,feeds-on,hostOf,,"globalbioticinteractions.org, fetched 2026-09-02"
Cercis,Icterus galbula,,pollinator,flowersVisitedBy,,"globalbioticinteractions.org, fetched 2026-09-02"
Cercis,Lasioglossum glabriusculum,,pollinator,pollinatedBy,,"globalbioticinteractions.org, fetched 2026-09-02"
Cercis,Lasioglossum nigripes,,pollinator,flowersVisitedBy,,"globalbioticinteractions.org, fetched 2026-09-02"
Cercis,Lasioglossum quadrisignatum,,pollinator,pollinatedBy,,"globalbioticinteractions.org, fetched 2026-09-02"
Cercis,Lasioglossum semilucens,,pollinator,pollinatedBy,,"globalbioticinteractions.org, fetched 2026-09-02"
Cercis,Lepidoptera,,pollinator,pollinatedBy,,"globalbioticinteractions.org, fetched 2026-09-02"
Cercis,Lophophanes cristatus,,feeds-on,eatenBy,,"globalbioticinteractions.org, fetched 2026-09-02"
Cercis,Lullula arborea,,feeds-on,eatenBy,,"globalbioticinteractions.org, fetched 2026-09-02"
Cercis,Malacosoma californica,,feeds-on,hostOf,,"globalbioticinteractions.org, fetched 2026-09-02"
Cercis,Malacosoma californica californica,,feeds-on,hostOf,,"globalbioticinteractions.org, fetched 2026-09-02"
Cercis,Malacosoma californica recenseo,,feeds-on,hostOf,,"globalbioticinteractions.org, fetched 2026-09-02"
Cercis,Megachile analis,,pollinator,flowersVisitedBy,,"globalbioticinteractions.org, fetched 2026-09-02"
Cercis,Megachile ericetorum,,pollinator,flowersVisitedBy,,"globalbioticinteractions.org, fetched 2026-09-02"
Cercis,Megachile nigriventris,,pollinator,pollinatedBy,,"globalbioticinteractions.org, fetched 2026-09-02"
Cercis,Megachile pyrenaica,,pollinator,flowersVisitedBy,,"globalbioticinteractions.org, fetched 2026-09-02"
Cercis,Metcalfa pruinosa,,feeds-on,eatenBy,,"globalbioticinteractions.org, fetched 2026-09-02"
Cercis,Molorchus bimaculatus,,feeds-on,hostOf,,"globalbioticinteractions.org, fetched 2026-09-02"
Cercis,Montifringilla nivalis,,feeds-on,eatenBy,,"globalbioticinteractions.org, fetched 2026-09-02"
Cercis,Myiopsitta monachus,,feeds-on,eatenBy,,"globalbioticinteractions.org, fetched 2026-09-02"
Cercis,Myiopsitta monachus,,pollinator,visitedBy,,"globalbioticinteractions.org, fetched 2026-09-02"
Cercis,Neoclytus acuminatus,,feeds-on,eatenBy,,"globalbioticinteractions.org, fetched 2026-09-02"
Cercis,Nomada,,pollinator,flowersVisitedBy,,"globalbioticinteractions.org, fetched 2026-09-02"
Cercis,Norape cretata,,feeds-on,eatenBy,,"globalbioticinteractions.org, fetched 2026-09-02"
Cercis,Nymphalis californica,,feeds-on,hostOf,,"globalbioticinteractions.org, fetched 2026-09-02"
Cercis,Oedemasia concinna,,pollinator,flowersVisitedBy,,"globalbioticinteractions.org, fetched 2026-09-02"
Cercis,Oedemasia salicis,,feeds-on,eatenBy,,"globalbioticinteractions.org, fetched 2026-09-02"
Cercis,Oedemasia salicis,,pollinator,visitedBy,,"globalbioticinteractions.org, fetched 2026-09-02"
Cercis,Oncometopia orbona,,feeds-on,eatenBy,,"globalbioticinteractions.org, fetched 2026-09-02"
Cercis,Orgyia leucostigma,,feeds-on,hostOf,,"globalbioticinteractions.org, fetched 2026-09-02"
Cercis,Oriolus oriolus,,feeds-on,eatenBy,,"globalbioticinteractions.org, fetched 2026-09-02"
Cercis,Osmia bucephala,,pollinator,flowersVisitedBy,,"globalbioticinteractions.org, fetched 2026-09-02"
Cercis,Osmia cornifrons,,pollinator,flowersVisitedBy,,"globalbioticinteractions.org, fetched 2026-09-02"
Cercis,Osmia gallarum,,pollinator,pollinatedBy,,"globalbioticinteractions.org, fetched 2026-09-02"
Cercis,Osmia inermis,,pollinator,pollinatedBy,,"globalbioticinteractions.org, fetched 2026-09-02"
Cercis,Osmia lignaria,,pollinator,pollinatedBy,,"globalbioticinteractions.org, fetched 2026-09-02"
Cercis,Osmia lignaria,,feeds-on,eatenBy,,"globalbioticinteractions.org, fetched 2026-09-02"
Cercis,Osmia mustelina,,pollinator,flowersVisitedBy,,"globalbioticinteractions.org, fetched 2026-09-02"
Cercis,Osmia ribifloris,,feeds-on,eatenBy,,"globalbioticinteractions.org, fetched 2026-09-02"
Cercis,Osmia ribifloris,,pollinator,visitedBy,,"globalbioticinteractions.org, fetched 2026-09-02"
Cercis,Osmia rufohirta,,pollinator,pollinatedBy,,"globalbioticinteractions.org, fetched 2026-09-02"
Cercis,Osmia taurus,,feeds-on,eatenBy,,"globalbioticinteractions.org, fetched 2026-09-02"
Cercis,Papilio eurymedon,,feeds-on,eatenBy,,"globalbioticinteractions.org, fetched 2026-09-02"
Cercis,Papilio eurymedon,,pollinator,flowersVisitedBy,,"globalbioticinteractions.org, fetched 2026-09-02"
Cercis,Papilio glaucus,,pollinator,flowersVisitedBy,,"globalbioticinteractions.org, fetched 2026-09-02"
Cercis,Parthenolecanium corni,,feeds-on,hostOf,,"globalbioticinteractions.org, fetched 2026-09-02"
Cercis,Passer italiae,,feeds-on,eatenBy,,"globalbioticinteractions.org, fetched 2026-09-02"
Cercis,Periploca ceanothiella,,feeds-on,hostOf,,"globalbioticinteractions.org, fetched 2026-09-02"
Cercis,Phaneroptera nana,,pollinator,visitedBy,,"globalbioticinteractions.org, fetched 2026-09-02"
Cercis,Phytometra ernestinana,,feeds-on,eatenBy,,"globalbioticinteractions.org, fetched 2026-09-02"
Cercis,Phytometra ernestinana,,pollinator,flowersVisitedBy,,"globalbioticinteractions.org, fetched 2026-09-02"
Cercis,Pica pica,,feeds-on,eatenBy,,"globalbioticinteractions.org, fetched 2026-09-02"
Cercis,Plebejus idas,,feeds-on,eatenBy,,"globalbioticinteractions.org, fetched 2026-09-02"
Cercis,Poecile atricapillus,,feeds-on,eatenBy,,"globalbioticinteractions.org, fetched 2026-09-02"
Cercis,Polistes dominula,,pollinator,pollinatedBy,,"globalbioticinteractions.org, fetched 2026-09-02"
Cercis,Polistes dominula,,feeds-on,eatenBy,,"globalbioticinteractions.org, fetched 2026-09-02"
Cercis,Prosapia bicincta,,feeds-on,eatenBy,,"globalbioticinteractions.org, fetched 2026-09-02"
Cercis,Prunella modularis,,feeds-on,eatenBy,,"globalbioticinteractions.org, fetched 2026-09-02"
Cercis,Pseudothyris sepulchralis,,feeds-on,eatenBy,,"globalbioticinteractions.org, fetched 2026-09-02"
Cercis,Pseudothyris sepulchralis,,pollinator,flowersVisitedBy,,"globalbioticinteractions.org, fetched 2026-09-02"
Cercis,Psittacula krameri,,pollinator,visitedBy,,"globalbioticinteractions.org, fetched 2026-09-02"
Cercis,Psyllobora vigintimaculata,,pollinator,visitedBy,,"globalbioticinteractions.org, fetched 2026-09-02"
Cercis,Ptecticus trivittatus,,feeds-on,eatenBy,,"globalbioticinteractions.org, fetched 2026-09-02"
Cercis,Pyrobombus,,feeds-on,eatenBy,,"globalbioticinteractions.org, fetched 2026-09-02"
Cercis,Pyrobombus,,pollinator,flowersVisitedBy,,"globalbioticinteractions.org, fetched 2026-09-02"
Cercis,Pyrrhocorax pyrrhocorax,,feeds-on,eatenBy,,"globalbioticinteractions.org, fetched 2026-09-02"
Cercis,Pyrrhula pyrrhula,,feeds-on,eatenBy,,"globalbioticinteractions.org, fetched 2026-09-02"
Cercis,Saturnia albofasciata,,feeds-on,hostOf,,"globalbioticinteractions.org, fetched 2026-09-02"
Cercis,Satyrium saepium,,feeds-on,hostOf,,"globalbioticinteractions.org, fetched 2026-09-02"
Cercis,Scaeva affinis,,feeds-on,eatenBy,,"globalbioticinteractions.org, fetched 2026-09-02"
Cercis,Schizura concinna,,feeds-on,hostOf,,"globalbioticinteractions.org, fetched 2026-09-02"
Cercis,Schizura ipomaeae,,feeds-on,eatenBy,,"globalbioticinteractions.org, fetched 2026-09-02"
Cercis,Serinus serinus,,feeds-on,eatenBy,,"globalbioticinteractions.org, fetched 2026-09-02"
Cercis,Stictocephala bisonia,,pollinator,visitedBy,,"globalbioticinteractions.org, fetched 2026-09-02"
Cercis,Stictocephala militaris,,feeds-on,eatenBy,,"globalbioticinteractions.org, fetched 2026-09-02"
Cercis,Tetranychus urticae,,feeds-on,hostOf,,"globalbioticinteractions.org, fetched 2026-09-02"
Cercis,Tetrao urogallus,,feeds-on,eatenBy,,"globalbioticinteractions.org, fetched 2026-09-02"
Cercis,Tetrastes bonasia,,feeds-on,eatenBy,,"globalbioticinteractions.org, fetched 2026-09-02"
Cercis,Tischeria ceanothi,,feeds-on,hostOf,,"globalbioticinteractions.org, fetched 2026-09-02"
Cercis,Trialeurodes vaporariorum,,feeds-on,hostOf,,"globalbioticinteractions.org, fetched 2026-09-02"
Cercis,Turdus torquatus,,feeds-on,eatenBy,,"globalbioticinteractions.org, fetched 2026-09-02"
Cercis,Udea rubigalis,,feeds-on,eatenBy,,"globalbioticinteractions.org, fetched 2026-09-02"
Cercis,Udea rubigalis,,pollinator,flowersVisitedBy,,"globalbioticinteractions.org, fetched 2026-09-02"
Cercis,Xenolechia ceanothiella,,feeds-on,hostOf,,"globalbioticinteractions.org, fetched 2026-09-02"
Cercis,Xylobiops basilaris,,feeds-on,hostOf,,"globalbioticinteractions.org, fetched 2026-09-02"
Cercis,Xylocopa appendiculata,,pollinator,flowersVisitedBy,,"globalbioticinteractions.org, fetched 2026-09-02"
Cercis,Xylocopa micans,,feeds-on,eatenBy,,"globalbioticinteractions.org, fetched 2026-09-02"
Cercis,Xylocopa micans,,pollinator,flowersVisitedBy,,"globalbioticinteractions.org, fetched 2026-09-02"
Cercis,Xylocopa sonorina,,feeds-on,eatenBy,,"globalbioticinteractions.org, fetched 2026-09-02"
Cercis,Xylocopa sonorina,,pollinator,flowersVisitedBy,,"globalbioticinteractions.org, fetched 2026-09-02"
Cercis,Xylocopa tabaniformis orpifex,,feeds-on,eatenBy,,"globalbioticinteractions.org, fetched 2026-09-02"
Cercis,Xylocopa tabaniformis orpifex,,pollinator,flowersVisitedBy,,"globalbioticinteractions.org, fetched 2026-09-02"
Cercis,Xylocopa violacea,,pollinator,flowersVisitedBy,,"globalbioticinteractions.org, fetched 2026-09-02"
Cercis,Xylocopa virginica,,feeds-on,eatenBy,,"globalbioticinteractions.org, fetched 2026-09-02"
Cercis,Xylocopa virginica,,pollinator,flowersVisitedBy,,"globalbioticinteractions.org, fetched 2026-09-02"
Cercis,Xylosandrus germanus,,feeds-on,hostOf,,"globalbioticinteractions.org, fetched 2026-09-02"
Cercis,Zonotrichia leucophrys,,pollinator,visitedBy,,"globalbioticinteractions.org, fetched 2026-09-02"
Clematis,Acanalonia conica,,feeds-on,eatenBy,,"globalbioticinteractions.org, fetched 2026-09-02"
Clematis,Acanthis flammea,,feeds-on,eatenBy,,"globalbioticinteractions.org, fetched 2026-09-02"
Clematis,Aglais urticae,,pollinator,flowersVisitedBy,,"globalbioticinteractions.org, fetched 2026-09-02"
Clematis,Alcathoe,,feeds-on,eatenBy,,"globalbioticinteractions.org, fetched 2026-09-02"
Clematis,Alcathoe caudata,,feeds-on,eatenBy,,"globalbioticinteractions.org, fetched 2026-09-02"
Clematis,Alectoris graeca,,feeds-on,eatenBy,,"globalbioticinteractions.org, fetched 2026-09-02"
Clematis,Alectoris rufa,,feeds-on,eatenBy,,"globalbioticinteractions.org, fetched 2026-09-02"
Clematis,Anacridium aegyptium,,feeds-on,eatenBy,,"globalbioticinteractions.org, fetched 2026-09-02"
Clematis,Anaspis frontalis,,pollinator,flowersVisitedBy,,"globalbioticinteractions.org, fetched 2026-09-02"
Clematis,Anaspis maculata,,pollinator,flowersVisitedBy,,"globalbioticinteractions.org, fetched 2026-09-02"
Clematis,Anaspis pulicaria,,pollinator,flowersVisitedBy,,"globalbioticinteractions.org, fetched 2026-09-02"
Clematis,Ancistrocerus capra,,pollinator,flowersVisitedBy,,"globalbioticinteractions.org, fetched 2026-09-02"
Clematis,Andrena florivaga,,pollinator,pollinatedBy,,"globalbioticinteractions.org, fetched 2026-09-02"
Clematis,Andrena subtilis,,pollinator,pollinatedBy,,"globalbioticinteractions.org, fetched 2026-09-02"
Clematis,Angerona prunaria,,feeds-on,eatenBy,,"globalbioticinteractions.org, fetched 2026-09-02"
Clematis,Anser anser,,feeds-on,eatenBy,,"globalbioticinteractions.org, fetched 2026-09-02"
Clematis,Aphantopus hyperantus,,feeds-on,eatenBy,,"globalbioticinteractions.org, fetched 2026-09-02"
Clematis,Archilochus colubris,,pollinator,flowersVisitedBy,,"globalbioticinteractions.org, fetched 2026-09-02"
Clematis,Argynnis paphia,,pollinator,flowersVisitedBy,,"globalbioticinteractions.org, fetched 2026-09-02"
Clematis,Argynnis paphia,,feeds-on,eatenBy,,"globalbioticinteractions.org, fetched 2026-09-02"
Clematis,Aspidiotus nerii,,feeds-on,eatenBy,,"globalbioticinteractions.org, fetched 2026-09-02"
Clematis,Autographa californica,,pollinator,flowersVisitedBy,,"globalbioticinteractions.org, fetched 2026-09-02"
Clematis,Axylia putris,,feeds-on,eatenBy,,"globalbioticinteractions.org, fetched 2026-09-02"
Clematis,Bombus affinis,,pollinator,flowersVisitedBy,,"globalbioticinteractions.org, fetched 2026-09-02"
Clematis,Bombus auricomus,,pollinator,flowersVisitedBy,,"globalbioticinteractions.org, fetched 2026-09-02"
Clematis,Bombus flavifrons,,feeds-on,eatenBy,,"globalbioticinteractions.org, fetched 2026-09-02"
Clematis,Bombus huntii,,pollinator,flowersVisitedBy,,"globalbioticinteractions.org, fetched 2026-09-02"
Clematis,Bombus hypnorum,,pollinator,flowersVisitedBy,,"globalbioticinteractions.org, fetched 2026-09-02"
Clematis,Bombus impatiens,,feeds-on,eatenBy,,"globalbioticinteractions.org, fetched 2026-09-02"
Clematis,Bombus impatiens,,pollinator,flowersVisitedBy,,"globalbioticinteractions.org, fetched 2026-09-02"
Clematis,Bombus insularis,,pollinator,flowersVisitedBy,,"globalbioticinteractions.org, fetched 2026-09-02"
Clematis,Bombus lapidarius,,pollinator,flowersVisitedBy,,"globalbioticinteractions.org, fetched 2026-09-02"
Clematis,Bombus lucorum,,pollinator,flowersVisitedBy,,"globalbioticinteractions.org, fetched 2026-09-02"
Clematis,Bombus melanopygus,,feeds-on,eatenBy,,"globalbioticinteractions.org, fetched 2026-09-02"
Clematis,Bombus melanopygus,,pollinator,flowersVisitedBy,,"globalbioticinteractions.org, fetched 2026-09-02"
Clematis,Bombus pascuorum,,feeds-on,eatenBy,,"globalbioticinteractions.org, fetched 2026-09-02"
Clematis,Bombus pascuorum,,pollinator,flowersVisitedBy,,"globalbioticinteractions.org, fetched 2026-09-02"
Clematis,Bombus perplexus,,pollinator,flowersVisitedBy,,"globalbioticinteractions.org, fetched 2026-09-02"
Clematis,Bombus terrestris audax,,pollinator,flowersVisitedBy,,"globalbioticinteractions.org, fetched 2026-09-02"
Clematis,Bombus vagans,,feeds-on,eatenBy,,"globalbioticinteractions.org, fetched 2026-09-02"
Clematis,Bombus vagans,,pollinator,flowersVisitedBy,,"globalbioticinteractions.org, fetched 2026-09-02"
Clematis,Bombus vosnesenskii,,feeds-on,eatenBy,,"globalbioticinteractions.org, fetched 2026-09-02"
Clematis,Bombus vosnesenskii,,pollinator,flowersVisitedBy,,"globalbioticinteractions.org, fetched 2026-09-02"
Clematis,Brassicogethes aeneus,,pollinator,flowersVisitedBy,,"globalbioticinteractions.org, fetched 2026-09-02"
Clematis,Caedicia simplex,,feeds-on,eatenBy,,"globalbioticinteractions.org, fetched 2026-09-02"
Clematis,Calephelis nemesis,,feeds-on,hostOf,,"globalbioticinteractions.org, fetched 2026-09-02"
Clematis,Cantharis lateralis,,pollinator,flowersVisitedBy,,"globalbioticinteractions.org, fetched 2026-09-02"
Clematis,Capreolus capreolus italicus,,feeds-on,eatenBy,,"globalbioticinteractions.org, fetched 2026-09-02"
Clematis,Carduelis cannabina,,feeds-on,eatenBy,,"globalbioticinteractions.org, fetched 2026-09-02"
Clematis,Celastrina argiolus,,pollinator,flowersVisitedBy,,"globalbioticinteractions.org, fetched 2026-09-02"
Clematis,Centrotus cornutus,,feeds-on,eatenBy,,"globalbioticinteractions.org, fetched 2026-09-02"
Clematis,Chauliognathus marginatus,,pollinator,flowersVisitedBy,,"globalbioticinteractions.org, fetched 2026-09-02"
Clematis,Chauliognathus pensylvanicus,,pollinator,flowersVisitedBy,,"globalbioticinteractions.org, fetched 2026-09-02"
Clematis,Chloris chloris,,feeds-on,eatenBy,,"globalbioticinteractions.org, fetched 2026-09-02"
Clematis,Chloroclystis v-ata,,feeds-on,eatenBy,,"globalbioticinteractions.org, fetched 2026-09-02"
Clematis,Coccus hesperidum,,feeds-on,eatenBy,,"globalbioticinteractions.org, fetched 2026-09-02"
Clematis,Coleomegilla maculata,,pollinator,flowersVisitedBy,,"globalbioticinteractions.org, fetched 2026-09-02"
Clematis,Colias eurytheme,,pollinator,flowersVisitedBy,,"globalbioticinteractions.org, fetched 2026-09-02"
Clematis,Colletes,,pollinator,pollinatedBy,,"globalbioticinteractions.org, fetched 2026-09-02"
Clematis,Columba livia domestica,,feeds-on,eatenBy,,"globalbioticinteractions.org, fetched 2026-09-02"
Clematis,Corvus monedula,,feeds-on,eatenBy,,"globalbioticinteractions.org, fetched 2026-09-02"
Clematis,Derephysia sinuatocollis,,feeds-on,eatenBy,,"globalbioticinteractions.org, fetched 2026-09-02"
Clematis,Dictyophara europaea,,feeds-on,eatenBy,,"globalbioticinteractions.org, fetched 2026-09-02"
Clematis,Elophos vittaria,,feeds-on,eatenBy,,"globalbioticinteractions.org, fetched 2026-09-02"
Clematis,Emberiza cia,,feeds-on,eatenBy,,"globalbioticinteractions.org, fetched 2026-09-02"
Clematis,Emberiza citrinella,,feeds-on,eatenBy,,"globalbioticinteractions.org, fetched 2026-09-02"
Clematis,Empis livida,,pollinator,flowersVisitedBy,,"globalbioticinteractions.org, fetched 2026-09-02"
Clematis,Epargyreus clarus,,pollinator,flowersVisitedBy,,"globalbioticinteractions.org, fetched 2026-09-02"
Clematis,Epicauta cinerea,,pollinator,visitedBy,,"globalbioticinteractions.org, fetched 2026-09-02"
Clematis,Eremnophila aureonotata,,pollinator,flowersVisitedBy,,"globalbioticinteractions.org, fetched 2026-09-02"
Clematis,Eriothrix rufomaculata,,pollinator,flowersVisitedBy,,"globalbioticinteractions.org, fetched 2026-09-02"
Clematis,Eristalis arbustorum,,pollinator,flowersVisitedBy,,"globalbioticinteractions.org, fetched 2026-09-02"
Clematis,Eristalis horticola,,pollinator,flowersVisitedBy,,"globalbioticinteractions.org, fetched 2026-09-02"
Clematis,Eristalis pertinax,,pollinator,flowersVisitedBy,,"globalbioticinteractions.org, fetched 2026-09-02"
Clematis,Eristalis tenax,,pollinator,flowersVisitedBy,,"globalbioticinteractions.org, fetched 2026-09-02"
Clematis,Erynnis juvenalis,,pollinator,flowersVisitedBy,,"globalbioticinteractions.org, fetched 2026-09-02"
Clematis,Eugraphe sigma,,feeds-on,eatenBy,,"globalbioticinteractions.org, fetched 2026-09-02"
Clematis,Eumenes mediterraneus,,pollinator,flowersVisitedBy,,"globalbioticinteractions.org, fetched 2026-09-02"
Clematis,Eumerus,,pollinator,pollinatedBy,,"globalbioticinteractions.org, fetched 2026-09-02"
Clematis,Eupeodes,,pollinator,flowersVisitedBy,,"globalbioticinteractions.org, fetched 2026-09-02"
Clematis,Euphydryas chalcedona,,feeds-on,eatenBy,,"globalbioticinteractions.org, fetched 2026-09-02"
Clematis,Eupithecia absinthiata,,feeds-on,eatenBy,,"globalbioticinteractions.org, fetched 2026-09-02"
Clematis,Eupithecia centaureata,,feeds-on,eatenBy,,"globalbioticinteractions.org, fetched 2026-09-02"
Clematis,Eupithecia haworthiata,,feeds-on,eatenBy,,"globalbioticinteractions.org, fetched 2026-09-02"
Clematis,Eupithecia icterata,,pollinator,flowersVisitedBy,,"globalbioticinteractions.org, fetched 2026-09-02"
Clematis,Eupithecia maestosa,,feeds-on,eatenBy,,"globalbioticinteractions.org, fetched 2026-09-02"
Clematis,Eupithecia misturata misturata,,feeds-on,hostOf,,"globalbioticinteractions.org, fetched 2026-09-02"
Clematis,Eupithecia satyrata,,feeds-on,eatenBy,,"globalbioticinteractions.org, fetched 2026-09-02"
Clematis,Eupithecia virgaureata,,feeds-on,eatenBy,,"globalbioticinteractions.org, fetched 2026-09-02"
Clematis,Eupoecilia ambiguella,,feeds-on,eatenBy,,"globalbioticinteractions.org, fetched 2026-09-02"
Clematis,Eutrapela clemataria,,feeds-on,eatenBy,,"globalbioticinteractions.org, fetched 2026-09-02"
Clematis,Garrulus glandarius,,feeds-on,eatenBy,,"globalbioticinteractions.org, fetched 2026-09-02"
Clematis,Gnophos furvata,,feeds-on,eatenBy,,"globalbioticinteractions.org, fetched 2026-09-02"
Clematis,Gomphocerippus rufus,,feeds-on,eatenBy,,"globalbioticinteractions.org, fetched 2026-09-02"
Clematis,Gymnoscelis rufifasciata,,feeds-on,eatenBy,,"globalbioticinteractions.org, fetched 2026-09-02"
Clematis,Habropoda depressa,,feeds-on,eatenBy,,"globalbioticinteractions.org, fetched 2026-09-02"
Clematis,Halictus confusus,,feeds-on,eatenBy,,"globalbioticinteractions.org, fetched 2026-09-02"
Clematis,Halictus rubicundus,,pollinator,visitedBy,,"globalbioticinteractions.org, fetched 2026-09-02"
Clematis,Halictus scabiosae,,pollinator,flowersVisitedBy,,"globalbioticinteractions.org, fetched 2026-09-02"
Clematis,Halictus tumulorum,,pollinator,flowersVisitedBy,,"globalbioticinteractions.org, fetched 2026-09-02"
Clematis,Halticus,,feeds-on,eatenBy,,"globalbioticinteractions.org, fetched 2026-09-02"
Clematis,Hebata decipiens,,feeds-on,eatenBy,,"globalbioticinteractions.org, fetched 2026-09-02"
Clematis,Helix aspersa,,feeds-on,hostOf,,"globalbioticinteractions.org, fetched 2026-09-02"
Clematis,Hemistola chrysoprasaria,,feeds-on,eatenBy,,"globalbioticinteractions.org, fetched 2026-09-02"
Clematis,Hemithea aestivaria,,feeds-on,eatenBy,,"globalbioticinteractions.org, fetched 2026-09-02"
Clematis,Herminia grisealis,,feeds-on,eatenBy,,"globalbioticinteractions.org, fetched 2026-09-02"
Clematis,Herminia tarsicrinalis,,feeds-on,eatenBy,,"globalbioticinteractions.org, fetched 2026-09-02"
Clematis,Heteroptera,,pollinator,flowersVisitedBy,,"globalbioticinteractions.org, fetched 2026-09-02"
Clematis,Hipparchia semele,,pollinator,flowersVisitedBy,,"globalbioticinteractions.org, fetched 2026-09-02"
Clematis,Hoplitis,,pollinator,pollinatedBy,,"globalbioticinteractions.org, fetched 2026-09-02"
Clematis,Hoplitis robusta,,pollinator,pollinatedBy,,"globalbioticinteractions.org, fetched 2026-09-02"
Clematis,Horisme,,feeds-on,eatenBy,,"globalbioticinteractions.org, fetched 2026-09-02"
Clematis,Horisme aemulata,,feeds-on,eatenBy,,"globalbioticinteractions.org, fetched 2026-09-02"
Clematis,Horisme aquata,,feeds-on,eatenBy,,"globalbioticinteractions.org, fetched 2026-09-02"
Clematis,Horisme intestinata,,feeds-on,eatenBy,,"globalbioticinteractions.org, fetched 2026-09-02"
Clematis,Horisme radicaria,,feeds-on,eatenBy,,"globalbioticinteractions.org, fetched 2026-09-02"
Clematis,Horisme vitalbata,,feeds-on,eatenBy,,"globalbioticinteractions.org, fetched 2026-09-02"
Clematis,Hylaeus affinis,,feeds-on,eatenBy,,"globalbioticinteractions.org, fetched 2026-09-02"
Clematis,Hylaeus communis,,pollinator,flowersVisitedBy,,"globalbioticinteractions.org, fetched 2026-09-02"
Clematis,Hymenoptera,,pollinator,pollinatedBy,,"globalbioticinteractions.org, fetched 2026-09-02"
Clematis,Hyphantria cunea,,feeds-on,eatenBy,,"globalbioticinteractions.org, fetched 2026-09-02"
Clematis,Hypomecis punctinalis,,feeds-on,eatenBy,,"globalbioticinteractions.org, fetched 2026-09-02"
Clematis,Idaea rusticata,,feeds-on,eatenBy,,"globalbioticinteractions.org, fetched 2026-09-02"
Clematis,Issus coleoptratus,,feeds-on,eatenBy,,"globalbioticinteractions.org, fetched 2026-09-02"
Clematis,Lacanobia oleracea,,feeds-on,eatenBy,,"globalbioticinteractions.org, fetched 2026-09-02"
Clematis,Lacanobia suasa,,feeds-on,eatenBy,,"globalbioticinteractions.org, fetched 2026-09-02"
Clematis,Lasioglossum albipes,,pollinator,flowersVisitedBy,,"globalbioticinteractions.org, fetched 2026-09-02"
Clematis,Lasioglossum calceatum,,pollinator,flowersVisitedBy,,"globalbioticinteractions.org, fetched 2026-09-02"
Clematis,Lasioglossum glabriusculum,,pollinator,pollinatedBy,,"globalbioticinteractions.org, fetched 2026-09-02"
Clematis,Lasioglossum leucopus,,pollinator,flowersVisitedBy,,"globalbioticinteractions.org, fetched 2026-09-02"
Clematis,Lasioglossum leucozonium,,pollinator,pollinatedBy,,"globalbioticinteractions.org, fetched 2026-09-02"
Clematis,Lasioglossum lineare,,pollinator,pollinatedBy,,"globalbioticinteractions.org, fetched 2026-09-02"
Clematis,Lasioglossum majus,,pollinator,pollinatedBy,,"globalbioticinteractions.org, fetched 2026-09-02"
Clematis,Lasioglossum marginatum,,pollinator,pollinatedBy,,"globalbioticinteractions.org, fetched 2026-09-02"
Clematis,Lasioglossum minutulum,,pollinator,pollinatedBy,,"globalbioticinteractions.org, fetched 2026-09-02"
Clematis,Lasioglossum nitidulum,,pollinator,pollinatedBy,,"globalbioticinteractions.org, fetched 2026-09-02"
Clematis,Lasioglossum pauxillum,,pollinator,pollinatedBy,,"globalbioticinteractions.org, fetched 2026-09-02"
Clematis,Lasioglossum semilucens,,pollinator,pollinatedBy,,"globalbioticinteractions.org, fetched 2026-09-02"
Clematis,Lasioglossum smeathmanellum,,pollinator,flowersVisitedBy,,"globalbioticinteractions.org, fetched 2026-09-02"
Clematis,Lasioglossum subhirtum,,pollinator,pollinatedBy,,"globalbioticinteractions.org, fetched 2026-09-02"
Clematis,Lasionycta calberlai,,feeds-on,eatenBy,,"globalbioticinteractions.org, fetched 2026-09-02"
Clematis,Lauxaniidae,,pollinator,flowersVisitedBy,,"globalbioticinteractions.org, fetched 2026-09-02"
Clematis,Longitarsus luridus,,feeds-on,eatenBy,,"globalbioticinteractions.org, fetched 2026-09-02"
Clematis,Lophophanes cristatus,,feeds-on,eatenBy,,"globalbioticinteractions.org, fetched 2026-09-02"
Clematis,Lullula arborea,,feeds-on,eatenBy,,"globalbioticinteractions.org, fetched 2026-09-02"
Clematis,Lycaena hypophlaeas,,pollinator,flowersVisitedBy,,"globalbioticinteractions.org, fetched 2026-09-02"
Clematis,Lycaena phlaeas,,pollinator,flowersVisitedBy,,"globalbioticinteractions.org, fetched 2026-09-02"
Clematis,Megachile gemula,,feeds-on,eatenBy,,"globalbioticinteractions.org, fetched 2026-09-02"
Clematis,Megachile texana,,feeds-on,eatenBy,,"globalbioticinteractions.org, fetched 2026-09-02"
Clematis,Meligethes nigrescens,,pollinator,flowersVisitedBy,,"globalbioticinteractions.org, fetched 2026-09-02"
Clematis,Melissodes desponsus,,pollinator,visitedBy,,"globalbioticinteractions.org, fetched 2026-09-02"
Clematis,Mellicta britomartis,,feeds-on,eatenBy,,"globalbioticinteractions.org, fetched 2026-09-02"
Clematis,Menophra abruptaria,,feeds-on,eatenBy,,"globalbioticinteractions.org, fetched 2026-09-02"
Clematis,Mesoligia furuncula,,feeds-on,eatenBy,,"globalbioticinteractions.org, fetched 2026-09-02"
Clematis,Metcalfa pruinosa,,feeds-on,eatenBy,,"globalbioticinteractions.org, fetched 2026-09-02"
Clematis,Minettia fasciata,,pollinator,flowersVisitedBy,,"globalbioticinteractions.org, fetched 2026-09-02"
Clematis,Monobia quadridens,,pollinator,flowersVisitedBy,,"globalbioticinteractions.org, fetched 2026-09-02"
Clematis,Montifringilla nivalis,,feeds-on,eatenBy,,"globalbioticinteractions.org, fetched 2026-09-02"
Clematis,Mordellistena,,pollinator,pollinatedBy,,"globalbioticinteractions.org, fetched 2026-09-02"
Clematis,Mycterodus orthocephalus,,feeds-on,eatenBy,,"globalbioticinteractions.org, fetched 2026-09-02"
Clematis,Myzus persicae,,feeds-on,eatenBy,,"globalbioticinteractions.org, fetched 2026-09-02"
Clematis,Myzus varians,,feeds-on,eatenBy,,"globalbioticinteractions.org, fetched 2026-09-02"
Clematis,Naenia typica,,feeds-on,eatenBy,,"globalbioticinteractions.org, fetched 2026-09-02"
Clematis,Napomyza clematidis,,feeds-on,eatenBy,,"globalbioticinteractions.org, fetched 2026-09-02"
Clematis,Nigma walckenaeri,,pollinator,visitedBy,,"globalbioticinteractions.org, fetched 2026-09-02"
Clematis,Noctua comes,,feeds-on,eatenBy,,"globalbioticinteractions.org, fetched 2026-09-02"
Clematis,Notoxus monoceros,,pollinator,pollinatedBy,,"globalbioticinteractions.org, fetched 2026-09-02"
Clematis,Oedemera flavipes,,feeds-on,eatenBy,,"globalbioticinteractions.org, fetched 2026-09-02"
Clematis,Oedemera flavipes,,pollinator,flowersVisitedBy,,"globalbioticinteractions.org, fetched 2026-09-02"
Clematis,Oncocera semirubella,,pollinator,flowersVisitedBy,,"globalbioticinteractions.org, fetched 2026-09-02"
Clematis,Orgyia leucostigma,,feeds-on,eatenBy,,"globalbioticinteractions.org, fetched 2026-09-02"
Clematis,Oriolus oriolus,,feeds-on,eatenBy,,"globalbioticinteractions.org, fetched 2026-09-02"
Clematis,Orthocladiinae,,pollinator,flowersVisitedBy,,"globalbioticinteractions.org, fetched 2026-09-02"
Clematis,Oryctolagus cuniculus,,feeds-on,eatenBy,,"globalbioticinteractions.org, fetched 2026-09-02"
Clematis,Osmia mustelina,,pollinator,pollinatedBy,,"globalbioticinteractions.org, fetched 2026-09-02"
Clematis,Osmia spinulosa,,pollinator,flowersVisitedBy,,"globalbioticinteractions.org, fetched 2026-09-02"
Clematis,Ovis aries,,feeds-on,eatenBy,,"globalbioticinteractions.org, fetched 2026-09-02"
Clematis,Papilio glaucus,,pollinator,flowersVisitedBy,,"globalbioticinteractions.org, fetched 2026-09-02"
Clematis,Paragus,,pollinator,flowersVisitedBy,,"globalbioticinteractions.org, fetched 2026-09-02"
Clematis,Parantica aglea,,feeds-on,eatenBy,,"globalbioticinteractions.org, fetched 2026-09-02"
Clematis,Paraphidippus aurantius,,pollinator,visitedBy,,"globalbioticinteractions.org, fetched 2026-09-02"
Clematis,Parnassius apollo,,pollinator,flowersVisitedBy,,"globalbioticinteractions.org, fetched 2026-09-02"
Clematis,Passer italiae,,feeds-on,eatenBy,,"globalbioticinteractions.org, fetched 2026-09-02"
Clematis,Pegoplata aestiva,,pollinator,flowersVisitedBy,,"globalbioticinteractions.org, fetched 2026-09-02"
Clematis,Phlogotettix cyclops,,pollinator,visitedBy,,"globalbioticinteractions.org, fetched 2026-09-02"
Clematis,Phrissogonus laticostata,,feeds-on,eatenBy,,"globalbioticinteractions.org, fetched 2026-09-02"
Clematis,Phyciodes tharos,,pollinator,flowersVisitedBy,,"globalbioticinteractions.org, fetched 2026-09-02"
Clematis,Phytomyza clematadi,,feeds-on,eatenBy,,"globalbioticinteractions.org, fetched 2026-09-02"
Clematis,Phytomyza kaltenbachi,,feeds-on,eatenBy,,"globalbioticinteractions.org, fetched 2026-09-02"
Clematis,Phytomyza loewii,,feeds-on,hostOf,,"globalbioticinteractions.org, fetched 2026-09-02"
Clematis,Phytomyza loewii,,pollinator,visitedBy,,"globalbioticinteractions.org, fetched 2026-09-02"
Clematis,Pica pica,,feeds-on,eatenBy,,"globalbioticinteractions.org, fetched 2026-09-02"
Clematis,Platycheirus albimanus,,pollinator,flowersVisitedBy,,"globalbioticinteractions.org, fetched 2026-09-02"
Clematis,Platycheirus trichopus,,feeds-on,eatenBy,,"globalbioticinteractions.org, fetched 2026-09-02"
Clematis,Plinthocoelium suaveolens,,pollinator,flowersVisitedBy,,"globalbioticinteractions.org, fetched 2026-09-02"
Clematis,Polia nebulosa,,feeds-on,eatenBy,,"globalbioticinteractions.org, fetched 2026-09-02"
Clematis,Polistes dominula,,pollinator,flowersVisitedBy,,"globalbioticinteractions.org, fetched 2026-09-02"
Clematis,Polites peckius,,pollinator,visitedBy,,"globalbioticinteractions.org, fetched 2026-09-02"
Clematis,Polygonia egea,,pollinator,flowersVisitedBy,,"globalbioticinteractions.org, fetched 2026-09-02"
Clematis,Protaetia morio,,pollinator,flowersVisitedBy,,"globalbioticinteractions.org, fetched 2026-09-02"
Clematis,Prunella modularis,,feeds-on,eatenBy,,"globalbioticinteractions.org, fetched 2026-09-02"
Clematis,Pterophorus pentadactyla,,pollinator,flowersVisitedBy,,"globalbioticinteractions.org, fetched 2026-09-02"
Clematis,Pyrobombus,,pollinator,flowersVisitedBy,,"globalbioticinteractions.org, fetched 2026-09-02"
Clematis,Pyronia tithonus,,pollinator,flowersVisitedBy,,"globalbioticinteractions.org, fetched 2026-09-02"
Clematis,Pyrrhocorax pyrrhocorax,,feeds-on,eatenBy,,"globalbioticinteractions.org, fetched 2026-09-02"
Clematis,Pyrrhula pyrrhula,,feeds-on,eatenBy,,"globalbioticinteractions.org, fetched 2026-09-02"
Clematis,Reptalus panzeri,,feeds-on,eatenBy,,"globalbioticinteractions.org, fetched 2026-09-02"
Clematis,Ruspolia nitidula,,feeds-on,eatenBy,,"globalbioticinteractions.org, fetched 2026-09-02"
Clematis,Satyrium w-album,,pollinator,flowersVisitedBy,,"globalbioticinteractions.org, fetched 2026-09-02"
Clematis,Scaeva affinis,,feeds-on,eatenBy,,"globalbioticinteractions.org, fetched 2026-09-02"
Clematis,Scaeva affinis,,pollinator,flowersVisitedBy,,"globalbioticinteractions.org, fetched 2026-09-02"
Clematis,Scaphytopius acutus,,pollinator,visitedBy,,"globalbioticinteractions.org, fetched 2026-09-02"
Clematis,Scolia dubia dubia,,pollinator,flowersVisitedBy,,"globalbioticinteractions.org, fetched 2026-09-02"
Clematis,Scolia hirta,,pollinator,flowersVisitedBy,,"globalbioticinteractions.org, fetched 2026-09-02"
Clematis,Scopula imitaria,,feeds-on,eatenBy,,"globalbioticinteractions.org, fetched 2026-09-02"
Clematis,Sepsis cynipsea,,pollinator,flowersVisitedBy,,"globalbioticinteractions.org, fetched 2026-09-02"
Clematis,Serinus serinus,,feeds-on,eatenBy,,"globalbioticinteractions.org, fetched 2026-09-02"
Clematis,Sparganothis pilleriana,,feeds-on,hostOf,,"globalbioticinteractions.org, fetched 2026-09-02"
Clematis,Sphaerophoria scripta,,pollinator,flowersVisitedBy,,"globalbioticinteractions.org, fetched 2026-09-02"
Clematis,Sphaerophoria taeniata,,pollinator,flowersVisitedBy,,"globalbioticinteractions.org, fetched 2026-09-02"
Clematis,Sphecodes,,pollinator,pollinatedBy,,"globalbioticinteractions.org, fetched 2026-09-02"
Clematis,Sphex pensylvanicus,,pollinator,flowersVisitedBy,,"globalbioticinteractions.org, fetched 2026-09-02"
Clematis,Spilosoma lubricipeda,,feeds-on,eatenBy,,"globalbioticinteractions.org, fetched 2026-09-02"
Clematis,Stilbum cyanurum,,pollinator,pollinatedBy,,"globalbioticinteractions.org, fetched 2026-09-02"
Clematis,Syrphus,,pollinator,flowersVisitedBy,,"globalbioticinteractions.org, fetched 2026-09-02"
Clematis,Tachypompilus ferrugineus,,feeds-on,eatenBy,,"globalbioticinteractions.org, fetched 2026-09-02"
Clematis,Tachypompilus ferrugineus,,pollinator,visitedBy,,"globalbioticinteractions.org, fetched 2026-09-02"
Clematis,Tapinoma nigerrimum,,pollinator,pollinatedBy,,"globalbioticinteractions.org, fetched 2026-09-02"
Clematis,Tetrao urogallus,,feeds-on,eatenBy,,"globalbioticinteractions.org, fetched 2026-09-02"
Clematis,Tetrastes bonasia,,feeds-on,eatenBy,,"globalbioticinteractions.org, fetched 2026-09-02"
Clematis,Tettigonia caudata,,feeds-on,eatenBy,,"globalbioticinteractions.org, fetched 2026-09-02"
Clematis,Tharsalea arota,,pollinator,flowersVisitedBy,,"globalbioticinteractions.org, fetched 2026-09-02"
Clematis,Tirumala limniace,,feeds-on,eatenBy,,"globalbioticinteractions.org, fetched 2026-09-02"
Clematis,Toxomerus occidentalis,,pollinator,visitedBy,,"globalbioticinteractions.org, fetched 2026-09-02"
Clematis,Trigona fuscipennis,,pollinator,flowersVisitedBy,,"globalbioticinteractions.org, fetched 2026-09-02"
Clematis,Turdus torquatus,,feeds-on,eatenBy,,"globalbioticinteractions.org, fetched 2026-09-02"
Clematis,Vespula vidua,,pollinator,flowersVisitedBy,,"globalbioticinteractions.org, fetched 2026-09-02"
Clematis,Xestia triangulum,,feeds-on,eatenBy,,"globalbioticinteractions.org, fetched 2026-09-02"
Clematis,Xylocopa virginica,,pollinator,flowersVisitedBy,,"globalbioticinteractions.org, fetched 2026-09-02"
Clematis,Zygaena fausta,,feeds-on,eatenBy,,"globalbioticinteractions.org, fetched 2026-09-02"
Clematis,Zyginella pulchra,,pollinator,visitedBy,,"globalbioticinteractions.org, fetched 2026-09-02"
Conoclinium,Adaina bipunctatus,,feeds-on,eatenBy,,"globalbioticinteractions.org, fetched 2026-09-02"
Conoclinium,Agapostemon,,pollinator,flowersVisitedBy,,"globalbioticinteractions.org, fetched 2026-09-02"
Conoclinium,Agapostemon sericeus,,pollinator,flowersVisitedBy,,"globalbioticinteractions.org, fetched 2026-09-02"
Conoclinium,Agapostemon splendens,,feeds-on,eatenBy,,"globalbioticinteractions.org, fetched 2026-09-02"
Conoclinium,Agapostemon splendens,,pollinator,flowersVisitedBy,,"globalbioticinteractions.org, fetched 2026-09-02"
Conoclinium,Agapostemon virescens,,pollinator,flowersVisitedBy,,"globalbioticinteractions.org, fetched 2026-09-02"
Conoclinium,Aguna asander asander,,pollinator,flowersVisitedBy,,"globalbioticinteractions.org, fetched 2026-09-02"
Conoclinium,Amblyscirtes celia,,feeds-on,eatenBy,,"globalbioticinteractions.org, fetched 2026-09-02"
Conoclinium,Amblyscirtes celia,,pollinator,flowersVisitedBy,,"globalbioticinteractions.org, fetched 2026-09-02"
Conoclinium,Ammophila nigricans,,pollinator,flowersVisitedBy,,"globalbioticinteractions.org, fetched 2026-09-02"
Conoclinium,Anartia jatrophae,,pollinator,flowersVisitedBy,,"globalbioticinteractions.org, fetched 2026-09-02"
Conoclinium,Ancistrocerus,,feeds-on,eatenBy,,"globalbioticinteractions.org, fetched 2026-09-02"
Conoclinium,Ancistrocerus,,pollinator,flowersVisitedBy,,"globalbioticinteractions.org, fetched 2026-09-02"
Conoclinium,Anolis sagrei,,pollinator,flowersVisitedBy,,"globalbioticinteractions.org, fetched 2026-09-02"
Conoclinium,Anthanassa argentea,,pollinator,flowersVisitedBy,,"globalbioticinteractions.org, fetched 2026-09-02"
Conoclinium,Anthanassa texana,,pollinator,flowersVisitedBy,,"globalbioticinteractions.org, fetched 2026-09-02"
Conoclinium,Anthanassa texana,,feeds-on,eatenBy,,"globalbioticinteractions.org, fetched 2026-09-02"
Conoclinium,Anthidium oblongatum,,pollinator,flowersVisitedBy,,"globalbioticinteractions.org, fetched 2026-09-02"
Conoclinium,Archonias nimbice,,pollinator,flowersVisitedBy,,"globalbioticinteractions.org, fetched 2026-09-02"
Conoclinium,Aristotelia roseosuffusella,,pollinator,flowersVisitedBy,,"globalbioticinteractions.org, fetched 2026-09-02"
Conoclinium,Atalopedes huron,,feeds-on,eatenBy,,"globalbioticinteractions.org, fetched 2026-09-02"
Conoclinium,Atalopedes huron,,pollinator,flowersVisitedBy,,"globalbioticinteractions.org, fetched 2026-09-02"
Conoclinium,Atlides halesus,,pollinator,flowersVisitedBy,,"globalbioticinteractions.org, fetched 2026-09-02"
Conoclinium,Atrytone arogos,,pollinator,flowersVisitedBy,,"globalbioticinteractions.org, fetched 2026-09-02"
Conoclinium,Atrytone arogos arogos,,pollinator,flowersVisitedBy,,"globalbioticinteractions.org, fetched 2026-09-02"
Conoclinium,Atteva pustulella,,pollinator,flowersVisitedBy,,"globalbioticinteractions.org, fetched 2026-09-02"
Conoclinium,Atteva pustulella,,feeds-on,eatenBy,,"globalbioticinteractions.org, fetched 2026-09-02"
Conoclinium,Augochlora nominata,,pollinator,flowersVisitedBy,,"globalbioticinteractions.org, fetched 2026-09-02"
Conoclinium,Augochlora pura,,pollinator,flowersVisitedBy,,"globalbioticinteractions.org, fetched 2026-09-02"
Conoclinium,Augochlorella aurata,,pollinator,flowersVisitedBy,,"globalbioticinteractions.org, fetched 2026-09-02"
Conoclinium,Augochlorella persimilis,,pollinator,flowersVisitedBy,,"globalbioticinteractions.org, fetched 2026-09-02"
Conoclinium,Augochloropsis viridula,,pollinator,flowersVisitedBy,,"globalbioticinteractions.org, fetched 2026-09-02"
Conoclinium,Battus philenor,,pollinator,flowersVisitedBy,,"globalbioticinteractions.org, fetched 2026-09-02"
Conoclinium,Battus philenor,,feeds-on,eatenBy,,"globalbioticinteractions.org, fetched 2026-09-02"
Conoclinium,Battus polydamas,,pollinator,flowersVisitedBy,,"globalbioticinteractions.org, fetched 2026-09-02"
Conoclinium,Boloria bellona,,pollinator,flowersVisitedBy,,"globalbioticinteractions.org, fetched 2026-09-02"
Conoclinium,Bombus bimaculatus,,pollinator,flowersVisitedBy,,"globalbioticinteractions.org, fetched 2026-09-02"
Conoclinium,Bombus griseocollis,,pollinator,flowersVisitedBy,,"globalbioticinteractions.org, fetched 2026-09-02"
Conoclinium,Bombus impatiens,,feeds-on,eatenBy,,"globalbioticinteractions.org, fetched 2026-09-02"
Conoclinium,Bombus impatiens,,pollinator,flowersVisitedBy,,"globalbioticinteractions.org, fetched 2026-09-02"
Conoclinium,Bombus pensylvanicus,,pollinator,flowersVisitedBy,,"globalbioticinteractions.org, fetched 2026-09-02"
Conoclinium,Brachygastra mellifica,,feeds-on,eatenBy,,"globalbioticinteractions.org, fetched 2026-09-02"
Conoclinium,Brachygastra mellifica,,pollinator,flowersVisitedBy,,"globalbioticinteractions.org, fetched 2026-09-02"
Conoclinium,Burnsius albezens,,pollinator,flowersVisitedBy,,"globalbioticinteractions.org, fetched 2026-09-02"
Conoclinium,Burnsius communis,,feeds-on,eatenBy,,"globalbioticinteractions.org, fetched 2026-09-02"
Conoclinium,Burnsius communis,,pollinator,flowersVisitedBy,,"globalbioticinteractions.org, fetched 2026-09-02"
Conoclinium,Burnsius oileus,,feeds-on,eatenBy,,"globalbioticinteractions.org, fetched 2026-09-02"
Conoclinium,Burnsius oileus,,pollinator,visitedBy,,"globalbioticinteractions.org, fetched 2026-09-02"
Conoclinium,Calephelis nemesis,,feeds-on,eatenBy,,"globalbioticinteractions.org, fetched 2026-09-02"
Conoclinium,Calephelis rawsoni,,feeds-on,eatenBy,,"globalbioticinteractions.org, fetched 2026-09-02"
Conoclinium,Calephelis virginiensis,,pollinator,flowersVisitedBy,,"globalbioticinteractions.org, fetched 2026-09-02"
Conoclinium,Cecropterus dorantes,,pollinator,flowersVisitedBy,,"globalbioticinteractions.org, fetched 2026-09-02"
Conoclinium,Cecropterus dorantes,,feeds-on,eatenBy,,"globalbioticinteractions.org, fetched 2026-09-02"
Conoclinium,Cecropterus doryssus,,pollinator,flowersVisitedBy,,"globalbioticinteractions.org, fetched 2026-09-02"
Conoclinium,Celotes nessus,,pollinator,flowersVisitedBy,,"globalbioticinteractions.org, fetched 2026-09-02"
Conoclinium,Ceratina calcarata,,feeds-on,eatenBy,,"globalbioticinteractions.org, fetched 2026-09-02"
Conoclinium,Ceratina calcarata,,pollinator,flowersVisitedBy,,"globalbioticinteractions.org, fetched 2026-09-02"
Conoclinium,Cerceris fumipennis,,pollinator,flowersVisitedBy,,"globalbioticinteractions.org, fetched 2026-09-02"
Conoclinium,Cerceris kennicottii,,pollinator,visitedBy,,"globalbioticinteractions.org, fetched 2026-09-02"
Conoclinium,Cercyonis pegala,,feeds-on,eatenBy,,"globalbioticinteractions.org, fetched 2026-09-02"
Conoclinium,Cercyonis pegala,,pollinator,flowersVisitedBy,,"globalbioticinteractions.org, fetched 2026-09-02"
Conoclinium,Chalcosyrphus metallicus,,pollinator,visitedBy,,"globalbioticinteractions.org, fetched 2026-09-02"
Conoclinium,Chauliognathus pensylvanicus,,feeds-on,eatenBy,,"globalbioticinteractions.org, fetched 2026-09-02"
Conoclinium,Chauliognathus pensylvanicus,,pollinator,flowersVisitedBy,,"globalbioticinteractions.org, fetched 2026-09-02"
Conoclinium,Chioides catillus,,pollinator,flowersVisitedBy,,"globalbioticinteractions.org, fetched 2026-09-02"
Conoclinium,Chioides catillus,,feeds-on,eatenBy,,"globalbioticinteractions.org, fetched 2026-09-02"
Conoclinium,Chlosyne californica,,pollinator,flowersVisitedBy,,"globalbioticinteractions.org, fetched 2026-09-02"
Conoclinium,Chlosyne ehrenbergii,,pollinator,flowersVisitedBy,,"globalbioticinteractions.org, fetched 2026-09-02"
Conoclinium,Chlosyne janais janais,,pollinator,flowersVisitedBy,,"globalbioticinteractions.org, fetched 2026-09-02"
Conoclinium,Choranthus capucinus,,pollinator,flowersVisitedBy,,"globalbioticinteractions.org, fetched 2026-09-02"
Conoclinium,Chrysanthrax cypris,,pollinator,visitedBy,,"globalbioticinteractions.org, fetched 2026-09-02"
Conoclinium,Cisseps fulvicollis,,feeds-on,eatenBy,,"globalbioticinteractions.org, fetched 2026-09-02"
Conoclinium,Cisseps fulvicollis,,pollinator,flowersVisitedBy,,"globalbioticinteractions.org, fetched 2026-09-02"
Conoclinium,Coelioxys,,pollinator,flowersVisitedBy,,"globalbioticinteractions.org, fetched 2026-09-02"
Conoclinium,Coelioxys slossoni arenicola,,pollinator,flowersVisitedBy,,"globalbioticinteractions.org, fetched 2026-09-02"
Conoclinium,Coenonympha california,,pollinator,flowersVisitedBy,,"globalbioticinteractions.org, fetched 2026-09-02"
Conoclinium,Colias eurytheme,,feeds-on,eatenBy,,"globalbioticinteractions.org, fetched 2026-09-02"
Conoclinium,Colias eurytheme,,pollinator,flowersVisitedBy,,"globalbioticinteractions.org, fetched 2026-09-02"
Conoclinium,Composia fidelissima,,pollinator,flowersVisitedBy,,"globalbioticinteractions.org, fetched 2026-09-02"
Conoclinium,Conocephalus brevipennis,,pollinator,visitedBy,,"globalbioticinteractions.org, fetched 2026-09-02"
Conoclinium,Copestylum sexmaculatum,,pollinator,flowersVisitedBy,,"globalbioticinteractions.org, fetched 2026-09-02"
Conoclinium,Cosmosoma myrodora,,pollinator,flowersVisitedBy,,"globalbioticinteractions.org, fetched 2026-09-02"
Conoclinium,Cotinis nitida,,feeds-on,eatenBy,,"globalbioticinteractions.org, fetched 2026-09-02"
Conoclinium,Ctenucha ruficeps,,pollinator,flowersVisitedBy,,"globalbioticinteractions.org, fetched 2026-09-02"
Conoclinium,Ctenucha virginica,,pollinator,flowersVisitedBy,,"globalbioticinteractions.org, fetched 2026-09-02"
Conoclinium,Dahana atripennis,,pollinator,visitedBy,,"globalbioticinteractions.org, fetched 2026-09-02"
Conoclinium,Danaus eresimus,,pollinator,flowersVisitedBy,,"globalbioticinteractions.org, fetched 2026-09-02"
Conoclinium,Danaus eresimus,,feeds-on,eatenBy,,"globalbioticinteractions.org, fetched 2026-09-02"
Conoclinium,Danaus gilippus,,feeds-on,eatenBy,,"globalbioticinteractions.org, fetched 2026-09-02"
Conoclinium,Danaus gilippus,,pollinator,flowersVisitedBy,,"globalbioticinteractions.org, fetched 2026-09-02"
Conoclinium,Danaus gilippus thersippus,,pollinator,flowersVisitedBy,,"globalbioticinteractions.org, fetched 2026-09-02"
Conoclinium,Danaus gilippus thersippus,,feeds-on,eatenBy,,"globalbioticinteractions.org, fetched 2026-09-02"
Conoclinium,Dielis plumipes,,feeds-on,eatenBy,,"globalbioticinteractions.org, fetched 2026-09-02"
Conoclinium,Dielis plumipes,,pollinator,visitedBy,,"globalbioticinteractions.org, fetched 2026-09-02"
Conoclinium,Dieunomia heteropoda,,feeds-on,eatenBy,,"globalbioticinteractions.org, fetched 2026-09-02"
Conoclinium,Dieunomia heteropoda,,pollinator,flowersVisitedBy,,"globalbioticinteractions.org, fetched 2026-09-02"
Conoclinium,Dione vanillae,,feeds-on,eatenBy,,"globalbioticinteractions.org, fetched 2026-09-02"
Conoclinium,Dione vanillae,,pollinator,flowersVisitedBy,,"globalbioticinteractions.org, fetched 2026-09-02"
Conoclinium,Doxocopa laure,,feeds-on,eatenBy,,"globalbioticinteractions.org, fetched 2026-09-02"
Conoclinium,Eantis pallida,,pollinator,flowersVisitedBy,,"globalbioticinteractions.org, fetched 2026-09-02"
Conoclinium,Eantis tamenund,,pollinator,flowersVisitedBy,,"globalbioticinteractions.org, fetched 2026-09-02"
Conoclinium,Eantis tamenund,,feeds-on,eatenBy,,"globalbioticinteractions.org, fetched 2026-09-02"
Conoclinium,Elkalyce comyntas,,pollinator,flowersVisitedBy,,"globalbioticinteractions.org, fetched 2026-09-02"
Conoclinium,Emesis rawsoni,,feeds-on,hostOf,,"globalbioticinteractions.org, fetched 2026-09-02"
Conoclinium,Empyreuma pugione,,pollinator,flowersVisitedBy,,"globalbioticinteractions.org, fetched 2026-09-02"
Conoclinium,Enallagma durum,,pollinator,visitedBy,,"globalbioticinteractions.org, fetched 2026-09-02"
Conoclinium,Enyo lugubris,,feeds-on,eatenBy,,"globalbioticinteractions.org, fetched 2026-09-02"
Conoclinium,Enyo lugubris,,pollinator,flowersVisitedBy,,"globalbioticinteractions.org, fetched 2026-09-02"
Conoclinium,Epargyreus clarus,,pollinator,flowersVisitedBy,,"globalbioticinteractions.org, fetched 2026-09-02"
Conoclinium,Epistrophella emarginata,,pollinator,flowersVisitedBy,,"globalbioticinteractions.org, fetched 2026-09-02"
Conoclinium,Eremnophila aureonotata,,feeds-on,eatenBy,,"globalbioticinteractions.org, fetched 2026-09-02"
Conoclinium,Eremnophila aureonotata,,pollinator,flowersVisitedBy,,"globalbioticinteractions.org, fetched 2026-09-02"
Conoclinium,Eristalis tenax,,pollinator,flowersVisitedBy,,"globalbioticinteractions.org, fetched 2026-09-02"
Conoclinium,Erynnis baptisiae,,pollinator,flowersVisitedBy,,"globalbioticinteractions.org, fetched 2026-09-02"
Conoclinium,Erynnis funeralis,,feeds-on,eatenBy,,"globalbioticinteractions.org, fetched 2026-09-02"
Conoclinium,Erynnis funeralis,,pollinator,flowersVisitedBy,,"globalbioticinteractions.org, fetched 2026-09-02"
Conoclinium,Erynnis horatius,,pollinator,flowersVisitedBy,,"globalbioticinteractions.org, fetched 2026-09-02"
Conoclinium,Erynnis horatius,,feeds-on,eatenBy,,"globalbioticinteractions.org, fetched 2026-09-02"
Conoclinium,Erynnis zarucco,,pollinator,visitedBy,,"globalbioticinteractions.org, fetched 2026-09-02"
Conoclinium,Estigmene acrea,,feeds-on,eatenBy,,"globalbioticinteractions.org, fetched 2026-09-02"
Conoclinium,Estigmene acrea,,pollinator,flowersVisitedBy,,"globalbioticinteractions.org, fetched 2026-09-02"
Conoclinium,Eumelissodes,,feeds-on,eatenBy,,"globalbioticinteractions.org, fetched 2026-09-02"
Conoclinium,Eumelissodes,,pollinator,flowersVisitedBy,,"globalbioticinteractions.org, fetched 2026-09-02"
Conoclinium,Eumenes fraternus,,feeds-on,eatenBy,,"globalbioticinteractions.org, fetched 2026-09-02"
Conoclinium,Eumenes fraternus,,pollinator,flowersVisitedBy,,"globalbioticinteractions.org, fetched 2026-09-02"
Conoclinium,Eumerus,,pollinator,visitedBy,,"globalbioticinteractions.org, fetched 2026-09-02"
Conoclinium,Euphoria sepulcralis,,pollinator,flowersVisitedBy,,"globalbioticinteractions.org, fetched 2026-09-02"
Conoclinium,Eurema lisa,,feeds-on,eatenBy,,"globalbioticinteractions.org, fetched 2026-09-02"
Conoclinium,Eurema lisa,,pollinator,flowersVisitedBy,,"globalbioticinteractions.org, fetched 2026-09-02"
Conoclinium,Feltia herilis,,pollinator,flowersVisitedBy,,"globalbioticinteractions.org, fetched 2026-09-02"
Conoclinium,Halictus confusus,,pollinator,flowersVisitedBy,,"globalbioticinteractions.org, fetched 2026-09-02"
Conoclinium,Halictus ligatus,,feeds-on,eatenBy,,"globalbioticinteractions.org, fetched 2026-09-02"
Conoclinium,Halictus ligatus,,pollinator,flowersVisitedBy,,"globalbioticinteractions.org, fetched 2026-09-02"
Conoclinium,Halictus rubicundus,,pollinator,flowersVisitedBy,,"globalbioticinteractions.org, fetched 2026-09-02"
Conoclinium,Halysidota,,pollinator,flowersVisitedBy,,"globalbioticinteractions.org, fetched 2026-09-02"
Conoclinium,Hedone vibex,,pollinator,flowersVisitedBy,,"globalbioticinteractions.org, fetched 2026-09-02"
Conoclinium,Hemiargus ceraunus,,pollinator,flowersVisitedBy,,"globalbioticinteractions.org, fetched 2026-09-02"
Conoclinium,Hemipenthes sinuosus,,pollinator,flowersVisitedBy,,"globalbioticinteractions.org, fetched 2026-09-02"
Conoclinium,Heraclides,,pollinator,flowersVisitedBy,,"globalbioticinteractions.org, fetched 2026-09-02"
Conoclinium,Heraclides polycharmus polycharmus,,pollinator,flowersVisitedBy,,"globalbioticinteractions.org, fetched 2026-09-02"
Conoclinium,Hermeuptychia hermes,,pollinator,visitedBy,,"globalbioticinteractions.org, fetched 2026-09-02"
Conoclinium,Hesperia attalus slossonae,,pollinator,flowersVisitedBy,,"globalbioticinteractions.org, fetched 2026-09-02"
Conoclinium,Horama panthalon,,pollinator,flowersVisitedBy,,"globalbioticinteractions.org, fetched 2026-09-02"
Conoclinium,Horama panthalon texana,,pollinator,visitedBy,,"globalbioticinteractions.org, fetched 2026-09-02"
Conoclinium,Hylaeus modestus,,pollinator,flowersVisitedBy,,"globalbioticinteractions.org, fetched 2026-09-02"
Conoclinium,Hylaeus nelumbonis,,pollinator,flowersVisitedBy,,"globalbioticinteractions.org, fetched 2026-09-02"
Conoclinium,Hypocritanus fascipennis,,feeds-on,eatenBy,,"globalbioticinteractions.org, fetched 2026-09-02"
Conoclinium,Junonia coenia,,feeds-on,eatenBy,,"globalbioticinteractions.org, fetched 2026-09-02"
Conoclinium,Junonia coenia,,pollinator,flowersVisitedBy,,"globalbioticinteractions.org, fetched 2026-09-02"
Conoclinium,Junonia grisea,,feeds-on,eatenBy,,"globalbioticinteractions.org, fetched 2026-09-02"
Conoclinium,Junonia neildi varia,,pollinator,flowersVisitedBy,,"globalbioticinteractions.org, fetched 2026-09-02"
Conoclinium,Kricogonia lyside,,pollinator,flowersVisitedBy,,"globalbioticinteractions.org, fetched 2026-09-02"
Conoclinium,Kricogonia lyside,,feeds-on,eatenBy,,"globalbioticinteractions.org, fetched 2026-09-02"
Conoclinium,Lasaia peninsularis,,pollinator,flowersVisitedBy,,"globalbioticinteractions.org, fetched 2026-09-02"
Conoclinium,Lasioglossum albipenne,,pollinator,flowersVisitedBy,,"globalbioticinteractions.org, fetched 2026-09-02"
Conoclinium,Lasioglossum imitatum,,pollinator,flowersVisitedBy,,"globalbioticinteractions.org, fetched 2026-09-02"
Conoclinium,Lebia viridis,,pollinator,flowersVisitedBy,,"globalbioticinteractions.org, fetched 2026-09-02"
Conoclinium,Lerema accius,,feeds-on,eatenBy,,"globalbioticinteractions.org, fetched 2026-09-02"
Conoclinium,Lerema accius,,pollinator,flowersVisitedBy,,"globalbioticinteractions.org, fetched 2026-09-02"
Conoclinium,Lerodea eufala,,pollinator,flowersVisitedBy,,"globalbioticinteractions.org, fetched 2026-09-02"
Conoclinium,Lerodea eufala,,feeds-on,eatenBy,,"globalbioticinteractions.org, fetched 2026-09-02"
Conoclinium,Libytheana carinenta,,pollinator,flowersVisitedBy,,"globalbioticinteractions.org, fetched 2026-09-02"
Conoclinium,Libytheana carinenta,,feeds-on,eatenBy,,"globalbioticinteractions.org, fetched 2026-09-02"
Conoclinium,Lon zabulon,,pollinator,flowersVisitedBy,,"globalbioticinteractions.org, fetched 2026-09-02"
Conoclinium,Lycaena hypophlaeas,,pollinator,flowersVisitedBy,,"globalbioticinteractions.org, fetched 2026-09-02"
Conoclinium,Macrocneme chrysitis,,pollinator,flowersVisitedBy,,"globalbioticinteractions.org, fetched 2026-09-02"
Conoclinium,Macrosiagon limbata,,pollinator,flowersVisitedBy,,"globalbioticinteractions.org, fetched 2026-09-02"
Conoclinium,Megachile centuncularis,,pollinator,flowersVisitedBy,,"globalbioticinteractions.org, fetched 2026-09-02"
Conoclinium,Megachile latimanus,,pollinator,flowersVisitedBy,,"globalbioticinteractions.org, fetched 2026-09-02"
Conoclinium,Megachile mendica,,pollinator,flowersVisitedBy,,"globalbioticinteractions.org, fetched 2026-09-02"
Conoclinium,Megachile petulans,,feeds-on,eatenBy,,"globalbioticinteractions.org, fetched 2026-09-02"
Conoclinium,Megachile petulans,,pollinator,flowersVisitedBy,,"globalbioticinteractions.org, fetched 2026-09-02"
Conoclinium,Megachile policaris,,feeds-on,eatenBy,,"globalbioticinteractions.org, fetched 2026-09-02"
Conoclinium,Megachile policaris,,pollinator,flowersVisitedBy,,"globalbioticinteractions.org, fetched 2026-09-02"
Conoclinium,Melissodes bimaculatus,,feeds-on,eatenBy,,"globalbioticinteractions.org, fetched 2026-09-02"
Conoclinium,Melissodes bimaculatus,,pollinator,flowersVisitedBy,,"globalbioticinteractions.org, fetched 2026-09-02"
Conoclinium,Melissodes bimaculatus nullus,,pollinator,flowersVisitedBy,,"globalbioticinteractions.org, fetched 2026-09-02"
Conoclinium,Melissodes druriellus,,feeds-on,eatenBy,,"globalbioticinteractions.org, fetched 2026-09-02"
Conoclinium,Melissodes druriellus,,pollinator,flowersVisitedBy,,"globalbioticinteractions.org, fetched 2026-09-02"
Conoclinium,Melissodes trinodis,,feeds-on,eatenBy,,"globalbioticinteractions.org, fetched 2026-09-02"
Conoclinium,Melissodes trinodis,,pollinator,flowersVisitedBy,,"globalbioticinteractions.org, fetched 2026-09-02"
Conoclinium,Mestra amymone,,pollinator,flowersVisitedBy,,"globalbioticinteractions.org, fetched 2026-09-02"
Conoclinium,Microtia elada ulrica,,pollinator,flowersVisitedBy,,"globalbioticinteractions.org, fetched 2026-09-02"
Conoclinium,Milesia virginiensis,,feeds-on,eatenBy,,"globalbioticinteractions.org, fetched 2026-09-02"
Conoclinium,Milesia virginiensis,,pollinator,flowersVisitedBy,,"globalbioticinteractions.org, fetched 2026-09-02"
Conoclinium,Morellia micans,,pollinator,flowersVisitedBy,,"globalbioticinteractions.org, fetched 2026-09-02"
Conoclinium,Myzinum,,pollinator,visitedBy,,"globalbioticinteractions.org, fetched 2026-09-02"
Conoclinium,Nathalis iole,,pollinator,visitedBy,,"globalbioticinteractions.org, fetched 2026-09-02"
Conoclinium,Nathalis iole,,feeds-on,eatenBy,,"globalbioticinteractions.org, fetched 2026-09-02"
Conoclinium,Oarisma aurantiaca,,feeds-on,eatenBy,,"globalbioticinteractions.org, fetched 2026-09-02"
Conoclinium,Oarisma aurantiaca,,pollinator,flowersVisitedBy,,"globalbioticinteractions.org, fetched 2026-09-02"
Conoclinium,Oarisma minima,,feeds-on,eatenBy,,"globalbioticinteractions.org, fetched 2026-09-02"
Conoclinium,Oarisma minima,,pollinator,flowersVisitedBy,,"globalbioticinteractions.org, fetched 2026-09-02"
Conoclinium,Panoquina ocola,,feeds-on,eatenBy,,"globalbioticinteractions.org, fetched 2026-09-02"
Conoclinium,Panoquina ocola,,pollinator,flowersVisitedBy,,"globalbioticinteractions.org, fetched 2026-09-02"
Conoclinium,Panoquina panoquin,,pollinator,flowersVisitedBy,,"globalbioticinteractions.org, fetched 2026-09-02"
Conoclinium,Panoquina panoquinoides,,pollinator,flowersVisitedBy,,"globalbioticinteractions.org, fetched 2026-09-02"
Conoclinium,Papilio glaucus,,pollinator,flowersVisitedBy,,"globalbioticinteractions.org, fetched 2026-09-02"
Conoclinium,Papilio glaucus,,feeds-on,eatenBy,,"globalbioticinteractions.org, fetched 2026-09-02"
Conoclinium,Papilio palamedes,,pollinator,visitedBy,,"globalbioticinteractions.org, fetched 2026-09-02"
Conoclinium,Papilio polyxenes asterius,,pollinator,visitedBy,,"globalbioticinteractions.org, fetched 2026-09-02"
Conoclinium,Parancistrocerus histrio,,pollinator,flowersVisitedBy,,"globalbioticinteractions.org, fetched 2026-09-02"
Conoclinium,Parancistrocerus leionotus,,feeds-on,eatenBy,,"globalbioticinteractions.org, fetched 2026-09-02"
Conoclinium,Parancistrocerus leionotus,,pollinator,flowersVisitedBy,,"globalbioticinteractions.org, fetched 2026-09-02"
Conoclinium,Phocides lilea,,pollinator,flowersVisitedBy,,"globalbioticinteractions.org, fetched 2026-09-02"
Conoclinium,Phyciodes tharos,,feeds-on,eatenBy,,"globalbioticinteractions.org, fetched 2026-09-02"
Conoclinium,Phyciodes tharos,,pollinator,flowersVisitedBy,,"globalbioticinteractions.org, fetched 2026-09-02"
Conoclinium,Polistes exclamans,,pollinator,visitedBy,,"globalbioticinteractions.org, fetched 2026-09-02"
Conoclinium,Polites coras,,pollinator,flowersVisitedBy,,"globalbioticinteractions.org, fetched 2026-09-02"
Conoclinium,Polites egeremet,,feeds-on,eatenBy,,"globalbioticinteractions.org, fetched 2026-09-02"
Conoclinium,Polites egeremet,,pollinator,flowersVisitedBy,,"globalbioticinteractions.org, fetched 2026-09-02"
Conoclinium,Polites otho,,pollinator,visitedBy,,"globalbioticinteractions.org, fetched 2026-09-02"
Conoclinium,Polites otho,,feeds-on,eatenBy,,"globalbioticinteractions.org, fetched 2026-09-02"
Conoclinium,Polites peckius,,feeds-on,eatenBy,,"globalbioticinteractions.org, fetched 2026-09-02"
Conoclinium,Polites peckius,,pollinator,flowersVisitedBy,,"globalbioticinteractions.org, fetched 2026-09-02"
Conoclinium,Polyctor cleta,,pollinator,flowersVisitedBy,,"globalbioticinteractions.org, fetched 2026-09-02"
Conoclinium,Prionyx parkeri,,feeds-on,eatenBy,,"globalbioticinteractions.org, fetched 2026-09-02"
Conoclinium,Prionyx parkeri,,pollinator,flowersVisitedBy,,"globalbioticinteractions.org, fetched 2026-09-02"
Conoclinium,Psammaletes mexicanus,,pollinator,flowersVisitedBy,,"globalbioticinteractions.org, fetched 2026-09-02"
Conoclinium,Pyrausta inornatalis,,pollinator,visitedBy,,"globalbioticinteractions.org, fetched 2026-09-02"
Conoclinium,Scolia nobilitata,,pollinator,flowersVisitedBy,,"globalbioticinteractions.org, fetched 2026-09-02"
Conoclinium,Siproeta stelenes,,pollinator,flowersVisitedBy,,"globalbioticinteractions.org, fetched 2026-09-02"
Conoclinium,Spathilepia clonius,,pollinator,flowersVisitedBy,,"globalbioticinteractions.org, fetched 2026-09-02"
Conoclinium,Spicauda procne,,pollinator,flowersVisitedBy,,"globalbioticinteractions.org, fetched 2026-09-02"
Conoclinium,Staphylus hayhurstii,,pollinator,flowersVisitedBy,,"globalbioticinteractions.org, fetched 2026-09-02"
Conoclinium,Staphylus hayhurstii,,feeds-on,eatenBy,,"globalbioticinteractions.org, fetched 2026-09-02"
Conoclinium,Stelis louisae,,feeds-on,eatenBy,,"globalbioticinteractions.org, fetched 2026-09-02"
Conoclinium,Stelis louisae,,pollinator,flowersVisitedBy,,"globalbioticinteractions.org, fetched 2026-09-02"
Conoclinium,Stomoxys calcitrans,,pollinator,flowersVisitedBy,,"globalbioticinteractions.org, fetched 2026-09-02"
Conoclinium,Strymon alea,,pollinator,flowersVisitedBy,,"globalbioticinteractions.org, fetched 2026-09-02"
Conoclinium,Strymon istapa,,pollinator,flowersVisitedBy,,"globalbioticinteractions.org, fetched 2026-09-02"
Conoclinium,Strymon istapa,,feeds-on,eatenBy,,"globalbioticinteractions.org, fetched 2026-09-02"
Conoclinium,Systasea pulverulenta,,pollinator,flowersVisitedBy,,"globalbioticinteractions.org, fetched 2026-09-02"
Conoclinium,Telegonus alector,,pollinator,flowersVisitedBy,,"globalbioticinteractions.org, fetched 2026-09-02"
Conoclinium,Toxorhynchites rutilus septentrionalis,,pollinator,flowersVisitedBy,,"globalbioticinteractions.org, fetched 2026-09-02"
Conoclinium,Triepeolus,,pollinator,flowersVisitedBy,,"globalbioticinteractions.org, fetched 2026-09-02"
Conoclinium,Triepeolus cressonii,,pollinator,flowersVisitedBy,,"globalbioticinteractions.org, fetched 2026-09-02"
Conoclinium,Tripudia flavofasciata,,pollinator,flowersVisitedBy,,"globalbioticinteractions.org, fetched 2026-09-02"
Conoclinium,Udea rubigalis,,feeds-on,eatenBy,,"globalbioticinteractions.org, fetched 2026-09-02"
Conoclinium,Udea rubigalis,,pollinator,flowersVisitedBy,,"globalbioticinteractions.org, fetched 2026-09-02"
Conoclinium,Vanessa atalanta rubria,,feeds-on,eatenBy,,"globalbioticinteractions.org, fetched 2026-09-02"
Conoclinium,Vanessa virginiensis,,feeds-on,eatenBy,,"globalbioticinteractions.org, fetched 2026-09-02"
Conoclinium,Vanessa virginiensis,,pollinator,flowersVisitedBy,,"globalbioticinteractions.org, fetched 2026-09-02"
Conoclinium,Vernia verna,,feeds-on,eatenBy,,"globalbioticinteractions.org, fetched 2026-09-02"
Conoclinium,Vernia verna,,pollinator,flowersVisitedBy,,"globalbioticinteractions.org, fetched 2026-09-02"
Conoclinium,Vespula maculifrons,,pollinator,flowersVisitedBy,,"globalbioticinteractions.org, fetched 2026-09-02"
Conoclinium,Xanthaciura tetraspina,,feeds-on,hostOf,,"globalbioticinteractions.org, fetched 2026-09-02"
Conoclinium,Xanthaciura tetraspina,,pollinator,visitedBy,,"globalbioticinteractions.org, fetched 2026-09-02"
Conoclinium,Xylocopa micans,,feeds-on,eatenBy,,"globalbioticinteractions.org, fetched 2026-09-02"
Conoclinium,Xylocopa virginica,,feeds-on,eatenBy,,"globalbioticinteractions.org, fetched 2026-09-02"
Conoclinium,Xylocopa virginica,,pollinator,flowersVisitedBy,,"globalbioticinteractions.org, fetched 2026-09-02"
Conoclinium,Zadontomerus,,feeds-on,eatenBy,,"globalbioticinteractions.org, fetched 2026-09-02"
Conoclinium,Zadontomerus,,pollinator,flowersVisitedBy,,"globalbioticinteractions.org, fetched 2026-09-02"
Conoclinium,Zelus longipes,,pollinator,visitedBy,,"globalbioticinteractions.org, fetched 2026-09-02"
Conoclinium,Zelus renardii,,feeds-on,eatenBy,,"globalbioticinteractions.org, fetched 2026-09-02"
Conoclinium,Zerene cesonia cesonia,,pollinator,flowersVisitedBy,,"globalbioticinteractions.org, fetched 2026-09-02"
Echinacea,Achyra rantalis,,pollinator,flowersVisitedBy,,"globalbioticinteractions.org, fetched 2026-09-02"
Echinacea,Acmaeodera pulchella,,pollinator,flowersVisitedBy,,"globalbioticinteractions.org, fetched 2026-09-02"
Echinacea,Agapostemon sericeus,,pollinator,flowersVisitedBy,,"globalbioticinteractions.org, fetched 2026-09-02"
Echinacea,Agapostemon splendens,,pollinator,flowersVisitedBy,,"globalbioticinteractions.org, fetched 2026-09-02"
Echinacea,Agapostemon texanus,,feeds-on,eatenBy,,"globalbioticinteractions.org, fetched 2026-09-02"
Echinacea,Agapostemon texanus,,pollinator,flowersVisitedBy,,"globalbioticinteractions.org, fetched 2026-09-02"
Echinacea,Agapostemon virescens,,feeds-on,eatenBy,,"globalbioticinteractions.org, fetched 2026-09-02"
Echinacea,Aglais io,,feeds-on,eatenBy,,"globalbioticinteractions.org, fetched 2026-09-02"
Echinacea,Amata phegea,,pollinator,flowersVisitedBy,,"globalbioticinteractions.org, fetched 2026-09-02"
Echinacea,Amphipyra pyramidoides,,pollinator,flowersVisitedBy,,"globalbioticinteractions.org, fetched 2026-09-02"
Echinacea,Anania funebris,,pollinator,flowersVisitedBy,,"globalbioticinteractions.org, fetched 2026-09-02"
Echinacea,Anatis labiculata,,pollinator,flowersVisitedBy,,"globalbioticinteractions.org, fetched 2026-09-02"
Echinacea,Anatrytone logan,,feeds-on,eatenBy,,"globalbioticinteractions.org, fetched 2026-09-02"
Echinacea,Ancistrocerus adiabatus,,pollinator,flowersVisitedBy,,"globalbioticinteractions.org, fetched 2026-09-02"
Echinacea,Ancistrocerus catskill,,pollinator,flowersVisitedBy,,"globalbioticinteractions.org, fetched 2026-09-02"
Echinacea,Andrena wilkella,,pollinator,flowersVisitedBy,,"globalbioticinteractions.org, fetched 2026-09-02"
Echinacea,Anisotremus surinamensis,,feeds-on,eatenBy,,"globalbioticinteractions.org, fetched 2026-09-02"
Echinacea,Antherophagus ochraceus,,pollinator,flowersVisitedBy,,"globalbioticinteractions.org, fetched 2026-09-02"
Echinacea,Anthidium manicatum,,pollinator,flowersVisitedBy,,"globalbioticinteractions.org, fetched 2026-09-02"
Echinacea,Anthrenus isabellinus,,pollinator,flowersVisitedBy,,"globalbioticinteractions.org, fetched 2026-09-02"
Echinacea,Apis mellifera,,pollinator,visitsFlowersOf,,"globalbioticinteractions.org, fetched 2026-09-02"
Echinacea,Aporinellus medianus,,feeds-on,hostOf,,"globalbioticinteractions.org, fetched 2026-09-02"
Echinacea,Armadillidium vulgare,,pollinator,flowersVisitedBy,,"globalbioticinteractions.org, fetched 2026-09-02"
Echinacea,Asterocampa clyton,,feeds-on,eatenBy,,"globalbioticinteractions.org, fetched 2026-09-02"
Echinacea,Atalopedes huron,,feeds-on,eatenBy,,"globalbioticinteractions.org, fetched 2026-09-02"
Echinacea,Atrytone arogos,,pollinator,flowersVisitedBy,,"globalbioticinteractions.org, fetched 2026-09-02"
Echinacea,Atteva pustulella,,feeds-on,eatenBy,,"globalbioticinteractions.org, fetched 2026-09-02"
Echinacea,Autographa californica,,pollinator,flowersVisitedBy,,"globalbioticinteractions.org, fetched 2026-09-02"
Echinacea,Balistapus undulatus,,feeds-on,eatenBy,,"globalbioticinteractions.org, fetched 2026-09-02"
Echinacea,Balistes vetula,,feeds-on,eatenBy,,"globalbioticinteractions.org, fetched 2026-09-02"
Echinacea,Bemisia tabaci,,feeds-on,hostOf,,"globalbioticinteractions.org, fetched 2026-09-02"
Echinacea,Bodianus rufus,,feeds-on,eatenBy,,"globalbioticinteractions.org, fetched 2026-09-02"
Echinacea,Boloria myrina,,pollinator,flowersVisitedBy,,"globalbioticinteractions.org, fetched 2026-09-02"
Echinacea,Bombus,,feeds-on,eatenBy,,"globalbioticinteractions.org, fetched 2026-09-02"
Echinacea,Bombus auricomus,,feeds-on,eatenBy,,"globalbioticinteractions.org, fetched 2026-09-02"
Echinacea,Bombus bimaculatus,,feeds-on,eatenBy,,"globalbioticinteractions.org, fetched 2026-09-02"
Echinacea,Bombus borealis,,feeds-on,eatenBy,,"globalbioticinteractions.org, fetched 2026-09-02"
Echinacea,Bombus californicus,,feeds-on,eatenBy,,"globalbioticinteractions.org, fetched 2026-09-02"
Echinacea,Bombus fervidus,,feeds-on,eatenBy,,"globalbioticinteractions.org, fetched 2026-09-02"
Echinacea,Bombus griseocollis,,feeds-on,eatenBy,,"globalbioticinteractions.org, fetched 2026-09-02"
Echinacea,Bombus griseocollis,,pollinator,visitsFlowersOf,,"globalbioticinteractions.org, fetched 2026-09-02"
Echinacea,Bombus huntii,,feeds-on,eatenBy,,"globalbioticinteractions.org, fetched 2026-09-02"
Echinacea,Bombus impatiens,,feeds-on,eatenBy,,"globalbioticinteractions.org, fetched 2026-09-02"
Echinacea,Bombus lapidarius,,feeds-on,eatenBy,,"globalbioticinteractions.org, fetched 2026-09-02"
Echinacea,Bombus lapidarius,,pollinator,flowersVisitedBy,,"globalbioticinteractions.org, fetched 2026-09-02"
Echinacea,Bombus occidentalis,,feeds-on,eatenBy,,"globalbioticinteractions.org, fetched 2026-09-02"
Echinacea,Bombus perplexus,,feeds-on,eatenBy,,"globalbioticinteractions.org, fetched 2026-09-02"
Echinacea,Bombus ternarius,,feeds-on,eatenBy,,"globalbioticinteractions.org, fetched 2026-09-02"
Echinacea,Bombus terricola,,feeds-on,eatenBy,,"globalbioticinteractions.org, fetched 2026-09-02"
Echinacea,Bombus vagans,,feeds-on,eatenBy,,"globalbioticinteractions.org, fetched 2026-09-02"
Echinacea,Bombus vosnesenskii,,feeds-on,eatenBy,,"globalbioticinteractions.org, fetched 2026-09-02"
Echinacea,Burnsius communis,,feeds-on,eatenBy,,"globalbioticinteractions.org, fetched 2026-09-02"
Echinacea,Calamus bajonado,,feeds-on,eatenBy,,"globalbioticinteractions.org, fetched 2026-09-02"
Echinacea,Calamus calamus,,feeds-on,eatenBy,,"globalbioticinteractions.org, fetched 2026-09-02"
Echinacea,Calamus pennatula,,feeds-on,eatenBy,,"globalbioticinteractions.org, fetched 2026-09-02"
Echinacea,Calephelis muticum,,pollinator,flowersVisitedBy,,"globalbioticinteractions.org, fetched 2026-09-02"
Echinacea,Canthidermis sufflamen,,feeds-on,eatenBy,,"globalbioticinteractions.org, fetched 2026-09-02"
Echinacea,Ceratina,,pollinator,flowersVisitedBy,,"globalbioticinteractions.org, fetched 2026-09-02"
Echinacea,Chauliognathus marginatus,,feeds-on,eatenBy,,"globalbioticinteractions.org, fetched 2026-09-02"
Echinacea,Chauliognathus pensylvanicus,,feeds-on,eatenBy,,"globalbioticinteractions.org, fetched 2026-09-02"
Echinacea,Cisseps fulvicollis,,feeds-on,eatenBy,,"globalbioticinteractions.org, fetched 2026-09-02"
Echinacea,Coenonympha california,,pollinator,flowersVisitedBy,,"globalbioticinteractions.org, fetched 2026-09-02"
Echinacea,Colias croceus,,pollinator,flowersVisitedBy,,"globalbioticinteractions.org, fetched 2026-09-02"
Echinacea,Condylostylus sipho,,pollinator,flowersVisitedBy,,"globalbioticinteractions.org, fetched 2026-09-02"
Echinacea,Cotinis nitida,,feeds-on,eatenBy,,"globalbioticinteractions.org, fetched 2026-09-02"
Echinacea,Cotinis nitida,,pollinator,flowersVisitedBy,,"globalbioticinteractions.org, fetched 2026-09-02"
Echinacea,Darapsa myron,,pollinator,flowersVisitedBy,,"globalbioticinteractions.org, fetched 2026-09-02"
Echinacea,Dejongia lobidactylus,,pollinator,flowersVisitedBy,,"globalbioticinteractions.org, fetched 2026-09-02"
Echinacea,Desmia funeralis,,pollinator,flowersVisitedBy,,"globalbioticinteractions.org, fetched 2026-09-02"
Echinacea,Diadasia enavata,,feeds-on,eatenBy,,"globalbioticinteractions.org, fetched 2026-09-02"
Echinacea,Diadasia enavata,,pollinator,flowersVisitedBy,,"globalbioticinteractions.org, fetched 2026-09-02"
Echinacea,Dialictus,,feeds-on,eatenBy,,"globalbioticinteractions.org, fetched 2026-09-02"
Echinacea,Diathrausta reconditalis,,pollinator,flowersVisitedBy,,"globalbioticinteractions.org, fetched 2026-09-02"
Echinacea,Dielis trifasciata,,pollinator,flowersVisitedBy,,"globalbioticinteractions.org, fetched 2026-09-02"
Echinacea,Diodon holocanthus,,feeds-on,eatenBy,,"globalbioticinteractions.org, fetched 2026-09-02"
Echinacea,Diodon hystrix,,feeds-on,eatenBy,,"globalbioticinteractions.org, fetched 2026-09-02"
Echinacea,Diogmites basalis,,pollinator,flowersVisitedBy,,"globalbioticinteractions.org, fetched 2026-09-02"
Echinacea,Dione vanillae,,feeds-on,eatenBy,,"globalbioticinteractions.org, fetched 2026-09-02"
Echinacea,Dolichovespula arctica,,pollinator,flowersVisitedBy,,"globalbioticinteractions.org, fetched 2026-09-02"
Echinacea,Echinocephalus uncinatus,,feeds-on,hostOf,,"globalbioticinteractions.org, fetched 2026-09-02"
Echinacea,Elkalyce comyntas,,feeds-on,eatenBy,,"globalbioticinteractions.org, fetched 2026-09-02"
Echinacea,Epargyreus clarus,,feeds-on,eatenBy,,"globalbioticinteractions.org, fetched 2026-09-02"
Echinacea,Epicauta,,pollinator,flowersVisitedBy,,"globalbioticinteractions.org, fetched 2026-09-02"
Echinacea,Epimelissodes atripes,,feeds-on,eatenBy,,"globalbioticinteractions.org, fetched 2026-09-02"
Echinacea,Epimelissodes atripes,,pollinator,flowersVisitedBy,,"globalbioticinteractions.org, fetched 2026-09-02"
Echinacea,Epimelissodes obliquus,,feeds-on,eatenBy,,"globalbioticinteractions.org, fetched 2026-09-02"
Echinacea,Epimelissodes obliquus obliquus,,pollinator,flowersVisitedBy,,"globalbioticinteractions.org, fetched 2026-09-02"
Echinacea,Eremnophila aureonotata,,pollinator,flowersVisitedBy,,"globalbioticinteractions.org, fetched 2026-09-02"
Echinacea,Eristalis tenax,,feeds-on,eatenBy,,"globalbioticinteractions.org, fetched 2026-09-02"
Echinacea,Erora laeta,,pollinator,flowersVisitedBy,,"globalbioticinteractions.org, fetched 2026-09-02"
Echinacea,Erynnis baptisiae,,feeds-on,eatenBy,,"globalbioticinteractions.org, fetched 2026-09-02"
Echinacea,Erynnis horatius,,feeds-on,eatenBy,,"globalbioticinteractions.org, fetched 2026-09-02"
Echinacea,Eumelissodes,,pollinator,flowersVisitedBy,,"globalbioticinteractions.org, fetched 2026-09-02"
Echinacea,Eumenes fraternus,,feeds-on,eatenBy,,"globalbioticinteractions.org, fetched 2026-09-02"
Echinacea,Euodynerus hidalgo boreoorientalis,,feeds-on,eatenBy,,"globalbioticinteractions.org, fetched 2026-09-02"
Echinacea,Feltia herilis,,feeds-on,eatenBy,,"globalbioticinteractions.org, fetched 2026-09-02"
Echinacea,Feltia herilis,,pollinator,flowersVisitedBy,,"globalbioticinteractions.org, fetched 2026-09-02"
Echinacea,Feltia jaculifera,,pollinator,flowersVisitedBy,,"globalbioticinteractions.org, fetched 2026-09-02"
Echinacea,Geron,,pollinator,flowersVisitedBy,,"globalbioticinteractions.org, fetched 2026-09-02"
Echinacea,Ginglymostoma cirratum,,feeds-on,eatenBy,,"globalbioticinteractions.org, fetched 2026-09-02"
Echinacea,Gnathophylloides mineri,,feeds-on,eatenBy,,"globalbioticinteractions.org, fetched 2026-09-02"
Echinacea,Haemulon album,,feeds-on,eatenBy,,"globalbioticinteractions.org, fetched 2026-09-02"
Echinacea,Haemulon carbonarium,,feeds-on,eatenBy,,"globalbioticinteractions.org, fetched 2026-09-02"
Echinacea,Haemulon macrostomum,,feeds-on,eatenBy,,"globalbioticinteractions.org, fetched 2026-09-02"
Echinacea,Haemulon plumierii,,feeds-on,eatenBy,,"globalbioticinteractions.org, fetched 2026-09-02"
Echinacea,Haemulon sciurus,,feeds-on,eatenBy,,"globalbioticinteractions.org, fetched 2026-09-02"
Echinacea,Halichoeres garnoti,,feeds-on,eatenBy,,"globalbioticinteractions.org, fetched 2026-09-02"
Echinacea,Halichoeres poeyi,,feeds-on,eatenBy,,"globalbioticinteractions.org, fetched 2026-09-02"
Echinacea,Halictus confusus,,pollinator,flowersVisitedBy,,"globalbioticinteractions.org, fetched 2026-09-02"
Echinacea,Halictus ligatus,,feeds-on,eatenBy,,"globalbioticinteractions.org, fetched 2026-09-02"
Echinacea,Halictus rubicundus,,feeds-on,eatenBy,,"globalbioticinteractions.org, fetched 2026-09-02"
Echinacea,Halictus rubicundus,,pollinator,flowersVisitedBy,,"globalbioticinteractions.org, fetched 2026-09-02"
Echinacea,Halictus scabiosae,,feeds-on,eatenBy,,"globalbioticinteractions.org, fetched 2026-09-02"
Echinacea,Halictus scabiosae,,pollinator,flowersVisitedBy,,"globalbioticinteractions.org, fetched 2026-09-02"
Echinacea,Halysidota,,pollinator,flowersVisitedBy,,"globalbioticinteractions.org, fetched 2026-09-02"
Echinacea,Haploa clymene,,feeds-on,eatenBy,,"globalbioticinteractions.org, fetched 2026-09-02"
Echinacea,Haploa clymene,,pollinator,flowersVisitedBy,,"globalbioticinteractions.org, fetched 2026-09-02"
Echinacea,Haploa confusa,,pollinator,flowersVisitedBy,,"globalbioticinteractions.org, fetched 2026-09-02"
Echinacea,Harrisina americana,,pollinator,flowersVisitedBy,,"globalbioticinteractions.org, fetched 2026-09-02"
Echinacea,Holacanthus ciliaris,,feeds-on,eatenBy,,"globalbioticinteractions.org, fetched 2026-09-02"
Echinacea,Holomenopon leucoxanthum,,feeds-on,eatenBy,,"globalbioticinteractions.org, fetched 2026-09-02"
Echinacea,Hylaeus leptocephalus,,pollinator,flowersVisitedBy,,"globalbioticinteractions.org, fetched 2026-09-02"
Echinacea,Hylaeus modestus,,pollinator,flowersVisitedBy,,"globalbioticinteractions.org, fetched 2026-09-02"
Echinacea,Judolia cordifera,,pollinator,flowersVisitedBy,,"globalbioticinteractions.org, fetched 2026-09-02"
Echinacea,Junonia coenia,,feeds-on,eatenBy,,"globalbioticinteractions.org, fetched 2026-09-02"
Echinacea,Junonia grisea,,feeds-on,eatenBy,,"globalbioticinteractions.org, fetched 2026-09-02"
Echinacea,Labidomera clivicollis,,pollinator,flowersVisitedBy,,"globalbioticinteractions.org, fetched 2026-09-02"
Echinacea,Lachnolaimus maximus,,feeds-on,eatenBy,,"globalbioticinteractions.org, fetched 2026-09-02"
Echinacea,Lactophrys trigonus,,feeds-on,eatenBy,,"globalbioticinteractions.org, fetched 2026-09-02"
Echinacea,Lactophrys triqueter,,feeds-on,eatenBy,,"globalbioticinteractions.org, fetched 2026-09-02"
Echinacea,Lascoria ambigualis,,pollinator,flowersVisitedBy,,"globalbioticinteractions.org, fetched 2026-09-02"
Echinacea,Lasioglossum coriaceum,,pollinator,flowersVisitedBy,,"globalbioticinteractions.org, fetched 2026-09-02"
Echinacea,Lasioglossum pectorale,,feeds-on,eatenBy,,"globalbioticinteractions.org, fetched 2026-09-02"
Echinacea,Lasioglossum pilosum,,pollinator,flowersVisitedBy,,"globalbioticinteractions.org, fetched 2026-09-02"
Echinacea,Lebia viridis,,pollinator,flowersVisitedBy,,"globalbioticinteractions.org, fetched 2026-09-02"
Echinacea,Limenitis arthemis arthemis,,pollinator,flowersVisitedBy,,"globalbioticinteractions.org, fetched 2026-09-02"
Echinacea,Limenitis arthemis arthemis × astyanax,,pollinator,flowersVisitedBy,,"globalbioticinteractions.org, fetched 2026-09-02"
Echinacea,Limochores origenes,,feeds-on,eatenBy,,"globalbioticinteractions.org, fetched 2026-09-02"
Echinacea,Lon melane,,feeds-on,eatenBy,,"globalbioticinteractions.org, fetched 2026-09-02"
Echinacea,Lycaena hypophlaeas,,pollinator,flowersVisitedBy,,"globalbioticinteractions.org, fetched 2026-09-02"
Echinacea,Macaria pustularia,,pollinator,flowersVisitedBy,,"globalbioticinteractions.org, fetched 2026-09-02"
Echinacea,Macrosiagon limbata,,pollinator,flowersVisitedBy,,"globalbioticinteractions.org, fetched 2026-09-02"
Echinacea,Meconema meridionale,,feeds-on,eatenBy,,"globalbioticinteractions.org, fetched 2026-09-02"
Echinacea,Megachile campanulae,,pollinator,flowersVisitedBy,,"globalbioticinteractions.org, fetched 2026-09-02"
Echinacea,Megachile centuncularis,,pollinator,flowersVisitedBy,,"globalbioticinteractions.org, fetched 2026-09-02"
Echinacea,Megachile frugalis frugalis,,pollinator,flowersVisitedBy,,"globalbioticinteractions.org, fetched 2026-09-02"
Echinacea,Megachile latimanus,,feeds-on,eatenBy,,"globalbioticinteractions.org, fetched 2026-09-02"
Echinacea,Megachile mendica,,pollinator,flowersVisitedBy,,"globalbioticinteractions.org, fetched 2026-09-02"
Echinacea,Megachile perihirta,,feeds-on,eatenBy,,"globalbioticinteractions.org, fetched 2026-09-02"
Echinacea,Megachile pugnata,,feeds-on,eatenBy,,"globalbioticinteractions.org, fetched 2026-09-02"
Echinacea,Megachile sculpturalis,,feeds-on,eatenBy,,"globalbioticinteractions.org, fetched 2026-09-02"
Echinacea,Melissodes agilis,,feeds-on,eatenBy,,"globalbioticinteractions.org, fetched 2026-09-02"
Echinacea,Melissodes bimaculatus,,feeds-on,eatenBy,,"globalbioticinteractions.org, fetched 2026-09-02"
Echinacea,Melissodes bimaculatus bimaculatus,,feeds-on,eatenBy,,"globalbioticinteractions.org, fetched 2026-09-02"
Echinacea,Melissodes bimaculatus bimaculatus,,pollinator,flowersVisitedBy,,"globalbioticinteractions.org, fetched 2026-09-02"
Echinacea,Melissodes denticulatus,,pollinator,flowersVisitedBy,,"globalbioticinteractions.org, fetched 2026-09-02"
Echinacea,Melissodes desponsus,,feeds-on,eatenBy,,"globalbioticinteractions.org, fetched 2026-09-02"
Echinacea,Melissodes druriellus,,pollinator,flowersVisitedBy,,"globalbioticinteractions.org, fetched 2026-09-02"
Echinacea,Melissodes trinodis,,feeds-on,eatenBy,,"globalbioticinteractions.org, fetched 2026-09-02"
Echinacea,Metzneria lappella,,pollinator,flowersVisitedBy,,"globalbioticinteractions.org, fetched 2026-09-02"
Echinacea,Milesia virginiensis,,pollinator,flowersVisitedBy,,"globalbioticinteractions.org, fetched 2026-09-02"
Echinacea,Mordella marginata,,pollinator,flowersVisitedBy,,"globalbioticinteractions.org, fetched 2026-09-02"
Echinacea,Mythimna unipuncta,,pollinator,flowersVisitedBy,,"globalbioticinteractions.org, fetched 2026-09-02"
Echinacea,Nymphalis antiopa,,pollinator,flowersVisitedBy,,"globalbioticinteractions.org, fetched 2026-09-02"
Echinacea,Pagrus pagrus,,feeds-on,eatenBy,,"globalbioticinteractions.org, fetched 2026-09-02"
Echinacea,Paguristes cadenati,,feeds-on,eatenBy,,"globalbioticinteractions.org, fetched 2026-09-02"
Echinacea,Paguristes tortugae,,feeds-on,eatenBy,,"globalbioticinteractions.org, fetched 2026-09-02"
Echinacea,Pagurus brevidactylus,,feeds-on,eatenBy,,"globalbioticinteractions.org, fetched 2026-09-02"
Echinacea,Panoquina ocola,,feeds-on,eatenBy,,"globalbioticinteractions.org, fetched 2026-09-02"
Echinacea,Panoquina panoquin,,pollinator,flowersVisitedBy,,"globalbioticinteractions.org, fetched 2026-09-02"
Echinacea,Papilio cresphontes,,feeds-on,eatenBy,,"globalbioticinteractions.org, fetched 2026-09-02"
Echinacea,Papilio glaucus,,feeds-on,eatenBy,,"globalbioticinteractions.org, fetched 2026-09-02"
Echinacea,Papilio polyxenes asterius,,feeds-on,eatenBy,,"globalbioticinteractions.org, fetched 2026-09-02"
Echinacea,Papilio rutulus,,pollinator,flowersVisitedBy,,"globalbioticinteractions.org, fetched 2026-09-02"
Echinacea,Papilio solstitius,,feeds-on,eatenBy,,"globalbioticinteractions.org, fetched 2026-09-02"
Echinacea,Papilio zelicaon,,feeds-on,eatenBy,,"globalbioticinteractions.org, fetched 2026-09-02"
Echinacea,Parancistrocerus histrio,,pollinator,flowersVisitedBy,,"globalbioticinteractions.org, fetched 2026-09-02"
Echinacea,Paravilla separata,,pollinator,flowersVisitedBy,,"globalbioticinteractions.org, fetched 2026-09-02"
Echinacea,Phyciodes tharos,,feeds-on,eatenBy,,"globalbioticinteractions.org, fetched 2026-09-02"
Echinacea,Phymata americana,,pollinator,flowersVisitedBy,,"globalbioticinteractions.org, fetched 2026-09-02"
Echinacea,Poanes aaroni,,pollinator,flowersVisitedBy,,"globalbioticinteractions.org, fetched 2026-09-02"
Echinacea,Polistes dominula,,feeds-on,eatenBy,,"globalbioticinteractions.org, fetched 2026-09-02"
Echinacea,Polites peckius,,feeds-on,eatenBy,,"globalbioticinteractions.org, fetched 2026-09-02"
Echinacea,Polygonia c-album,,feeds-on,eatenBy,,"globalbioticinteractions.org, fetched 2026-09-02"
Echinacea,Polygonia c-album,,pollinator,flowersVisitedBy,,"globalbioticinteractions.org, fetched 2026-09-02"
Echinacea,Ponometia erastrioides,,pollinator,flowersVisitedBy,,"globalbioticinteractions.org, fetched 2026-09-02"
Echinacea,Pseudoanthidium nanum,,feeds-on,eatenBy,,"globalbioticinteractions.org, fetched 2026-09-02"
Echinacea,Ptilothrix bombiformis,,feeds-on,eatenBy,,"globalbioticinteractions.org, fetched 2026-09-02"
Echinacea,Ptilothrix bombiformis,,pollinator,flowersVisitedBy,,"globalbioticinteractions.org, fetched 2026-09-02"
Echinacea,Pustula,,feeds-on,hostOf,,"globalbioticinteractions.org, fetched 2026-09-02"
Echinacea,Pyrausta inornatalis,,pollinator,flowersVisitedBy,,"globalbioticinteractions.org, fetched 2026-09-02"
Echinacea,Pyrobombus,,feeds-on,eatenBy,,"globalbioticinteractions.org, fetched 2026-09-02"
Echinacea,Sayapis,,pollinator,flowersVisitedBy,,"globalbioticinteractions.org, fetched 2026-09-02"
Echinacea,Scolia hirta,,feeds-on,eatenBy,,"globalbioticinteractions.org, fetched 2026-09-02"
Echinacea,Scolia hirta,,pollinator,flowersVisitedBy,,"globalbioticinteractions.org, fetched 2026-09-02"
Echinacea,Scolia nobilitata,,pollinator,flowersVisitedBy,,"globalbioticinteractions.org, fetched 2026-09-02"
Echinacea,Sphaerophoria philanthus,,pollinator,flowersVisitedBy,,"globalbioticinteractions.org, fetched 2026-09-02"
Echinacea,Sphex pensylvanicus,,feeds-on,eatenBy,,"globalbioticinteractions.org, fetched 2026-09-02"
Echinacea,Sphex pensylvanicus,,pollinator,flowersVisitedBy,,"globalbioticinteractions.org, fetched 2026-09-02"
Echinacea,Spinus tristis,,feeds-on,eatenBy,,"globalbioticinteractions.org, fetched 2026-09-02"
Echinacea,Stelis louisae,,feeds-on,eatenBy,,"globalbioticinteractions.org, fetched 2026-09-02"
Echinacea,Stelis louisae,,pollinator,flowersVisitedBy,,"globalbioticinteractions.org, fetched 2026-09-02"
Echinacea,Stictoleptura canadensis,,pollinator,flowersVisitedBy,,"globalbioticinteractions.org, fetched 2026-09-02"
Echinacea,Stonemyia rasa,,pollinator,flowersVisitedBy,,"globalbioticinteractions.org, fetched 2026-09-02"
Echinacea,Strymon istapa,,pollinator,flowersVisitedBy,,"globalbioticinteractions.org, fetched 2026-09-02"
Echinacea,Sympetrum semicinctum,,pollinator,flowersVisitedBy,,"globalbioticinteractions.org, fetched 2026-09-02"
Echinacea,Syndisyrinx collongistyla,,feeds-on,hostOf,,"globalbioticinteractions.org, fetched 2026-09-02"
Echinacea,Syndisyrinx evelinae,,feeds-on,hostOf,,"globalbioticinteractions.org, fetched 2026-09-02"
Echinacea,Syngrapha rectangula,,pollinator,flowersVisitedBy,,"globalbioticinteractions.org, fetched 2026-09-02"
Echinacea,Syntomeida epilais,,pollinator,flowersVisitedBy,,"globalbioticinteractions.org, fetched 2026-09-02"
Echinacea,Tachypompilus ferrugineus,,pollinator,flowersVisitedBy,,"globalbioticinteractions.org, fetched 2026-09-02"
Echinacea,Thalassoma bifasciatum,,feeds-on,eatenBy,,"globalbioticinteractions.org, fetched 2026-09-02"
Echinacea,Toxorhynchites rutilus,,pollinator,flowersVisitedBy,,"globalbioticinteractions.org, fetched 2026-09-02"
Echinacea,Tricholita signata,,pollinator,flowersVisitedBy,,"globalbioticinteractions.org, fetched 2026-09-02"
Echinacea,Triepeolus remigatus,,feeds-on,eatenBy,,"globalbioticinteractions.org, fetched 2026-09-02"
Echinacea,Typocerus velutinus,,feeds-on,eatenBy,,"globalbioticinteractions.org, fetched 2026-09-02"
Echinacea,Typocerus velutinus velutinus,,pollinator,flowersVisitedBy,,"globalbioticinteractions.org, fetched 2026-09-02"
Echinacea,Udea rubigalis,,pollinator,flowersVisitedBy,,"globalbioticinteractions.org, fetched 2026-09-02"
Echinacea,Vanessa annabella,,feeds-on,eatenBy,,"globalbioticinteractions.org, fetched 2026-09-02"
Echinacea,Vanessa itea,,feeds-on,eatenBy,,"globalbioticinteractions.org, fetched 2026-09-02"
Echinacea,Vanessa virginiensis,,feeds-on,eatenBy,,"globalbioticinteractions.org, fetched 2026-09-02"
Echinacea,Vespula maculifrons,,pollinator,flowersVisitedBy,,"globalbioticinteractions.org, fetched 2026-09-02"
Echinacea,Xanthosarus,,pollinator,flowersVisitedBy,,"globalbioticinteractions.org, fetched 2026-09-02"
Echinacea,Xylocopa,,feeds-on,eatenBy,,"globalbioticinteractions.org, fetched 2026-09-02"
Echinacea,Xylocopa violacea,,feeds-on,eatenBy,,"globalbioticinteractions.org, fetched 2026-09-02"
Echinacea,Xylocopa violacea,,pollinator,flowersVisitedBy,,"globalbioticinteractions.org, fetched 2026-09-02"
Echinacea,Xylocopa virginica,,feeds-on,eatenBy,,"globalbioticinteractions.org, fetched 2026-09-02"
Echinacea,Zadontomerus,,feeds-on,eatenBy,,"globalbioticinteractions.org, fetched 2026-09-02"
Elymus,Acanthis flammea,,feeds-on,eatenBy,,"globalbioticinteractions.org, fetched 2026-09-02"
Elymus,Aiolopus strepens,,feeds-on,eatenBy,,"globalbioticinteractions.org, fetched 2026-09-02"
Elymus,Alectoris graeca,,feeds-on,eatenBy,,"globalbioticinteractions.org, fetched 2026-09-02"
Elymus,Amartus rufipes,,feeds-on,hostOf,,"globalbioticinteractions.org, fetched 2026-09-02"
Elymus,Anoecia vagans,,feeds-on,eatenBy,,"globalbioticinteractions.org, fetched 2026-09-02"
Elymus,Anser anser,,feeds-on,eatenBy,,"globalbioticinteractions.org, fetched 2026-09-02"
Elymus,Apamea lignicolora,,feeds-on,eatenBy,,"globalbioticinteractions.org, fetched 2026-09-02"
Elymus,Aphantopus hyperantus,,feeds-on,eatenBy,,"globalbioticinteractions.org, fetched 2026-09-02"
Elymus,Aporinellus medianus,,feeds-on,hostOf,,"globalbioticinteractions.org, fetched 2026-09-02"
Elymus,Attenuipyga platyrhynchus,,feeds-on,eatenBy,,"globalbioticinteractions.org, fetched 2026-09-02"
Elymus,BOLD:AAJ6643,,feeds-on,hostOf,,"globalbioticinteractions.org, fetched 2026-09-02"
Elymus,BOLD:ACI0832,,feeds-on,hostOf,,"globalbioticinteractions.org, fetched 2026-09-02"
Elymus,BOLD:ACI0834,,feeds-on,hostOf,,"globalbioticinteractions.org, fetched 2026-09-02"
Elymus,BOLD:ACQ2322,,feeds-on,hostOf,,"globalbioticinteractions.org, fetched 2026-09-02"
Elymus,BOLD:ACQ2323,,feeds-on,hostOf,,"globalbioticinteractions.org, fetched 2026-09-02"
Elymus,Chorthippus brunneus,,feeds-on,eatenBy,,"globalbioticinteractions.org, fetched 2026-09-02"
Elymus,Chorthippus vagans,,feeds-on,eatenBy,,"globalbioticinteractions.org, fetched 2026-09-02"
Elymus,Columba livia domestica,,feeds-on,eatenBy,,"globalbioticinteractions.org, fetched 2026-09-02"
Elymus,Corvus monedula,,feeds-on,eatenBy,,"globalbioticinteractions.org, fetched 2026-09-02"
Elymus,Ctenucha virginica,,feeds-on,eatenBy,,"globalbioticinteractions.org, fetched 2026-09-02"
Elymus,Cygnus columbianus,,feeds-on,eatenBy,,"globalbioticinteractions.org, fetched 2026-09-02"
Elymus,Dargida diffusa,,feeds-on,eatenBy,,"globalbioticinteractions.org, fetched 2026-09-02"
Elymus,Dargida procinctus,,feeds-on,eatenBy,,"globalbioticinteractions.org, fetched 2026-09-02"
Elymus,Dicranotropis beckeri,,feeds-on,eatenBy,,"globalbioticinteractions.org, fetched 2026-09-02"
Elymus,Dictyophara europaea,,feeds-on,eatenBy,,"globalbioticinteractions.org, fetched 2026-09-02"
Elymus,Elachista leucofrons,,feeds-on,eatenBy,,"globalbioticinteractions.org, fetched 2026-09-02"
Elymus,Emberiza cia,,feeds-on,eatenBy,,"globalbioticinteractions.org, fetched 2026-09-02"
Elymus,Emberiza citrinella,,feeds-on,eatenBy,,"globalbioticinteractions.org, fetched 2026-09-02"
Elymus,Emeljanovianus medius,,feeds-on,eatenBy,,"globalbioticinteractions.org, fetched 2026-09-02"
Elymus,Emydoidea blandingii,,feeds-on,eatenBy,,"globalbioticinteractions.org, fetched 2026-09-02"
Elymus,Errastunus ocellaris,,feeds-on,eatenBy,,"globalbioticinteractions.org, fetched 2026-09-02"
Elymus,Eurybregma nigrolineata,,feeds-on,eatenBy,,"globalbioticinteractions.org, fetched 2026-09-02"
Elymus,Garrulus glandarius,,feeds-on,eatenBy,,"globalbioticinteractions.org, fetched 2026-09-02"
Elymus,Hallodapus suturalis,,feeds-on,eatenBy,,"globalbioticinteractions.org, fetched 2026-09-02"
Elymus,Hemileuca oliviae,,feeds-on,eatenBy,,"globalbioticinteractions.org, fetched 2026-09-02"
Elymus,Heterococcus nudus,,feeds-on,eatenBy,,"globalbioticinteractions.org, fetched 2026-09-02"
Elymus,Hipparchia semele,,feeds-on,eatenBy,,"globalbioticinteractions.org, fetched 2026-09-02"
Elymus,Hispa atra,,feeds-on,eatenBy,,"globalbioticinteractions.org, fetched 2026-09-02"
Elymus,Hydraecia immanis,,feeds-on,eatenBy,,"globalbioticinteractions.org, fetched 2026-09-02"
Elymus,Ischnura verticalis,,pollinator,flowersVisitedBy,,"globalbioticinteractions.org, fetched 2026-09-02"
Elymus,Javesella pellucida,,feeds-on,eatenBy,,"globalbioticinteractions.org, fetched 2026-09-02"
Elymus,Lepyronia coleoptrata,,feeds-on,eatenBy,,"globalbioticinteractions.org, fetched 2026-09-02"
Elymus,Leucania phragmitidicola,,feeds-on,eatenBy,,"globalbioticinteractions.org, fetched 2026-09-02"
Elymus,Limnia inopa,,feeds-on,hostOf,,"globalbioticinteractions.org, fetched 2026-09-02"
Elymus,Lophophanes cristatus,,feeds-on,eatenBy,,"globalbioticinteractions.org, fetched 2026-09-02"
Elymus,Lullula arborea,,feeds-on,eatenBy,,"globalbioticinteractions.org, fetched 2026-09-02"
Elymus,Melanargia lachesis,,feeds-on,eatenBy,,"globalbioticinteractions.org, fetched 2026-09-02"
Elymus,Messor structor,,feeds-on,eatenBy,,"globalbioticinteractions.org, fetched 2026-09-02"
Elymus,Microtus pennsylvanicus,,feeds-on,eatenBy,,"globalbioticinteractions.org, fetched 2026-09-02"
Elymus,Mocuellus collinus,,feeds-on,eatenBy,,"globalbioticinteractions.org, fetched 2026-09-02"
Elymus,Mocuellus ineptus,,feeds-on,eatenBy,,"globalbioticinteractions.org, fetched 2026-09-02"
Elymus,Mocuellus lingi,,feeds-on,eatenBy,,"globalbioticinteractions.org, fetched 2026-09-02"
Elymus,Mocuellus ruthenicus,,feeds-on,eatenBy,,"globalbioticinteractions.org, fetched 2026-09-02"
Elymus,Mocydia crocea,,feeds-on,eatenBy,,"globalbioticinteractions.org, fetched 2026-09-02"
Elymus,Montifringilla nivalis,,feeds-on,eatenBy,,"globalbioticinteractions.org, fetched 2026-09-02"
Elymus,Myocastor coypus,,feeds-on,eatenBy,,"globalbioticinteractions.org, fetched 2026-09-02"
Elymus,Mythimna albipuncta,,feeds-on,eatenBy,,"globalbioticinteractions.org, fetched 2026-09-02"
Elymus,Mythimna ferrago,,feeds-on,eatenBy,,"globalbioticinteractions.org, fetched 2026-09-02"
Elymus,Neophilaenus campestris campestris,,feeds-on,eatenBy,,"globalbioticinteractions.org, fetched 2026-09-02"
Elymus,Oarisma garita,,feeds-on,eatenBy,,"globalbioticinteractions.org, fetched 2026-09-02"
Elymus,Oedipoda caerulescens,,feeds-on,eatenBy,,"globalbioticinteractions.org, fetched 2026-09-02"
Elymus,Oriolus oriolus,,feeds-on,eatenBy,,"globalbioticinteractions.org, fetched 2026-09-02"
Elymus,Pararge aegeria,,feeds-on,eatenBy,,"globalbioticinteractions.org, fetched 2026-09-02"
Elymus,Passer italiae,,feeds-on,eatenBy,,"globalbioticinteractions.org, fetched 2026-09-02"
Elymus,Perdix perdix,,feeds-on,eatenBy,,"globalbioticinteractions.org, fetched 2026-09-02"
Elymus,Philaenus spumarius,,feeds-on,eatenBy,,"globalbioticinteractions.org, fetched 2026-09-02"
Elymus,Phlebiastes desertus,,feeds-on,eatenBy,,"globalbioticinteractions.org, fetched 2026-09-02"
Elymus,Phlebiastes infortunatus,,feeds-on,eatenBy,,"globalbioticinteractions.org, fetched 2026-09-02"
Elymus,Phlebiastes kerzhneri,,feeds-on,eatenBy,,"globalbioticinteractions.org, fetched 2026-09-02"
Elymus,Pica pica,,feeds-on,eatenBy,,"globalbioticinteractions.org, fetched 2026-09-02"
Elymus,Platycleis albopunctata,,feeds-on,eatenBy,,"globalbioticinteractions.org, fetched 2026-09-02"
Elymus,Plectrophenax nivalis,,feeds-on,eatenBy,,"globalbioticinteractions.org, fetched 2026-09-02"
Elymus,Prunella modularis,,feeds-on,eatenBy,,"globalbioticinteractions.org, fetched 2026-09-02"
Elymus,Psammotettix kolosvarensis,,feeds-on,eatenBy,,"globalbioticinteractions.org, fetched 2026-09-02"
Elymus,Pyronia tithonus,,feeds-on,eatenBy,,"globalbioticinteractions.org, fetched 2026-09-02"
Elymus,Pyrrharctia isabella,,feeds-on,eatenBy,,"globalbioticinteractions.org, fetched 2026-09-02"
Elymus,Pyrrhocorax pyrrhocorax,,feeds-on,eatenBy,,"globalbioticinteractions.org, fetched 2026-09-02"
Elymus,Pyrrhula pyrrhula,,feeds-on,eatenBy,,"globalbioticinteractions.org, fetched 2026-09-02"
Elymus,Rhopalosiphum padi,,feeds-on,eatenBy,,"globalbioticinteractions.org, fetched 2026-09-02"
Elymus,Schizotetranychus elymus,,feeds-on,eatenBy,,"globalbioticinteractions.org, fetched 2026-09-02"
Elymus,Schizotetranychus montanae,,feeds-on,eatenBy,,"globalbioticinteractions.org, fetched 2026-09-02"
Elymus,Serinus serinus,,feeds-on,eatenBy,,"globalbioticinteractions.org, fetched 2026-09-02"
Elymus,Sipha glyceriae,,feeds-on,eatenBy,,"globalbioticinteractions.org, fetched 2026-09-02"
Elymus,Sitobion avenae,,feeds-on,eatenBy,,"globalbioticinteractions.org, fetched 2026-09-02"
Elymus,Sylvilagus floridanus,,feeds-on,eatenBy,,"globalbioticinteractions.org, fetched 2026-09-02"
Elymus,Taurotettix modestus,,feeds-on,eatenBy,,"globalbioticinteractions.org, fetched 2026-09-02"
Elymus,Tetramesa hyalipenis [sic],,feeds-on,hostOf,,"globalbioticinteractions.org, fetched 2026-09-02"
Elymus,Tetrao urogallus,,feeds-on,eatenBy,,"globalbioticinteractions.org, fetched 2026-09-02"
Elymus,Tetrastes bonasia,,feeds-on,eatenBy,,"globalbioticinteractions.org, fetched 2026-09-02"
Elymus,Thymelicus acteon,,feeds-on,eatenBy,,"globalbioticinteractions.org, fetched 2026-09-02"
Elymus,Thymelicus acteon,,pollinator,flowersVisitedBy,,"globalbioticinteractions.org, fetched 2026-09-02"
Elymus,Thymelicus lineola,,feeds-on,eatenBy,,"globalbioticinteractions.org, fetched 2026-09-02"
Elymus,Thymelicus lineola,,pollinator,flowersVisitedBy,,"globalbioticinteractions.org, fetched 2026-09-02"
Elymus,Turdus torquatus,,feeds-on,eatenBy,,"globalbioticinteractions.org, fetched 2026-09-02"
Elymus,Turrutus socialis,,feeds-on,eatenBy,,"globalbioticinteractions.org, fetched 2026-09-02"
Elymus,Unkanodes excisa,,feeds-on,eatenBy,,"globalbioticinteractions.org, fetched 2026-09-02"
Elymus,Xestia xanthographa,,feeds-on,eatenBy,,"globalbioticinteractions.org, fetched 2026-09-02"
Engelmannia,Amblyscirtes nysa,,pollinator,flowersVisitedBy,,"globalbioticinteractions.org, fetched 2026-09-02"
Engelmannia,Anthanassa texana,,pollinator,flowersVisitedBy,,"globalbioticinteractions.org, fetched 2026-09-02"
Engelmannia,Atalopedes huron,,pollinator,flowersVisitedBy,,"globalbioticinteractions.org, fetched 2026-09-02"
Engelmannia,Brephidium exilis,,pollinator,flowersVisitedBy,,"globalbioticinteractions.org, fetched 2026-09-02"
Engelmannia,Chlosyne gorgone,,pollinator,visitedBy,,"globalbioticinteractions.org, fetched 2026-09-02"
Engelmannia,Colias eurytheme,,pollinator,flowersVisitedBy,,"globalbioticinteractions.org, fetched 2026-09-02"
Engelmannia,Halictus ligatus,,pollinator,flowersVisitedBy,,"globalbioticinteractions.org, fetched 2026-09-02"
Engelmannia,Halictus tripartitus,,pollinator,visitedBy,,"globalbioticinteractions.org, fetched 2026-09-02"
Engelmannia,Kricogonia lyside,,pollinator,flowersVisitedBy,,"globalbioticinteractions.org, fetched 2026-09-02"
Engelmannia,Phyciodes tharos,,pollinator,flowersVisitedBy,,"globalbioticinteractions.org, fetched 2026-09-02"
Engelmannia,Protandrena albitarsis,,pollinator,visitedBy,,"globalbioticinteractions.org, fetched 2026-09-02"
Engelmannia,Pyrausta inornatalis,,pollinator,visitedBy,,"globalbioticinteractions.org, fetched 2026-09-02"
Engelmannia,Vanessa virginiensis,,pollinator,flowersVisitedBy,,"globalbioticinteractions.org, fetched 2026-09-02"
Eryngium,Acontia candefacta,,pollinator,flowersVisitedBy,,"globalbioticinteractions.org, fetched 2026-09-02"
Eryngium,Agapostemon,,pollinator,flowersVisitedBy,,"globalbioticinteractions.org, fetched 2026-09-02"
Eryngium,Agapostemon sericeus,,pollinator,flowersVisitedBy,,"globalbioticinteractions.org, fetched 2026-09-02"
Eryngium,Agapostemon splendens,,pollinator,flowersVisitedBy,,"globalbioticinteractions.org, fetched 2026-09-02"
Eryngium,Agapostemon texanus,,feeds-on,eatenBy,,"globalbioticinteractions.org, fetched 2026-09-02"
Eryngium,Agapostemon virescens,,pollinator,flowersVisitedBy,,"globalbioticinteractions.org, fetched 2026-09-02"
Eryngium,Agonopterix cnicella,,feeds-on,eatenBy,,"globalbioticinteractions.org, fetched 2026-09-02"
Eryngium,Allograpta exotica,,pollinator,flowersVisitedBy,,"globalbioticinteractions.org, fetched 2026-09-02"
Eryngium,Ammophila kennedyi,,pollinator,flowersVisitedBy,,"globalbioticinteractions.org, fetched 2026-09-02"
Eryngium,Ammophila nigricans,,pollinator,flowersVisitedBy,,"globalbioticinteractions.org, fetched 2026-09-02"
Eryngium,Ammophila pictipennis,,feeds-on,eatenBy,,"globalbioticinteractions.org, fetched 2026-09-02"
Eryngium,Ammophila pictipennis,,pollinator,flowersVisitedBy,,"globalbioticinteractions.org, fetched 2026-09-02"
Eryngium,Ammophila procera,,pollinator,flowersVisitedBy,,"globalbioticinteractions.org, fetched 2026-09-02"
Eryngium,Ancistrocerus adiabatus,,feeds-on,eatenBy,,"globalbioticinteractions.org, fetched 2026-09-02"
Eryngium,Ancistrocerus adiabatus,,pollinator,flowersVisitedBy,,"globalbioticinteractions.org, fetched 2026-09-02"
Eryngium,Ancistrocerus campestris,,pollinator,flowersVisitedBy,,"globalbioticinteractions.org, fetched 2026-09-02"
Eryngium,Ancistrocerus capra,,feeds-on,eatenBy,,"globalbioticinteractions.org, fetched 2026-09-02"
Eryngium,Ancistrocerus capra,,pollinator,flowersVisitedBy,,"globalbioticinteractions.org, fetched 2026-09-02"
Eryngium,Ancistrocerus unifasciatus,,pollinator,flowersVisitedBy,,"globalbioticinteractions.org, fetched 2026-09-02"
Eryngium,Ancistrocerus unifasciatus,,feeds-on,eatenBy,,"globalbioticinteractions.org, fetched 2026-09-02"
Eryngium,Andrena,,pollinator,flowersVisitedBy,,"globalbioticinteractions.org, fetched 2026-09-02"
Eryngium,Andrena decipiens,,pollinator,pollinatedBy,,"globalbioticinteractions.org, fetched 2026-09-02"
Eryngium,Andrena flavipes,,pollinator,flowersVisitedBy,,"globalbioticinteractions.org, fetched 2026-09-02"
Eryngium,Andrena nigriceps,,pollinator,pollinatedBy,,"globalbioticinteractions.org, fetched 2026-09-02"
Eryngium,Andrena prunorum,,feeds-on,eatenBy,,"globalbioticinteractions.org, fetched 2026-09-02"
Eryngium,Andrena prunorum,,pollinator,visitedBy,,"globalbioticinteractions.org, fetched 2026-09-02"
Eryngium,Anoplius atrox,,pollinator,flowersVisitedBy,,"globalbioticinteractions.org, fetched 2026-09-02"
Eryngium,Antherophagus ochraceus,,pollinator,flowersVisitedBy,,"globalbioticinteractions.org, fetched 2026-09-02"
Eryngium,Anthidiellum notatum notatum,,pollinator,flowersVisitedBy,,"globalbioticinteractions.org, fetched 2026-09-02"
Eryngium,Anthidium oblongatum,,pollinator,flowersVisitedBy,,"globalbioticinteractions.org, fetched 2026-09-02"
Eryngium,Archytas analis,,pollinator,flowersVisitedBy,,"globalbioticinteractions.org, fetched 2026-09-02"
Eryngium,Arge humeralis,,feeds-on,eatenBy,,"globalbioticinteractions.org, fetched 2026-09-02"
Eryngium,Arge humeralis,,pollinator,flowersVisitedBy,,"globalbioticinteractions.org, fetched 2026-09-02"
Eryngium,Argynnis paphia,,pollinator,flowersVisitedBy,,"globalbioticinteractions.org, fetched 2026-09-02"
Eryngium,Atalopedes huron,,feeds-on,eatenBy,,"globalbioticinteractions.org, fetched 2026-09-02"
Eryngium,Atalopedes huron,,pollinator,flowersVisitedBy,,"globalbioticinteractions.org, fetched 2026-09-02"
Eryngium,Atrytone arogos,,pollinator,flowersVisitedBy,,"globalbioticinteractions.org, fetched 2026-09-02"
Eryngium,Atteva pustulella,,pollinator,flowersVisitedBy,,"globalbioticinteractions.org, fetched 2026-09-02"
Eryngium,Atteva pustulella,,feeds-on,eatenBy,,"globalbioticinteractions.org, fetched 2026-09-02"
Eryngium,Augochlora pura,,feeds-on,eatenBy,,"globalbioticinteractions.org, fetched 2026-09-02"
Eryngium,Augochlora pura,,pollinator,flowersVisitedBy,,"globalbioticinteractions.org, fetched 2026-09-02"
Eryngium,Balacha similis,,feeds-on,eatenBy,,"globalbioticinteractions.org, fetched 2026-09-02"
Eryngium,Belvosia bifasciata,,pollinator,flowersVisitedBy,,"globalbioticinteractions.org, fetched 2026-09-02"
Eryngium,Belvosia borealis,,feeds-on,eatenBy,,"globalbioticinteractions.org, fetched 2026-09-02"
Eryngium,Belvosia borealis,,pollinator,flowersVisitedBy,,"globalbioticinteractions.org, fetched 2026-09-02"
Eryngium,Bembix americana spinolae,,pollinator,flowersVisitedBy,,"globalbioticinteractions.org, fetched 2026-09-02"
Eryngium,Bembix rostrata,,pollinator,flowersVisitedBy,,"globalbioticinteractions.org, fetched 2026-09-02"
Eryngium,Bicyrtes insidiatrix,,feeds-on,eatenBy,,"globalbioticinteractions.org, fetched 2026-09-02"
Eryngium,Bicyrtes insidiatrix,,pollinator,flowersVisitedBy,,"globalbioticinteractions.org, fetched 2026-09-02"
Eryngium,Bicyrtes quadrifasciatus,,feeds-on,eatenBy,,"globalbioticinteractions.org, fetched 2026-09-02"
Eryngium,Bicyrtes quadrifasciatus,,pollinator,flowersVisitedBy,,"globalbioticinteractions.org, fetched 2026-09-02"
Eryngium,Bicyrtes ventralis,,pollinator,flowersVisitedBy,,"globalbioticinteractions.org, fetched 2026-09-02"
Eryngium,Bombus,,feeds-on,eatenBy,,"globalbioticinteractions.org, fetched 2026-09-02"
Eryngium,Bombus,,pollinator,flowersVisitedBy,,"globalbioticinteractions.org, fetched 2026-09-02"
Eryngium,Bombus affinis,,feeds-on,eatenBy,,"globalbioticinteractions.org, fetched 2026-09-02"
Eryngium,Bombus affinis,,pollinator,flowersVisitedBy,,"globalbioticinteractions.org, fetched 2026-09-02"
Eryngium,Bombus auricomus,,pollinator,flowersVisitedBy,,"globalbioticinteractions.org, fetched 2026-09-02"
Eryngium,Bombus bimaculatus,,feeds-on,eatenBy,,"globalbioticinteractions.org, fetched 2026-09-02"
Eryngium,Bombus bimaculatus,,pollinator,flowersVisitedBy,,"globalbioticinteractions.org, fetched 2026-09-02"
Eryngium,Bombus borealis,,pollinator,flowersVisitedBy,,"globalbioticinteractions.org, fetched 2026-09-02"
Eryngium,Bombus fervidus,,pollinator,flowersVisitedBy,,"globalbioticinteractions.org, fetched 2026-09-02"
Eryngium,Bombus griseocollis,,feeds-on,eatenBy,,"globalbioticinteractions.org, fetched 2026-09-02"
Eryngium,Bombus griseocollis,,pollinator,flowersVisitedBy,,"globalbioticinteractions.org, fetched 2026-09-02"
Eryngium,Bombus huntii,,pollinator,flowersVisitedBy,,"globalbioticinteractions.org, fetched 2026-09-02"
Eryngium,Bombus hypnorum,,pollinator,flowersVisitedBy,,"globalbioticinteractions.org, fetched 2026-09-02"
Eryngium,Bombus impatiens,,feeds-on,eatenBy,,"globalbioticinteractions.org, fetched 2026-09-02"
Eryngium,Bombus impatiens,,pollinator,flowersVisitedBy,,"globalbioticinteractions.org, fetched 2026-09-02"
Eryngium,Bombus lapidarius,,pollinator,flowersVisitedBy,,"globalbioticinteractions.org, fetched 2026-09-02"
Eryngium,Bombus lucorum,,pollinator,flowersVisitedBy,,"globalbioticinteractions.org, fetched 2026-09-02"
Eryngium,Bombus melanopygus,,feeds-on,eatenBy,,"globalbioticinteractions.org, fetched 2026-09-02"
Eryngium,Bombus melanopygus,,pollinator,pollinatedBy,,"globalbioticinteractions.org, fetched 2026-09-02"
Eryngium,Bombus occidentalis,,pollinator,visitedBy,,"globalbioticinteractions.org, fetched 2026-09-02"
Eryngium,Bombus pascuorum,,pollinator,flowersVisitedBy,,"globalbioticinteractions.org, fetched 2026-09-02"
Eryngium,Bombus pensylvanicus,,pollinator,flowersVisitedBy,,"globalbioticinteractions.org, fetched 2026-09-02"
Eryngium,Bombus perplexus,,pollinator,flowersVisitedBy,,"globalbioticinteractions.org, fetched 2026-09-02"
Eryngium,Bombus ternarius,,pollinator,flowersVisitedBy,,"globalbioticinteractions.org, fetched 2026-09-02"
Eryngium,Bombus terrestris lusitanicus,,pollinator,flowersVisitedBy,,"globalbioticinteractions.org, fetched 2026-09-02"
Eryngium,Bombus terricola,,pollinator,flowersVisitedBy,,"globalbioticinteractions.org, fetched 2026-09-02"
Eryngium,Bombus vancouverensis vancouverensis,,pollinator,visitedBy,,"globalbioticinteractions.org, fetched 2026-09-02"
Eryngium,Bombus vosnesenskii,,pollinator,flowersVisitedBy,,"globalbioticinteractions.org, fetched 2026-09-02"
Eryngium,Caliadurgus fasciatellus,,pollinator,flowersVisitedBy,,"globalbioticinteractions.org, fetched 2026-09-02"
Eryngium,Callophrys gryneus,,feeds-on,eatenBy,,"globalbioticinteractions.org, fetched 2026-09-02"
Eryngium,Callophrys gryneus,,pollinator,flowersVisitedBy,,"globalbioticinteractions.org, fetched 2026-09-02"
Eryngium,Campsomeriella collaris collaris,,pollinator,flowersVisitedBy,,"globalbioticinteractions.org, fetched 2026-09-02"
Eryngium,Cantharidae,,pollinator,pollinatedBy,,"globalbioticinteractions.org, fetched 2026-09-02"
Eryngium,Carpocoris mediterraneus atlanticus,,pollinator,flowersVisitedBy,,"globalbioticinteractions.org, fetched 2026-09-02"
Eryngium,Carpocoris purpureipennis,,feeds-on,eatenBy,,"globalbioticinteractions.org, fetched 2026-09-02"
Eryngium,Ceratina cucurbitina,,pollinator,flowersVisitedBy,,"globalbioticinteractions.org, fetched 2026-09-02"
Eryngium,Cerceris bicornuta,,pollinator,flowersVisitedBy,,"globalbioticinteractions.org, fetched 2026-09-02"
Eryngium,Cerceris frontata,,pollinator,flowersVisitedBy,,"globalbioticinteractions.org, fetched 2026-09-02"
Eryngium,Cerceris insolita,,pollinator,flowersVisitedBy,,"globalbioticinteractions.org, fetched 2026-09-02"
Eryngium,Cerceris insolita,,feeds-on,eatenBy,,"globalbioticinteractions.org, fetched 2026-09-02"
Eryngium,Cerceris intricata graphica,,pollinator,flowersVisitedBy,,"globalbioticinteractions.org, fetched 2026-09-02"
Eryngium,Cerceris tuberculata,,pollinator,flowersVisitedBy,,"globalbioticinteractions.org, fetched 2026-09-02"
Eryngium,Cerocoma schreberi,,feeds-on,eatenBy,,"globalbioticinteractions.org, fetched 2026-09-02"
Eryngium,Ceropales elegans,,pollinator,flowersVisitedBy,,"globalbioticinteractions.org, fetched 2026-09-02"
Eryngium,Ceylalictus variegatus,,pollinator,flowersVisitedBy,,"globalbioticinteractions.org, fetched 2026-09-02"
Eryngium,Chauliognathus marginatus,,pollinator,flowersVisitedBy,,"globalbioticinteractions.org, fetched 2026-09-02"
Eryngium,Chauliognathus marginatus,,feeds-on,eatenBy,,"globalbioticinteractions.org, fetched 2026-09-02"
Eryngium,Chauliognathus pensylvanicus,,pollinator,flowersVisitedBy,,"globalbioticinteractions.org, fetched 2026-09-02"
Eryngium,Chauliognathus pensylvanicus,,feeds-on,eatenBy,,"globalbioticinteractions.org, fetched 2026-09-02"
Eryngium,Chlorophorus varius,,pollinator,flowersVisitedBy,,"globalbioticinteractions.org, fetched 2026-09-02"
Eryngium,Chlorotabanus crepuscularis,,pollinator,flowersVisitedBy,,"globalbioticinteractions.org, fetched 2026-09-02"
Eryngium,Chrysops macquarti,,pollinator,flowersVisitedBy,,"globalbioticinteractions.org, fetched 2026-09-02"
Eryngium,Cigaritis acamas,,pollinator,flowersVisitedBy,,"globalbioticinteractions.org, fetched 2026-09-02"
Eryngium,Cisseps fulvicollis,,pollinator,flowersVisitedBy,,"globalbioticinteractions.org, fetched 2026-09-02"
Eryngium,Cisseps fulvicollis,,feeds-on,eatenBy,,"globalbioticinteractions.org, fetched 2026-09-02"
Eryngium,Cnephasia stephensiana,,feeds-on,eatenBy,,"globalbioticinteractions.org, fetched 2026-09-02"
Eryngium,Codophila varia,,feeds-on,eatenBy,,"globalbioticinteractions.org, fetched 2026-09-02"
Eryngium,Coelioxys brevis,,pollinator,flowersVisitedBy,,"globalbioticinteractions.org, fetched 2026-09-02"
Eryngium,Coelioxys octodentatus,,pollinator,flowersVisitedBy,,"globalbioticinteractions.org, fetched 2026-09-02"
Eryngium,Coleomegilla maculata,,pollinator,flowersVisitedBy,,"globalbioticinteractions.org, fetched 2026-09-02"
Eryngium,Colletes ciliatus,,pollinator,flowersVisitedBy,,"globalbioticinteractions.org, fetched 2026-09-02"
Eryngium,Colletes hylaeiformis,,pollinator,pollinatedBy,,"globalbioticinteractions.org, fetched 2026-09-02"
Eryngium,Colpa octomaculata,,feeds-on,eatenBy,,"globalbioticinteractions.org, fetched 2026-09-02"
Eryngium,Colpa quinquecincta,,pollinator,flowersVisitedBy,,"globalbioticinteractions.org, fetched 2026-09-02"
Eryngium,Conops silaceus,,pollinator,flowersVisitedBy,,"globalbioticinteractions.org, fetched 2026-09-02"
Eryngium,Cotinis nitida,,feeds-on,eatenBy,,"globalbioticinteractions.org, fetched 2026-09-02"
Eryngium,Cotinis nitida,,pollinator,flowersVisitedBy,,"globalbioticinteractions.org, fetched 2026-09-02"
Eryngium,Crematogaster parapilosa,,pollinator,flowersVisitedBy,,"globalbioticinteractions.org, fetched 2026-09-02"
Eryngium,Cryptocheilus variipennis,,pollinator,flowersVisitedBy,,"globalbioticinteractions.org, fetched 2026-09-02"
Eryngium,Ctenucha rubriceps,,feeds-on,eatenBy,,"globalbioticinteractions.org, fetched 2026-09-02"
Eryngium,Ctenucha virginica,,pollinator,flowersVisitedBy,,"globalbioticinteractions.org, fetched 2026-09-02"
Eryngium,Culicidae,,pollinator,pollinatedBy,,"globalbioticinteractions.org, fetched 2026-09-02"
Eryngium,Danaus gilippus,,pollinator,flowersVisitedBy,,"globalbioticinteractions.org, fetched 2026-09-02"
Eryngium,Dialictus,,pollinator,flowersVisitedBy,,"globalbioticinteractions.org, fetched 2026-09-02"
Eryngium,Dictyophara europaea,,feeds-on,eatenBy,,"globalbioticinteractions.org, fetched 2026-09-02"
Eryngium,Dielis plumipes,,pollinator,flowersVisitedBy,,"globalbioticinteractions.org, fetched 2026-09-02"
Eryngium,Dielis plumipes,,feeds-on,eatenBy,,"globalbioticinteractions.org, fetched 2026-09-02"
Eryngium,Diogmites neoternatus,,pollinator,flowersVisitedBy,,"globalbioticinteractions.org, fetched 2026-09-02"
Eryngium,Diptera,,pollinator,pollinatedBy,,"globalbioticinteractions.org, fetched 2026-09-02"
Eryngium,Dolichovespula arctica,,pollinator,flowersVisitedBy,,"globalbioticinteractions.org, fetched 2026-09-02"
Eryngium,Dolichovespula norvegicoides,,pollinator,flowersVisitedBy,,"globalbioticinteractions.org, fetched 2026-09-02"
Eryngium,Dolichovespula sylvestris,,pollinator,flowersVisitedBy,,"globalbioticinteractions.org, fetched 2026-09-02"
Eryngium,Ectemnius maculosus,,pollinator,flowersVisitedBy,,"globalbioticinteractions.org, fetched 2026-09-02"
Eryngium,Eichlinia cucurbitae,,pollinator,flowersVisitedBy,,"globalbioticinteractions.org, fetched 2026-09-02"
Eryngium,Electrostrymon angelia,,pollinator,flowersVisitedBy,,"globalbioticinteractions.org, fetched 2026-09-02"
Eryngium,Elkalyce comyntas,,pollinator,flowersVisitedBy,,"globalbioticinteractions.org, fetched 2026-09-02"
Eryngium,Elkalyce comyntas,,feeds-on,eatenBy,,"globalbioticinteractions.org, fetched 2026-09-02"
Eryngium,Elymnias mimalon,,pollinator,flowersVisitedBy,,"globalbioticinteractions.org, fetched 2026-09-02"
Eryngium,Entypus fulvicornis,,pollinator,flowersVisitedBy,,"globalbioticinteractions.org, fetched 2026-09-02"
Eryngium,Entypus unifasciatus unifasciatus,,feeds-on,eatenBy,,"globalbioticinteractions.org, fetched 2026-09-02"
Eryngium,Epargyreus clarus,,pollinator,flowersVisitedBy,,"globalbioticinteractions.org, fetched 2026-09-02"
Eryngium,Ephippigerida,,pollinator,visitedBy,,"globalbioticinteractions.org, fetched 2026-09-02"
Eryngium,Eremnophila aureonotata,,pollinator,flowersVisitedBy,,"globalbioticinteractions.org, fetched 2026-09-02"
Eryngium,Eremnophila aureonotata,,feeds-on,eatenBy,,"globalbioticinteractions.org, fetched 2026-09-02"
Eryngium,Eristalis tenax,,pollinator,flowersVisitedBy,,"globalbioticinteractions.org, fetched 2026-09-02"
Eryngium,Erynnis horatius,,pollinator,visitedBy,,"globalbioticinteractions.org, fetched 2026-09-02"
Eryngium,Erynnis horatius,,feeds-on,eatenBy,,"globalbioticinteractions.org, fetched 2026-09-02"
Eryngium,Erynnis tages,,feeds-on,eatenBy,,"globalbioticinteractions.org, fetched 2026-09-02"
Eryngium,Eucerceris zonata,,pollinator,flowersVisitedBy,,"globalbioticinteractions.org, fetched 2026-09-02"
Eryngium,Eudyaria zeta,,feeds-on,eatenBy,,"globalbioticinteractions.org, fetched 2026-09-02"
Eryngium,Eumenes fraternus,,pollinator,flowersVisitedBy,,"globalbioticinteractions.org, fetched 2026-09-02"
Eryngium,Eumenes fraternus,,feeds-on,eatenBy,,"globalbioticinteractions.org, fetched 2026-09-02"
Eryngium,Euodynerus castigatus,,feeds-on,eatenBy,,"globalbioticinteractions.org, fetched 2026-09-02"
Eryngium,Euodynerus castigatus,,pollinator,flowersVisitedBy,,"globalbioticinteractions.org, fetched 2026-09-02"
Eryngium,Euodynerus crypticus,,pollinator,flowersVisitedBy,,"globalbioticinteractions.org, fetched 2026-09-02"
Eryngium,Euodynerus disconotatus,,pollinator,flowersVisitedBy,,"globalbioticinteractions.org, fetched 2026-09-02"
Eryngium,Euodynerus fastidiosus,,pollinator,flowersVisitedBy,,"globalbioticinteractions.org, fetched 2026-09-02"
Eryngium,Euodynerus hidalgo boreoorientalis,,pollinator,flowersVisitedBy,,"globalbioticinteractions.org, fetched 2026-09-02"
Eryngium,Euodynerus hidalgo boreoorientalis,,feeds-on,eatenBy,,"globalbioticinteractions.org, fetched 2026-09-02"
Eryngium,Euodynerus hidalgo hidalgo,,feeds-on,eatenBy,,"globalbioticinteractions.org, fetched 2026-09-02"
Eryngium,Euodynerus hidalgo hidalgo,,pollinator,flowersVisitedBy,,"globalbioticinteractions.org, fetched 2026-09-02"
Eryngium,Euodynerus megaera,,feeds-on,eatenBy,,"globalbioticinteractions.org, fetched 2026-09-02"
Eryngium,Euodynerus pratensis,,pollinator,flowersVisitedBy,,"globalbioticinteractions.org, fetched 2026-09-02"
Eryngium,Euphoria sepulchralis,,pollinator,flowersVisitedBy,,"globalbioticinteractions.org, fetched 2026-09-02"
Eryngium,Euphoria sepulcralis,,feeds-on,eatenBy,,"globalbioticinteractions.org, fetched 2026-09-02"
Eryngium,Euphoria sepulcralis,,pollinator,flowersVisitedBy,,"globalbioticinteractions.org, fetched 2026-09-02"
Eryngium,Euphyes berryi,,pollinator,flowersVisitedBy,,"globalbioticinteractions.org, fetched 2026-09-02"
Eryngium,Eupithecia centaureata,,feeds-on,eatenBy,,"globalbioticinteractions.org, fetched 2026-09-02"
Eryngium,Euplagia quadripunctaria,,pollinator,flowersVisitedBy,,"globalbioticinteractions.org, fetched 2026-09-02"
Eryngium,Eurata hermione,,pollinator,flowersVisitedBy,,"globalbioticinteractions.org, fetched 2026-09-02"
Eryngium,Eurytides marcellus,,pollinator,flowersVisitedBy,,"globalbioticinteractions.org, fetched 2026-09-02"
Eryngium,Eutricharaea,,pollinator,flowersVisitedBy,,"globalbioticinteractions.org, fetched 2026-09-02"
Eryngium,Exoprosopa rutila,,pollinator,flowersVisitedBy,,"globalbioticinteractions.org, fetched 2026-09-02"
Eryngium,Graphosoma italicum,,pollinator,pollinatedBy,,"globalbioticinteractions.org, fetched 2026-09-02"
Eryngium,Graphosoma italicum italicum,,pollinator,flowersVisitedBy,,"globalbioticinteractions.org, fetched 2026-09-02"
Eryngium,Gymnoclytia immaculata,,pollinator,flowersVisitedBy,,"globalbioticinteractions.org, fetched 2026-09-02"
Eryngium,Halictus confusus,,feeds-on,eatenBy,,"globalbioticinteractions.org, fetched 2026-09-02"
Eryngium,Halictus ligatus,,pollinator,flowersVisitedBy,,"globalbioticinteractions.org, fetched 2026-09-02"
Eryngium,Halictus ligatus,,feeds-on,eatenBy,,"globalbioticinteractions.org, fetched 2026-09-02"
Eryngium,Halictus maculatus,,pollinator,flowersVisitedBy,,"globalbioticinteractions.org, fetched 2026-09-02"
Eryngium,Halictus parallelus,,feeds-on,eatenBy,,"globalbioticinteractions.org, fetched 2026-09-02"
Eryngium,Halictus parallelus,,pollinator,flowersVisitedBy,,"globalbioticinteractions.org, fetched 2026-09-02"
Eryngium,Halictus rubicundus,,pollinator,visitedBy,,"globalbioticinteractions.org, fetched 2026-09-02"
Eryngium,Halictus rubicundus,,feeds-on,eatenBy,,"globalbioticinteractions.org, fetched 2026-09-02"
Eryngium,Haploa clymene,,pollinator,flowersVisitedBy,,"globalbioticinteractions.org, fetched 2026-09-02"
Eryngium,Harrisina americana,,pollinator,flowersVisitedBy,,"globalbioticinteractions.org, fetched 2026-09-02"
Eryngium,Hedriodiscus trivittatus,,pollinator,flowersVisitedBy,,"globalbioticinteractions.org, fetched 2026-09-02"
Eryngium,Hedychrum,,pollinator,flowersVisitedBy,,"globalbioticinteractions.org, fetched 2026-09-02"
Eryngium,Hemipepsis mauritanica,,pollinator,flowersVisitedBy,,"globalbioticinteractions.org, fetched 2026-09-02"
Eryngium,Heptapsogaster tuxtlae,,feeds-on,eatenBy,,"globalbioticinteractions.org, fetched 2026-09-02"
Eryngium,Hoplitimyia constans,,feeds-on,eatenBy,,"globalbioticinteractions.org, fetched 2026-09-02"
Eryngium,Hoplitimyia mutabilis,,feeds-on,eatenBy,,"globalbioticinteractions.org, fetched 2026-09-02"
Eryngium,Hylaeus affinis,,pollinator,flowersVisitedBy,,"globalbioticinteractions.org, fetched 2026-09-02"
Eryngium,Hylaeus basalis,,pollinator,flowersVisitedBy,,"globalbioticinteractions.org, fetched 2026-09-02"
Eryngium,Hylaeus brevicornis,,pollinator,flowersVisitedBy,,"globalbioticinteractions.org, fetched 2026-09-02"
Eryngium,Hylaeus hyalinatus,,pollinator,flowersVisitedBy,,"globalbioticinteractions.org, fetched 2026-09-02"
Eryngium,Hylaeus leptocephalus,,feeds-on,eatenBy,,"globalbioticinteractions.org, fetched 2026-09-02"
Eryngium,Hylaeus leptocephalus,,pollinator,flowersVisitedBy,,"globalbioticinteractions.org, fetched 2026-09-02"
Eryngium,Hylaeus modestus,,pollinator,flowersVisitedBy,,"globalbioticinteractions.org, fetched 2026-09-02"
Eryngium,Hylaeus modestus,,feeds-on,eatenBy,,"globalbioticinteractions.org, fetched 2026-09-02"
Eryngium,Isodontia auripes,,feeds-on,eatenBy,,"globalbioticinteractions.org, fetched 2026-09-02"
Eryngium,Isodontia auripes,,pollinator,flowersVisitedBy,,"globalbioticinteractions.org, fetched 2026-09-02"
Eryngium,Isodontia exornata,,pollinator,flowersVisitedBy,,"globalbioticinteractions.org, fetched 2026-09-02"
Eryngium,Isodontia mexicana,,pollinator,flowersVisitedBy,,"globalbioticinteractions.org, fetched 2026-09-02"
Eryngium,Isodontia mexicana,,feeds-on,eatenBy,,"globalbioticinteractions.org, fetched 2026-09-02"
Eryngium,Isodontia philadelphica,,feeds-on,eatenBy,,"globalbioticinteractions.org, fetched 2026-09-02"
Eryngium,Isodontia philadelphica,,pollinator,flowersVisitedBy,,"globalbioticinteractions.org, fetched 2026-09-02"
Eryngium,Junonia coenia,,pollinator,flowersVisitedBy,,"globalbioticinteractions.org, fetched 2026-09-02"
Eryngium,Junonia coenia,,feeds-on,eatenBy,,"globalbioticinteractions.org, fetched 2026-09-02"
Eryngium,Larra analis,,pollinator,flowersVisitedBy,,"globalbioticinteractions.org, fetched 2026-09-02"
Eryngium,Larra bicolor,,pollinator,visitedBy,,"globalbioticinteractions.org, fetched 2026-09-02"
Eryngium,Lasioglossum,,pollinator,flowersVisitedBy,,"globalbioticinteractions.org, fetched 2026-09-02"
Eryngium,Lasioglossum cinctipes,,pollinator,flowersVisitedBy,,"globalbioticinteractions.org, fetched 2026-09-02"
Eryngium,Lasioglossum forbesii,,pollinator,flowersVisitedBy,,"globalbioticinteractions.org, fetched 2026-09-02"
Eryngium,Lasioglossum imitatum,,pollinator,flowersVisitedBy,,"globalbioticinteractions.org, fetched 2026-09-02"
Eryngium,Lasioglossum pectorale,,pollinator,flowersVisitedBy,,"globalbioticinteractions.org, fetched 2026-09-02"
Eryngium,Lasioglossum pilosum,,pollinator,flowersVisitedBy,,"globalbioticinteractions.org, fetched 2026-09-02"
Eryngium,Lasioglossum versatum,,pollinator,flowersVisitedBy,,"globalbioticinteractions.org, fetched 2026-09-02"
Eryngium,Leptoglossus phyllopus,,pollinator,flowersVisitedBy,,"globalbioticinteractions.org, fetched 2026-09-02"
Eryngium,Leptotes pirithous,,pollinator,flowersVisitedBy,,"globalbioticinteractions.org, fetched 2026-09-02"
Eryngium,Libytheana bachmanni,,feeds-on,eatenBy,,"globalbioticinteractions.org, fetched 2026-09-02"
Eryngium,Libytheana carinenta,,pollinator,flowersVisitedBy,,"globalbioticinteractions.org, fetched 2026-09-02"
Eryngium,Libytheana carinenta,,feeds-on,eatenBy,,"globalbioticinteractions.org, fetched 2026-09-02"
Eryngium,Libytheana carinenta bachmanii,,pollinator,flowersVisitedBy,,"globalbioticinteractions.org, fetched 2026-09-02"
Eryngium,Limenitis arthemis arthemis,,pollinator,flowersVisitedBy,,"globalbioticinteractions.org, fetched 2026-09-02"
Eryngium,Lispe uliginosa,,pollinator,flowersVisitedBy,,"globalbioticinteractions.org, fetched 2026-09-02"
Eryngium,Lycaena hypophlaeas,,pollinator,flowersVisitedBy,,"globalbioticinteractions.org, fetched 2026-09-02"
Eryngium,Lycaena hypophlaeas,,feeds-on,eatenBy,,"globalbioticinteractions.org, fetched 2026-09-02"
Eryngium,Lycaena phlaeas,,pollinator,flowersVisitedBy,,"globalbioticinteractions.org, fetched 2026-09-02"
Eryngium,Lycaena phlaeas phlaeas,,pollinator,visitedBy,,"globalbioticinteractions.org, fetched 2026-09-02"
Eryngium,Lycaena tityrus,,pollinator,flowersVisitedBy,,"globalbioticinteractions.org, fetched 2026-09-02"
Eryngium,Lycomorpha pholus,,pollinator,flowersVisitedBy,,"globalbioticinteractions.org, fetched 2026-09-02"
Eryngium,Lygaeus kalmii,,pollinator,flowersVisitedBy,,"globalbioticinteractions.org, fetched 2026-09-02"
Eryngium,Lygaeus kalmii,,feeds-on,eatenBy,,"globalbioticinteractions.org, fetched 2026-09-02"
Eryngium,Macrosiagon ferruginea,,pollinator,flowersVisitedBy,,"globalbioticinteractions.org, fetched 2026-09-02"
Eryngium,Macrosiagon limbata,,pollinator,flowersVisitedBy,,"globalbioticinteractions.org, fetched 2026-09-02"
Eryngium,Macrosiagon limbata,,feeds-on,eatenBy,,"globalbioticinteractions.org, fetched 2026-09-02"
Eryngium,Macrosiagon octomaculatus,,pollinator,flowersVisitedBy,,"globalbioticinteractions.org, fetched 2026-09-02"
Eryngium,Macrosiagon pectinata,,pollinator,flowersVisitedBy,,"globalbioticinteractions.org, fetched 2026-09-02"
Eryngium,Macrosiagon sayi,,pollinator,flowersVisitedBy,,"globalbioticinteractions.org, fetched 2026-09-02"
Eryngium,Megachile rotundata,,pollinator,flowersVisitedBy,,"globalbioticinteractions.org, fetched 2026-09-02"
Eryngium,Megachile rotundata,,feeds-on,eatenBy,,"globalbioticinteractions.org, fetched 2026-09-02"
Eryngium,Megachile rugifrons,,feeds-on,eatenBy,,"globalbioticinteractions.org, fetched 2026-09-02"
Eryngium,Megachile rugifrons,,pollinator,flowersVisitedBy,,"globalbioticinteractions.org, fetched 2026-09-02"
Eryngium,Megachile sculpturalis,,feeds-on,eatenBy,,"globalbioticinteractions.org, fetched 2026-09-02"
Eryngium,Megachile sculpturalis,,pollinator,flowersVisitedBy,,"globalbioticinteractions.org, fetched 2026-09-02"
Eryngium,Megamelus delticus,,feeds-on,eatenBy,,"globalbioticinteractions.org, fetched 2026-09-02"
Eryngium,Megamelus nigrifasciatus,,feeds-on,eatenBy,,"globalbioticinteractions.org, fetched 2026-09-02"
Eryngium,Melanoplus scudderi,,pollinator,flowersVisitedBy,,"globalbioticinteractions.org, fetched 2026-09-02"
Eryngium,Meliboeus amethystinus,,feeds-on,eatenBy,,"globalbioticinteractions.org, fetched 2026-09-02"
Eryngium,Meliboeus parvulus,,feeds-on,eatenBy,,"globalbioticinteractions.org, fetched 2026-09-02"
Eryngium,Melissodes bimaculatus,,pollinator,flowersVisitedBy,,"globalbioticinteractions.org, fetched 2026-09-02"
Eryngium,Melissodes bimaculatus,,feeds-on,eatenBy,,"globalbioticinteractions.org, fetched 2026-09-02"
Eryngium,Melissodes comptoides,,feeds-on,eatenBy,,"globalbioticinteractions.org, fetched 2026-09-02"
Eryngium,Melissodes comptoides,,pollinator,flowersVisitedBy,,"globalbioticinteractions.org, fetched 2026-09-02"
Eryngium,Mischocyttarus drewseni,,pollinator,flowersVisitedBy,,"globalbioticinteractions.org, fetched 2026-09-02"
Eryngium,Monobia quadridens,,pollinator,flowersVisitedBy,,"globalbioticinteractions.org, fetched 2026-09-02"
Eryngium,Monobia quadridens,,feeds-on,eatenBy,,"globalbioticinteractions.org, fetched 2026-09-02"
Eryngium,Monocesta coryli,,pollinator,flowersVisitedBy,,"globalbioticinteractions.org, fetched 2026-09-02"
Eryngium,Monomorium carbonarium,,feeds-on,eatenBy,,"globalbioticinteractions.org, fetched 2026-09-02"
Eryngium,Mordella marginata,,pollinator,flowersVisitedBy,,"globalbioticinteractions.org, fetched 2026-09-02"
Eryngium,Mydas brunneus,,feeds-on,eatenBy,,"globalbioticinteractions.org, fetched 2026-09-02"
Eryngium,Mydas brunneus,,pollinator,flowersVisitedBy,,"globalbioticinteractions.org, fetched 2026-09-02"
Eryngium,Mydas tibialis,,feeds-on,eatenBy,,"globalbioticinteractions.org, fetched 2026-09-02"
Eryngium,Mydas tibialis,,pollinator,flowersVisitedBy,,"globalbioticinteractions.org, fetched 2026-09-02"
Eryngium,Myzinum,,pollinator,flowersVisitedBy,,"globalbioticinteractions.org, fetched 2026-09-02"
Eryngium,Nomada texana,,pollinator,flowersVisitedBy,,"globalbioticinteractions.org, fetched 2026-09-02"
Eryngium,Nylanderia flavipes,,pollinator,flowersVisitedBy,,"globalbioticinteractions.org, fetched 2026-09-02"
Eryngium,Nymphalis antiopa,,pollinator,flowersVisitedBy,,"globalbioticinteractions.org, fetched 2026-09-02"
Eryngium,Oncometopia orbona,,pollinator,flowersVisitedBy,,"globalbioticinteractions.org, fetched 2026-09-02"
Eryngium,Oxybelus americanus,,pollinator,flowersVisitedBy,,"globalbioticinteractions.org, fetched 2026-09-02"
Eryngium,Oxybelus mexicanus,,pollinator,flowersVisitedBy,,"globalbioticinteractions.org, fetched 2026-09-02"
Eryngium,Pachodynerus erynnis,,pollinator,visitedBy,,"globalbioticinteractions.org, fetched 2026-09-02"
Eryngium,Palpada agrorum,,pollinator,flowersVisitedBy,,"globalbioticinteractions.org, fetched 2026-09-02"
Eryngium,Palpada furcata,,pollinator,flowersVisitedBy,,"globalbioticinteractions.org, fetched 2026-09-02"
Eryngium,Palpada furcata,,feeds-on,eatenBy,,"globalbioticinteractions.org, fetched 2026-09-02"
Eryngium,Papilio glaucus,,pollinator,visitedBy,,"globalbioticinteractions.org, fetched 2026-09-02"
Eryngium,Papilio polyxenes asterius,,feeds-on,eatenBy,,"globalbioticinteractions.org, fetched 2026-09-02"
Eryngium,Parancistrocerus pedestris,,pollinator,flowersVisitedBy,,"globalbioticinteractions.org, fetched 2026-09-02"
Eryngium,Parodontodynerus ephippium,,pollinator,flowersVisitedBy,,"globalbioticinteractions.org, fetched 2026-09-02"
Eryngium,Pepsis menechma,,pollinator,flowersVisitedBy,,"globalbioticinteractions.org, fetched 2026-09-02"
Eryngium,Pepsis menechma,,feeds-on,eatenBy,,"globalbioticinteractions.org, fetched 2026-09-02"
Eryngium,Peucetia viridans,,pollinator,flowersVisitedBy,,"globalbioticinteractions.org, fetched 2026-09-02"
Eryngium,Philaenus loukasi loukasi,,feeds-on,eatenBy,,"globalbioticinteractions.org, fetched 2026-09-02"
Eryngium,Philanthus gibbosus,,pollinator,flowersVisitedBy,,"globalbioticinteractions.org, fetched 2026-09-02"
Eryngium,Philipomyia aprica,,pollinator,flowersVisitedBy,,"globalbioticinteractions.org, fetched 2026-09-02"
Eryngium,Phyciodes tharos,,pollinator,flowersVisitedBy,,"globalbioticinteractions.org, fetched 2026-09-02"
Eryngium,Physocephala burgessi,,feeds-on,eatenBy,,"globalbioticinteractions.org, fetched 2026-09-02"
Eryngium,Physocephala sagittaria,,pollinator,flowersVisitedBy,,"globalbioticinteractions.org, fetched 2026-09-02"
Eryngium,Physocephala vittata,,pollinator,flowersVisitedBy,,"globalbioticinteractions.org, fetched 2026-09-02"
Eryngium,Poecilopompilus interruptus interruptus,,pollinator,flowersVisitedBy,,"globalbioticinteractions.org, fetched 2026-09-02"
Eryngium,Polistes austroccidentalis,,pollinator,flowersVisitedBy,,"globalbioticinteractions.org, fetched 2026-09-02"
Eryngium,Polistes bahamensis,,pollinator,flowersVisitedBy,,"globalbioticinteractions.org, fetched 2026-09-02"
Eryngium,Polistes bellicosus,,pollinator,flowersVisitedBy,,"globalbioticinteractions.org, fetched 2026-09-02"
Eryngium,Polistes dominula,,feeds-on,eatenBy,,"globalbioticinteractions.org, fetched 2026-09-02"
Eryngium,Polistes dominula,,pollinator,flowersVisitedBy,,"globalbioticinteractions.org, fetched 2026-09-02"
Eryngium,Polistes dorsalis,,pollinator,flowersVisitedBy,,"globalbioticinteractions.org, fetched 2026-09-02"
Eryngium,Polistes dorsalis dorsalis,,pollinator,flowersVisitedBy,,"globalbioticinteractions.org, fetched 2026-09-02"
Eryngium,Polites coras,,pollinator,flowersVisitedBy,,"globalbioticinteractions.org, fetched 2026-09-02"
Eryngium,Polites peckius,,pollinator,flowersVisitedBy,,"globalbioticinteractions.org, fetched 2026-09-02"
Eryngium,Pontia daplidice,,pollinator,flowersVisitedBy,,"globalbioticinteractions.org, fetched 2026-09-02"
Eryngium,Prionyx atratus,,pollinator,flowersVisitedBy,,"globalbioticinteractions.org, fetched 2026-09-02"
Eryngium,Pseudoanthidium nanum,,pollinator,visitedBy,,"globalbioticinteractions.org, fetched 2026-09-02"
Eryngium,Pseudochrysis humboldti,,pollinator,flowersVisitedBy,,"globalbioticinteractions.org, fetched 2026-09-02"
Eryngium,Pseudophilotes baton,,pollinator,flowersVisitedBy,,"globalbioticinteractions.org, fetched 2026-09-02"
Eryngium,Ptilothrix bombiformis,,feeds-on,eatenBy,,"globalbioticinteractions.org, fetched 2026-09-02"
Eryngium,Ptilothrix bombiformis,,pollinator,flowersVisitedBy,,"globalbioticinteractions.org, fetched 2026-09-02"
Eryngium,Pyrota terminata,,pollinator,flowersVisitedBy,,"globalbioticinteractions.org, fetched 2026-09-02"
Eryngium,Renia discoloralis,,pollinator,flowersVisitedBy,,"globalbioticinteractions.org, fetched 2026-09-02"
Eryngium,Rhyncomya columbina,,pollinator,flowersVisitedBy,,"globalbioticinteractions.org, fetched 2026-09-02"
Eryngium,Rhynocoris cuspidatus,,pollinator,flowersVisitedBy,,"globalbioticinteractions.org, fetched 2026-09-02"
Eryngium,"Ripiphorus birabeni Bruch, 1942",,pollinator,flowersVisitedBy,,"globalbioticinteractions.org, fetched 2026-09-02"
Eryngium,Ripiphorus laevicollis,,pollinator,visitedBy,,"globalbioticinteractions.org, fetched 2026-09-02"
Eryngium,Sceliphron caementarium,,pollinator,flowersVisitedBy,,"globalbioticinteractions.org, fetched 2026-09-02"
Eryngium,Scolia dubia dubia,,pollinator,flowersVisitedBy,,"globalbioticinteractions.org, fetched 2026-09-02"
Eryngium,Scolia dubia dubia,,feeds-on,eatenBy,,"globalbioticinteractions.org, fetched 2026-09-02"
Eryngium,Scolia hirta,,pollinator,flowersVisitedBy,,"globalbioticinteractions.org, fetched 2026-09-02"
Eryngium,Scolia hirta hirta,,pollinator,visitedBy,,"globalbioticinteractions.org, fetched 2026-09-02"
Eryngium,Scolia hirta unifasciata,,pollinator,flowersVisitedBy,,"globalbioticinteractions.org, fetched 2026-09-02"
Eryngium,Scolia hortorum,,pollinator,flowersVisitedBy,,"globalbioticinteractions.org, fetched 2026-09-02"
Eryngium,Scolia nobilitata,,pollinator,flowersVisitedBy,,"globalbioticinteractions.org, fetched 2026-09-02"
Eryngium,Scolia nobilitata,,feeds-on,eatenBy,,"globalbioticinteractions.org, fetched 2026-09-02"
Eryngium,Sonesimia magna,,feeds-on,eatenBy,,"globalbioticinteractions.org, fetched 2026-09-02"
Eryngium,Sphaerophoria cylindricus,,pollinator,flowersVisitedBy,,"globalbioticinteractions.org, fetched 2026-09-02"
Eryngium,Sphecius antennatus,,pollinator,flowersVisitedBy,,"globalbioticinteractions.org, fetched 2026-09-02"
Eryngium,Sphecodes,,pollinator,flowersVisitedBy,,"globalbioticinteractions.org, fetched 2026-09-02"
Eryngium,Sphecodes albilabris,,pollinator,visitedBy,,"globalbioticinteractions.org, fetched 2026-09-02"
Eryngium,Sphecodes cressonii,,pollinator,flowersVisitedBy,,"globalbioticinteractions.org, fetched 2026-09-02"
Eryngium,Sphecodes dichrous,,pollinator,flowersVisitedBy,,"globalbioticinteractions.org, fetched 2026-09-02"
Eryngium,Sphecodes heraclei ignitus,,pollinator,flowersVisitedBy,,"globalbioticinteractions.org, fetched 2026-09-02"
Eryngium,Sphex habenus,,pollinator,flowersVisitedBy,,"globalbioticinteractions.org, fetched 2026-09-02"
Eryngium,Sphex habenus,,feeds-on,eatenBy,,"globalbioticinteractions.org, fetched 2026-09-02"
Eryngium,Sphex ichneumoneus,,pollinator,flowersVisitedBy,,"globalbioticinteractions.org, fetched 2026-09-02"
Eryngium,Sphex lucae,,pollinator,visitedBy,,"globalbioticinteractions.org, fetched 2026-09-02"
Eryngium,Sphex pensylvanicus,,pollinator,flowersVisitedBy,,"globalbioticinteractions.org, fetched 2026-09-02"
Eryngium,Sphex pensylvanicus,,feeds-on,eatenBy,,"globalbioticinteractions.org, fetched 2026-09-02"
Eryngium,Spinolia dallatorreana,,pollinator,flowersVisitedBy,,"globalbioticinteractions.org, fetched 2026-09-02"
Eryngium,Stelis louisae,,pollinator,flowersVisitedBy,,"globalbioticinteractions.org, fetched 2026-09-02"
Eryngium,Stelis louisae,,feeds-on,eatenBy,,"globalbioticinteractions.org, fetched 2026-09-02"
Eryngium,Stenurella approximans,,pollinator,flowersVisitedBy,,"globalbioticinteractions.org, fetched 2026-09-02"
Eryngium,Stenurella bifasciata,,pollinator,flowersVisitedBy,,"globalbioticinteractions.org, fetched 2026-09-02"
Eryngium,Stictoleptura canadensis,,pollinator,flowersVisitedBy,,"globalbioticinteractions.org, fetched 2026-09-02"
Eryngium,Stizoides renicinctus,,pollinator,flowersVisitedBy,,"globalbioticinteractions.org, fetched 2026-09-02"
Eryngium,Stizus brevipennis,,pollinator,flowersVisitedBy,,"globalbioticinteractions.org, fetched 2026-09-02"
Eryngium,Stizus ruficornis,,pollinator,flowersVisitedBy,,"globalbioticinteractions.org, fetched 2026-09-02"
Eryngium,Stomoxys calcitrans,,pollinator,flowersVisitedBy,,"globalbioticinteractions.org, fetched 2026-09-02"
Eryngium,Stonemyia rasa,,pollinator,flowersVisitedBy,,"globalbioticinteractions.org, fetched 2026-09-02"
Eryngium,Strymon istapa,,pollinator,flowersVisitedBy,,"globalbioticinteractions.org, fetched 2026-09-02"
Eryngium,Synanthedon exitiosa,,feeds-on,eatenBy,,"globalbioticinteractions.org, fetched 2026-09-02"
Eryngium,Synanthedon exitiosa,,pollinator,flowersVisitedBy,,"globalbioticinteractions.org, fetched 2026-09-02"
Eryngium,Synanthedon myopaeformis,,pollinator,visitedBy,,"globalbioticinteractions.org, fetched 2026-09-02"
Eryngium,Syrphini,,pollinator,flowersVisitedBy,,"globalbioticinteractions.org, fetched 2026-09-02"
Eryngium,Tachypompilus ferrugineus,,feeds-on,eatenBy,,"globalbioticinteractions.org, fetched 2026-09-02"
Eryngium,Tachytes distinctus,,pollinator,flowersVisitedBy,,"globalbioticinteractions.org, fetched 2026-09-02"
Eryngium,Tarache aprica,,feeds-on,eatenBy,,"globalbioticinteractions.org, fetched 2026-09-02"
Eryngium,Toxomerus boscii,,pollinator,visitedBy,,"globalbioticinteractions.org, fetched 2026-09-02"
Eryngium,Toxomerus occidentalis,,pollinator,visitedBy,,"globalbioticinteractions.org, fetched 2026-09-02"
Eryngium,Toxorhina,,pollinator,flowersVisitedBy,,"globalbioticinteractions.org, fetched 2026-09-02"
Eryngium,Trichiotinus viridans,,pollinator,flowersVisitedBy,,"globalbioticinteractions.org, fetched 2026-09-02"
Eryngium,Trichodes apiarius,,pollinator,flowersVisitedBy,,"globalbioticinteractions.org, fetched 2026-09-02"
Eryngium,Typocerus lunulatus,,pollinator,flowersVisitedBy,,"globalbioticinteractions.org, fetched 2026-09-02"
Eryngium,Typocerus velutinus,,pollinator,flowersVisitedBy,,"globalbioticinteractions.org, fetched 2026-09-02"
Eryngium,Typocerus zebra,,pollinator,flowersVisitedBy,,"globalbioticinteractions.org, fetched 2026-09-02"
Eryngium,Utetheisa bella,,pollinator,flowersVisitedBy,,"globalbioticinteractions.org, fetched 2026-09-02"
Eryngium,Vanessa atalanta rubria,,pollinator,flowersVisitedBy,,"globalbioticinteractions.org, fetched 2026-09-02"
Eryngium,Vanessa virginiensis,,pollinator,flowersVisitedBy,,"globalbioticinteractions.org, fetched 2026-09-02"
Eryngium,Vernia verna,,pollinator,flowersVisitedBy,,"globalbioticinteractions.org, fetched 2026-09-02"
Eryngium,Vespula maculifrons,,pollinator,flowersVisitedBy,,"globalbioticinteractions.org, fetched 2026-09-02"
Eryngium,Vespula vidua,,pollinator,flowersVisitedBy,,"globalbioticinteractions.org, fetched 2026-09-02"
Eryngium,Villa alternata,,pollinator,flowersVisitedBy,,"globalbioticinteractions.org, fetched 2026-09-02"
Eryngium,Volucella elegans,,pollinator,flowersVisitedBy,,"globalbioticinteractions.org, fetched 2026-09-02"
Eryngium,Xestoleptura crassipes,,pollinator,visitedBy,,"globalbioticinteractions.org, fetched 2026-09-02"
Eryngium,Xylocopa virginica,,pollinator,flowersVisitedBy,,"globalbioticinteractions.org, fetched 2026-09-02"
Eryngium,Xylocopa virginica,,feeds-on,eatenBy,,"globalbioticinteractions.org, fetched 2026-09-02"
Eryngium,Zelus longipes,,pollinator,visitedBy,,"globalbioticinteractions.org, fetched 2026-09-02"
Eryngium,Zethus spinipes spinipes,,pollinator,flowersVisitedBy,,"globalbioticinteractions.org, fetched 2026-09-02"
Eryngium,Zygaena erythrus,,feeds-on,eatenBy,,"globalbioticinteractions.org, fetched 2026-09-02"
Eryngium,Zygaena sarpedon,,pollinator,flowersVisitedBy,,"globalbioticinteractions.org, fetched 2026-09-02"
Helianthus,Achyra rantalis,,pollinator,flowersVisitedBy,,"globalbioticinteractions.org, fetched 2026-09-02"
Helianthus,Acrogonia sparsuta,,feeds-on,eatenBy,,"globalbioticinteractions.org, fetched 2026-09-02"
Helianthus,Aeneolamia contigua contigua,,feeds-on,eatenBy,,"globalbioticinteractions.org, fetched 2026-09-02"
Helianthus,Agapanthia alternans,,feeds-on,eatenBy,,"globalbioticinteractions.org, fetched 2026-09-02"
Helianthus,Agapostemon angelicus,,feeds-on,hostOf,,"globalbioticinteractions.org, fetched 2026-09-02"
Helianthus,Agapostemon splendens,,pollinator,flowersVisitedBy,,"globalbioticinteractions.org, fetched 2026-09-02"
Helianthus,Agapostemon texanus,,feeds-on,eatenBy,,"globalbioticinteractions.org, fetched 2026-09-02"
Helianthus,Agapostemon virescens,,feeds-on,eatenBy,,"globalbioticinteractions.org, fetched 2026-09-02"
Helianthus,Agelaius phoeniceus,,feeds-on,eatenBy,,"globalbioticinteractions.org, fetched 2026-09-02"
Helianthus,Agelaius phoeniceus,,pollinator,flowersVisitedBy,,"globalbioticinteractions.org, fetched 2026-09-02"
Helianthus,Aglais io,,feeds-on,eatenBy,,"globalbioticinteractions.org, fetched 2026-09-02"
Helianthus,Aglais urticae,,feeds-on,eatenBy,,"globalbioticinteractions.org, fetched 2026-09-02"
Helianthus,Agrius convolvuli,,feeds-on,eatenBy,,"globalbioticinteractions.org, fetched 2026-09-02"
Helianthus,Alisterus scapularis,,feeds-on,eatenBy,,"globalbioticinteractions.org, fetched 2026-09-02"
Helianthus,Amrasca biguttula,,feeds-on,eatenBy,,"globalbioticinteractions.org, fetched 2026-09-02"
Helianthus,Amrasca bombaxia,,feeds-on,eatenBy,,"globalbioticinteractions.org, fetched 2026-09-02"
Helianthus,Amsacta,,feeds-on,eatenBy,,"globalbioticinteractions.org, fetched 2026-09-02"
Helianthus,Amyna axis,,feeds-on,eatenBy,,"globalbioticinteractions.org, fetched 2026-09-02"
Helianthus,Ancistrocerus bustamente,,feeds-on,eatenBy,,"globalbioticinteractions.org, fetched 2026-09-02"
Helianthus,Andrena helianthi,,feeds-on,eatenBy,,"globalbioticinteractions.org, fetched 2026-09-02"
Helianthus,Anthidium maculosum,,feeds-on,hostOf,,"globalbioticinteractions.org, fetched 2026-09-02"
Helianthus,Anthidium maculosum,,pollinator,flowersVisitedBy,,"globalbioticinteractions.org, fetched 2026-09-02"
Helianthus,Anthrax,,feeds-on,eatenBy,,"globalbioticinteractions.org, fetched 2026-09-02"
Helianthus,Aphis asclepiadis,,feeds-on,eatenBy,,"globalbioticinteractions.org, fetched 2026-09-02"
Helianthus,Aphis nasturtii,,feeds-on,eatenBy,,"globalbioticinteractions.org, fetched 2026-09-02"
Helianthus,Aphis spiraecola,,feeds-on,eatenBy,,"globalbioticinteractions.org, fetched 2026-09-02"
Helianthus,Apiomerus spissipes,,pollinator,flowersVisitedBy,,"globalbioticinteractions.org, fetched 2026-09-02"
Helianthus,Apis cerana,,feeds-on,eatenBy,,"globalbioticinteractions.org, fetched 2026-09-02"
Helianthus,Apolygus lucorum,,feeds-on,eatenBy,,"globalbioticinteractions.org, fetched 2026-09-02"
Helianthus,Archilochus colubris,,feeds-on,eatenBy,,"globalbioticinteractions.org, fetched 2026-09-02"
Helianthus,Argyrogramma signata,,feeds-on,eatenBy,,"globalbioticinteractions.org, fetched 2026-09-02"
Helianthus,Ashmeadiella bucconis,,feeds-on,hostOf,,"globalbioticinteractions.org, fetched 2026-09-02"
Helianthus,Asymmetrasca decedens,,feeds-on,eatenBy,,"globalbioticinteractions.org, fetched 2026-09-02"
Helianthus,Atalopedes huron,,feeds-on,eatenBy,,"globalbioticinteractions.org, fetched 2026-09-02"
Helianthus,Atteva pustulella,,pollinator,flowersVisitedBy,,"globalbioticinteractions.org, fetched 2026-09-02"
Helianthus,Augochlora nigrocyanea,,feeds-on,eatenBy,,"globalbioticinteractions.org, fetched 2026-09-02"
Helianthus,Augochlora nigrocyanea,,pollinator,flowersVisitedBy,,"globalbioticinteractions.org, fetched 2026-09-02"
Helianthus,Autoba gayneri,,feeds-on,eatenBy,,"globalbioticinteractions.org, fetched 2026-09-02"
Helianthus,Baeolophus bicolor,,feeds-on,eatenBy,,"globalbioticinteractions.org, fetched 2026-09-02"
Helianthus,Battus philenor,,feeds-on,eatenBy,,"globalbioticinteractions.org, fetched 2026-09-02"
Helianthus,Batyle suturalis,,pollinator,flowersVisitedBy,,"globalbioticinteractions.org, fetched 2026-09-02"
Helianthus,Belenois aurota,,pollinator,flowersVisitedBy,,"globalbioticinteractions.org, fetched 2026-09-02"
Helianthus,Bemisia tabaci,,feeds-on,eatenBy,,"globalbioticinteractions.org, fetched 2026-09-02"
Helianthus,Bicyrtes ventralis,,feeds-on,eatenBy,,"globalbioticinteractions.org, fetched 2026-09-02"
Helianthus,BOLD:AAA3070,,feeds-on,hostOf,,"globalbioticinteractions.org, fetched 2026-09-02"
Helianthus,Bombus,,feeds-on,eatenBy,,"globalbioticinteractions.org, fetched 2026-09-02"
Helianthus,Bombus,,pollinator,flowersVisitedBy,,"globalbioticinteractions.org, fetched 2026-09-02"
Helianthus,Bombus bimaculatus,,feeds-on,eatenBy,,"globalbioticinteractions.org, fetched 2026-09-02"
Helianthus,Bombus californicus,,feeds-on,eatenBy,,"globalbioticinteractions.org, fetched 2026-09-02"
Helianthus,Bombus cullumanus,,feeds-on,eatenBy,,"globalbioticinteractions.org, fetched 2026-09-02"
Helianthus,Bombus fervidus,,feeds-on,eatenBy,,"globalbioticinteractions.org, fetched 2026-09-02"
Helianthus,Bombus flavidus appalachiensis,,pollinator,flowersVisitedBy,,"globalbioticinteractions.org, fetched 2026-09-02"
Helianthus,Bombus griseocollis,,feeds-on,eatenBy,,"globalbioticinteractions.org, fetched 2026-09-02"
Helianthus,Bombus huntii,,feeds-on,eatenBy,,"globalbioticinteractions.org, fetched 2026-09-02"
Helianthus,Bombus ignitus,,feeds-on,eatenBy,,"globalbioticinteractions.org, fetched 2026-09-02"
Helianthus,Bombus ignitus,,pollinator,flowersVisitedBy,,"globalbioticinteractions.org, fetched 2026-09-02"
Helianthus,Bombus impatiens,,feeds-on,eatenBy,,"globalbioticinteractions.org, fetched 2026-09-02"
Helianthus,Bombus melanopygus,,feeds-on,eatenBy,,"globalbioticinteractions.org, fetched 2026-09-02"
Helianthus,Bombus pauloensis,,feeds-on,eatenBy,,"globalbioticinteractions.org, fetched 2026-09-02"
Helianthus,Bombus perplexus,,feeds-on,eatenBy,,"globalbioticinteractions.org, fetched 2026-09-02"
Helianthus,Bombus ternarius,,feeds-on,eatenBy,,"globalbioticinteractions.org, fetched 2026-09-02"
Helianthus,Bombus terricola,,pollinator,flowersVisitedBy,,"globalbioticinteractions.org, fetched 2026-09-02"
Helianthus,Calcarius lapponicus,,feeds-on,eatenBy,,"globalbioticinteractions.org, fetched 2026-09-02"
Helianthus,Callocephalon fimbriatum,,feeds-on,eatenBy,,"globalbioticinteractions.org, fetched 2026-09-02"
Helianthus,Cardinalis cardinalis,,feeds-on,eatenBy,,"globalbioticinteractions.org, fetched 2026-09-02"
Helianthus,Carpocoris purpureipennis,,feeds-on,eatenBy,,"globalbioticinteractions.org, fetched 2026-09-02"
Helianthus,Carpocoris purpureipennis,,pollinator,flowersVisitedBy,,"globalbioticinteractions.org, fetched 2026-09-02"
Helianthus,Cercyonis pegala,,pollinator,flowersVisitedBy,,"globalbioticinteractions.org, fetched 2026-09-02"
Helianthus,Chauliognathus pensylvanicus,,feeds-on,eatenBy,,"globalbioticinteractions.org, fetched 2026-09-02"
Helianthus,Chloridea virescens,,feeds-on,eatenBy,,"globalbioticinteractions.org, fetched 2026-09-02"
Helianthus,Chlosyne californica,,feeds-on,eatenBy,,"globalbioticinteractions.org, fetched 2026-09-02"
Helianthus,Chlosyne gorgone,,feeds-on,hostOf,,"globalbioticinteractions.org, fetched 2026-09-02"
Helianthus,Choristoneura rosaceana,,feeds-on,eatenBy,,"globalbioticinteractions.org, fetched 2026-09-02"
Helianthus,Cisseps fulvicollis,,pollinator,flowersVisitedBy,,"globalbioticinteractions.org, fetched 2026-09-02"
Helianthus,Cnephasia incertana,,feeds-on,eatenBy,,"globalbioticinteractions.org, fetched 2026-09-02"
Helianthus,Cnephasia stephensiana,,feeds-on,eatenBy,,"globalbioticinteractions.org, fetched 2026-09-02"
Helianthus,Cockerellia,,pollinator,flowersVisitedBy,,"globalbioticinteractions.org, fetched 2026-09-02"
Helianthus,Codophila varia,,feeds-on,eatenBy,,"globalbioticinteractions.org, fetched 2026-09-02"
Helianthus,Colgar elatus,,feeds-on,eatenBy,,"globalbioticinteractions.org, fetched 2026-09-02"
Helianthus,Copestylum mexicanum,,feeds-on,eatenBy,,"globalbioticinteractions.org, fetched 2026-09-02"
Helianthus,Copestylum sexmaculatum,,feeds-on,eatenBy,,"globalbioticinteractions.org, fetched 2026-09-02"
Helianthus,Cremastobombycia ignota,,feeds-on,eatenBy,,"globalbioticinteractions.org, fetched 2026-09-02"
Helianthus,Creontiades dilutus,,feeds-on,eatenBy,,"globalbioticinteractions.org, fetched 2026-09-02"
Helianthus,Cryptoblabes augustipenella,,feeds-on,eatenBy,,"globalbioticinteractions.org, fetched 2026-09-02"
Helianthus,Ctenoplusia oxygramma,,feeds-on,eatenBy,,"globalbioticinteractions.org, fetched 2026-09-02"
Helianthus,Cuerna costalis,,feeds-on,eatenBy,,"globalbioticinteractions.org, fetched 2026-09-02"
Helianthus,Cyanocitta cristata,,feeds-on,eatenBy,,"globalbioticinteractions.org, fetched 2026-09-02"
Helianthus,Danaus chrysippus,,pollinator,flowersVisitedBy,,"globalbioticinteractions.org, fetched 2026-09-02"
Helianthus,Diadasia diminuta,,feeds-on,hostOf,,"globalbioticinteractions.org, fetched 2026-09-02"
Helianthus,Diadasia enavata,,feeds-on,eatenBy,,"globalbioticinteractions.org, fetched 2026-09-02"
Helianthus,Dieunomia heteropoda,,feeds-on,eatenBy,,"globalbioticinteractions.org, fetched 2026-09-02"
Helianthus,Dione vanillae,,feeds-on,eatenBy,,"globalbioticinteractions.org, fetched 2026-09-02"
Helianthus,Distantasca terminalis,,feeds-on,eatenBy,,"globalbioticinteractions.org, fetched 2026-09-02"
Helianthus,Dolycoris baccarum,,feeds-on,eatenBy,,"globalbioticinteractions.org, fetched 2026-09-02"
Helianthus,Dolycoris baccarum,,pollinator,flowersVisitedBy,,"globalbioticinteractions.org, fetched 2026-09-02"
Helianthus,Elasmolomus pallens,,feeds-on,eatenBy,,"globalbioticinteractions.org, fetched 2026-09-02"
Helianthus,Empoasca vitis,,feeds-on,eatenBy,,"globalbioticinteractions.org, fetched 2026-09-02"
Helianthus,Entylia carinata,,feeds-on,eatenBy,,"globalbioticinteractions.org, fetched 2026-09-02"
Helianthus,Epiblema strenuana,,feeds-on,eatenBy,,"globalbioticinteractions.org, fetched 2026-09-02"
Helianthus,Epicauta callosa,,feeds-on,eatenBy,,"globalbioticinteractions.org, fetched 2026-09-02"
Helianthus,Epimelissodes obliquus,,feeds-on,eatenBy,,"globalbioticinteractions.org, fetched 2026-09-02"
Helianthus,Epimelissodes obliquus obliquus,,feeds-on,eatenBy,,"globalbioticinteractions.org, fetched 2026-09-02"
Helianthus,Erynnis funeralis,,feeds-on,eatenBy,,"globalbioticinteractions.org, fetched 2026-09-02"
Helianthus,Estigmene acrea,,feeds-on,eatenBy,,"globalbioticinteractions.org, fetched 2026-09-02"
Helianthus,Eublemma ornatula,,feeds-on,eatenBy,,"globalbioticinteractions.org, fetched 2026-09-02"
Helianthus,Eumelissodes,,feeds-on,eatenBy,,"globalbioticinteractions.org, fetched 2026-09-02"
Helianthus,Eupteryx atropunctata,,feeds-on,eatenBy,,"globalbioticinteractions.org, fetched 2026-09-02"
Helianthus,Eupteryx aurata,,feeds-on,eatenBy,,"globalbioticinteractions.org, fetched 2026-09-02"
Helianthus,Euxoa albipennis,,feeds-on,eatenBy,,"globalbioticinteractions.org, fetched 2026-09-02"
Helianthus,Euxoa messoria,,feeds-on,eatenBy,,"globalbioticinteractions.org, fetched 2026-09-02"
Helianthus,Euxoa ochrogaster,,feeds-on,eatenBy,,"globalbioticinteractions.org, fetched 2026-09-02"
Helianthus,Feltia herilis,,feeds-on,eatenBy,,"globalbioticinteractions.org, fetched 2026-09-02"
Helianthus,Feltia jaculifera,,feeds-on,eatenBy,,"globalbioticinteractions.org, fetched 2026-09-02"
Helianthus,Frankliniella intonsa,,feeds-on,eatenBy,,"globalbioticinteractions.org, fetched 2026-09-02"
Helianthus,Geocoris,,feeds-on,eatenBy,,"globalbioticinteractions.org, fetched 2026-09-02"
Helianthus,Geocoris luber,,feeds-on,eatenBy,,"globalbioticinteractions.org, fetched 2026-09-02"
Helianthus,Graptostethus servus,,feeds-on,eatenBy,,"globalbioticinteractions.org, fetched 2026-09-02"
Helianthus,Haemorhous purpureus,,feeds-on,eatenBy,,"globalbioticinteractions.org, fetched 2026-09-02"
Helianthus,Halictus ligatus,,feeds-on,eatenBy,,"globalbioticinteractions.org, fetched 2026-09-02"
Helianthus,Halictus scabiosae,,feeds-on,eatenBy,,"globalbioticinteractions.org, fetched 2026-09-02"
Helianthus,Halictus tripartitus,,feeds-on,eatenBy,,"globalbioticinteractions.org, fetched 2026-09-02"
Helianthus,Hebata decipiens,,feeds-on,eatenBy,,"globalbioticinteractions.org, fetched 2026-09-02"
Helianthus,Hebata ditata,,feeds-on,eatenBy,,"globalbioticinteractions.org, fetched 2026-09-02"
Helianthus,Hebata motti,,feeds-on,eatenBy,,"globalbioticinteractions.org, fetched 2026-09-02"
Helianthus,Heliotaurus ruficollis,,pollinator,flowersVisitedBy,,"globalbioticinteractions.org, fetched 2026-09-02"
Helianthus,Heliothis peltigera,,feeds-on,eatenBy,,"globalbioticinteractions.org, fetched 2026-09-02"
Helianthus,Hesperia uncas,,feeds-on,eatenBy,,"globalbioticinteractions.org, fetched 2026-09-02"
Helianthus,Homoeosoma heinrichi,,feeds-on,eatenBy,,"globalbioticinteractions.org, fetched 2026-09-02"
Helianthus,Homoeosoma nebulella,,feeds-on,eatenBy,,"globalbioticinteractions.org, fetched 2026-09-02"
Helianthus,Hoplopleura mastacomydis,,feeds-on,eatenBy,,"globalbioticinteractions.org, fetched 2026-09-02"
Helianthus,Hyalobathra opheltisalis,,feeds-on,eatenBy,,"globalbioticinteractions.org, fetched 2026-09-02"
Helianthus,Hymenoptera,,feeds-on,eatenBy,,"globalbioticinteractions.org, fetched 2026-09-02"
Helianthus,Hypsolyrium guizhouense,,feeds-on,eatenBy,,"globalbioticinteractions.org, fetched 2026-09-02"
Helianthus,Ibidoecus longiclypeatus,,feeds-on,eatenBy,,"globalbioticinteractions.org, fetched 2026-09-02"
Helianthus,Ictidomys parvidens,,feeds-on,eatenBy,,"globalbioticinteractions.org, fetched 2026-09-02"
Helianthus,Junonia hierta,,pollinator,flowersVisitedBy,,"globalbioticinteractions.org, fetched 2026-09-02"
Helianthus,Junonia oenone,,pollinator,flowersVisitedBy,,"globalbioticinteractions.org, fetched 2026-09-02"
Helianthus,Leptoglossus gonagra,,feeds-on,eatenBy,,"globalbioticinteractions.org, fetched 2026-09-02"
Helianthus,Lepyronia coleoptrata,,feeds-on,eatenBy,,"globalbioticinteractions.org, fetched 2026-09-02"
Helianthus,Lerodea eufala,,feeds-on,eatenBy,,"globalbioticinteractions.org, fetched 2026-09-02"
Helianthus,Limenitis arthemis arthemis,,pollinator,flowersVisitedBy,,"globalbioticinteractions.org, fetched 2026-09-02"
Helianthus,Liorhyssus hyalinus,,feeds-on,eatenBy,,"globalbioticinteractions.org, fetched 2026-09-02"
Helianthus,Liriomyza trifolii,,feeds-on,eatenBy,,"globalbioticinteractions.org, fetched 2026-09-02"
Helianthus,Lithurgopsis apicalis,,feeds-on,eatenBy,,"globalbioticinteractions.org, fetched 2026-09-02"
Helianthus,Loxostege sticticalis,,feeds-on,eatenBy,,"globalbioticinteractions.org, fetched 2026-09-02"
Helianthus,Lycomorpha pholus,,pollinator,flowersVisitedBy,,"globalbioticinteractions.org, fetched 2026-09-02"
Helianthus,Lygocoris pabulinus,,feeds-on,eatenBy,,"globalbioticinteractions.org, fetched 2026-09-02"
Helianthus,Lygus lineolaris,,feeds-on,hostOf,,"globalbioticinteractions.org, fetched 2026-09-02"
Helianthus,Manduca albiplaga,,feeds-on,eatenBy,,"globalbioticinteractions.org, fetched 2026-09-02"
Helianthus,Megachile inermis,,feeds-on,eatenBy,,"globalbioticinteractions.org, fetched 2026-09-02"
Helianthus,Megachile inimica,,feeds-on,hostOf,,"globalbioticinteractions.org, fetched 2026-09-02"
Helianthus,Megachile mendica,,feeds-on,eatenBy,,"globalbioticinteractions.org, fetched 2026-09-02"
Helianthus,Megachile mendica,,pollinator,flowersVisitedBy,,"globalbioticinteractions.org, fetched 2026-09-02"
Helianthus,Megachile parallela,,feeds-on,eatenBy,,"globalbioticinteractions.org, fetched 2026-09-02"
Helianthus,Megachile perihirta,,feeds-on,eatenBy,,"globalbioticinteractions.org, fetched 2026-09-02"
Helianthus,Megachile policaris,,feeds-on,eatenBy,,"globalbioticinteractions.org, fetched 2026-09-02"
Helianthus,Megachile pugnata,,feeds-on,hostOf,,"globalbioticinteractions.org, fetched 2026-09-02"
Helianthus,Megachile sculpturalis,,feeds-on,eatenBy,,"globalbioticinteractions.org, fetched 2026-09-02"
Helianthus,Megachile texana,,feeds-on,eatenBy,,"globalbioticinteractions.org, fetched 2026-09-02"
Helianthus,Melanerpes carolinus,,feeds-on,eatenBy,,"globalbioticinteractions.org, fetched 2026-09-02"
Helianthus,Melipona quadrifasciata quadrifasciata,,pollinator,flowersVisitedBy,,"globalbioticinteractions.org, fetched 2026-09-02"
Helianthus,Melissodes agilis,,feeds-on,eatenBy,,"globalbioticinteractions.org, fetched 2026-09-02"
Helianthus,Melissodes bimaculatus,,feeds-on,eatenBy,,"globalbioticinteractions.org, fetched 2026-09-02"
Helianthus,Melissodes lutulentus,,feeds-on,hostOf,,"globalbioticinteractions.org, fetched 2026-09-02"
Helianthus,Melissodes perlusus,,feeds-on,hostOf,,"globalbioticinteractions.org, fetched 2026-09-02"
Helianthus,Melissodes trinodis,,feeds-on,eatenBy,,"globalbioticinteractions.org, fetched 2026-09-02"
Helianthus,Melospiza melodia,,feeds-on,eatenBy,,"globalbioticinteractions.org, fetched 2026-09-02"
Helianthus,Mesamia nigridorsum,,feeds-on,eatenBy,,"globalbioticinteractions.org, fetched 2026-09-02"
Helianthus,Metcalfa pruinosa,,feeds-on,eatenBy,,"globalbioticinteractions.org, fetched 2026-09-02"
Helianthus,Milesia virginiensis,,pollinator,flowersVisitedBy,,"globalbioticinteractions.org, fetched 2026-09-02"
Helianthus,Mimus polyglottos,,feeds-on,eatenBy,,"globalbioticinteractions.org, fetched 2026-09-02"
Helianthus,Myiopsitta monachus,,feeds-on,eatenBy,,"globalbioticinteractions.org, fetched 2026-09-02"
Helianthus,Myzus persicae,,feeds-on,eatenBy,,"globalbioticinteractions.org, fetched 2026-09-02"
Helianthus,Neoxylocopa,,pollinator,flowersVisitedBy,,"globalbioticinteractions.org, fetched 2026-09-02"
Helianthus,Nola sorghiella,,feeds-on,eatenBy,,"globalbioticinteractions.org, fetched 2026-09-02"
Helianthus,Nysius dallasi,,feeds-on,eatenBy,,"globalbioticinteractions.org, fetched 2026-09-02"
Helianthus,Ochsenheimeria taurella,,feeds-on,eatenBy,,"globalbioticinteractions.org, fetched 2026-09-02"
Helianthus,Ogdoconta cinereola,,feeds-on,eatenBy,,"globalbioticinteractions.org, fetched 2026-09-02"
Helianthus,Ophraella communa,,feeds-on,eatenBy,,"globalbioticinteractions.org, fetched 2026-09-02"
Helianthus,Osmia subaustralis,,feeds-on,eatenBy,,"globalbioticinteractions.org, fetched 2026-09-02"
Helianthus,Otospermophilus beecheyi,,feeds-on,eatenBy,,"globalbioticinteractions.org, fetched 2026-09-02"
Helianthus,Papilio multicaudata,,feeds-on,eatenBy,,"globalbioticinteractions.org, fetched 2026-09-02"
Helianthus,Papilio polyxenes asterius,,feeds-on,eatenBy,,"globalbioticinteractions.org, fetched 2026-09-02"
Helianthus,Papilio rutulus,,feeds-on,eatenBy,,"globalbioticinteractions.org, fetched 2026-09-02"
Helianthus,Parancistrocerus leionotus,,pollinator,flowersVisitedBy,,"globalbioticinteractions.org, fetched 2026-09-02"
Helianthus,Paranthidium jugatorium lepidum,,feeds-on,eatenBy,,"globalbioticinteractions.org, fetched 2026-09-02"
Helianthus,Paranthidium jugatorium lepidum,,pollinator,flowersVisitedBy,,"globalbioticinteractions.org, fetched 2026-09-02"
Helianthus,Parthenolecanium corni,,feeds-on,eatenBy,,"globalbioticinteractions.org, fetched 2026-09-02"
Helianthus,Pelegrina galathea,,feeds-on,eatenBy,,"globalbioticinteractions.org, fetched 2026-09-02"
Helianthus,Pentastiridius leporinus,,feeds-on,eatenBy,,"globalbioticinteractions.org, fetched 2026-09-02"
Helianthus,Perdita albipennis,,feeds-on,hostOf,,"globalbioticinteractions.org, fetched 2026-09-02"
Helianthus,Perdita albipennis,,pollinator,flowersVisitedBy,,"globalbioticinteractions.org, fetched 2026-09-02"
Helianthus,Perdita fallax,,feeds-on,hostOf,,"globalbioticinteractions.org, fetched 2026-09-02"
Helianthus,Perdita moabensis,,feeds-on,hostOf,,"globalbioticinteractions.org, fetched 2026-09-02"
Helianthus,Perdix perdix,,feeds-on,eatenBy,,"globalbioticinteractions.org, fetched 2026-09-02"
Helianthus,Phasianus colchicus,,feeds-on,eatenBy,,"globalbioticinteractions.org, fetched 2026-09-02"
Helianthus,Pheucticus melanocephalus,,feeds-on,eatenBy,,"globalbioticinteractions.org, fetched 2026-09-02"
Helianthus,Philaenus spumarius,,feeds-on,eatenBy,,"globalbioticinteractions.org, fetched 2026-09-02"
Helianthus,Phtheochroa,,feeds-on,eatenBy,,"globalbioticinteractions.org, fetched 2026-09-02"
Helianthus,Phymata americana,,feeds-on,hostOf,,"globalbioticinteractions.org, fetched 2026-09-02"
Helianthus,Phytomyza syngenesiae,,feeds-on,eatenBy,,"globalbioticinteractions.org, fetched 2026-09-02"
Helianthus,Platycercus elegans × eximius,,feeds-on,eatenBy,,"globalbioticinteractions.org, fetched 2026-09-02"
Helianthus,Platycercus eximius,,feeds-on,eatenBy,,"globalbioticinteractions.org, fetched 2026-09-02"
Helianthus,Plebeina armata,,pollinator,flowersVisitedBy,,"globalbioticinteractions.org, fetched 2026-09-02"
Helianthus,Plodia interpunctella,,feeds-on,eatenBy,,"globalbioticinteractions.org, fetched 2026-09-02"
Helianthus,Plusiinae,,feeds-on,eatenBy,,"globalbioticinteractions.org, fetched 2026-09-02"
Helianthus,Poecile atricapillus,,feeds-on,eatenBy,,"globalbioticinteractions.org, fetched 2026-09-02"
Helianthus,Polistes dominula,,pollinator,flowersVisitedBy,,"globalbioticinteractions.org, fetched 2026-09-02"
Helianthus,Polygonia c-album,,pollinator,flowersVisitedBy,,"globalbioticinteractions.org, fetched 2026-09-02"
Helianthus,Pseudoanthidium,,pollinator,flowersVisitedBy,,"globalbioticinteractions.org, fetched 2026-09-02"
Helianthus,Pseudoanthidium nanum,,pollinator,flowersVisitedBy,,"globalbioticinteractions.org, fetched 2026-09-02"
Helianthus,Psittacula krameri,,feeds-on,eatenBy,,"globalbioticinteractions.org, fetched 2026-09-02"
Helianthus,Ptilothrix bombiformis,,feeds-on,eatenBy,,"globalbioticinteractions.org, fetched 2026-09-02"
Helianthus,Ptilothrix bombiformis,,pollinator,flowersVisitedBy,,"globalbioticinteractions.org, fetched 2026-09-02"
Helianthus,Pustula,,feeds-on,hostOf,,"globalbioticinteractions.org, fetched 2026-09-02"
Helianthus,Pyrausta inornatalis,,pollinator,flowersVisitedBy,,"globalbioticinteractions.org, fetched 2026-09-02"
Helianthus,Pyrausta rubricalis,,feeds-on,eatenBy,,"globalbioticinteractions.org, fetched 2026-09-02"
Helianthus,Pyrausta rubricalis,,pollinator,flowersVisitedBy,,"globalbioticinteractions.org, fetched 2026-09-02"
Helianthus,Pyrobombus,,feeds-on,eatenBy,,"globalbioticinteractions.org, fetched 2026-09-02"
Helianthus,Pyrrharctia isabella,,feeds-on,eatenBy,,"globalbioticinteractions.org, fetched 2026-09-02"
Helianthus,Rhynchomydaea,,pollinator,flowersVisitedBy,,"globalbioticinteractions.org, fetched 2026-09-02"
Helianthus,Runcinia grammica,,pollinator,flowersVisitedBy,,"globalbioticinteractions.org, fetched 2026-09-02"
Helianthus,Satyrium caryaevorus,,pollinator,flowersVisitedBy,,"globalbioticinteractions.org, fetched 2026-09-02"
Helianthus,Scaeva affinis,,feeds-on,eatenBy,,"globalbioticinteractions.org, fetched 2026-09-02"
Helianthus,Sciurus carolinensis,,feeds-on,eatenBy,,"globalbioticinteractions.org, fetched 2026-09-02"
Helianthus,Sciurus carolinensis pennsylvanicus,,feeds-on,eatenBy,,"globalbioticinteractions.org, fetched 2026-09-02"
Helianthus,Sciurus niger,,feeds-on,eatenBy,,"globalbioticinteractions.org, fetched 2026-09-02"
Helianthus,Sciurus vulgaris,,feeds-on,eatenBy,,"globalbioticinteractions.org, fetched 2026-09-02"
Helianthus,Scrobipalpula artemisiella,,feeds-on,eatenBy,,"globalbioticinteractions.org, fetched 2026-09-02"
Helianthus,Setophaga coronata,,feeds-on,eatenBy,,"globalbioticinteractions.org, fetched 2026-09-02"
Helianthus,Setophaga pinus,,feeds-on,eatenBy,,"globalbioticinteractions.org, fetched 2026-09-02"
Helianthus,Sitta carolinensis,,feeds-on,eatenBy,,"globalbioticinteractions.org, fetched 2026-09-02"
Helianthus,Smicronyx fulvus,,feeds-on,eatenBy,,"globalbioticinteractions.org, fetched 2026-09-02"
Helianthus,Solenopsis geminata,,pollinator,flowersVisitedBy,,"globalbioticinteractions.org, fetched 2026-09-02"
Helianthus,Somena scintillans,,feeds-on,eatenBy,,"globalbioticinteractions.org, fetched 2026-09-02"
Helianthus,Spicauda procne,,pollinator,flowersVisitedBy,,"globalbioticinteractions.org, fetched 2026-09-02"
Helianthus,Spilosoma virginica,,feeds-on,eatenBy,,"globalbioticinteractions.org, fetched 2026-09-02"
Helianthus,Spilostethus pandurus,,feeds-on,eatenBy,,"globalbioticinteractions.org, fetched 2026-09-02"
Helianthus,Spinus pinus,,feeds-on,eatenBy,,"globalbioticinteractions.org, fetched 2026-09-02"
Helianthus,Spinus psaltria,,feeds-on,eatenBy,,"globalbioticinteractions.org, fetched 2026-09-02"
Helianthus,Spinus tristis,,feeds-on,eatenBy,,"globalbioticinteractions.org, fetched 2026-09-02"
Helianthus,Spodoptera exempta,,feeds-on,eatenBy,,"globalbioticinteractions.org, fetched 2026-09-02"
Helianthus,Spodoptera latifascia,,feeds-on,eatenBy,,"globalbioticinteractions.org, fetched 2026-09-02"
Helianthus,Spodoptera littoralis,,feeds-on,hostOf,,"globalbioticinteractions.org, fetched 2026-09-02"
Helianthus,Staphylus hayhurstii,,feeds-on,eatenBy,,"globalbioticinteractions.org, fetched 2026-09-02"
Helianthus,Synchlora frondaria,,feeds-on,eatenBy,,"globalbioticinteractions.org, fetched 2026-09-02"
Helianthus,Terellia luteola,,feeds-on,eatenBy,,"globalbioticinteractions.org, fetched 2026-09-02"
Helianthus,Thoracobombus,,pollinator,flowersVisitedBy,,"globalbioticinteractions.org, fetched 2026-09-02"
Helianthus,Thrips flavus,,feeds-on,eatenBy,,"globalbioticinteractions.org, fetched 2026-09-02"
Helianthus,Thysanoplusia orichalcea,,feeds-on,eatenBy,,"globalbioticinteractions.org, fetched 2026-09-02"
Helianthus,Tiphia,,feeds-on,eatenBy,,"globalbioticinteractions.org, fetched 2026-09-02"
Helianthus,Toxomerus occidentalis,,feeds-on,eatenBy,,"globalbioticinteractions.org, fetched 2026-09-02"
Helianthus,Tretogonia notatifrons,,feeds-on,eatenBy,,"globalbioticinteractions.org, fetched 2026-09-02"
Helianthus,Tricentrus bicolor,,feeds-on,eatenBy,,"globalbioticinteractions.org, fetched 2026-09-02"
Helianthus,Tricholita signata,,pollinator,flowersVisitedBy,,"globalbioticinteractions.org, fetched 2026-09-02"
Helianthus,Triepeolus remigatus,,feeds-on,eatenBy,,"globalbioticinteractions.org, fetched 2026-09-02"
Helianthus,Trigona spinipes,,feeds-on,eatenBy,,"globalbioticinteractions.org, fetched 2026-09-02"
Helianthus,Trigona spinipes,,pollinator,flowersVisitedBy,,"globalbioticinteractions.org, fetched 2026-09-02"
Helianthus,Ulotrichopus catocala,,feeds-on,eatenBy,,"globalbioticinteractions.org, fetched 2026-09-02"
Helianthus,Uroleucon illini,,feeds-on,eatenBy,,"globalbioticinteractions.org, fetched 2026-09-02"
Helianthus,Vanduzea triguttata,,feeds-on,eatenBy,,"globalbioticinteractions.org, fetched 2026-09-02"
Helianthus,Vanessa annabella,,feeds-on,eatenBy,,"globalbioticinteractions.org, fetched 2026-09-02"
Helianthus,Vanessa virginiensis,,feeds-on,eatenBy,,"globalbioticinteractions.org, fetched 2026-09-02"
Helianthus,Vespula atropilosa,,pollinator,flowersVisitedBy,,"globalbioticinteractions.org, fetched 2026-09-02"
Helianthus,Vespula maculifrons,,feeds-on,eatenBy,,"globalbioticinteractions.org, fetched 2026-09-02"
Helianthus,Vespula maculifrons,,pollinator,flowersVisitedBy,,"globalbioticinteractions.org, fetched 2026-09-02"
Helianthus,Vespula vulgaris,,feeds-on,eatenBy,,"globalbioticinteractions.org, fetched 2026-09-02"
Helianthus,Vulpes vulpes,,feeds-on,eatenBy,,"globalbioticinteractions.org, fetched 2026-09-02"
Helianthus,Xylocopa tabaniformis orpifex,,feeds-on,eatenBy,,"globalbioticinteractions.org, fetched 2026-09-02"
Helianthus,Xylocopa violacea,,feeds-on,eatenBy,,"globalbioticinteractions.org, fetched 2026-09-02"
Helianthus,Xylocopa virginica,,feeds-on,eatenBy,,"globalbioticinteractions.org, fetched 2026-09-02"
Helianthus,Zenaida macroura,,feeds-on,eatenBy,,"globalbioticinteractions.org, fetched 2026-09-02"
Ilex,Acanalonia conica,,pollinator,visitedBy,,"globalbioticinteractions.org, fetched 2026-09-02"
Ilex,Acanthis flammea,,feeds-on,eatenBy,,"globalbioticinteractions.org, fetched 2026-09-02"
Ilex,Acanthosoma haemorrhoidale,,feeds-on,eatenBy,,"globalbioticinteractions.org, fetched 2026-09-02"
Ilex,Aegithalos caudatus,,feeds-on,eatenBy,,"globalbioticinteractions.org, fetched 2026-09-02"
Ilex,Aegosoma scabricorne,,feeds-on,eatenBy,,"globalbioticinteractions.org, fetched 2026-09-02"
Ilex,Agapostemon splendens,,feeds-on,eatenBy,,"globalbioticinteractions.org, fetched 2026-09-02"
Ilex,Aglais io,,pollinator,flowersVisitedBy,,"globalbioticinteractions.org, fetched 2026-09-02"
Ilex,Alectoris graeca,,feeds-on,eatenBy,,"globalbioticinteractions.org, fetched 2026-09-02"
Ilex,Ancistrocerus adiabatus,,pollinator,flowersVisitedBy,,"globalbioticinteractions.org, fetched 2026-09-02"
Ilex,Andrena angustior,,pollinator,flowersVisitedBy,,"globalbioticinteractions.org, fetched 2026-09-02"
Ilex,Andrena atlantica,,pollinator,flowersVisitedBy,,"globalbioticinteractions.org, fetched 2026-09-02"
Ilex,Andrena barbara,,pollinator,flowersVisitedBy,,"globalbioticinteractions.org, fetched 2026-09-02"
Ilex,Andrena barbilabris,,pollinator,flowersVisitedBy,,"globalbioticinteractions.org, fetched 2026-09-02"
Ilex,Andrena carantonica,,pollinator,flowersVisitedBy,,"globalbioticinteractions.org, fetched 2026-09-02"
Ilex,Andrena chrysosceles,,pollinator,flowersVisitedBy,,"globalbioticinteractions.org, fetched 2026-09-02"
Ilex,Andrena dolomellea,,feeds-on,eatenBy,,"globalbioticinteractions.org, fetched 2026-09-02"
Ilex,Andrena helvola,,pollinator,flowersVisitedBy,,"globalbioticinteractions.org, fetched 2026-09-02"
Ilex,Andrena ilicis,,pollinator,flowersVisitedBy,,"globalbioticinteractions.org, fetched 2026-09-02"
Ilex,Andrena milwaukeensis,,pollinator,flowersVisitedBy,,"globalbioticinteractions.org, fetched 2026-09-02"
Ilex,Andrena nigroaenea,,pollinator,flowersVisitedBy,,"globalbioticinteractions.org, fetched 2026-09-02"
Ilex,Andrena nitida,,pollinator,flowersVisitedBy,,"globalbioticinteractions.org, fetched 2026-09-02"
Ilex,Andrena scotica,,pollinator,flowersVisitedBy,,"globalbioticinteractions.org, fetched 2026-09-02"
Ilex,Andrena synadelpha,,pollinator,flowersVisitedBy,,"globalbioticinteractions.org, fetched 2026-09-02"
Ilex,Andrena varians,,pollinator,flowersVisitedBy,,"globalbioticinteractions.org, fetched 2026-09-02"
Ilex,Andrena vicina,,pollinator,flowersVisitedBy,,"globalbioticinteractions.org, fetched 2026-09-02"
Ilex,Andrena wilkella,,pollinator,flowersVisitedBy,,"globalbioticinteractions.org, fetched 2026-09-02"
Ilex,Anser anser,,feeds-on,eatenBy,,"globalbioticinteractions.org, fetched 2026-09-02"
Ilex,Anthophora plumipes,,pollinator,flowersVisitedBy,,"globalbioticinteractions.org, fetched 2026-09-02"
Ilex,Anthornis melanura,,feeds-on,eatenBy,,"globalbioticinteractions.org, fetched 2026-09-02"
Ilex,Aphis ilicis,,feeds-on,eatenBy,,"globalbioticinteractions.org, fetched 2026-09-02"
Ilex,Arboridia,,pollinator,visitedBy,,"globalbioticinteractions.org, fetched 2026-09-02"
Ilex,Arilus cristatus,,pollinator,visitedBy,,"globalbioticinteractions.org, fetched 2026-09-02"
Ilex,Atherigona reversura,,pollinator,flowersVisitedBy,,"globalbioticinteractions.org, fetched 2026-09-02"
Ilex,Augochlora pura,,pollinator,flowersVisitedBy,,"globalbioticinteractions.org, fetched 2026-09-02"
Ilex,Augochlora pura,,feeds-on,eatenBy,,"globalbioticinteractions.org, fetched 2026-09-02"
Ilex,Augochloropsis viridula,,pollinator,flowersVisitedBy,,"globalbioticinteractions.org, fetched 2026-09-02"
Ilex,Bibio femoratus,,feeds-on,eatenBy,,"globalbioticinteractions.org, fetched 2026-09-02"
Ilex,BOLD:AAD2472,,feeds-on,hostOf,,"globalbioticinteractions.org, fetched 2026-09-02"
Ilex,BOLD:ACW1070,,feeds-on,hostOf,,"globalbioticinteractions.org, fetched 2026-09-02"
Ilex,Bombus,,pollinator,flowersVisitedBy,,"globalbioticinteractions.org, fetched 2026-09-02"
Ilex,Bombus bimaculatus,,pollinator,flowersVisitedBy,,"globalbioticinteractions.org, fetched 2026-09-02"
Ilex,Bombus flavifrons,,pollinator,visitedBy,,"globalbioticinteractions.org, fetched 2026-09-02"
Ilex,Bombus griseocollis,,feeds-on,eatenBy,,"globalbioticinteractions.org, fetched 2026-09-02"
Ilex,Bombus griseocollis,,pollinator,flowersVisitedBy,,"globalbioticinteractions.org, fetched 2026-09-02"
Ilex,Bombus hypnorum,,pollinator,flowersVisitedBy,,"globalbioticinteractions.org, fetched 2026-09-02"
Ilex,Bombus impatiens,,pollinator,flowersVisitedBy,,"globalbioticinteractions.org, fetched 2026-09-02"
Ilex,Bombus melanopygus,,feeds-on,eatenBy,,"globalbioticinteractions.org, fetched 2026-09-02"
Ilex,Bombus vancouverensis vancouverensis,,pollinator,visitedBy,,"globalbioticinteractions.org, fetched 2026-09-02"
Ilex,Bombycilla cedrorum,,feeds-on,eatenBy,,"globalbioticinteractions.org, fetched 2026-09-02"
Ilex,Bonasa umbellus,,feeds-on,eatenBy,,"globalbioticinteractions.org, fetched 2026-09-02"
Ilex,Bucculatrix ilecella,,feeds-on,eatenBy,,"globalbioticinteractions.org, fetched 2026-09-02"
Ilex,Cacyreus marshalli,,pollinator,flowersVisitedBy,,"globalbioticinteractions.org, fetched 2026-09-02"
Ilex,Callirhopalus bifasciatus,,feeds-on,hostOf,,"globalbioticinteractions.org, fetched 2026-09-02"
Ilex,Callophrys henrici,,feeds-on,hostOf,,"globalbioticinteractions.org, fetched 2026-09-02"
Ilex,Callophrys henrici,,pollinator,flowersVisitedBy,,"globalbioticinteractions.org, fetched 2026-09-02"
Ilex,Callophrys rubi,,pollinator,flowersVisitedBy,,"globalbioticinteractions.org, fetched 2026-09-02"
Ilex,Capreolus capreolus,,feeds-on,eatenBy,,"globalbioticinteractions.org, fetched 2026-09-02"
Ilex,Carychium tridentatum,,feeds-on,eatenBy,,"globalbioticinteractions.org, fetched 2026-09-02"
Ilex,Catharus guttatus,,feeds-on,eatenBy,,"globalbioticinteractions.org, fetched 2026-09-02"
Ilex,Catharus ustulatus,,feeds-on,eatenBy,,"globalbioticinteractions.org, fetched 2026-09-02"
Ilex,Celastrina argiolus,,pollinator,flowersVisitedBy,,"globalbioticinteractions.org, fetched 2026-09-02"
Ilex,Celastrina argiolus,,feeds-on,eatenBy,,"globalbioticinteractions.org, fetched 2026-09-02"
Ilex,Cervus elaphus,,feeds-on,eatenBy,,"globalbioticinteractions.org, fetched 2026-09-02"
Ilex,Chinavia hilaris,,pollinator,visitedBy,,"globalbioticinteractions.org, fetched 2026-09-02"
Ilex,Choristoneura rosaceana,,feeds-on,hostOf,,"globalbioticinteractions.org, fetched 2026-09-02"
Ilex,Chrysotus spectabilis,,pollinator,visitedBy,,"globalbioticinteractions.org, fetched 2026-09-02"
Ilex,Colaptes auratus,,feeds-on,eatenBy,,"globalbioticinteractions.org, fetched 2026-09-02"
Ilex,Coleomegilla maculata lengi,,pollinator,visitedBy,,"globalbioticinteractions.org, fetched 2026-09-02"
Ilex,Colletes banksi,,feeds-on,eatenBy,,"globalbioticinteractions.org, fetched 2026-09-02"
Ilex,Colletes banksi,,pollinator,flowersVisitedBy,,"globalbioticinteractions.org, fetched 2026-09-02"
Ilex,Colletes inaequalis,,pollinator,flowersVisitedBy,,"globalbioticinteractions.org, fetched 2026-09-02"
Ilex,Columba livia domestica,,feeds-on,eatenBy,,"globalbioticinteractions.org, fetched 2026-09-02"
Ilex,Condylostylus caudatus,,pollinator,visitedBy,,"globalbioticinteractions.org, fetched 2026-09-02"
Ilex,Condylostylus scaber,,pollinator,visitedBy,,"globalbioticinteractions.org, fetched 2026-09-02"
Ilex,Corvus monedula,,feeds-on,eatenBy,,"globalbioticinteractions.org, fetched 2026-09-02"
Ilex,Diaea dorsata,,pollinator,visitedBy,,"globalbioticinteractions.org, fetched 2026-09-02"
Ilex,Dialictus,,pollinator,flowersVisitedBy,,"globalbioticinteractions.org, fetched 2026-09-02"
Ilex,Drosophila,,feeds-on,eatenBy,,"globalbioticinteractions.org, fetched 2026-09-02"
Ilex,Drosophila suzukii,,pollinator,visitedBy,,"globalbioticinteractions.org, fetched 2026-09-02"
Ilex,Dumetella carolinensis,,feeds-on,eatenBy,,"globalbioticinteractions.org, fetched 2026-09-02"
Ilex,Dynaspidiotus britannicus,,feeds-on,eatenBy,,"globalbioticinteractions.org, fetched 2026-09-02"
Ilex,Ectopsocus petersi,,pollinator,visitedBy,,"globalbioticinteractions.org, fetched 2026-09-02"
Ilex,Elasmucha grisea,,feeds-on,eatenBy,,"globalbioticinteractions.org, fetched 2026-09-02"
Ilex,Elasmucha grisea,,pollinator,visitedBy,,"globalbioticinteractions.org, fetched 2026-09-02"
Ilex,Emberiza cia,,feeds-on,eatenBy,,"globalbioticinteractions.org, fetched 2026-09-02"
Ilex,Emberiza citrinella,,feeds-on,eatenBy,,"globalbioticinteractions.org, fetched 2026-09-02"
Ilex,Ennomos magnaria,,feeds-on,eatenBy,,"globalbioticinteractions.org, fetched 2026-09-02"
Ilex,Entomobrya intermedia,,pollinator,visitedBy,,"globalbioticinteractions.org, fetched 2026-09-02"
Ilex,Epargyreus clarus,,pollinator,flowersVisitedBy,,"globalbioticinteractions.org, fetched 2026-09-02"
Ilex,Erasmoneura vulnerata,,pollinator,visitedBy,,"globalbioticinteractions.org, fetched 2026-09-02"
Ilex,Erinaceus europaeus,,feeds-on,eatenBy,,"globalbioticinteractions.org, fetched 2026-09-02"
Ilex,Eris militaris,,pollinator,visitedBy,,"globalbioticinteractions.org, fetched 2026-09-02"
Ilex,Eristalis tenax,,pollinator,flowersVisitedBy,,"globalbioticinteractions.org, fetched 2026-09-02"
Ilex,Gallinula chloropus,,feeds-on,eatenBy,,"globalbioticinteractions.org, fetched 2026-09-02"
Ilex,Garrulus glandarius,,feeds-on,eatenBy,,"globalbioticinteractions.org, fetched 2026-09-02"
Ilex,Graphocephala coccinea,,feeds-on,eatenBy,,"globalbioticinteractions.org, fetched 2026-09-02"
Ilex,Graphopsocus cruciatus,,pollinator,visitedBy,,"globalbioticinteractions.org, fetched 2026-09-02"
Ilex,Gymnoscelis rufifasciata,,feeds-on,eatenBy,,"globalbioticinteractions.org, fetched 2026-09-02"
Ilex,Halictus rubicundus,,feeds-on,eatenBy,,"globalbioticinteractions.org, fetched 2026-09-02"
Ilex,Halictus rubicundus,,pollinator,flowersVisitedBy,,"globalbioticinteractions.org, fetched 2026-09-02"
Ilex,Harrisimemna trisignata,,feeds-on,hostOf,,"globalbioticinteractions.org, fetched 2026-09-02"
Ilex,Helophilus fasciatus,,feeds-on,eatenBy,,"globalbioticinteractions.org, fetched 2026-09-02"
Ilex,Helophilus fasciatus,,pollinator,flowersVisitedBy,,"globalbioticinteractions.org, fetched 2026-09-02"
Ilex,Hemiberlesia rapax,,feeds-on,hostOf,,"globalbioticinteractions.org, fetched 2026-09-02"
Ilex,Hemiphaga novaeseelandiae,,feeds-on,eatenBy,,"globalbioticinteractions.org, fetched 2026-09-02"
Ilex,Hemiphaga novaeseelandiae novaeseelandiae,,feeds-on,eatenBy,,"globalbioticinteractions.org, fetched 2026-09-02"
Ilex,Heriades leavitti,,feeds-on,eatenBy,,"globalbioticinteractions.org, fetched 2026-09-02"
Ilex,Herpetogramma pertextalis,,feeds-on,hostOf,,"globalbioticinteractions.org, fetched 2026-09-02"
Ilex,Hylaeus hyalinatus,,pollinator,flowersVisitedBy,,"globalbioticinteractions.org, fetched 2026-09-02"
Ilex,Hylesia fulviventris,,feeds-on,hostOf,,"globalbioticinteractions.org, fetched 2026-09-02"
Ilex,Hylocichla mustelina,,feeds-on,eatenBy,,"globalbioticinteractions.org, fetched 2026-09-02"
Ilex,Icterus galbula,,feeds-on,eatenBy,,"globalbioticinteractions.org, fetched 2026-09-02"
Ilex,Ilexia intractata,,feeds-on,hostOf,,"globalbioticinteractions.org, fetched 2026-09-02"
Ilex,Illinoia menziesiae,,feeds-on,hostOf,,"globalbioticinteractions.org, fetched 2026-09-02"
Ilex,Issus,,pollinator,visitedBy,,"globalbioticinteractions.org, fetched 2026-09-02"
Ilex,Issus coleoptratus,,feeds-on,eatenBy,,"globalbioticinteractions.org, fetched 2026-09-02"
Ilex,Issus coleoptratus,,pollinator,visitedBy,,"globalbioticinteractions.org, fetched 2026-09-02"
Ilex,Lasioglossum lativentre,,pollinator,flowersVisitedBy,,"globalbioticinteractions.org, fetched 2026-09-02"
Ilex,Lasius americanus,,pollinator,visitedBy,,"globalbioticinteractions.org, fetched 2026-09-02"
Ilex,Lepidosaphes ulmi,,feeds-on,eatenBy,,"globalbioticinteractions.org, fetched 2026-09-02"
Ilex,Leptoypha elliptica,,feeds-on,hostOf,,"globalbioticinteractions.org, fetched 2026-09-02"
Ilex,Lophophanes cristatus,,feeds-on,eatenBy,,"globalbioticinteractions.org, fetched 2026-09-02"
Ilex,Lullula arborea,,feeds-on,eatenBy,,"globalbioticinteractions.org, fetched 2026-09-02"
Ilex,Macrosiphum rosae,,feeds-on,eatenBy,,"globalbioticinteractions.org, fetched 2026-09-02"
Ilex,Malacosoma disstria,,feeds-on,eatenBy,,"globalbioticinteractions.org, fetched 2026-09-02"
Ilex,Martes foina,,feeds-on,eatenBy,,"globalbioticinteractions.org, fetched 2026-09-02"
Ilex,Martes martes,,feeds-on,eatenBy,,"globalbioticinteractions.org, fetched 2026-09-02"
Ilex,Megachile sculpturalis,,pollinator,flowersVisitedBy,,"globalbioticinteractions.org, fetched 2026-09-02"
Ilex,Melanerpes carolinus,,feeds-on,eatenBy,,"globalbioticinteractions.org, fetched 2026-09-02"
Ilex,Meles meles,,feeds-on,eatenBy,,"globalbioticinteractions.org, fetched 2026-09-02"
Ilex,Menophra abruptaria,,feeds-on,eatenBy,,"globalbioticinteractions.org, fetched 2026-09-02"
Ilex,Metcalfa pruinosa,,feeds-on,eatenBy,,"globalbioticinteractions.org, fetched 2026-09-02"
Ilex,Metcalfa pruinosa,,pollinator,visitedBy,,"globalbioticinteractions.org, fetched 2026-09-02"
Ilex,Monobia quadridens,,pollinator,flowersVisitedBy,,"globalbioticinteractions.org, fetched 2026-09-02"
Ilex,Monticola solitarius,,feeds-on,eatenBy,,"globalbioticinteractions.org, fetched 2026-09-02"
Ilex,Montifringilla nivalis,,feeds-on,eatenBy,,"globalbioticinteractions.org, fetched 2026-09-02"
Ilex,Myxosargus nigricormis,,pollinator,visitedBy,,"globalbioticinteractions.org, fetched 2026-09-02"
Ilex,Neoclytus acuminatus,,feeds-on,eatenBy,,"globalbioticinteractions.org, fetched 2026-09-02"
Ilex,Nestor meridionalis septentrionalis,,feeds-on,eatenBy,,"globalbioticinteractions.org, fetched 2026-09-02"
Ilex,Nomada,,pollinator,flowersVisitedBy,,"globalbioticinteractions.org, fetched 2026-09-02"
Ilex,Oncometopia orbona,,feeds-on,eatenBy,,"globalbioticinteractions.org, fetched 2026-09-02"
Ilex,Orchesella cincta,,pollinator,visitedBy,,"globalbioticinteractions.org, fetched 2026-09-02"
Ilex,Orientus ishidae,,pollinator,visitedBy,,"globalbioticinteractions.org, fetched 2026-09-02"
Ilex,Oriolus oriolus,,feeds-on,eatenBy,,"globalbioticinteractions.org, fetched 2026-09-02"
Ilex,Osmia bicornis,,pollinator,flowersVisitedBy,,"globalbioticinteractions.org, fetched 2026-09-02"
Ilex,Osmia taurus,,pollinator,flowersVisitedBy,,"globalbioticinteractions.org, fetched 2026-09-02"
Ilex,Otiorhynchus armadillo,,feeds-on,eatenBy,,"globalbioticinteractions.org, fetched 2026-09-02"
Ilex,Parancistrocerus histrio,,pollinator,flowersVisitedBy,,"globalbioticinteractions.org, fetched 2026-09-02"
Ilex,Pararge aegeria,,feeds-on,eatenBy,,"globalbioticinteractions.org, fetched 2026-09-02"
Ilex,Pararge aegeria,,pollinator,flowersVisitedBy,,"globalbioticinteractions.org, fetched 2026-09-02"
Ilex,Passer italiae,,feeds-on,eatenBy,,"globalbioticinteractions.org, fetched 2026-09-02"
Ilex,Pheucticus ludovicianus,,feeds-on,eatenBy,,"globalbioticinteractions.org, fetched 2026-09-02"
Ilex,Phidippus putnami,,pollinator,visitedBy,,"globalbioticinteractions.org, fetched 2026-09-02"
Ilex,Phytomyza vomitoriae,,feeds-on,hostOf,,"globalbioticinteractions.org, fetched 2026-09-02"
Ilex,Pica pica,,feeds-on,eatenBy,,"globalbioticinteractions.org, fetched 2026-09-02"
Ilex,Picus viridis,,feeds-on,eatenBy,,"globalbioticinteractions.org, fetched 2026-09-02"
Ilex,Pochazia shantungensis,,feeds-on,eatenBy,,"globalbioticinteractions.org, fetched 2026-09-02"
Ilex,Polistes dominula,,pollinator,flowersVisitedBy,,"globalbioticinteractions.org, fetched 2026-09-02"
Ilex,Polistes dorsalis,,feeds-on,eatenBy,,"globalbioticinteractions.org, fetched 2026-09-02"
Ilex,Polistes exclamans,,pollinator,flowersVisitedBy,,"globalbioticinteractions.org, fetched 2026-09-02"
Ilex,Polistes exclamans,,feeds-on,eatenBy,,"globalbioticinteractions.org, fetched 2026-09-02"
Ilex,Polygonia c-album,,pollinator,flowersVisitedBy,,"globalbioticinteractions.org, fetched 2026-09-02"
Ilex,Priocnemis minorata,,pollinator,flowersVisitedBy,,"globalbioticinteractions.org, fetched 2026-09-02"
Ilex,Prosapia bicincta,,feeds-on,eatenBy,,"globalbioticinteractions.org, fetched 2026-09-02"
Ilex,Prunella modularis,,feeds-on,eatenBy,,"globalbioticinteractions.org, fetched 2026-09-02"
Ilex,Pseudocneorhinus bifasciatus,,feeds-on,hostOf,,"globalbioticinteractions.org, fetched 2026-09-02"
Ilex,Pseudothyris sepulchralis,,feeds-on,eatenBy,,"globalbioticinteractions.org, fetched 2026-09-02"
Ilex,Psilocorsis cryptolechiella,,feeds-on,eatenBy,,"globalbioticinteractions.org, fetched 2026-09-02"
Ilex,Pulvinaria floccifera,,feeds-on,eatenBy,,"globalbioticinteractions.org, fetched 2026-09-02"
Ilex,Pulvinaria vitis,,feeds-on,hostOf,,"globalbioticinteractions.org, fetched 2026-09-02"
Ilex,Pyrrhocorax pyrrhocorax,,feeds-on,eatenBy,,"globalbioticinteractions.org, fetched 2026-09-02"
Ilex,Pyrrhula pyrrhula,,feeds-on,eatenBy,,"globalbioticinteractions.org, fetched 2026-09-02"
Ilex,Regulus regulus,,feeds-on,eatenBy,,"globalbioticinteractions.org, fetched 2026-09-02"
Ilex,Rhopobota,,feeds-on,eatenBy,,"globalbioticinteractions.org, fetched 2026-09-02"
Ilex,Rhopobota dietziana,,feeds-on,hostOf,,"globalbioticinteractions.org, fetched 2026-09-02"
Ilex,Rhopobota finitimana,,feeds-on,hostOf,,"globalbioticinteractions.org, fetched 2026-09-02"
Ilex,Rhopobota naevana,,feeds-on,eatenBy,,"globalbioticinteractions.org, fetched 2026-09-02"
Ilex,Saissetia oleae,,feeds-on,hostOf,,"globalbioticinteractions.org, fetched 2026-09-02"
Ilex,Samia cynthia,,feeds-on,hostOf,,"globalbioticinteractions.org, fetched 2026-09-02"
Ilex,Saxicola torquatus,,feeds-on,eatenBy,,"globalbioticinteractions.org, fetched 2026-09-02"
Ilex,Sciurus,,feeds-on,eatenBy,,"globalbioticinteractions.org, fetched 2026-09-02"
Ilex,Sericomyia chalcopyga,,pollinator,visitedBy,,"globalbioticinteractions.org, fetched 2026-09-02"
Ilex,Serinus serinus,,feeds-on,eatenBy,,"globalbioticinteractions.org, fetched 2026-09-02"
Ilex,Sialia sialis,,feeds-on,eatenBy,,"globalbioticinteractions.org, fetched 2026-09-02"
Ilex,Sphaerophoria philanthus,,pollinator,flowersVisitedBy,,"globalbioticinteractions.org, fetched 2026-09-02"
Ilex,Sphinx ligustri,,feeds-on,eatenBy,,"globalbioticinteractions.org, fetched 2026-09-02"
Ilex,Sus scrofa,,feeds-on,eatenBy,,"globalbioticinteractions.org, fetched 2026-09-02"
Ilex,Sylvia cantillans,,feeds-on,eatenBy,,"globalbioticinteractions.org, fetched 2026-09-02"
Ilex,Sylvia curruca,,feeds-on,eatenBy,,"globalbioticinteractions.org, fetched 2026-09-02"
Ilex,Sylvia melanocephala,,feeds-on,eatenBy,,"globalbioticinteractions.org, fetched 2026-09-02"
Ilex,Sylvia undata,,feeds-on,eatenBy,,"globalbioticinteractions.org, fetched 2026-09-02"
Ilex,Tapinoma sessile,,pollinator,visitedBy,,"globalbioticinteractions.org, fetched 2026-09-02"
Ilex,Tapirus terrestris,,feeds-on,eatenBy,,"globalbioticinteractions.org, fetched 2026-09-02"
Ilex,Teliapsocus conterminus,,pollinator,visitedBy,,"globalbioticinteractions.org, fetched 2026-09-02"
Ilex,Tenodera sinensis,,pollinator,visitedBy,,"globalbioticinteractions.org, fetched 2026-09-02"
Ilex,Tetrao urogallus,,feeds-on,eatenBy,,"globalbioticinteractions.org, fetched 2026-09-02"
Ilex,Tetrastes bonasia,,feeds-on,eatenBy,,"globalbioticinteractions.org, fetched 2026-09-02"
Ilex,Torymus rugglesi,,feeds-on,hostOf,,"globalbioticinteractions.org, fetched 2026-09-02"
Ilex,Toxoptera aurantii,,feeds-on,eatenBy,,"globalbioticinteractions.org, fetched 2026-09-02"
Ilex,Toxostoma rufum,,feeds-on,eatenBy,,"globalbioticinteractions.org, fetched 2026-09-02"
Ilex,Trichoferus campestris,,feeds-on,eatenBy,,"globalbioticinteractions.org, fetched 2026-09-02"
Ilex,Trypodendron domesticum,,feeds-on,eatenBy,,"globalbioticinteractions.org, fetched 2026-09-02"
Ilex,Turdus torquatus,,feeds-on,eatenBy,,"globalbioticinteractions.org, fetched 2026-09-02"
Ilex,Uloborus glomosus,,pollinator,visitedBy,,"globalbioticinteractions.org, fetched 2026-09-02"
Ilex,Vespula,,pollinator,flowersVisitedBy,,"globalbioticinteractions.org, fetched 2026-09-02"
Ilex,Vespula maculifrons,,pollinator,flowersVisitedBy,,"globalbioticinteractions.org, fetched 2026-09-02"
Ilex,Vespula maculifrons,,feeds-on,eatenBy,,"globalbioticinteractions.org, fetched 2026-09-02"
Ilex,Vespula squamosa,,pollinator,flowersVisitedBy,,"globalbioticinteractions.org, fetched 2026-09-02"
Ilex,Vespula vidua,,pollinator,flowersVisitedBy,,"globalbioticinteractions.org, fetched 2026-09-02"
Ilex,Vireo olivaceus,,feeds-on,eatenBy,,"globalbioticinteractions.org, fetched 2026-09-02"
Ilex,Vulpes vulpes,,feeds-on,eatenBy,,"globalbioticinteractions.org, fetched 2026-09-02"
Ilex,Xyleborus dispar,,feeds-on,eatenBy,,"globalbioticinteractions.org, fetched 2026-09-02"
Ilex,Xylocopa virginica,,pollinator,flowersVisitedBy,,"globalbioticinteractions.org, fetched 2026-09-02"
Ilex,Zeuzera pyrina,,feeds-on,eatenBy,,"globalbioticinteractions.org, fetched 2026-09-02"
Ilex,Zonotrichia albicollis,,feeds-on,eatenBy,,"globalbioticinteractions.org, fetched 2026-09-02"
Ilex,Zosterops lateralis,,feeds-on,eatenBy,,"globalbioticinteractions.org, fetched 2026-09-02"
Ilex,Zosterops lateralis lateralis,,feeds-on,eatenBy,,"globalbioticinteractions.org, fetched 2026-09-02"
Ilex,Zygina nivea,,pollinator,visitedBy,,"globalbioticinteractions.org, fetched 2026-09-02"
Ipomopsis,Agapostemon angelicus,,pollinator,visitedBy,,"globalbioticinteractions.org, fetched 2026-09-02"
Ipomopsis,Agapostemon obliquus,,pollinator,visitedBy,,"globalbioticinteractions.org, fetched 2026-09-02"
Ipomopsis,Andrena medionitens,,feeds-on,hostOf,,"globalbioticinteractions.org, fetched 2026-09-02"
Ipomopsis,Anthidium emarginatum,,pollinator,pollinatedBy,,"globalbioticinteractions.org, fetched 2026-09-02"
Ipomopsis,Archilochus colubris,,pollinator,flowersVisitedBy,,"globalbioticinteractions.org, fetched 2026-09-02"
Ipomopsis,Bombus,,pollinator,pollinatedBy,,"globalbioticinteractions.org, fetched 2026-09-02"
Ipomopsis,Bombus affinis,,pollinator,flowersVisitedBy,,"globalbioticinteractions.org, fetched 2026-09-02"
Ipomopsis,Bombus bifarius,,pollinator,flowersVisitedBy,,"globalbioticinteractions.org, fetched 2026-09-02"
Ipomopsis,Bombus huntii,,pollinator,visitedBy,,"globalbioticinteractions.org, fetched 2026-09-02"
Ipomopsis,Callophrys gryneus,,pollinator,flowersVisitedBy,,"globalbioticinteractions.org, fetched 2026-09-02"
Ipomopsis,Dufourea mulleri,,pollinator,visitedBy,,"globalbioticinteractions.org, fetched 2026-09-02"
Ipomopsis,Euphydryas anicia brucei,,pollinator,flowersVisitedBy,,"globalbioticinteractions.org, fetched 2026-09-02"
Ipomopsis,Habropoda morrisoni,,feeds-on,hostOf,,"globalbioticinteractions.org, fetched 2026-09-02"
Ipomopsis,Halictus tripartitus,,feeds-on,hostOf,,"globalbioticinteractions.org, fetched 2026-09-02"
Ipomopsis,Heliothis phloxiphaga,,feeds-on,hostOf,,"globalbioticinteractions.org, fetched 2026-09-02"
Ipomopsis,Judolia instabilis,,feeds-on,eatenBy,,"globalbioticinteractions.org, fetched 2026-09-02"
Ipomopsis,Lasioglossum prasinogaster,,feeds-on,hostOf,,"globalbioticinteractions.org, fetched 2026-09-02"
Ipomopsis,Lasioglossum tegulare,,feeds-on,hostOf,,"globalbioticinteractions.org, fetched 2026-09-02"
Ipomopsis,Lepidoptera,,pollinator,pollinatedBy,,"globalbioticinteractions.org, fetched 2026-09-02"
Ipomopsis,Notocrypta paralysos,,feeds-on,eatenBy,,"globalbioticinteractions.org, fetched 2026-09-02"
Ipomopsis,Osmia coloradensis,,feeds-on,hostOf,,"globalbioticinteractions.org, fetched 2026-09-02"
Ipomopsis,Osmia lignaria,,feeds-on,hostOf,,"globalbioticinteractions.org, fetched 2026-09-02"
Ipomopsis,Osmia phenax,,feeds-on,hostOf,,"globalbioticinteractions.org, fetched 2026-09-02"
Ipomopsis,Osmia sanrafaelae,,feeds-on,hostOf,,"globalbioticinteractions.org, fetched 2026-09-02"
Ipomopsis,Papilio cresphontes,,pollinator,flowersVisitedBy,,"globalbioticinteractions.org, fetched 2026-09-02"
Ipomopsis,Papilio eurymedon,,pollinator,visitedBy,,"globalbioticinteractions.org, fetched 2026-09-02"
Ipomopsis,Papilio multicaudata,,feeds-on,eatenBy,,"globalbioticinteractions.org, fetched 2026-09-02"
Ipomopsis,Papilio multicaudata,,pollinator,flowersVisitedBy,,"globalbioticinteractions.org, fetched 2026-09-02"
Ipomopsis,Papilio palamedes,,pollinator,flowersVisitedBy,,"globalbioticinteractions.org, fetched 2026-09-02"
Ipomopsis,Papilio rutulus,,pollinator,visitedBy,,"globalbioticinteractions.org, fetched 2026-09-02"
Ipomopsis,Paratrytone snowi,,pollinator,pollinatedBy,,"globalbioticinteractions.org, fetched 2026-09-02"
Ipomopsis,Paratrytone snowi,,feeds-on,eatenBy,,"globalbioticinteractions.org, fetched 2026-09-02"
Ipomopsis,Protosmia rubifloris,,feeds-on,hostOf,,"globalbioticinteractions.org, fetched 2026-09-02"
Ipomopsis,Selasphorus platycercus,,pollinator,pollinatedBy,,"globalbioticinteractions.org, fetched 2026-09-02"
Ipomopsis,Selasphorus rufus,,pollinator,flowersVisitedBy,,"globalbioticinteractions.org, fetched 2026-09-02"
Ipomopsis,Trochilidae,,pollinator,pollinatedBy,,"globalbioticinteractions.org, fetched 2026-09-02"
Liatris,Agapostemon,,pollinator,flowersVisitedBy,,"globalbioticinteractions.org, fetched 2026-09-02"
Liatris,Agapostemon splendens,,pollinator,flowersVisitedBy,,"globalbioticinteractions.org, fetched 2026-09-02"
Liatris,Agapostemon virescens,,feeds-on,eatenBy,,"globalbioticinteractions.org, fetched 2026-09-02"
Liatris,Agapostemon virescens,,pollinator,flowersVisitedBy,,"globalbioticinteractions.org, fetched 2026-09-02"
Liatris,Aglais io,,feeds-on,eatenBy,,"globalbioticinteractions.org, fetched 2026-09-02"
Liatris,Amblyscirtes eos,,pollinator,flowersVisitedBy,,"globalbioticinteractions.org, fetched 2026-09-02"
Liatris,Amblyscirtes reversa,,pollinator,flowersVisitedBy,,"globalbioticinteractions.org, fetched 2026-09-02"
Liatris,Anastoechus barbatus,,pollinator,flowersVisitedBy,,"globalbioticinteractions.org, fetched 2026-09-02"
Liatris,Anatrytone logan,,pollinator,flowersVisitedBy,,"globalbioticinteractions.org, fetched 2026-09-02"
Liatris,Andrena,,pollinator,pollinatedBy,,"globalbioticinteractions.org, fetched 2026-09-02"
Liatris,Antherophagus ochraceus,,pollinator,visitedBy,,"globalbioticinteractions.org, fetched 2026-09-02"
Liatris,Anthidium manicatum,,pollinator,flowersVisitedBy,,"globalbioticinteractions.org, fetched 2026-09-02"
Liatris,Anthophora californica,,pollinator,visitedBy,,"globalbioticinteractions.org, fetched 2026-09-02"
Liatris,Aphis laciniariae,,feeds-on,eatenBy,,"globalbioticinteractions.org, fetched 2026-09-02"
Liatris,Apinae,,pollinator,flowersVisitedBy,,"globalbioticinteractions.org, fetched 2026-09-02"
Liatris,Archilochus colubris,,pollinator,flowersVisitedBy,,"globalbioticinteractions.org, fetched 2026-09-02"
Liatris,Ashmeadiella bucconis,,pollinator,flowersVisitedBy,,"globalbioticinteractions.org, fetched 2026-09-02"
Liatris,Asphondylia lacinariae,,feeds-on,hostOf,,"globalbioticinteractions.org, fetched 2026-09-02"
Liatris,Atalopedes huron,,pollinator,flowersVisitedBy,,"globalbioticinteractions.org, fetched 2026-09-02"
Liatris,Atalopedes huron,,feeds-on,eatenBy,,"globalbioticinteractions.org, fetched 2026-09-02"
Liatris,Atrytone arogos,,pollinator,flowersVisitedBy,,"globalbioticinteractions.org, fetched 2026-09-02"
Liatris,Atrytone arogos arogos,,pollinator,flowersVisitedBy,,"globalbioticinteractions.org, fetched 2026-09-02"
Liatris,Atrytonopsis loammi,,pollinator,flowersVisitedBy,,"globalbioticinteractions.org, fetched 2026-09-02"
Liatris,Atteva pustulella,,feeds-on,eatenBy,,"globalbioticinteractions.org, fetched 2026-09-02"
Liatris,Atteva pustulella,,pollinator,flowersVisitedBy,,"globalbioticinteractions.org, fetched 2026-09-02"
Liatris,Battus philenor,,feeds-on,eatenBy,,"globalbioticinteractions.org, fetched 2026-09-02"
Liatris,Battus philenor,,pollinator,flowersVisitedBy,,"globalbioticinteractions.org, fetched 2026-09-02"
Liatris,Boloria bellona,,pollinator,flowersVisitedBy,,"globalbioticinteractions.org, fetched 2026-09-02"
Liatris,Boloria myrina,,pollinator,flowersVisitedBy,,"globalbioticinteractions.org, fetched 2026-09-02"
Liatris,Bombus,,pollinator,pollinatedBy,,"globalbioticinteractions.org, fetched 2026-09-02"
Liatris,Bombus,,feeds-on,eatenBy,,"globalbioticinteractions.org, fetched 2026-09-02"
Liatris,Bombus affinis,,pollinator,flowersVisitedBy,,"globalbioticinteractions.org, fetched 2026-09-02"
Liatris,Bombus auricomus,,feeds-on,hostOf,,"globalbioticinteractions.org, fetched 2026-09-02"
Liatris,Bombus auricomus,,pollinator,flowersVisitedBy,,"globalbioticinteractions.org, fetched 2026-09-02"
Liatris,Bombus bifarius,,pollinator,flowersVisitedBy,,"globalbioticinteractions.org, fetched 2026-09-02"
Liatris,Bombus bimaculatus,,feeds-on,eatenBy,,"globalbioticinteractions.org, fetched 2026-09-02"
Liatris,Bombus bimaculatus,,pollinator,flowersVisitedBy,,"globalbioticinteractions.org, fetched 2026-09-02"
Liatris,Bombus borealis,,feeds-on,hostOf,,"globalbioticinteractions.org, fetched 2026-09-02"
Liatris,Bombus borealis,,pollinator,flowersVisitedBy,,"globalbioticinteractions.org, fetched 2026-09-02"
Liatris,Bombus fervidus,,feeds-on,hostOf,,"globalbioticinteractions.org, fetched 2026-09-02"
Liatris,Bombus fervidus,,pollinator,flowersVisitedBy,,"globalbioticinteractions.org, fetched 2026-09-02"
Liatris,Bombus flavifrons,,pollinator,flowersVisitedBy,,"globalbioticinteractions.org, fetched 2026-09-02"
Liatris,Bombus griseocollis,,feeds-on,eatenBy,,"globalbioticinteractions.org, fetched 2026-09-02"
Liatris,Bombus griseocollis,,pollinator,flowersVisitedBy,,"globalbioticinteractions.org, fetched 2026-09-02"
Liatris,Bombus huntii,,pollinator,flowersVisitedBy,,"globalbioticinteractions.org, fetched 2026-09-02"
Liatris,Bombus impatiens,,pollinator,flowersVisitedBy,,"globalbioticinteractions.org, fetched 2026-09-02"
Liatris,Bombus impatiens,,feeds-on,eatenBy,,"globalbioticinteractions.org, fetched 2026-09-02"
Liatris,Bombus insularis,,pollinator,flowersVisitedBy,,"globalbioticinteractions.org, fetched 2026-09-02"
Liatris,Bombus occidentalis,,pollinator,visitedBy,,"globalbioticinteractions.org, fetched 2026-09-02"
Liatris,Bombus perplexus,,feeds-on,eatenBy,,"globalbioticinteractions.org, fetched 2026-09-02"
Liatris,Bombus perplexus,,pollinator,flowersVisitedBy,,"globalbioticinteractions.org, fetched 2026-09-02"
Liatris,Bombus ternarius,,pollinator,flowersVisitedBy,,"globalbioticinteractions.org, fetched 2026-09-02"
Liatris,Bombus terricola,,pollinator,flowersVisitedBy,,"globalbioticinteractions.org, fetched 2026-09-02"
Liatris,Bombus vagans,,pollinator,flowersVisitedBy,,"globalbioticinteractions.org, fetched 2026-09-02"
Liatris,Bombus vancouverensis,,pollinator,visitedBy,,"globalbioticinteractions.org, fetched 2026-09-02"
Liatris,Bombylius,,pollinator,pollinatedBy,,"globalbioticinteractions.org, fetched 2026-09-02"
Liatris,Burnsius communis,,pollinator,flowersVisitedBy,,"globalbioticinteractions.org, fetched 2026-09-02"
Liatris,Calephelis virginiensis,,pollinator,flowersVisitedBy,,"globalbioticinteractions.org, fetched 2026-09-02"
Liatris,Calophasia lunula,,pollinator,flowersVisitedBy,,"globalbioticinteractions.org, fetched 2026-09-02"
Liatris,Cecropterus dorantes,,pollinator,flowersVisitedBy,,"globalbioticinteractions.org, fetched 2026-09-02"
Liatris,Ceratina,,pollinator,pollinatedBy,,"globalbioticinteractions.org, fetched 2026-09-02"
Liatris,Ceratina calcarata,,pollinator,flowersVisitedBy,,"globalbioticinteractions.org, fetched 2026-09-02"
Liatris,Ceratina dupla,,feeds-on,hostOf,,"globalbioticinteractions.org, fetched 2026-09-02"
Liatris,Cercyonis pegala,,pollinator,flowersVisitedBy,,"globalbioticinteractions.org, fetched 2026-09-02"
Liatris,Chauliognathus pensylvanicus,,pollinator,flowersVisitedBy,,"globalbioticinteractions.org, fetched 2026-09-02"
Liatris,Chauliognathus pensylvanicus,,feeds-on,eatenBy,,"globalbioticinteractions.org, fetched 2026-09-02"
Liatris,Chioides catillus,,feeds-on,eatenBy,,"globalbioticinteractions.org, fetched 2026-09-02"
Liatris,Cisseps fulvicollis,,feeds-on,eatenBy,,"globalbioticinteractions.org, fetched 2026-09-02"
Liatris,Cisseps fulvicollis,,pollinator,flowersVisitedBy,,"globalbioticinteractions.org, fetched 2026-09-02"
Liatris,Colias eurytheme,,pollinator,flowersVisitedBy,,"globalbioticinteractions.org, fetched 2026-09-02"
Liatris,Colias eurytheme,,feeds-on,eatenBy,,"globalbioticinteractions.org, fetched 2026-09-02"
Liatris,Copestylum vittatum,,pollinator,flowersVisitedBy,,"globalbioticinteractions.org, fetched 2026-09-02"
Liatris,Danaus gilippus,,feeds-on,eatenBy,,"globalbioticinteractions.org, fetched 2026-09-02"
Liatris,Danaus gilippus,,pollinator,flowersVisitedBy,,"globalbioticinteractions.org, fetched 2026-09-02"
Liatris,Diabrotica barberi,,pollinator,flowersVisitedBy,,"globalbioticinteractions.org, fetched 2026-09-02"
Liatris,Dialictus,,feeds-on,eatenBy,,"globalbioticinteractions.org, fetched 2026-09-02"
Liatris,Dielis plumipes,,feeds-on,eatenBy,,"globalbioticinteractions.org, fetched 2026-09-02"
Liatris,Dielis plumipes,,pollinator,visitedBy,,"globalbioticinteractions.org, fetched 2026-09-02"
Liatris,Dione vanillae,,feeds-on,eatenBy,,"globalbioticinteractions.org, fetched 2026-09-02"
Liatris,Dione vanillae,,pollinator,flowersVisitedBy,,"globalbioticinteractions.org, fetched 2026-09-02"
Liatris,Efferia aestuans,,pollinator,visitedBy,,"globalbioticinteractions.org, fetched 2026-09-02"
Liatris,Eichlinia cucurbitae,,pollinator,flowersVisitedBy,,"globalbioticinteractions.org, fetched 2026-09-02"
Liatris,Elkalyce comyntas,,feeds-on,eatenBy,,"globalbioticinteractions.org, fetched 2026-09-02"
Liatris,Enchenopa latipes,,pollinator,visitedBy,,"globalbioticinteractions.org, fetched 2026-09-02"
Liatris,Epargyreus clarus,,feeds-on,eatenBy,,"globalbioticinteractions.org, fetched 2026-09-02"
Liatris,Epargyreus clarus,,pollinator,flowersVisitedBy,,"globalbioticinteractions.org, fetched 2026-09-02"
Liatris,Eristalis tenax,,pollinator,flowersVisitedBy,,"globalbioticinteractions.org, fetched 2026-09-02"
Liatris,Erynnis afranius,,pollinator,flowersVisitedBy,,"globalbioticinteractions.org, fetched 2026-09-02"
Liatris,Erynnis baptisiae,,feeds-on,eatenBy,,"globalbioticinteractions.org, fetched 2026-09-02"
Liatris,Erynnis baptisiae,,pollinator,flowersVisitedBy,,"globalbioticinteractions.org, fetched 2026-09-02"
Liatris,Erynnis funeralis,,pollinator,flowersVisitedBy,,"globalbioticinteractions.org, fetched 2026-09-02"
Liatris,Erynnis horatius,,pollinator,flowersVisitedBy,,"globalbioticinteractions.org, fetched 2026-09-02"
Liatris,Erynnis zarucco,,pollinator,flowersVisitedBy,,"globalbioticinteractions.org, fetched 2026-09-02"
Liatris,Erythrodiplax berenice,,pollinator,visitedBy,,"globalbioticinteractions.org, fetched 2026-09-02"
Liatris,Estigmene acrea,,pollinator,visitedBy,,"globalbioticinteractions.org, fetched 2026-09-02"
Liatris,Eumenes fraternus,,pollinator,visitedBy,,"globalbioticinteractions.org, fetched 2026-09-02"
Liatris,Euphyes arpa,,pollinator,flowersVisitedBy,,"globalbioticinteractions.org, fetched 2026-09-02"
Liatris,Euphyes berryi,,pollinator,flowersVisitedBy,,"globalbioticinteractions.org, fetched 2026-09-02"
Liatris,Eurema lisa,,pollinator,flowersVisitedBy,,"globalbioticinteractions.org, fetched 2026-09-02"
Liatris,Eurytides marcellus,,pollinator,flowersVisitedBy,,"globalbioticinteractions.org, fetched 2026-09-02"
Liatris,Eurytides marcellus,,feeds-on,eatenBy,,"globalbioticinteractions.org, fetched 2026-09-02"
Liatris,Feltia herilis,,feeds-on,eatenBy,,"globalbioticinteractions.org, fetched 2026-09-02"
Liatris,Feltia herilis,,pollinator,flowersVisitedBy,,"globalbioticinteractions.org, fetched 2026-09-02"
Liatris,Feltia jaculifera,,pollinator,flowersVisitedBy,,"globalbioticinteractions.org, fetched 2026-09-02"
Liatris,Geron vitripennis,,pollinator,flowersVisitedBy,,"globalbioticinteractions.org, fetched 2026-09-02"
Liatris,Halictus confusus,,pollinator,flowersVisitedBy,,"globalbioticinteractions.org, fetched 2026-09-02"
Liatris,Halictus ligatus,,feeds-on,eatenBy,,"globalbioticinteractions.org, fetched 2026-09-02"
Liatris,Halictus ligatus,,pollinator,flowersVisitedBy,,"globalbioticinteractions.org, fetched 2026-09-02"
Liatris,Hecatera dysodea,,pollinator,visitedBy,,"globalbioticinteractions.org, fetched 2026-09-02"
Liatris,Hedone vibex,,pollinator,flowersVisitedBy,,"globalbioticinteractions.org, fetched 2026-09-02"
Liatris,Helophilus fasciatus,,pollinator,flowersVisitedBy,,"globalbioticinteractions.org, fetched 2026-09-02"
Liatris,Hemiargus ceraunus,,pollinator,flowersVisitedBy,,"globalbioticinteractions.org, fetched 2026-09-02"
Liatris,Hemipenthes sinuosa,,pollinator,flowersVisitedBy,,"globalbioticinteractions.org, fetched 2026-09-02"
Liatris,Heriades carinata,,pollinator,flowersVisitedBy,,"globalbioticinteractions.org, fetched 2026-09-02"
Liatris,Hesperia assiniboia,,pollinator,flowersVisitedBy,,"globalbioticinteractions.org, fetched 2026-09-02"
Liatris,Hesperia attalus slossonae,,pollinator,flowersVisitedBy,,"globalbioticinteractions.org, fetched 2026-09-02"
Liatris,Hesperia colorado,,pollinator,flowersVisitedBy,,"globalbioticinteractions.org, fetched 2026-09-02"
Liatris,Hesperia comma assiniboia,,pollinator,flowersVisitedBy,,"globalbioticinteractions.org, fetched 2026-09-02"
Liatris,Hesperia juba,,pollinator,flowersVisitedBy,,"globalbioticinteractions.org, fetched 2026-09-02"
Liatris,Hesperia leonardus pawnee,,pollinator,flowersVisitedBy,,"globalbioticinteractions.org, fetched 2026-09-02"
Liatris,Hesperia meskei,,pollinator,flowersVisitedBy,,"globalbioticinteractions.org, fetched 2026-09-02"
Liatris,Hesperia uncas,,pollinator,flowersVisitedBy,,"globalbioticinteractions.org, fetched 2026-09-02"
Liatris,Hesperia uncas uncas,,pollinator,visitedBy,,"globalbioticinteractions.org, fetched 2026-09-02"
Liatris,Hesperia viridis,,pollinator,flowersVisitedBy,,"globalbioticinteractions.org, fetched 2026-09-02"
Liatris,Hesperia woodgatei,,pollinator,flowersVisitedBy,,"globalbioticinteractions.org, fetched 2026-09-02"
Liatris,Junonia coenia,,pollinator,flowersVisitedBy,,"globalbioticinteractions.org, fetched 2026-09-02"
Liatris,Lacinipolia meditata,,pollinator,flowersVisitedBy,,"globalbioticinteractions.org, fetched 2026-09-02"
Liatris,Lasioglossum albipenne,,pollinator,flowersVisitedBy,,"globalbioticinteractions.org, fetched 2026-09-02"
Liatris,Lasioglossum pilosum,,pollinator,flowersVisitedBy,,"globalbioticinteractions.org, fetched 2026-09-02"
Liatris,Lepidoptera,,pollinator,pollinatedBy,,"globalbioticinteractions.org, fetched 2026-09-02"
Liatris,Lerema accius,,pollinator,flowersVisitedBy,,"globalbioticinteractions.org, fetched 2026-09-02"
Liatris,Lerodea eufala,,feeds-on,eatenBy,,"globalbioticinteractions.org, fetched 2026-09-02"
Liatris,Lerodea eufala,,pollinator,flowersVisitedBy,,"globalbioticinteractions.org, fetched 2026-09-02"
Liatris,Lon zabulon,,pollinator,flowersVisitedBy,,"globalbioticinteractions.org, fetched 2026-09-02"
Liatris,Lon zabulon,,feeds-on,eatenBy,,"globalbioticinteractions.org, fetched 2026-09-02"
Liatris,Loyolanthidium,,pollinator,flowersVisitedBy,,"globalbioticinteractions.org, fetched 2026-09-02"
Liatris,Lycomorpha pholus,,pollinator,flowersVisitedBy,,"globalbioticinteractions.org, fetched 2026-09-02"
Liatris,Megachile,,pollinator,pollinatedBy,,"globalbioticinteractions.org, fetched 2026-09-02"
Liatris,Megachile apicalis,,pollinator,flowersVisitedBy,,"globalbioticinteractions.org, fetched 2026-09-02"
Liatris,Megachile latimanus,,feeds-on,hostOf,,"globalbioticinteractions.org, fetched 2026-09-02"
Liatris,Megachile latimanus,,pollinator,flowersVisitedBy,,"globalbioticinteractions.org, fetched 2026-09-02"
Liatris,Megachile mendica,,pollinator,flowersVisitedBy,,"globalbioticinteractions.org, fetched 2026-09-02"
Liatris,Megachile perihirta,,pollinator,flowersVisitedBy,,"globalbioticinteractions.org, fetched 2026-09-02"
Liatris,Megachile policaris,,feeds-on,eatenBy,,"globalbioticinteractions.org, fetched 2026-09-02"
Liatris,Megachile sculpturalis,,pollinator,flowersVisitedBy,,"globalbioticinteractions.org, fetched 2026-09-02"
Liatris,Melissodes,,pollinator,flowersVisitedBy,,"globalbioticinteractions.org, fetched 2026-09-02"
Liatris,Melissodes apicatus,,pollinator,flowersVisitedBy,,"globalbioticinteractions.org, fetched 2026-09-02"
Liatris,Melissodes bimaculatus,,feeds-on,eatenBy,,"globalbioticinteractions.org, fetched 2026-09-02"
Liatris,Melissodes bimaculatus,,pollinator,flowersVisitedBy,,"globalbioticinteractions.org, fetched 2026-09-02"
Liatris,Melissodes desponsus,,feeds-on,hostOf,,"globalbioticinteractions.org, fetched 2026-09-02"
Liatris,Nastra lherminier,,pollinator,flowersVisitedBy,,"globalbioticinteractions.org, fetched 2026-09-02"
Liatris,Neoscona arabesca,,pollinator,visitedBy,,"globalbioticinteractions.org, fetched 2026-09-02"
Liatris,Oarisma aurantiaca,,feeds-on,eatenBy,,"globalbioticinteractions.org, fetched 2026-09-02"
Liatris,Ochlodes sylvanoides,,pollinator,flowersVisitedBy,,"globalbioticinteractions.org, fetched 2026-09-02"
Liatris,Oligoria maculata,,pollinator,flowersVisitedBy,,"globalbioticinteractions.org, fetched 2026-09-02"
Liatris,Panoquina ocola,,pollinator,flowersVisitedBy,,"globalbioticinteractions.org, fetched 2026-09-02"
Liatris,Papilio cresphontes,,pollinator,flowersVisitedBy,,"globalbioticinteractions.org, fetched 2026-09-02"
Liatris,Papilio glaucus,,pollinator,flowersVisitedBy,,"globalbioticinteractions.org, fetched 2026-09-02"
Liatris,Papilio glaucus,,feeds-on,eatenBy,,"globalbioticinteractions.org, fetched 2026-09-02"
Liatris,Papilio multicaudata,,pollinator,flowersVisitedBy,,"globalbioticinteractions.org, fetched 2026-09-02"
Liatris,Papilio palamedes,,pollinator,visitedBy,,"globalbioticinteractions.org, fetched 2026-09-02"
Liatris,Papilio polyxenes asterius,,pollinator,flowersVisitedBy,,"globalbioticinteractions.org, fetched 2026-09-02"
Liatris,Papilio zelicaon,,pollinator,flowersVisitedBy,,"globalbioticinteractions.org, fetched 2026-09-02"
Liatris,Paraphidippus aurantius,,pollinator,visitedBy,,"globalbioticinteractions.org, fetched 2026-09-02"
Liatris,Paroxya atlantica,,feeds-on,eatenBy,,"globalbioticinteractions.org, fetched 2026-09-02"
Liatris,Paroxya atlantica,,pollinator,flowersVisitedBy,,"globalbioticinteractions.org, fetched 2026-09-02"
Liatris,Perdita swenki,,pollinator,flowersVisitedBy,,"globalbioticinteractions.org, fetched 2026-09-02"
Liatris,Peucetia viridans,,pollinator,flowersVisitedBy,,"globalbioticinteractions.org, fetched 2026-09-02"
Liatris,Phyciodes tharos,,pollinator,flowersVisitedBy,,"globalbioticinteractions.org, fetched 2026-09-02"
Liatris,Plebejus samuelis,,pollinator,flowersVisitedBy,,"globalbioticinteractions.org, fetched 2026-09-02"
Liatris,Poanes aaroni,,pollinator,flowersVisitedBy,,"globalbioticinteractions.org, fetched 2026-09-02"
Liatris,Polites egeremet,,feeds-on,eatenBy,,"globalbioticinteractions.org, fetched 2026-09-02"
Liatris,Polites egeremet,,pollinator,flowersVisitedBy,,"globalbioticinteractions.org, fetched 2026-09-02"
Liatris,Polites otho,,pollinator,flowersVisitedBy,,"globalbioticinteractions.org, fetched 2026-09-02"
Liatris,Polites peckius,,pollinator,flowersVisitedBy,,"globalbioticinteractions.org, fetched 2026-09-02"
Liatris,Polites peckius,,feeds-on,eatenBy,,"globalbioticinteractions.org, fetched 2026-09-02"
Liatris,Promachus hinei,,pollinator,flowersVisitedBy,,"globalbioticinteractions.org, fetched 2026-09-02"
Liatris,Promachus vertebratus,,feeds-on,eatenBy,,"globalbioticinteractions.org, fetched 2026-09-02"
Liatris,Promachus vertebratus,,pollinator,flowersVisitedBy,,"globalbioticinteractions.org, fetched 2026-09-02"
Liatris,Pygodasis quadrimaculata,,pollinator,visitedBy,,"globalbioticinteractions.org, fetched 2026-09-02"
Liatris,Pyrausta inornatalis,,feeds-on,eatenBy,,"globalbioticinteractions.org, fetched 2026-09-02"
Liatris,Pyrausta inornatalis,,pollinator,flowersVisitedBy,,"globalbioticinteractions.org, fetched 2026-09-02"
Liatris,Pyrobombus,,pollinator,flowersVisitedBy,,"globalbioticinteractions.org, fetched 2026-09-02"
Liatris,Selasphorus rufus,,feeds-on,eatenBy,,"globalbioticinteractions.org, fetched 2026-09-02"
Liatris,Speyeria coronis,,pollinator,flowersVisitedBy,,"globalbioticinteractions.org, fetched 2026-09-02"
Liatris,Speyeria edwardsii,,pollinator,flowersVisitedBy,,"globalbioticinteractions.org, fetched 2026-09-02"
Liatris,Systasea pulverulenta,,feeds-on,eatenBy,,"globalbioticinteractions.org, fetched 2026-09-02"
Liatris,Systasea pulverulenta,,pollinator,flowersVisitedBy,,"globalbioticinteractions.org, fetched 2026-09-02"
Liatris,Thoracobombus,,pollinator,flowersVisitedBy,,"globalbioticinteractions.org, fetched 2026-09-02"
Liatris,Thymelicus lineola,,pollinator,flowersVisitedBy,,"globalbioticinteractions.org, fetched 2026-09-02"
Liatris,Tramea onusta,,pollinator,visitedBy,,"globalbioticinteractions.org, fetched 2026-09-02"
Liatris,Triepeolus remigatus,,pollinator,visitedBy,,"globalbioticinteractions.org, fetched 2026-09-02"
Liatris,Trochilidae,,pollinator,pollinatedBy,,"globalbioticinteractions.org, fetched 2026-09-02"
Liatris,Vanessa atalanta rubria,,pollinator,flowersVisitedBy,,"globalbioticinteractions.org, fetched 2026-09-02"
Liatris,Vanessa virginiensis,,pollinator,flowersVisitedBy,,"globalbioticinteractions.org, fetched 2026-09-02"
Liatris,Vernia verna,,pollinator,flowersVisitedBy,,"globalbioticinteractions.org, fetched 2026-09-02"
Liatris,Vespula maculifrons,,pollinator,flowersVisitedBy,,"globalbioticinteractions.org, fetched 2026-09-02"
Liatris,Villa pretiosa,,pollinator,flowersVisitedBy,,"globalbioticinteractions.org, fetched 2026-09-02"
Liatris,Xylocopa appendiculata,,feeds-on,eatenBy,,"globalbioticinteractions.org, fetched 2026-09-02"
Liatris,Xylocopa appendiculata,,pollinator,flowersVisitedBy,,"globalbioticinteractions.org, fetched 2026-09-02"
Liatris,Xylocopa micans,,pollinator,flowersVisitedBy,,"globalbioticinteractions.org, fetched 2026-09-02"
Liatris,Xylocopa virginica,,feeds-on,eatenBy,,"globalbioticinteractions.org, fetched 2026-09-02"
Liatris,Xylocopa virginica,,pollinator,flowersVisitedBy,,"globalbioticinteractions.org, fetched 2026-09-02"
Liatris,Zadontomerus,,pollinator,flowersVisitedBy,,"globalbioticinteractions.org, fetched 2026-09-02"
Lonicera,Acanthis flammea,,feeds-on,eatenBy,,"globalbioticinteractions.org, fetched 2026-09-02"
Lonicera,Acronicta oblinita,,feeds-on,eatenBy,,"globalbioticinteractions.org, fetched 2026-09-02"
Lonicera,Adela reaumurella,,pollinator,visitedBy,,"globalbioticinteractions.org, fetched 2026-09-02"
Lonicera,Adoxophyes orana,,feeds-on,hostOf,,"globalbioticinteractions.org, fetched 2026-09-02"
Lonicera,Agrilus cyanescens,,feeds-on,eatenBy,,"globalbioticinteractions.org, fetched 2026-09-02"
Lonicera,Agrilus cyanescens,,pollinator,visitedBy,,"globalbioticinteractions.org, fetched 2026-09-02"
Lonicera,Agriopis marginaria,,feeds-on,eatenBy,,"globalbioticinteractions.org, fetched 2026-09-02"
Lonicera,Alectoris graeca,,feeds-on,eatenBy,,"globalbioticinteractions.org, fetched 2026-09-02"
Lonicera,Alucita,,feeds-on,hostOf,,"globalbioticinteractions.org, fetched 2026-09-02"
Lonicera,Alucita kazachstanica,,feeds-on,eatenBy,,"globalbioticinteractions.org, fetched 2026-09-02"
Lonicera,Amorbia humerosana,,feeds-on,hostOf,,"globalbioticinteractions.org, fetched 2026-09-02"
Lonicera,Andrena,,feeds-on,hostOf,,"globalbioticinteractions.org, fetched 2026-09-02"
Lonicera,Andrena fulvata,,pollinator,pollinatedBy,,"globalbioticinteractions.org, fetched 2026-09-02"
Lonicera,Angerona prunaria,,feeds-on,eatenBy,,"globalbioticinteractions.org, fetched 2026-09-02"
Lonicera,Anser anser,,feeds-on,eatenBy,,"globalbioticinteractions.org, fetched 2026-09-02"
Lonicera,Apeira syringaria,,feeds-on,eatenBy,,"globalbioticinteractions.org, fetched 2026-09-02"
Lonicera,Apodemus flavicollis,,feeds-on,eatenBy,,"globalbioticinteractions.org, fetched 2026-09-02"
Lonicera,Archilochus colubris,,feeds-on,eatenBy,,"globalbioticinteractions.org, fetched 2026-09-02"
Lonicera,Archips ingentana,,feeds-on,hostOf,,"globalbioticinteractions.org, fetched 2026-09-02"
Lonicera,Archips negundana,,feeds-on,eatenBy,,"globalbioticinteractions.org, fetched 2026-09-02"
Lonicera,Archips rosana,,feeds-on,eatenBy,,"globalbioticinteractions.org, fetched 2026-09-02"
Lonicera,Arctia caja,,feeds-on,eatenBy,,"globalbioticinteractions.org, fetched 2026-09-02"
Lonicera,Argyrotaenia velutinana,,feeds-on,eatenBy,,"globalbioticinteractions.org, fetched 2026-09-02"
Lonicera,Asteroscopus sphinx,,feeds-on,eatenBy,,"globalbioticinteractions.org, fetched 2026-09-02"
Lonicera,Athrips mouffetella,,feeds-on,eatenBy,,"globalbioticinteractions.org, fetched 2026-09-02"
Lonicera,Aulagromyza luteoscutellata,,feeds-on,hostOf,,"globalbioticinteractions.org, fetched 2026-09-02"
Lonicera,Aulagromyza luteoscutellata,,pollinator,visitedBy,,"globalbioticinteractions.org, fetched 2026-09-02"
Lonicera,Barbitistes serricauda,,feeds-on,eatenBy,,"globalbioticinteractions.org, fetched 2026-09-02"
Lonicera,Battus philenor,,feeds-on,eatenBy,,"globalbioticinteractions.org, fetched 2026-09-02"
Lonicera,Biston strataria,,feeds-on,eatenBy,,"globalbioticinteractions.org, fetched 2026-09-02"
Lonicera,BOLD:AAA7315,,feeds-on,hostOf,,"globalbioticinteractions.org, fetched 2026-09-02"
Lonicera,BOLD:AAF6919,,feeds-on,hostOf,,"globalbioticinteractions.org, fetched 2026-09-02"
Lonicera,BOLD:AAH9996,,feeds-on,hostOf,,"globalbioticinteractions.org, fetched 2026-09-02"
Lonicera,BOLD:ADD1360,,feeds-on,eatenBy,,"globalbioticinteractions.org, fetched 2026-09-02"
Lonicera,BOLD:ADG2282,,feeds-on,eatenBy,,"globalbioticinteractions.org, fetched 2026-09-02"
Lonicera,BOLD:ADG2283,,feeds-on,eatenBy,,"globalbioticinteractions.org, fetched 2026-09-02"
Lonicera,Bombus,,feeds-on,hostOf,,"globalbioticinteractions.org, fetched 2026-09-02"
Lonicera,Bombus bimaculatus,,pollinator,flowersVisitedBy,,"globalbioticinteractions.org, fetched 2026-09-02"
Lonicera,Bombus bimaculatus,,feeds-on,eatenBy,,"globalbioticinteractions.org, fetched 2026-09-02"
Lonicera,Bombus fervidus,,feeds-on,eatenBy,,"globalbioticinteractions.org, fetched 2026-09-02"
Lonicera,Bombus griseocollis,,feeds-on,eatenBy,,"globalbioticinteractions.org, fetched 2026-09-02"
Lonicera,Bombus haematurus,,feeds-on,eatenBy,,"globalbioticinteractions.org, fetched 2026-09-02"
Lonicera,Bombus hortorum,,pollinator,flowersVisitedBy,,"globalbioticinteractions.org, fetched 2026-09-02"
Lonicera,Bombus impatiens,,pollinator,flowersVisitedBy,,"globalbioticinteractions.org, fetched 2026-09-02"
Lonicera,Bombus impatiens,,feeds-on,eatenBy,,"globalbioticinteractions.org, fetched 2026-09-02"
Lonicera,Bombus lapidarius,,pollinator,flowersVisitedBy,,"globalbioticinteractions.org, fetched 2026-09-02"
Lonicera,Bombus lucorum,,pollinator,flowersVisitedBy,,"globalbioticinteractions.org, fetched 2026-09-02"
Lonicera,Bombus melanopygus,,feeds-on,eatenBy,,"globalbioticinteractions.org, fetched 2026-09-02"
Lonicera,Bombus pascuorum,,pollinator,flowersVisitedBy,,"globalbioticinteractions.org, fetched 2026-09-02"
Lonicera,Bombus perplexus,,feeds-on,eatenBy,,"globalbioticinteractions.org, fetched 2026-09-02"
Lonicera,Bombus terricola,,feeds-on,eatenBy,,"globalbioticinteractions.org, fetched 2026-09-02"
Lonicera,Bombus vosnesenskii,,feeds-on,eatenBy,,"globalbioticinteractions.org, fetched 2026-09-02"
Lonicera,Bombycilla cedrorum,,feeds-on,eatenBy,,"globalbioticinteractions.org, fetched 2026-09-02"
Lonicera,Bonasa umbellus,,feeds-on,eatenBy,,"globalbioticinteractions.org, fetched 2026-09-02"
Lonicera,Brachionycha nubeculosa,,feeds-on,eatenBy,,"globalbioticinteractions.org, fetched 2026-09-02"
Lonicera,Callimorpha dominula,,feeds-on,eatenBy,,"globalbioticinteractions.org, fetched 2026-09-02"
Lonicera,Cameraria affinis,,feeds-on,eatenBy,,"globalbioticinteractions.org, fetched 2026-09-02"
Lonicera,Candalides consimilis,,feeds-on,eatenBy,,"globalbioticinteractions.org, fetched 2026-09-02"
Lonicera,Capreolus capreolus,,feeds-on,eatenBy,,"globalbioticinteractions.org, fetched 2026-09-02"
Lonicera,Catharus guttatus,,feeds-on,eatenBy,,"globalbioticinteractions.org, fetched 2026-09-02"
Lonicera,Catharus ustulatus,,feeds-on,eatenBy,,"globalbioticinteractions.org, fetched 2026-09-02"
Lonicera,Celastrina argiolus,,feeds-on,eatenBy,,"globalbioticinteractions.org, fetched 2026-09-02"
Lonicera,Ceratina calcarata,,feeds-on,eatenBy,,"globalbioticinteractions.org, fetched 2026-09-02"
Lonicera,Chloroclysta,,feeds-on,eatenBy,,"globalbioticinteractions.org, fetched 2026-09-02"
Lonicera,Choristoneura diversana,,feeds-on,hostOf,,"globalbioticinteractions.org, fetched 2026-09-02"
Lonicera,Choristoneura rosaceana,,feeds-on,eatenBy,,"globalbioticinteractions.org, fetched 2026-09-02"
Lonicera,Cixius cunicularius,,feeds-on,eatenBy,,"globalbioticinteractions.org, fetched 2026-09-02"
Lonicera,Clepsis rurinana,,feeds-on,eatenBy,,"globalbioticinteractions.org, fetched 2026-09-02"
Lonicera,Closterotomus biclavatus,,feeds-on,eatenBy,,"globalbioticinteractions.org, fetched 2026-09-02"
Lonicera,Closterotomus fulvomaculatus,,pollinator,visitedBy,,"globalbioticinteractions.org, fetched 2026-09-02"
Lonicera,Cnephasia incertana,,feeds-on,eatenBy,,"globalbioticinteractions.org, fetched 2026-09-02"
Lonicera,Columba livia domestica,,feeds-on,eatenBy,,"globalbioticinteractions.org, fetched 2026-09-02"
Lonicera,Contarinia sambuci,,feeds-on,hostOf,,"globalbioticinteractions.org, fetched 2026-09-02"
Lonicera,Corvus monedula,,feeds-on,eatenBy,,"globalbioticinteractions.org, fetched 2026-09-02"
Lonicera,Ctenopseustis obliquana,,feeds-on,eatenBy,,"globalbioticinteractions.org, fetched 2026-09-02"
Lonicera,Cucullia umbratica,,feeds-on,eatenBy,,"globalbioticinteractions.org, fetched 2026-09-02"
Lonicera,Cynanthus forficatus,,feeds-on,eatenBy,,"globalbioticinteractions.org, fetched 2026-09-02"
Lonicera,Dasineura xylostei,,feeds-on,eatenBy,,"globalbioticinteractions.org, fetched 2026-09-02"
Lonicera,Dasystoma salicella,,feeds-on,eatenBy,,"globalbioticinteractions.org, fetched 2026-09-02"
Lonicera,Deileptenia ribeata,,feeds-on,eatenBy,,"globalbioticinteractions.org, fetched 2026-09-02"
Lonicera,Dendrocopos major,,feeds-on,eatenBy,,"globalbioticinteractions.org, fetched 2026-09-02"
Lonicera,Diachrysia chryson,,feeds-on,eatenBy,,"globalbioticinteractions.org, fetched 2026-09-02"
Lonicera,Dolichouespula maculata,,feeds-on,hostOf,,"globalbioticinteractions.org, fetched 2026-09-02"
Lonicera,Doloploca punctulana,,feeds-on,eatenBy,,"globalbioticinteractions.org, fetched 2026-09-02"
Lonicera,Drepanepteryx phalaenoides,,feeds-on,eatenBy,,"globalbioticinteractions.org, fetched 2026-09-02"
Lonicera,Dumetella carolinensis,,feeds-on,eatenBy,,"globalbioticinteractions.org, fetched 2026-09-02"
Lonicera,Dysstroma truncata,,feeds-on,eatenBy,,"globalbioticinteractions.org, fetched 2026-09-02"
Lonicera,Edwardsiana candidula,,feeds-on,eatenBy,,"globalbioticinteractions.org, fetched 2026-09-02"
Lonicera,Elasmostethus minor,,feeds-on,eatenBy,,"globalbioticinteractions.org, fetched 2026-09-02"
Lonicera,Elasmostethus minor,,pollinator,visitedBy,,"globalbioticinteractions.org, fetched 2026-09-02"
Lonicera,Ematurga amitaria,,feeds-on,eatenBy,,"globalbioticinteractions.org, fetched 2026-09-02"
Lonicera,Emberiza cia,,feeds-on,eatenBy,,"globalbioticinteractions.org, fetched 2026-09-02"
Lonicera,Emberiza citrinella,,feeds-on,eatenBy,,"globalbioticinteractions.org, fetched 2026-09-02"
Lonicera,Empoasca vitis,,feeds-on,eatenBy,,"globalbioticinteractions.org, fetched 2026-09-02"
Lonicera,Epargyreus clarus,,feeds-on,eatenBy,,"globalbioticinteractions.org, fetched 2026-09-02"
Lonicera,Epirrita autumnata,,feeds-on,hostOf,,"globalbioticinteractions.org, fetched 2026-09-02"
Lonicera,Episyrphus balteatus,,pollinator,flowersVisitedBy,,"globalbioticinteractions.org, fetched 2026-09-02"
Lonicera,Eretmocerus,,feeds-on,hostOf,,"globalbioticinteractions.org, fetched 2026-09-02"
Lonicera,Eucosmomorpha albersana,,feeds-on,eatenBy,,"globalbioticinteractions.org, fetched 2026-09-02"
Lonicera,Eugraphe sigma,,feeds-on,eatenBy,,"globalbioticinteractions.org, fetched 2026-09-02"
Lonicera,Eupeodes fumipennis,,feeds-on,eatenBy,,"globalbioticinteractions.org, fetched 2026-09-02"
Lonicera,Eupeodes luniger,,pollinator,flowersVisitedBy,,"globalbioticinteractions.org, fetched 2026-09-02"
Lonicera,Euphydryas,,feeds-on,eatenBy,,"globalbioticinteractions.org, fetched 2026-09-02"
Lonicera,Euphydryas aurinia,,feeds-on,eatenBy,,"globalbioticinteractions.org, fetched 2026-09-02"
Lonicera,Euphydryas chalcedona,,feeds-on,eatenBy,,"globalbioticinteractions.org, fetched 2026-09-02"
Lonicera,Euphydryas chalcedona chalcedona,,feeds-on,hostOf,,"globalbioticinteractions.org, fetched 2026-09-02"
Lonicera,Euphydryas editha,,feeds-on,hostOf,,"globalbioticinteractions.org, fetched 2026-09-02"
Lonicera,Euphydryas gillettii,,feeds-on,hostOf,,"globalbioticinteractions.org, fetched 2026-09-02"
Lonicera,Euphydryas maturna,,feeds-on,hostOf,,"globalbioticinteractions.org, fetched 2026-09-02"
Lonicera,Euphydryas phaeton,,feeds-on,eatenBy,,"globalbioticinteractions.org, fetched 2026-09-02"
Lonicera,Euphyia unangulata intermediata,,feeds-on,eatenBy,,"globalbioticinteractions.org, fetched 2026-09-02"
Lonicera,Eupithecia exiguata,,feeds-on,eatenBy,,"globalbioticinteractions.org, fetched 2026-09-02"
Lonicera,Eupithecia tripunctaria,,feeds-on,eatenBy,,"globalbioticinteractions.org, fetched 2026-09-02"
Lonicera,Euplagia quadripunctaria,,feeds-on,eatenBy,,"globalbioticinteractions.org, fetched 2026-09-02"
Lonicera,Eupoecilia ambiguella,,feeds-on,eatenBy,,"globalbioticinteractions.org, fetched 2026-09-02"
Lonicera,Eupsilia transversa,,feeds-on,hostOf,,"globalbioticinteractions.org, fetched 2026-09-02"
Lonicera,Eupteryx artemisiae,,feeds-on,eatenBy,,"globalbioticinteractions.org, fetched 2026-09-02"
Lonicera,Eurodryas aurinia,,feeds-on,hostOf,,"globalbioticinteractions.org, fetched 2026-09-02"
Lonicera,Ficocyba ficaria,,feeds-on,eatenBy,,"globalbioticinteractions.org, fetched 2026-09-02"
Lonicera,Garrulus glandarius,,feeds-on,eatenBy,,"globalbioticinteractions.org, fetched 2026-09-02"
Lonicera,Hadena compta,,feeds-on,eatenBy,,"globalbioticinteractions.org, fetched 2026-09-02"
Lonicera,Halictus scabiosae,,pollinator,pollinatedBy,,"globalbioticinteractions.org, fetched 2026-09-02"
Lonicera,Halyomorpha halys,,pollinator,visitedBy,,"globalbioticinteractions.org, fetched 2026-09-02"
Lonicera,Harrisimemna trisignata,,feeds-on,hostOf,,"globalbioticinteractions.org, fetched 2026-09-02"
Lonicera,Hebata (Signatasca) flavescens,,feeds-on,eatenBy,,"globalbioticinteractions.org, fetched 2026-09-02"
Lonicera,Hebata apicalis,,feeds-on,eatenBy,,"globalbioticinteractions.org, fetched 2026-09-02"
Lonicera,Hebata curvata,,feeds-on,eatenBy,,"globalbioticinteractions.org, fetched 2026-09-02"
Lonicera,Hebata vitis,,feeds-on,eatenBy,,"globalbioticinteractions.org, fetched 2026-09-02"
Lonicera,Hedya auricristana,,feeds-on,hostOf,,"globalbioticinteractions.org, fetched 2026-09-02"
Lonicera,Heliothis nubigera,,feeds-on,eatenBy,,"globalbioticinteractions.org, fetched 2026-09-02"
Lonicera,Hemaris tityus,,feeds-on,eatenBy,,"globalbioticinteractions.org, fetched 2026-09-02"
Lonicera,Hemithea aestivaria,,feeds-on,eatenBy,,"globalbioticinteractions.org, fetched 2026-09-02"
Lonicera,Hoplocampoides xylostei,,feeds-on,eatenBy,,"globalbioticinteractions.org, fetched 2026-09-02"
Lonicera,Hymenoptera,,feeds-on,hostOf,,"globalbioticinteractions.org, fetched 2026-09-02"
Lonicera,Hyphantria cunea,,feeds-on,eatenBy,,"globalbioticinteractions.org, fetched 2026-09-02"
Lonicera,Hypodryas intermedia,,feeds-on,eatenBy,,"globalbioticinteractions.org, fetched 2026-09-02"
Lonicera,Hypodryas maturna,,feeds-on,hostOf,,"globalbioticinteractions.org, fetched 2026-09-02"
Lonicera,Hypomecis punctinalis,,feeds-on,eatenBy,,"globalbioticinteractions.org, fetched 2026-09-02"
Lonicera,Hyppa xylinoides,,feeds-on,hostOf,,"globalbioticinteractions.org, fetched 2026-09-02"
Lonicera,Ibidoecus longiclypeatus,,feeds-on,eatenBy,,"globalbioticinteractions.org, fetched 2026-09-02"
Lonicera,Lacanobia thalassina,,feeds-on,eatenBy,,"globalbioticinteractions.org, fetched 2026-09-02"
Lonicera,Ladoga camilla,,feeds-on,hostOf,,"globalbioticinteractions.org, fetched 2026-09-02"
Lonicera,Ladoga camilla glorifica,,feeds-on,eatenBy,,"globalbioticinteractions.org, fetched 2026-09-02"
Lonicera,Lasiocampa quercus,,feeds-on,eatenBy,,"globalbioticinteractions.org, fetched 2026-09-02"
Lonicera,Lasioglossum,,feeds-on,eatenBy,,"globalbioticinteractions.org, fetched 2026-09-02"
Lonicera,Lasioglossum euboeense,,pollinator,pollinatedBy,,"globalbioticinteractions.org, fetched 2026-09-02"
Lonicera,Lasioglossum laeve,,pollinator,pollinatedBy,,"globalbioticinteractions.org, fetched 2026-09-02"
Lonicera,Lasioglossum subfasciatum,,pollinator,pollinatedBy,,"globalbioticinteractions.org, fetched 2026-09-02"
Lonicera,Leptophyes punctatissima,,feeds-on,eatenBy,,"globalbioticinteractions.org, fetched 2026-09-02"
Lonicera,Leptophyes punctatissima,,pollinator,visitedBy,,"globalbioticinteractions.org, fetched 2026-09-02"
Lonicera,Leucania ursula,,feeds-on,eatenBy,,"globalbioticinteractions.org, fetched 2026-09-02"
Lonicera,Limenitis reducta,,feeds-on,eatenBy,,"globalbioticinteractions.org, fetched 2026-09-02"
Lonicera,Limenitis sulpitia,,feeds-on,eatenBy,,"globalbioticinteractions.org, fetched 2026-09-02"
Lonicera,Lithophane socia,,feeds-on,eatenBy,,"globalbioticinteractions.org, fetched 2026-09-02"
Lonicera,Lon hobomok,,feeds-on,eatenBy,,"globalbioticinteractions.org, fetched 2026-09-02"
Lonicera,Lonicerae lonicera,,feeds-on,hostOf,,"globalbioticinteractions.org, fetched 2026-09-02"
Lonicera,Lonicerae russoi,,feeds-on,hostOf,,"globalbioticinteractions.org, fetched 2026-09-02"
Lonicera,Lophophanes cristatus,,feeds-on,eatenBy,,"globalbioticinteractions.org, fetched 2026-09-02"
Lonicera,Lullula arborea,,feeds-on,eatenBy,,"globalbioticinteractions.org, fetched 2026-09-02"
Lonicera,Lycia hirtaria,,feeds-on,eatenBy,,"globalbioticinteractions.org, fetched 2026-09-02"
Lonicera,Melanchra adjuncta,,feeds-on,eatenBy,,"globalbioticinteractions.org, fetched 2026-09-02"
Lonicera,Melanchra picta,,feeds-on,eatenBy,,"globalbioticinteractions.org, fetched 2026-09-02"
Lonicera,Menophra abruptaria,,feeds-on,eatenBy,,"globalbioticinteractions.org, fetched 2026-09-02"
Lonicera,Merophyas divulsana,,feeds-on,eatenBy,,"globalbioticinteractions.org, fetched 2026-09-02"
Lonicera,Mesoscolytus inurbanus,,feeds-on,hostOf,,"globalbioticinteractions.org, fetched 2026-09-02"
Lonicera,Mimus polyglottos,,feeds-on,eatenBy,,"globalbioticinteractions.org, fetched 2026-09-02"
Lonicera,Montifringilla nivalis,,feeds-on,eatenBy,,"globalbioticinteractions.org, fetched 2026-09-02"
Lonicera,Muscardinus avellanarius,,feeds-on,eatenBy,,"globalbioticinteractions.org, fetched 2026-09-02"
Lonicera,Myoleja lucida,,pollinator,flowersVisitedBy,,"globalbioticinteractions.org, fetched 2026-09-02"
Lonicera,Naenia typica,,feeds-on,eatenBy,,"globalbioticinteractions.org, fetched 2026-09-02"
Lonicera,Neoclytus acuminatus,,feeds-on,eatenBy,,"globalbioticinteractions.org, fetched 2026-09-02"
Lonicera,Noctua fimbriata,,feeds-on,eatenBy,,"globalbioticinteractions.org, fetched 2026-09-02"
Lonicera,NotIdentifiable NotIdentifiable,,feeds-on,hostOf,,"globalbioticinteractions.org, fetched 2026-09-02"
Lonicera,Oncometopia orbona,,feeds-on,eatenBy,,"globalbioticinteractions.org, fetched 2026-09-02"
Lonicera,Orgyia leucostigma,,feeds-on,eatenBy,,"globalbioticinteractions.org, fetched 2026-09-02"
Lonicera,Oriolus oriolus,,feeds-on,eatenBy,,"globalbioticinteractions.org, fetched 2026-09-02"
Lonicera,Orthosia cruda,,feeds-on,eatenBy,,"globalbioticinteractions.org, fetched 2026-09-02"
Lonicera,Osmia bicornis,,pollinator,pollinatedBy,,"globalbioticinteractions.org, fetched 2026-09-02"
Lonicera,Osmia cornuta,,feeds-on,eatenBy,,"globalbioticinteractions.org, fetched 2026-09-02"
Lonicera,Ovis aries,,feeds-on,eatenBy,,"globalbioticinteractions.org, fetched 2026-09-02"
Lonicera,Pachyprotasis antennata,,feeds-on,hostOf,,"globalbioticinteractions.org, fetched 2026-09-02"
Lonicera,Pandemis heparana,,feeds-on,eatenBy,,"globalbioticinteractions.org, fetched 2026-09-02"
Lonicera,Papilio glaucus,,feeds-on,eatenBy,,"globalbioticinteractions.org, fetched 2026-09-02"
Lonicera,Papilio multicaudata multicaudata,,feeds-on,eatenBy,,"globalbioticinteractions.org, fetched 2026-09-02"
Lonicera,Parus montanus,,feeds-on,eatenBy,,"globalbioticinteractions.org, fetched 2026-09-02"
Lonicera,Passer italiae,,feeds-on,eatenBy,,"globalbioticinteractions.org, fetched 2026-09-02"
Lonicera,Pentastiridius kaszabianus,,feeds-on,eatenBy,,"globalbioticinteractions.org, fetched 2026-09-02"
Lonicera,Perispasta caeculalis,,feeds-on,eatenBy,,"globalbioticinteractions.org, fetched 2026-09-02"
Lonicera,Perittia granadensis,,feeds-on,eatenBy,,"globalbioticinteractions.org, fetched 2026-09-02"
Lonicera,Perittia herrichiella,,feeds-on,eatenBy,,"globalbioticinteractions.org, fetched 2026-09-02"
Lonicera,Perittia weberella,,feeds-on,eatenBy,,"globalbioticinteractions.org, fetched 2026-09-02"
Lonicera,Pero radiosaria,,feeds-on,hostOf,,"globalbioticinteractions.org, fetched 2026-09-02"
Lonicera,Phyllonorycter mariaeella,,feeds-on,hostOf,,"globalbioticinteractions.org, fetched 2026-09-02"
Lonicera,Phytomyza periclymeni,,feeds-on,hostOf,,"globalbioticinteractions.org, fetched 2026-09-02"
Lonicera,Pica pica,,feeds-on,eatenBy,,"globalbioticinteractions.org, fetched 2026-09-02"
Lonicera,Placochela nigripes,,feeds-on,eatenBy,,"globalbioticinteractions.org, fetched 2026-09-02"
Lonicera,Plagodis pulveraria,,feeds-on,hostOf,,"globalbioticinteractions.org, fetched 2026-09-02"
Lonicera,Plutella xylostella,,feeds-on,eatenBy,,"globalbioticinteractions.org, fetched 2026-09-02"
Lonicera,Poecile atricapillus,,feeds-on,eatenBy,,"globalbioticinteractions.org, fetched 2026-09-02"
Lonicera,Polia nebulosa,,feeds-on,eatenBy,,"globalbioticinteractions.org, fetched 2026-09-02"
Lonicera,Polygonia c-album,,feeds-on,hostOf,,"globalbioticinteractions.org, fetched 2026-09-02"
Lonicera,Polygonia egea,,feeds-on,hostOf,,"globalbioticinteractions.org, fetched 2026-09-02"
Lonicera,Polyphaenis sericata,,feeds-on,eatenBy,,"globalbioticinteractions.org, fetched 2026-09-02"
Lonicera,Prunella modularis,,feeds-on,eatenBy,,"globalbioticinteractions.org, fetched 2026-09-02"
Lonicera,Pyrrhocorax pyrrhocorax,,feeds-on,eatenBy,,"globalbioticinteractions.org, fetched 2026-09-02"
Lonicera,Pyrrhula pyrrhula,,feeds-on,eatenBy,,"globalbioticinteractions.org, fetched 2026-09-02"
Lonicera,Rhyparia purpurata,,feeds-on,eatenBy,,"globalbioticinteractions.org, fetched 2026-09-02"
Lonicera,Samia cynthia,,feeds-on,hostOf,,"globalbioticinteractions.org, fetched 2026-09-02"
Lonicera,Scaeva affinis,,feeds-on,eatenBy,,"globalbioticinteractions.org, fetched 2026-09-02"
Lonicera,Selenia dentaria,,feeds-on,eatenBy,,"globalbioticinteractions.org, fetched 2026-09-02"
Lonicera,Selenia tetralunaria,,feeds-on,eatenBy,,"globalbioticinteractions.org, fetched 2026-09-02"
Lonicera,Serinus serinus,,feeds-on,eatenBy,,"globalbioticinteractions.org, fetched 2026-09-02"
Lonicera,Setophaga coronata,,feeds-on,eatenBy,,"globalbioticinteractions.org, fetched 2026-09-02"
Lonicera,Setophaga magnolia,,feeds-on,eatenBy,,"globalbioticinteractions.org, fetched 2026-09-02"
Lonicera,Setophaga striata,,feeds-on,eatenBy,,"globalbioticinteractions.org, fetched 2026-09-02"
Lonicera,Shirozua jonasi,,feeds-on,eatenBy,,"globalbioticinteractions.org, fetched 2026-09-02"
Lonicera,Sparganothis flavibasana,,feeds-on,hostOf,,"globalbioticinteractions.org, fetched 2026-09-02"
Lonicera,Speudotettix subfusculus,,feeds-on,eatenBy,,"globalbioticinteractions.org, fetched 2026-09-02"
Lonicera,Sphecodina abbottii,,feeds-on,eatenBy,,"globalbioticinteractions.org, fetched 2026-09-02"
Lonicera,Sphinx chersis,,feeds-on,eatenBy,,"globalbioticinteractions.org, fetched 2026-09-02"
Lonicera,Sphinx ligustri,,feeds-on,eatenBy,,"globalbioticinteractions.org, fetched 2026-09-02"
Lonicera,Spilosoma virginica,,feeds-on,eatenBy,,"globalbioticinteractions.org, fetched 2026-09-02"
Lonicera,Spinus pinus,,feeds-on,eatenBy,,"globalbioticinteractions.org, fetched 2026-09-02"
Lonicera,Stephanitis pyri,,feeds-on,eatenBy,,"globalbioticinteractions.org, fetched 2026-09-02"
Lonicera,Sylvia curruca,,feeds-on,eatenBy,,"globalbioticinteractions.org, fetched 2026-09-02"
Lonicera,Tenthredinidae,,feeds-on,hostOf,,"globalbioticinteractions.org, fetched 2026-09-02"
Lonicera,Tenthredo livida,,feeds-on,eatenBy,,"globalbioticinteractions.org, fetched 2026-09-02"
Lonicera,Tetrao urogallus,,feeds-on,eatenBy,,"globalbioticinteractions.org, fetched 2026-09-02"
Lonicera,Tetrastes bonasia,,feeds-on,eatenBy,,"globalbioticinteractions.org, fetched 2026-09-02"
Lonicera,Trichopteryx carpinata,,feeds-on,eatenBy,,"globalbioticinteractions.org, fetched 2026-09-02"
Lonicera,Trichopteryx polycommata,,feeds-on,eatenBy,,"globalbioticinteractions.org, fetched 2026-09-02"
Lonicera,Troides aeacus,,feeds-on,eatenBy,,"globalbioticinteractions.org, fetched 2026-09-02"
Lonicera,Turdus torquatus,,feeds-on,eatenBy,,"globalbioticinteractions.org, fetched 2026-09-02"
Lonicera,Uresiphita reversalis,,feeds-on,eatenBy,,"globalbioticinteractions.org, fetched 2026-09-02"
Lonicera,Vulpes vulpes,,feeds-on,eatenBy,,"globalbioticinteractions.org, fetched 2026-09-02"
Lonicera,Xestia baja,,feeds-on,eatenBy,,"globalbioticinteractions.org, fetched 2026-09-02"
Lonicera,Xestia triangulum,,feeds-on,eatenBy,,"globalbioticinteractions.org, fetched 2026-09-02"
Lonicera,Xylocampa areola,,feeds-on,eatenBy,,"globalbioticinteractions.org, fetched 2026-09-02"
Lonicera,Xylocopa appendiculata,,feeds-on,eatenBy,,"globalbioticinteractions.org, fetched 2026-09-02"
Lonicera,Xylocopa sonorina,,feeds-on,eatenBy,,"globalbioticinteractions.org, fetched 2026-09-02"
Lonicera,Xylocopa tabaniformis orpifex,,feeds-on,eatenBy,,"globalbioticinteractions.org, fetched 2026-09-02"
Lonicera,Xylocopa virginica,,feeds-on,eatenBy,,"globalbioticinteractions.org, fetched 2026-09-02"
Lonicera,Ypsolopha canariella,,feeds-on,eatenBy,,"globalbioticinteractions.org, fetched 2026-09-02"
Lonicera,Ypsolopha dentella,,feeds-on,eatenBy,,"globalbioticinteractions.org, fetched 2026-09-02"
Lonicera,Ypsolopha falcella,,feeds-on,eatenBy,,"globalbioticinteractions.org, fetched 2026-09-02"
Lonicera,Ypsolopha falcella,,pollinator,visitedBy,,"globalbioticinteractions.org, fetched 2026-09-02"
Lonicera,Zelleria hepariella,,feeds-on,eatenBy,,"globalbioticinteractions.org, fetched 2026-09-02"
Lonicera,Zeuzera pyrina,,feeds-on,eatenBy,,"globalbioticinteractions.org, fetched 2026-09-02"
Lonicera,Zonotrichia albicollis,,feeds-on,eatenBy,,"globalbioticinteractions.org, fetched 2026-09-02"
Lupinus,Acanthoscelides obtectus,,pollinator,pollinatedBy,,"globalbioticinteractions.org, fetched 2026-09-02"
Lupinus,Acmaeodera retifera,,feeds-on,eatenBy,,"globalbioticinteractions.org, fetched 2026-09-02"
Lupinus,Agriades podarce,,pollinator,flowersVisitedBy,,"globalbioticinteractions.org, fetched 2026-09-02"
Lupinus,Alpenus investigatorum,,feeds-on,eatenBy,,"globalbioticinteractions.org, fetched 2026-09-02"
Lupinus,Anacampsis lupinella,,feeds-on,eatenBy,,"globalbioticinteractions.org, fetched 2026-09-02"
Lupinus,Anaphothrips obscurus,,feeds-on,eatenBy,,"globalbioticinteractions.org, fetched 2026-09-02"
Lupinus,Andrena cupreotincta,,feeds-on,hostOf,,"globalbioticinteractions.org, fetched 2026-09-02"
Lupinus,Andrena evoluta,,feeds-on,hostOf,,"globalbioticinteractions.org, fetched 2026-09-02"
Lupinus,Andrena flavipes,,pollinator,flowersVisitedBy,,"globalbioticinteractions.org, fetched 2026-09-02"
Lupinus,Andrena gelriae,,pollinator,pollinatedBy,,"globalbioticinteractions.org, fetched 2026-09-02"
Lupinus,Andrena labialis,,pollinator,pollinatedBy,,"globalbioticinteractions.org, fetched 2026-09-02"
Lupinus,Andrena lupinorum,,feeds-on,hostOf,,"globalbioticinteractions.org, fetched 2026-09-02"
Lupinus,Andrena medionitens,,feeds-on,hostOf,,"globalbioticinteractions.org, fetched 2026-09-02"
Lupinus,Andrena milwaukeensis,,feeds-on,hostOf,,"globalbioticinteractions.org, fetched 2026-09-02"
Lupinus,Andrena prolixa,,pollinator,flowersVisitedBy,,"globalbioticinteractions.org, fetched 2026-09-02"
Lupinus,Andrena prunorum,,feeds-on,hostOf,,"globalbioticinteractions.org, fetched 2026-09-02"
Lupinus,Andrena schuhi,,feeds-on,hostOf,,"globalbioticinteractions.org, fetched 2026-09-02"
Lupinus,Andrena wilkella,,pollinator,pollinatedBy,,"globalbioticinteractions.org, fetched 2026-09-02"
Lupinus,Anthidium atripoides,,feeds-on,hostOf,,"globalbioticinteractions.org, fetched 2026-09-02"
Lupinus,Anthidium dammersi,,feeds-on,hostOf,,"globalbioticinteractions.org, fetched 2026-09-02"
Lupinus,Anthidium maculosum,,pollinator,flowersVisitedBy,,"globalbioticinteractions.org, fetched 2026-09-02"
Lupinus,Anthidium manicatum,,pollinator,pollinatedBy,,"globalbioticinteractions.org, fetched 2026-09-02"
Lupinus,Anthidium manicatum,,feeds-on,eatenBy,,"globalbioticinteractions.org, fetched 2026-09-02"
Lupinus,Anthophora aestivalis,,pollinator,pollinatedBy,,"globalbioticinteractions.org, fetched 2026-09-02"
Lupinus,Anthophora bomboides,,feeds-on,hostOf,,"globalbioticinteractions.org, fetched 2026-09-02"
Lupinus,Anthophora californica,,pollinator,flowersVisitedBy,,"globalbioticinteractions.org, fetched 2026-09-02"
Lupinus,Anthophora californica,,feeds-on,eatenBy,,"globalbioticinteractions.org, fetched 2026-09-02"
Lupinus,Anthophora edwardsii,,pollinator,flowersVisitedBy,,"globalbioticinteractions.org, fetched 2026-09-02"
Lupinus,Anthophora ursina,,feeds-on,hostOf,,"globalbioticinteractions.org, fetched 2026-09-02"
Lupinus,Aphrophora (Aphrophora) fulva,,feeds-on,eatenBy,,"globalbioticinteractions.org, fetched 2026-09-02"
Lupinus,Argyrotaenia franciscana,,feeds-on,hostOf,,"globalbioticinteractions.org, fetched 2026-09-02"
Lupinus,Augochlorella pomoniella,,pollinator,flowersVisitedBy,,"globalbioticinteractions.org, fetched 2026-09-02"
Lupinus,BOLD:AAM8925,,feeds-on,hostOf,,"globalbioticinteractions.org, fetched 2026-09-02"
Lupinus,Bombus,,pollinator,flowersVisitedBy,,"globalbioticinteractions.org, fetched 2026-09-02"
Lupinus,Bombus bifarius,,pollinator,flowersVisitedBy,,"globalbioticinteractions.org, fetched 2026-09-02"
Lupinus,Bombus bimaculatus,,feeds-on,eatenBy,,"globalbioticinteractions.org, fetched 2026-09-02"
Lupinus,Bombus californicus,,feeds-on,eatenBy,,"globalbioticinteractions.org, fetched 2026-09-02"
Lupinus,Bombus caliginosus,,feeds-on,eatenBy,,"globalbioticinteractions.org, fetched 2026-09-02"
Lupinus,Bombus fervidus,,pollinator,flowersVisitedBy,,"globalbioticinteractions.org, fetched 2026-09-02"
Lupinus,Bombus fervidus,,feeds-on,eatenBy,,"globalbioticinteractions.org, fetched 2026-09-02"
Lupinus,Bombus flavifrons,,feeds-on,eatenBy,,"globalbioticinteractions.org, fetched 2026-09-02"
Lupinus,Bombus griseocollis,,feeds-on,eatenBy,,"globalbioticinteractions.org, fetched 2026-09-02"
Lupinus,Bombus huntii,,feeds-on,hostOf,,"globalbioticinteractions.org, fetched 2026-09-02"
Lupinus,Bombus impatiens,,feeds-on,eatenBy,,"globalbioticinteractions.org, fetched 2026-09-02"
Lupinus,Bombus melanopygus,,feeds-on,eatenBy,,"globalbioticinteractions.org, fetched 2026-09-02"
Lupinus,Bombus melanopygus,,pollinator,flowersVisitedBy,,"globalbioticinteractions.org, fetched 2026-09-02"
Lupinus,Bombus pascuorum,,pollinator,visitedBy,,"globalbioticinteractions.org, fetched 2026-09-02"
Lupinus,Bombus pascuorum,,feeds-on,eatenBy,,"globalbioticinteractions.org, fetched 2026-09-02"
Lupinus,Bombus pauloensis,,feeds-on,eatenBy,,"globalbioticinteractions.org, fetched 2026-09-02"
Lupinus,Bombus perplexus,,feeds-on,eatenBy,,"globalbioticinteractions.org, fetched 2026-09-02"
Lupinus,Bombus rubicundus,,feeds-on,eatenBy,,"globalbioticinteractions.org, fetched 2026-09-02"
Lupinus,Bombus sitkensis,,feeds-on,eatenBy,,"globalbioticinteractions.org, fetched 2026-09-02"
Lupinus,Bombus vancouverensis,,feeds-on,eatenBy,,"globalbioticinteractions.org, fetched 2026-09-02"
Lupinus,Bombus vancouverensis,,pollinator,flowersVisitedBy,,"globalbioticinteractions.org, fetched 2026-09-02"
Lupinus,Bombus vosnesenskii,,feeds-on,eatenBy,,"globalbioticinteractions.org, fetched 2026-09-02"
Lupinus,Bombus vosnesenskii,,pollinator,flowersVisitedBy,,"globalbioticinteractions.org, fetched 2026-09-02"
Lupinus,Bombylius major,,pollinator,pollinatedBy,,"globalbioticinteractions.org, fetched 2026-09-02"
Lupinus,Bombylius major,,feeds-on,eatenBy,,"globalbioticinteractions.org, fetched 2026-09-02"
Lupinus,Brueelia angulata,,feeds-on,hostOf,,"globalbioticinteractions.org, fetched 2026-09-02"
Lupinus,Burnsius communis,,feeds-on,eatenBy,,"globalbioticinteractions.org, fetched 2026-09-02"
Lupinus,Callophrys henrici,,feeds-on,hostOf,,"globalbioticinteractions.org, fetched 2026-09-02"
Lupinus,Callophrys rubi,,feeds-on,eatenBy,,"globalbioticinteractions.org, fetched 2026-09-02"
Lupinus,Callophrys viridis,,feeds-on,eatenBy,,"globalbioticinteractions.org, fetched 2026-09-02"
Lupinus,Camponotus floridanus,,feeds-on,eatenBy,,"globalbioticinteractions.org, fetched 2026-09-02"
Lupinus,Carpocoris purpureipennis,,feeds-on,eatenBy,,"globalbioticinteractions.org, fetched 2026-09-02"
Lupinus,Celastrina argiolus,,feeds-on,eatenBy,,"globalbioticinteractions.org, fetched 2026-09-02"
Lupinus,Cercopis vulnerata,,feeds-on,eatenBy,,"globalbioticinteractions.org, fetched 2026-09-02"
Lupinus,Charagmus gressorius,,feeds-on,eatenBy,,"globalbioticinteractions.org, fetched 2026-09-02"
Lupinus,Charagmus griseus,,feeds-on,eatenBy,,"globalbioticinteractions.org, fetched 2026-09-02"
Lupinus,Chirothrips manicatus,,feeds-on,eatenBy,,"globalbioticinteractions.org, fetched 2026-09-02"
Lupinus,Cnephasia incertana,,feeds-on,eatenBy,,"globalbioticinteractions.org, fetched 2026-09-02"
Lupinus,Cnephasia stephensiana,,feeds-on,eatenBy,,"globalbioticinteractions.org, fetched 2026-09-02"
Lupinus,Coccinella californica,,feeds-on,eatenBy,,"globalbioticinteractions.org, fetched 2026-09-02"
Lupinus,Coccinella californica,,pollinator,flowersVisitedBy,,"globalbioticinteractions.org, fetched 2026-09-02"
Lupinus,Coenonympha california,,feeds-on,eatenBy,,"globalbioticinteractions.org, fetched 2026-09-02"
Lupinus,Coenonympha california california,,feeds-on,eatenBy,,"globalbioticinteractions.org, fetched 2026-09-02"
Lupinus,Colias alexandra,,feeds-on,eatenBy,,"globalbioticinteractions.org, fetched 2026-09-02"
Lupinus,Colias alexandra alexandra,,feeds-on,hostOf,,"globalbioticinteractions.org, fetched 2026-09-02"
Lupinus,Colias eurytheme,,feeds-on,eatenBy,,"globalbioticinteractions.org, fetched 2026-09-02"
Lupinus,Colias hecla,,feeds-on,hostOf,,"globalbioticinteractions.org, fetched 2026-09-02"
Lupinus,Colias occidentalis,,feeds-on,hostOf,,"globalbioticinteractions.org, fetched 2026-09-02"
Lupinus,Comadia bertholdi indistincta,,feeds-on,hostOf,,"globalbioticinteractions.org, fetched 2026-09-02"
Lupinus,Creontiades dilutus,,feeds-on,eatenBy,,"globalbioticinteractions.org, fetched 2026-09-02"
Lupinus,Cuerna costalis,,feeds-on,eatenBy,,"globalbioticinteractions.org, fetched 2026-09-02"
Lupinus,Cuerna occidentalis,,feeds-on,eatenBy,,"globalbioticinteractions.org, fetched 2026-09-02"
Lupinus,Curranops apicalis,,pollinator,visitedBy,,"globalbioticinteractions.org, fetched 2026-09-02"
Lupinus,Dargida procinctus,,feeds-on,eatenBy,,"globalbioticinteractions.org, fetched 2026-09-02"
Lupinus,Dasineura lupini,,feeds-on,hostOf,,"globalbioticinteractions.org, fetched 2026-09-02"
Lupinus,Dasineura lupinorum,,feeds-on,hostOf,,"globalbioticinteractions.org, fetched 2026-09-02"
Lupinus,Diadasia bituberculata,,pollinator,flowersVisitedBy,,"globalbioticinteractions.org, fetched 2026-09-02"
Lupinus,Dialictus,,pollinator,flowersVisitedBy,,"globalbioticinteractions.org, fetched 2026-09-02"
Lupinus,Dicymolomia metalliferalis,,feeds-on,hostOf,,"globalbioticinteractions.org, fetched 2026-09-02"
Lupinus,Dolycoris baccarum,,feeds-on,eatenBy,,"globalbioticinteractions.org, fetched 2026-09-02"
Lupinus,Eana osseana,,feeds-on,hostOf,,"globalbioticinteractions.org, fetched 2026-09-02"
Lupinus,Eccopisa effractella,,feeds-on,eatenBy,,"globalbioticinteractions.org, fetched 2026-09-02"
Lupinus,Egira curialis,,feeds-on,hostOf,,"globalbioticinteractions.org, fetched 2026-09-02"
Lupinus,Epargyreus clarus,,feeds-on,eatenBy,,"globalbioticinteractions.org, fetched 2026-09-02"
Lupinus,Erronus affinis affinis,,feeds-on,eatenBy,,"globalbioticinteractions.org, fetched 2026-09-02"
Lupinus,Erronus affinis attenuatus,,feeds-on,eatenBy,,"globalbioticinteractions.org, fetched 2026-09-02"
Lupinus,Erronus variabilis mimicus,,feeds-on,eatenBy,,"globalbioticinteractions.org, fetched 2026-09-02"
Lupinus,Erynnis afranius,,feeds-on,hostOf,,"globalbioticinteractions.org, fetched 2026-09-02"
Lupinus,Erynnis baptisiae,,feeds-on,hostOf,,"globalbioticinteractions.org, fetched 2026-09-02"
Lupinus,Erynnis brizo,,feeds-on,eatenBy,,"globalbioticinteractions.org, fetched 2026-09-02"
Lupinus,Erynnis funeralis,,feeds-on,eatenBy,,"globalbioticinteractions.org, fetched 2026-09-02"
Lupinus,Erynnis lucilius,,feeds-on,eatenBy,,"globalbioticinteractions.org, fetched 2026-09-02"
Lupinus,Etiella behrii,,feeds-on,eatenBy,,"globalbioticinteractions.org, fetched 2026-09-02"
Lupinus,Etiella zinckenella,,feeds-on,eatenBy,,"globalbioticinteractions.org, fetched 2026-09-02"
Lupinus,Eucera frater,,feeds-on,hostOf,,"globalbioticinteractions.org, fetched 2026-09-02"
Lupinus,Eucera frater albopilosa,,feeds-on,eatenBy,,"globalbioticinteractions.org, fetched 2026-09-02"
Lupinus,Eucera fulvitarsis,,feeds-on,hostOf,,"globalbioticinteractions.org, fetched 2026-09-02"
Lupinus,Eucera lunata,,feeds-on,eatenBy,,"globalbioticinteractions.org, fetched 2026-09-02"
Lupinus,Eucera phaceliae,,feeds-on,hostOf,,"globalbioticinteractions.org, fetched 2026-09-02"
Lupinus,Eucera pollinosa,,pollinator,pollinatedBy,,"globalbioticinteractions.org, fetched 2026-09-02"
Lupinus,Euchloe ausonides,,feeds-on,eatenBy,,"globalbioticinteractions.org, fetched 2026-09-02"
Lupinus,Euchloe hyantis,,feeds-on,eatenBy,,"globalbioticinteractions.org, fetched 2026-09-02"
Lupinus,Euclidia cuspidea,,pollinator,flowersVisitedBy,,"globalbioticinteractions.org, fetched 2026-09-02"
Lupinus,Eupeodes fumipennis,,pollinator,flowersVisitedBy,,"globalbioticinteractions.org, fetched 2026-09-02"
Lupinus,Euphydryas chalcedona,,feeds-on,eatenBy,,"globalbioticinteractions.org, fetched 2026-09-02"
Lupinus,Euphydryas chalcedona,,pollinator,flowersVisitedBy,,"globalbioticinteractions.org, fetched 2026-09-02"
Lupinus,Euxoa auxiliaris,,feeds-on,hostOf,,"globalbioticinteractions.org, fetched 2026-09-02"
Lupinus,Euxoa declarata,,feeds-on,hostOf,,"globalbioticinteractions.org, fetched 2026-09-02"
Lupinus,Feltia jaculifera,,feeds-on,hostOf,,"globalbioticinteractions.org, fetched 2026-09-02"
Lupinus,Fidelia (Parafidelia) hessei Whitehead and Eardley,,feeds-on,hostOf,,"globalbioticinteractions.org, fetched 2026-09-02"
Lupinus,Filatima ornatifimbriella,,feeds-on,eatenBy,,"globalbioticinteractions.org, fetched 2026-09-02"
Lupinus,Frankliniella intonsa,,feeds-on,eatenBy,,"globalbioticinteractions.org, fetched 2026-09-02"
Lupinus,Glaucopsyche lygdamus,,feeds-on,eatenBy,,"globalbioticinteractions.org, fetched 2026-09-02"
Lupinus,Glaucopsyche lygdamus,,pollinator,flowersVisitedBy,,"globalbioticinteractions.org, fetched 2026-09-02"
Lupinus,Glaucopsyche piasus,,feeds-on,hostOf,,"globalbioticinteractions.org, fetched 2026-09-02"
Lupinus,Glaucopsyche piasus piasus,,feeds-on,hostOf,,"globalbioticinteractions.org, fetched 2026-09-02"
Lupinus,Glaucopsyche xerces,,feeds-on,hostOf,,"globalbioticinteractions.org, fetched 2026-09-02"
Lupinus,Gonioctena olivacea,,feeds-on,eatenBy,,"globalbioticinteractions.org, fetched 2026-09-02"
Lupinus,Grapholita lana,,feeds-on,eatenBy,,"globalbioticinteractions.org, fetched 2026-09-02"
Lupinus,Grapholita tristrigana,,feeds-on,hostOf,,"globalbioticinteractions.org, fetched 2026-09-02"
Lupinus,Habropoda depressa,,pollinator,flowersVisitedBy,,"globalbioticinteractions.org, fetched 2026-09-02"
Lupinus,Habropoda depressa,,feeds-on,eatenBy,,"globalbioticinteractions.org, fetched 2026-09-02"
Lupinus,Habropoda morrisoni,,feeds-on,hostOf,,"globalbioticinteractions.org, fetched 2026-09-02"
Lupinus,Habropoda tristissima,,feeds-on,eatenBy,,"globalbioticinteractions.org, fetched 2026-09-02"
Lupinus,Halictus farinosus,,pollinator,flowersVisitedBy,,"globalbioticinteractions.org, fetched 2026-09-02"
Lupinus,Halictus tripartitus,,feeds-on,hostOf,,"globalbioticinteractions.org, fetched 2026-09-02"
Lupinus,Heliopetes ericetorum,,pollinator,flowersVisitedBy,,"globalbioticinteractions.org, fetched 2026-09-02"
Lupinus,Heliothodes diminutiva,,feeds-on,eatenBy,,"globalbioticinteractions.org, fetched 2026-09-02"
Lupinus,Hemileuca hera hera,,feeds-on,hostOf,,"globalbioticinteractions.org, fetched 2026-09-02"
Lupinus,Heriades timberlakei,,feeds-on,hostOf,,"globalbioticinteractions.org, fetched 2026-09-02"
Lupinus,Hesperia columbia,,feeds-on,eatenBy,,"globalbioticinteractions.org, fetched 2026-09-02"
Lupinus,Hoplitis hypocrita,,feeds-on,hostOf,,"globalbioticinteractions.org, fetched 2026-09-02"
Lupinus,Hoplitis incanescens,,feeds-on,hostOf,,"globalbioticinteractions.org, fetched 2026-09-02"
Lupinus,Hoplitis ravouxi,,pollinator,pollinatedBy,,"globalbioticinteractions.org, fetched 2026-09-02"
Lupinus,Hoplopleura kitti,,feeds-on,eatenBy,,"globalbioticinteractions.org, fetched 2026-09-02"
Lupinus,Hoplopleura vietnamensis,,feeds-on,eatenBy,,"globalbioticinteractions.org, fetched 2026-09-02"
Lupinus,Horistus orientalis,,pollinator,pollinatedBy,,"globalbioticinteractions.org, fetched 2026-09-02"
Lupinus,Hystrichophora roessleri,,feeds-on,hostOf,,"globalbioticinteractions.org, fetched 2026-09-02"
Lupinus,Icaricia icarioides,,feeds-on,eatenBy,,"globalbioticinteractions.org, fetched 2026-09-02"
Lupinus,Icaricia icarioides missionensis,,feeds-on,eatenBy,,"globalbioticinteractions.org, fetched 2026-09-02"
Lupinus,Judolia instabilis,,feeds-on,hostOf,,"globalbioticinteractions.org, fetched 2026-09-02"
Lupinus,Junonia grisea,,feeds-on,eatenBy,,"globalbioticinteractions.org, fetched 2026-09-02"
Lupinus,Lacanobia oleracea,,feeds-on,eatenBy,,"globalbioticinteractions.org, fetched 2026-09-02"
Lupinus,Lampides boeticus,,feeds-on,eatenBy,,"globalbioticinteractions.org, fetched 2026-09-02"
Lupinus,Lasioglossum,,pollinator,flowersVisitedBy,,"globalbioticinteractions.org, fetched 2026-09-02"
Lupinus,Lasioglossum glabriusculum,,pollinator,pollinatedBy,,"globalbioticinteractions.org, fetched 2026-09-02"
Lupinus,Lasioglossum nigripes,,pollinator,pollinatedBy,,"globalbioticinteractions.org, fetched 2026-09-02"
Lupinus,Lasioglossum pruinosum,,feeds-on,hostOf,,"globalbioticinteractions.org, fetched 2026-09-02"
Lupinus,Lasioglossum quadrisignatum,,pollinator,pollinatedBy,,"globalbioticinteractions.org, fetched 2026-09-02"
Lupinus,Lasioglossum semilucens,,pollinator,pollinatedBy,,"globalbioticinteractions.org, fetched 2026-09-02"
Lupinus,Lasioglossum sisymbrii,,feeds-on,hostOf,,"globalbioticinteractions.org, fetched 2026-09-02"
Lupinus,Lepidoptera,,pollinator,pollinatedBy,,"globalbioticinteractions.org, fetched 2026-09-02"
Lupinus,Leptotes pirithous,,feeds-on,eatenBy,,"globalbioticinteractions.org, fetched 2026-09-02"
Lupinus,Limothrips denticornis,,feeds-on,eatenBy,,"globalbioticinteractions.org, fetched 2026-09-02"
Lupinus,Lon melane,,feeds-on,eatenBy,,"globalbioticinteractions.org, fetched 2026-09-02"
Lupinus,Lycaeides idas,,feeds-on,hostOf,,"globalbioticinteractions.org, fetched 2026-09-02"
Lupinus,Lycaeides melissa,,feeds-on,eatenBy,,"globalbioticinteractions.org, fetched 2026-09-02"
Lupinus,Lycaeides melissa paradoxa,,feeds-on,hostOf,,"globalbioticinteractions.org, fetched 2026-09-02"
Lupinus,Maruca vitrata,,feeds-on,hostOf,,"globalbioticinteractions.org, fetched 2026-09-02"
Lupinus,Megachile,,pollinator,flowersVisitedBy,,"globalbioticinteractions.org, fetched 2026-09-02"
Lupinus,Megachile analis,,pollinator,pollinatedBy,,"globalbioticinteractions.org, fetched 2026-09-02"
Lupinus,Megachile brevis,,pollinator,flowersVisitedBy,,"globalbioticinteractions.org, fetched 2026-09-02"
Lupinus,Megachile coquilletti,,pollinator,flowersVisitedBy,,"globalbioticinteractions.org, fetched 2026-09-02"
Lupinus,Megachile ericetorum,,pollinator,pollinatedBy,,"globalbioticinteractions.org, fetched 2026-09-02"
Lupinus,Megachile frigida,,pollinator,flowersVisitedBy,,"globalbioticinteractions.org, fetched 2026-09-02"
Lupinus,Megachile nigriventris,,pollinator,pollinatedBy,,"globalbioticinteractions.org, fetched 2026-09-02"
Lupinus,Megachile perihirta,,feeds-on,eatenBy,,"globalbioticinteractions.org, fetched 2026-09-02"
Lupinus,Megachile pyrenaica,,pollinator,pollinatedBy,,"globalbioticinteractions.org, fetched 2026-09-02"
Lupinus,Melanoliarus complectus,,feeds-on,eatenBy,,"globalbioticinteractions.org, fetched 2026-09-02"
Lupinus,Melecta separata,,feeds-on,hostOf,,"globalbioticinteractions.org, fetched 2026-09-02"
Lupinus,Menoponidae,,feeds-on,hostOf,,"globalbioticinteractions.org, fetched 2026-09-02"
Lupinus,Merolonche ursina,,feeds-on,eatenBy,,"globalbioticinteractions.org, fetched 2026-09-02"
Lupinus,Mesocricetus newtoni,,feeds-on,eatenBy,,"globalbioticinteractions.org, fetched 2026-09-02"
Lupinus,Mirificarma mulinella,,feeds-on,hostOf,,"globalbioticinteractions.org, fetched 2026-09-02"
Lupinus,Neocoelidiana obscura,,pollinator,visitedBy,,"globalbioticinteractions.org, fetched 2026-09-02"
Lupinus,Neolasioptera lupini,,feeds-on,hostOf,,"globalbioticinteractions.org, fetched 2026-09-02"
Lupinus,Neoscona arabesca,,pollinator,flowersVisitedBy,,"globalbioticinteractions.org, fetched 2026-09-02"
Lupinus,Neoterpes edwardsata,,feeds-on,eatenBy,,"globalbioticinteractions.org, fetched 2026-09-02"
Lupinus,Nomada edwardsii,,feeds-on,hostOf,,"globalbioticinteractions.org, fetched 2026-09-02"
Lupinus,Nomada parkeri,,feeds-on,hostOf,,"globalbioticinteractions.org, fetched 2026-09-02"
Lupinus,Osmia brevis,,feeds-on,hostOf,,"globalbioticinteractions.org, fetched 2026-09-02"
Lupinus,Osmia coloradensis,,feeds-on,hostOf,,"globalbioticinteractions.org, fetched 2026-09-02"
Lupinus,Osmia gallarum,,pollinator,pollinatedBy,,"globalbioticinteractions.org, fetched 2026-09-02"
Lupinus,Osmia gaudiosa,,feeds-on,hostOf,,"globalbioticinteractions.org, fetched 2026-09-02"
Lupinus,Osmia inermis,,pollinator,pollinatedBy,,"globalbioticinteractions.org, fetched 2026-09-02"
Lupinus,Osmia latisulcata,,feeds-on,hostOf,,"globalbioticinteractions.org, fetched 2026-09-02"
Lupinus,Osmia lignaria,,feeds-on,eatenBy,,"globalbioticinteractions.org, fetched 2026-09-02"
Lupinus,Osmia liogastra,,feeds-on,hostOf,,"globalbioticinteractions.org, fetched 2026-09-02"
Lupinus,Osmia mustelina,,pollinator,pollinatedBy,,"globalbioticinteractions.org, fetched 2026-09-02"
Lupinus,Osmia nigrifrons,,feeds-on,hostOf,,"globalbioticinteractions.org, fetched 2026-09-02"
Lupinus,Osmia phenax,,feeds-on,hostOf,,"globalbioticinteractions.org, fetched 2026-09-02"
Lupinus,Osmia rufohirta,,pollinator,pollinatedBy,,"globalbioticinteractions.org, fetched 2026-09-02"
Lupinus,Osmia sanrafaelae,,feeds-on,hostOf,,"globalbioticinteractions.org, fetched 2026-09-02"
Lupinus,Osmia trevoris,,feeds-on,hostOf,,"globalbioticinteractions.org, fetched 2026-09-02"
Lupinus,Ovis aries,,feeds-on,eatenBy,,"globalbioticinteractions.org, fetched 2026-09-02"
Lupinus,Oxyopes scalaris,,pollinator,visitedBy,,"globalbioticinteractions.org, fetched 2026-09-02"
Lupinus,Papilio zelicaon,,feeds-on,eatenBy,,"globalbioticinteractions.org, fetched 2026-09-02"
Lupinus,Phaneroptera nana,,pollinator,visitedBy,,"globalbioticinteractions.org, fetched 2026-09-02"
Lupinus,Philopedon plagiatum,,feeds-on,eatenBy,,"globalbioticinteractions.org, fetched 2026-09-02"
Lupinus,Philopterus tropicalis,,feeds-on,eatenBy,,"globalbioticinteractions.org, fetched 2026-09-02"
Lupinus,Phyciodes mylitta,,feeds-on,eatenBy,,"globalbioticinteractions.org, fetched 2026-09-02"
Lupinus,Piezodorus lituratus,,feeds-on,eatenBy,,"globalbioticinteractions.org, fetched 2026-09-02"
Lupinus,Plebejus acmon,,feeds-on,hostOf,,"globalbioticinteractions.org, fetched 2026-09-02"
Lupinus,Plebejus anna,,feeds-on,hostOf,,"globalbioticinteractions.org, fetched 2026-09-02"
Lupinus,Plebejus icarioides,,feeds-on,eatenBy,,"globalbioticinteractions.org, fetched 2026-09-02"
Lupinus,Polistes aurifer,,feeds-on,eatenBy,,"globalbioticinteractions.org, fetched 2026-09-02"
Lupinus,Polistes dorsalis,,pollinator,flowersVisitedBy,,"globalbioticinteractions.org, fetched 2026-09-02"
Lupinus,Polites peckius,,pollinator,flowersVisitedBy,,"globalbioticinteractions.org, fetched 2026-09-02"
Lupinus,Pontia sisymbrii,,feeds-on,eatenBy,,"globalbioticinteractions.org, fetched 2026-09-02"
Lupinus,Propylaea quatuordecimpunctata,,feeds-on,eatenBy,,"globalbioticinteractions.org, fetched 2026-09-02"
Lupinus,Protosmia rubifloris,,feeds-on,eatenBy,,"globalbioticinteractions.org, fetched 2026-09-02"
Lupinus,Pseudolipeurus tinami,,feeds-on,eatenBy,,"globalbioticinteractions.org, fetched 2026-09-02"
Lupinus,Pyrobombus,,feeds-on,eatenBy,,"globalbioticinteractions.org, fetched 2026-09-02"
Lupinus,Rhodanthidium,,pollinator,flowersVisitedBy,,"globalbioticinteractions.org, fetched 2026-09-02"
Lupinus,Rhynocoris annulatus,,pollinator,flowersVisitedBy,,"globalbioticinteractions.org, fetched 2026-09-02"
Lupinus,Sassacus vitis,,pollinator,visitedBy,,"globalbioticinteractions.org, fetched 2026-09-02"
Lupinus,Satyrium behrii,,feeds-on,hostOf,,"globalbioticinteractions.org, fetched 2026-09-02"
Lupinus,Scaeva affinis,,pollinator,visitedBy,,"globalbioticinteractions.org, fetched 2026-09-02"
Lupinus,Scaeva affinis,,feeds-on,eatenBy,,"globalbioticinteractions.org, fetched 2026-09-02"
Lupinus,Scaptomyza graminum,,feeds-on,eatenBy,,"globalbioticinteractions.org, fetched 2026-09-02"
Lupinus,Schinia suetus,,feeds-on,eatenBy,,"globalbioticinteractions.org, fetched 2026-09-02"
Lupinus,Schizura concinna,,feeds-on,hostOf,,"globalbioticinteractions.org, fetched 2026-09-02"
Lupinus,Sparganothis senecionana,,feeds-on,eatenBy,,"globalbioticinteractions.org, fetched 2026-09-02"
Lupinus,Stagmomantis limbata,,pollinator,visitedBy,,"globalbioticinteractions.org, fetched 2026-09-02"
Lupinus,Strymon acadica,,feeds-on,hostOf,,"globalbioticinteractions.org, fetched 2026-09-02"
Lupinus,Thrips fuscipennis,,feeds-on,eatenBy,,"globalbioticinteractions.org, fetched 2026-09-02"
Lupinus,Uresiphita reversalis,,pollinator,visitedBy,,"globalbioticinteractions.org, fetched 2026-09-02"
Lupinus,Uresiphita reversalis,,feeds-on,eatenBy,,"globalbioticinteractions.org, fetched 2026-09-02"
Lupinus,Urocitellus armatus,,feeds-on,eatenBy,,"globalbioticinteractions.org, fetched 2026-09-02"
Lupinus,Utetheisa ornatrix,,feeds-on,eatenBy,,"globalbioticinteractions.org, fetched 2026-09-02"
Lupinus,Vanessa annabella,,feeds-on,hostOf,,"globalbioticinteractions.org, fetched 2026-09-02"
Lupinus,Vanessa virginiensis,,feeds-on,hostOf,,"globalbioticinteractions.org, fetched 2026-09-02"
Lupinus,Xylena cineritia,,feeds-on,eatenBy,,"globalbioticinteractions.org, fetched 2026-09-02"
Lupinus,Xylocopa californica californica,,pollinator,flowersVisitedBy,,"globalbioticinteractions.org, fetched 2026-09-02"
Lupinus,Xylocopa sonorina,,pollinator,flowersVisitedBy,,"globalbioticinteractions.org, fetched 2026-09-02"
Lupinus,Xylocopa sonorina,,feeds-on,eatenBy,,"globalbioticinteractions.org, fetched 2026-09-02"
Lupinus,Xylocopa tabaniformis orpifex,,feeds-on,eatenBy,,"globalbioticinteractions.org, fetched 2026-09-02"
Lupinus,Xylocopa violacea,,pollinator,pollinatedBy,,"globalbioticinteractions.org, fetched 2026-09-02"
Lupinus,Xylocopa virginica,,pollinator,flowersVisitedBy,,"globalbioticinteractions.org, fetched 2026-09-02"
Lupinus,Zizina otis,,feeds-on,eatenBy,,"globalbioticinteractions.org, fetched 2026-09-02"
Malvaviscus,Anabathmis newtonii,,pollinator,flowersVisitedBy,,"globalbioticinteractions.org, fetched 2026-09-02"
Malvaviscus,Anartia fatima fatima,,pollinator,flowersVisitedBy,,"globalbioticinteractions.org, fetched 2026-09-02"
Malvaviscus,Anomis flava,,feeds-on,eatenBy,,"globalbioticinteractions.org, fetched 2026-09-02"
Malvaviscus,Archilochus alexandri,,pollinator,flowersVisitedBy,,"globalbioticinteractions.org, fetched 2026-09-02"
Malvaviscus,Archilochus colubris,,feeds-on,eatenBy,,"globalbioticinteractions.org, fetched 2026-09-02"
Malvaviscus,Archilochus colubris,,pollinator,flowersVisitedBy,,"globalbioticinteractions.org, fetched 2026-09-02"
Malvaviscus,Atlapetes albinucha,,feeds-on,eatenBy,,"globalbioticinteractions.org, fetched 2026-09-02"
Malvaviscus,Aulacorhynchus prasinus,,feeds-on,eatenBy,,"globalbioticinteractions.org, fetched 2026-09-02"
Malvaviscus,Battus philenor,,feeds-on,eatenBy,,"globalbioticinteractions.org, fetched 2026-09-02"
Malvaviscus,Battus philenor,,pollinator,flowersVisitedBy,,"globalbioticinteractions.org, fetched 2026-09-02"
Malvaviscus,BOLD:AAA8233,,feeds-on,hostOf,,"globalbioticinteractions.org, fetched 2026-09-02"
Malvaviscus,BOLD:AAB0382,,feeds-on,hostOf,,"globalbioticinteractions.org, fetched 2026-09-02"
Malvaviscus,BOLD:AAB0383,,feeds-on,hostOf,,"globalbioticinteractions.org, fetched 2026-09-02"
Malvaviscus,BOLD:AAB0672,,feeds-on,hostOf,,"globalbioticinteractions.org, fetched 2026-09-02"
Malvaviscus,BOLD:AAB3932,,feeds-on,hostOf,,"globalbioticinteractions.org, fetched 2026-09-02"
Malvaviscus,BOLD:AAC2643,,feeds-on,hostOf,,"globalbioticinteractions.org, fetched 2026-09-02"
Malvaviscus,BOLD:AAC5188,,feeds-on,hostOf,,"globalbioticinteractions.org, fetched 2026-09-02"
Malvaviscus,BOLD:AAC7118,,feeds-on,hostOf,,"globalbioticinteractions.org, fetched 2026-09-02"
Malvaviscus,BOLD:AAD4345,,feeds-on,hostOf,,"globalbioticinteractions.org, fetched 2026-09-02"
Malvaviscus,BOLD:AAF0309,,feeds-on,hostOf,,"globalbioticinteractions.org, fetched 2026-09-02"
Malvaviscus,BOLD:AER5333,,feeds-on,hostOf,,"globalbioticinteractions.org, fetched 2026-09-02"
Malvaviscus,Catharus ustulatus,,feeds-on,eatenBy,,"globalbioticinteractions.org, fetched 2026-09-02"
Malvaviscus,Cebus capucinus,,feeds-on,eatenBy,,"globalbioticinteractions.org, fetched 2026-09-02"
Malvaviscus,Chamaepetes unicolor,,feeds-on,eatenBy,,"globalbioticinteractions.org, fetched 2026-09-02"
Malvaviscus,Chioides catillus,,feeds-on,eatenBy,,"globalbioticinteractions.org, fetched 2026-09-02"
Malvaviscus,Chiroxiphia linearis,,feeds-on,eatenBy,,"globalbioticinteractions.org, fetched 2026-09-02"
Malvaviscus,Chlorophonia callophrys,,feeds-on,eatenBy,,"globalbioticinteractions.org, fetched 2026-09-02"
Malvaviscus,Chlorostilbon lucidus,,pollinator,pollinatedBy,,"globalbioticinteractions.org, fetched 2026-09-02"
Malvaviscus,Cinnyris jugularis,,pollinator,flowersVisitedBy,,"globalbioticinteractions.org, fetched 2026-09-02"
Malvaviscus,Clastoptera undulata,,feeds-on,eatenBy,,"globalbioticinteractions.org, fetched 2026-09-02"
Malvaviscus,Coereba flaveola caboti,,feeds-on,eatenBy,,"globalbioticinteractions.org, fetched 2026-09-02"
Malvaviscus,Colaptes rubiginosus,,feeds-on,eatenBy,,"globalbioticinteractions.org, fetched 2026-09-02"
Malvaviscus,Crocidosema plebejana,,feeds-on,eatenBy,,"globalbioticinteractions.org, fetched 2026-09-02"
Malvaviscus,Cynanthus auriceps,,pollinator,flowersVisitedBy,,"globalbioticinteractions.org, fetched 2026-09-02"
Malvaviscus,Cynanthus latirostris,,pollinator,flowersVisitedBy,,"globalbioticinteractions.org, fetched 2026-09-02"
Malvaviscus,Dacnis venusta,,feeds-on,eatenBy,,"globalbioticinteractions.org, fetched 2026-09-02"
Malvaviscus,Diglossa baritula,,pollinator,flowersVisitedBy,,"globalbioticinteractions.org, fetched 2026-09-02"
Malvaviscus,Dione glycera,,feeds-on,eatenBy,,"globalbioticinteractions.org, fetched 2026-09-02"
Malvaviscus,Dione juno huascuma,,feeds-on,eatenBy,,"globalbioticinteractions.org, fetched 2026-09-02"
Malvaviscus,Dione moneta,,pollinator,flowersVisitedBy,,"globalbioticinteractions.org, fetched 2026-09-02"
Malvaviscus,Dione vanillae,,feeds-on,eatenBy,,"globalbioticinteractions.org, fetched 2026-09-02"
Malvaviscus,Dione vanillae,,pollinator,flowersVisitedBy,,"globalbioticinteractions.org, fetched 2026-09-02"
Malvaviscus,Dione vanillae incarnata,,pollinator,flowersVisitedBy,,"globalbioticinteractions.org, fetched 2026-09-02"
Malvaviscus,Discosura popelairii,,pollinator,flowersVisitedBy,,"globalbioticinteractions.org, fetched 2026-09-02"
Malvaviscus,Doricha eliza,,feeds-on,eatenBy,,"globalbioticinteractions.org, fetched 2026-09-02"
Malvaviscus,Elaenia flavogaster,,feeds-on,eatenBy,,"globalbioticinteractions.org, fetched 2026-09-02"
Malvaviscus,Elaenia frantzii,,feeds-on,eatenBy,,"globalbioticinteractions.org, fetched 2026-09-02"
Malvaviscus,Erynnis horatius,,feeds-on,eatenBy,,"globalbioticinteractions.org, fetched 2026-09-02"
Malvaviscus,Eupetomena macroura,,pollinator,pollinatedBy,,"globalbioticinteractions.org, fetched 2026-09-02"
Malvaviscus,Eupherusa ridgwayi,,pollinator,flowersVisitedBy,,"globalbioticinteractions.org, fetched 2026-09-02"
Malvaviscus,Euphonia hirundinacea,,feeds-on,eatenBy,,"globalbioticinteractions.org, fetched 2026-09-02"
Malvaviscus,Euploea core,,feeds-on,eatenBy,,"globalbioticinteractions.org, fetched 2026-09-02"
Malvaviscus,Eurema lisa,,feeds-on,eatenBy,,"globalbioticinteractions.org, fetched 2026-09-02"
Malvaviscus,Eurema lisa,,pollinator,flowersVisitedBy,,"globalbioticinteractions.org, fetched 2026-09-02"
Malvaviscus,Ganyra josephina josepha,,pollinator,flowersVisitedBy,,"globalbioticinteractions.org, fetched 2026-09-02"
Malvaviscus,Heliconius erato cyrbia,,pollinator,flowersVisitedBy,,"globalbioticinteractions.org, fetched 2026-09-02"
Malvaviscus,Heliopetes alana,,feeds-on,hostOf,,"globalbioticinteractions.org, fetched 2026-09-02"
Malvaviscus,Heliopetes laviana,,feeds-on,hostOf,,"globalbioticinteractions.org, fetched 2026-09-02"
Malvaviscus,Heliopetes macaira,,feeds-on,hostOf,,"globalbioticinteractions.org, fetched 2026-09-02"
Malvaviscus,Heraclides rumiko,,pollinator,flowersVisitedBy,,"globalbioticinteractions.org, fetched 2026-09-02"
Malvaviscus,Hylesia dalina,,feeds-on,hostOf,,"globalbioticinteractions.org, fetched 2026-09-02"
Malvaviscus,Icterus bullockii,,pollinator,flowersVisitedBy,,"globalbioticinteractions.org, fetched 2026-09-02"
Malvaviscus,Icterus galbula,,feeds-on,eatenBy,,"globalbioticinteractions.org, fetched 2026-09-02"
Malvaviscus,Lampides boeticus,,feeds-on,eatenBy,,"globalbioticinteractions.org, fetched 2026-09-02"
Malvaviscus,Leptocoma zeylonica,,feeds-on,eatenBy,,"globalbioticinteractions.org, fetched 2026-09-02"
Malvaviscus,Lerema accius,,feeds-on,eatenBy,,"globalbioticinteractions.org, fetched 2026-09-02"
Malvaviscus,Lerema accius,,pollinator,visitedBy,,"globalbioticinteractions.org, fetched 2026-09-02"
Malvaviscus,Libellula needhami,,pollinator,visitedBy,,"globalbioticinteractions.org, fetched 2026-09-02"
Malvaviscus,Megarynchus pitangua,,feeds-on,eatenBy,,"globalbioticinteractions.org, fetched 2026-09-02"
Malvaviscus,Melanerpes hoffmannii,,feeds-on,eatenBy,,"globalbioticinteractions.org, fetched 2026-09-02"
Malvaviscus,Melissodes bimaculatus,,pollinator,flowersVisitedBy,,"globalbioticinteractions.org, fetched 2026-09-02"
Malvaviscus,Mionectes olivaceus,,feeds-on,eatenBy,,"globalbioticinteractions.org, fetched 2026-09-02"
Malvaviscus,Momotus momota,,feeds-on,eatenBy,,"globalbioticinteractions.org, fetched 2026-09-02"
Malvaviscus,Monobia quadridens,,feeds-on,eatenBy,,"globalbioticinteractions.org, fetched 2026-09-02"
Malvaviscus,Monobia quadridens,,pollinator,visitedBy,,"globalbioticinteractions.org, fetched 2026-09-02"
Malvaviscus,Myadestes melanops,,feeds-on,eatenBy,,"globalbioticinteractions.org, fetched 2026-09-02"
Malvaviscus,Myiarchus tuberculifer,,feeds-on,eatenBy,,"globalbioticinteractions.org, fetched 2026-09-02"
Malvaviscus,Myiodynastes luteiventris,,feeds-on,eatenBy,,"globalbioticinteractions.org, fetched 2026-09-02"
Malvaviscus,Myiozetetes similis,,feeds-on,eatenBy,,"globalbioticinteractions.org, fetched 2026-09-02"
Malvaviscus,Papilio cresphontes,,pollinator,flowersVisitedBy,,"globalbioticinteractions.org, fetched 2026-09-02"
Malvaviscus,Papilio cresphontes,,feeds-on,eatenBy,,"globalbioticinteractions.org, fetched 2026-09-02"
Malvaviscus,Papilio palamedes,,pollinator,flowersVisitedBy,,"globalbioticinteractions.org, fetched 2026-09-02"
Malvaviscus,Papilio protenor,,pollinator,flowersVisitedBy,,"globalbioticinteractions.org, fetched 2026-09-02"
Malvaviscus,Parancistrocerus fulvipes,,pollinator,visitedBy,,"globalbioticinteractions.org, fetched 2026-09-02"
Malvaviscus,Patagioenas fasciata,,feeds-on,eatenBy,,"globalbioticinteractions.org, fetched 2026-09-02"
Malvaviscus,Patagioenas flavirostris,,feeds-on,eatenBy,,"globalbioticinteractions.org, fetched 2026-09-02"
Malvaviscus,Peucetia viridans,,pollinator,flowersVisitedBy,,"globalbioticinteractions.org, fetched 2026-09-02"
Malvaviscus,Pharomachrus mocinno,,feeds-on,eatenBy,,"globalbioticinteractions.org, fetched 2026-09-02"
Malvaviscus,Pheucticus ludovicianus,,feeds-on,eatenBy,,"globalbioticinteractions.org, fetched 2026-09-02"
Malvaviscus,Procnias tricarunculatus,,feeds-on,eatenBy,,"globalbioticinteractions.org, fetched 2026-09-02"
Malvaviscus,Psilorhinus morio,,feeds-on,eatenBy,,"globalbioticinteractions.org, fetched 2026-09-02"
Malvaviscus,Ramphastos sulfuratus,,feeds-on,eatenBy,,"globalbioticinteractions.org, fetched 2026-09-02"
Malvaviscus,Samea ecclesialis,,pollinator,visitedBy,,"globalbioticinteractions.org, fetched 2026-09-02"
Malvaviscus,Saucerottia beryllina,,pollinator,flowersVisitedBy,,"globalbioticinteractions.org, fetched 2026-09-02"
Malvaviscus,Sciurus aureogaster,,feeds-on,eatenBy,,"globalbioticinteractions.org, fetched 2026-09-02"
Malvaviscus,Selasphorus rufus,,pollinator,flowersVisitedBy,,"globalbioticinteractions.org, fetched 2026-09-02"
Malvaviscus,Semnornis frantzii,,feeds-on,eatenBy,,"globalbioticinteractions.org, fetched 2026-09-02"
Malvaviscus,Spissistilus festinus,,pollinator,visitedBy,,"globalbioticinteractions.org, fetched 2026-09-02"
Malvaviscus,Strymon yojoa,,pollinator,flowersVisitedBy,,"globalbioticinteractions.org, fetched 2026-09-02"
Malvaviscus,Systasea pulverulenta,,pollinator,flowersVisitedBy,,"globalbioticinteractions.org, fetched 2026-09-02"
Malvaviscus,Telamoptilia malvavisci,,feeds-on,hostOf,,"globalbioticinteractions.org, fetched 2026-09-02"
Malvaviscus,Thraupis episcopus,,feeds-on,eatenBy,,"globalbioticinteractions.org, fetched 2026-09-02"
Malvaviscus,Thygater palliventris,,pollinator,visitedBy,,"globalbioticinteractions.org, fetched 2026-09-02"
Malvaviscus,Trigona spinipes,,pollinator,flowersVisitedBy,,"globalbioticinteractions.org, fetched 2026-09-02"
Malvaviscus,Turdus assimilis,,feeds-on,eatenBy,,"globalbioticinteractions.org, fetched 2026-09-02"
Malvaviscus,Turdus grayi,,feeds-on,eatenBy,,"globalbioticinteractions.org, fetched 2026-09-02"
Malvaviscus,Turdus plebejus,,feeds-on,eatenBy,,"globalbioticinteractions.org, fetched 2026-09-02"
Malvaviscus,Xenophanes tryxus,,feeds-on,hostOf,,"globalbioticinteractions.org, fetched 2026-09-02"
Malvaviscus,Zosterops simplex,,pollinator,flowersVisitedBy,,"globalbioticinteractions.org, fetched 2026-09-02"
Matelea,Arilus cristatus,,pollinator,visitedBy,,"globalbioticinteractions.org, fetched 2026-09-02"
Matelea,Autoba coccidiphaga,,feeds-on,hostOf,,"globalbioticinteractions.org, fetched 2026-09-02"
Matelea,Conioscinella nuda,,pollinator,pollinatedBy,,"globalbioticinteractions.org, fetched 2026-09-02"
Matelea,Danainae,,pollinator,visitsFlowersOf,,"globalbioticinteractions.org, fetched 2026-09-02"
Matelea,Danaus gilippus,,feeds-on,hostOf,,"globalbioticinteractions.org, fetched 2026-09-02"
Matelea,Danaus gilippus,,pollinator,visitedBy,,"globalbioticinteractions.org, fetched 2026-09-02"
Matelea,Diptera,,pollinator,pollinatedBy,,"globalbioticinteractions.org, fetched 2026-09-02"
Matelea,Erinnyis lassauxii,,feeds-on,hostOf,,"globalbioticinteractions.org, fetched 2026-09-02"
Matelea,Laetilia coccidivora,,feeds-on,eatenBy,,"globalbioticinteractions.org, fetched 2026-09-02"
Matelea,Monomorium carbonarium,,feeds-on,eatenBy,,"globalbioticinteractions.org, fetched 2026-09-02"
Matelea,Neophyllomyza quadricornis,,pollinator,pollinatedBy,,"globalbioticinteractions.org, fetched 2026-09-02"
Matelea,Oscinella coxendix,,pollinator,pollinatedBy,,"globalbioticinteractions.org, fetched 2026-09-02"
Matelea,Phaenicia sericata,,pollinator,pollinatedBy,,"globalbioticinteractions.org, fetched 2026-09-02"
Matelea,Unknown,,pollinator,pollinatedBy,,"globalbioticinteractions.org, fetched 2026-09-02"
Melampodium,Aetole bella,,pollinator,visitedBy,,"globalbioticinteractions.org, fetched 2026-09-02"
Melampodium,Anartia fatima,,pollinator,flowersVisitedBy,,"globalbioticinteractions.org, fetched 2026-09-02"
Melampodium,Anthanassa texana,,pollinator,visitedBy,,"globalbioticinteractions.org, fetched 2026-09-02"
Melampodium,Anthanassa tulcis,,pollinator,flowersVisitedBy,,"globalbioticinteractions.org, fetched 2026-09-02"
Melampodium,Ascia monuste monuste,,pollinator,flowersVisitedBy,,"globalbioticinteractions.org, fetched 2026-09-02"
Melampodium,Augochlora aurifera,,pollinator,flowersVisitedBy,,"globalbioticinteractions.org, fetched 2026-09-02"
Melampodium,Augochloropsis metallica,,pollinator,flowersVisitedBy,,"globalbioticinteractions.org, fetched 2026-09-02"
Melampodium,BOLD:AAF7730,,feeds-on,hostOf,,"globalbioticinteractions.org, fetched 2026-09-02"
Melampodium,Bombus ephippiatus,,pollinator,flowersVisitedBy,,"globalbioticinteractions.org, fetched 2026-09-02"
Melampodium,Bombus medius,,pollinator,flowersVisitedBy,,"globalbioticinteractions.org, fetched 2026-09-02"
Melampodium,Burnsius oileus,,pollinator,flowersVisitedBy,,"globalbioticinteractions.org, fetched 2026-09-02"
Melampodium,Callophrys gryneus,,pollinator,flowersVisitedBy,,"globalbioticinteractions.org, fetched 2026-09-02"
Melampodium,Cecropterus dorantes dorantes,,pollinator,flowersVisitedBy,,"globalbioticinteractions.org, fetched 2026-09-02"
Melampodium,Ceratina,,pollinator,flowersVisitedBy,,"globalbioticinteractions.org, fetched 2026-09-02"
Melampodium,Ceratina ignara,,pollinator,flowersVisitedBy,,"globalbioticinteractions.org, fetched 2026-09-02"
Melampodium,Chauliognathus nigrocinctus,,pollinator,flowersVisitedBy,,"globalbioticinteractions.org, fetched 2026-09-02"
Melampodium,Chauliognathus pensylvanicus,,pollinator,flowersVisitedBy,,"globalbioticinteractions.org, fetched 2026-09-02"
Melampodium,Chilades lajus,,feeds-on,eatenBy,,"globalbioticinteractions.org, fetched 2026-09-02"
Melampodium,Chilades lajus,,pollinator,flowersVisitedBy,,"globalbioticinteractions.org, fetched 2026-09-02"
Melampodium,Chlosyne hippodrome hippodrome,,pollinator,flowersVisitedBy,,"globalbioticinteractions.org, fetched 2026-09-02"
Melampodium,Chlosyne lacinia lacinia,,pollinator,flowersVisitedBy,,"globalbioticinteractions.org, fetched 2026-09-02"
Melampodium,Copestylum avidum,,pollinator,flowersVisitedBy,,"globalbioticinteractions.org, fetched 2026-09-02"
Melampodium,Dryas iulia moderata,,pollinator,flowersVisitedBy,,"globalbioticinteractions.org, fetched 2026-09-02"
Melampodium,Eantis pallida,,pollinator,flowersVisitedBy,,"globalbioticinteractions.org, fetched 2026-09-02"
Melampodium,Enchenopa binotata,,pollinator,visitedBy,,"globalbioticinteractions.org, fetched 2026-09-02"
Melampodium,Euodynerus pratensis,,pollinator,visitedBy,,"globalbioticinteractions.org, fetched 2026-09-02"
Melampodium,Eurema westwoodii,,pollinator,flowersVisitedBy,,"globalbioticinteractions.org, fetched 2026-09-02"
Melampodium,Exomalopsis analis,,pollinator,flowersVisitedBy,,"globalbioticinteractions.org, fetched 2026-09-02"
Melampodium,Exomalopsis boharti,,pollinator,flowersVisitedBy,,"globalbioticinteractions.org, fetched 2026-09-02"
Melampodium,Halictus hesperus,,pollinator,flowersVisitedBy,,"globalbioticinteractions.org, fetched 2026-09-02"
Melampodium,Halictus ligatus,,pollinator,flowersVisitedBy,,"globalbioticinteractions.org, fetched 2026-09-02"
Melampodium,Heliconius charithonia vazquezae,,pollinator,flowersVisitedBy,,"globalbioticinteractions.org, fetched 2026-09-02"
Melampodium,Hemiargus ceraunus,,feeds-on,eatenBy,,"globalbioticinteractions.org, fetched 2026-09-02"
Melampodium,Hemiargus ceraunus,,pollinator,flowersVisitedBy,,"globalbioticinteractions.org, fetched 2026-09-02"
Melampodium,Hemiargus ceraunus gyas,,pollinator,flowersVisitedBy,,"globalbioticinteractions.org, fetched 2026-09-02"
Melampodium,Hoodus pelopidas,,pollinator,flowersVisitedBy,,"globalbioticinteractions.org, fetched 2026-09-02"
Melampodium,Iguana iguana,,feeds-on,eatenBy,,"globalbioticinteractions.org, fetched 2026-09-02"
Melampodium,Lasioglossum,,pollinator,flowersVisitedBy,,"globalbioticinteractions.org, fetched 2026-09-02"
Melampodium,Lasioglossum yucatanense,,pollinator,flowersVisitedBy,,"globalbioticinteractions.org, fetched 2026-09-02"
Melampodium,Leptotes cassius cassidula,,pollinator,flowersVisitedBy,,"globalbioticinteractions.org, fetched 2026-09-02"
Melampodium,Lucilia cuprina,,pollinator,visitedBy,,"globalbioticinteractions.org, fetched 2026-09-02"
Melampodium,Microtia elva elva,,pollinator,flowersVisitedBy,,"globalbioticinteractions.org, fetched 2026-09-02"
Melampodium,Microtia elvira,,pollinator,flowersVisitedBy,,"globalbioticinteractions.org, fetched 2026-09-02"
Melampodium,Nathalis iole,,feeds-on,eatenBy,,"globalbioticinteractions.org, fetched 2026-09-02"
Melampodium,Oarisma aurantiaca,,pollinator,flowersVisitedBy,,"globalbioticinteractions.org, fetched 2026-09-02"
Melampodium,Paratetrapedia apicalis,,pollinator,flowersVisitedBy,,"globalbioticinteractions.org, fetched 2026-09-02"
Melampodium,Paratetrapedia flavopicta,,pollinator,flowersVisitedBy,,"globalbioticinteractions.org, fetched 2026-09-02"
Melampodium,Phyciodes tharos,,feeds-on,eatenBy,,"globalbioticinteractions.org, fetched 2026-09-02"
Melampodium,Pseudopanurgus fraterculus,,pollinator,visitedBy,,"globalbioticinteractions.org, fetched 2026-09-02"
Melampodium,Ripiphorus laevicollis,,pollinator,visitedBy,,"globalbioticinteractions.org, fetched 2026-09-02"
Melampodium,Scolia nobilitata,,pollinator,flowersVisitedBy,,"globalbioticinteractions.org, fetched 2026-09-02"
Melampodium,Sostrata nordica,,pollinator,flowersVisitedBy,,"globalbioticinteractions.org, fetched 2026-09-02"
Melampodium,Tetragonisca angustula,,pollinator,flowersVisitedBy,,"globalbioticinteractions.org, fetched 2026-09-02"
Melampodium,Timochares trifasciata trifasciata,,pollinator,flowersVisitedBy,,"globalbioticinteractions.org, fetched 2026-09-02"
Melampodium,Tirumala limniace,,feeds-on,eatenBy,,"globalbioticinteractions.org, fetched 2026-09-02"
Melampodium,Trigona fulviventris,,pollinator,flowersVisitedBy,,"globalbioticinteractions.org, fetched 2026-09-02"
Mimosa,Achaea janata,,feeds-on,eatenBy,,"globalbioticinteractions.org, fetched 2026-09-02"
Mimosa,Acraea pyrrha,,feeds-on,eatenBy,,"globalbioticinteractions.org, fetched 2026-09-02"
Mimosa,Adelencyrtus bandus,,pollinator,flowersVisitedBy,,"globalbioticinteractions.org, fetched 2026-09-02"
Mimosa,Agapostemon splendens,,pollinator,flowersVisitedBy,,"globalbioticinteractions.org, fetched 2026-09-02"
Mimosa,Allograpta exotica,,feeds-on,eatenBy,,"globalbioticinteractions.org, fetched 2026-09-02"
Mimosa,Amegilla acraensis,,pollinator,flowersVisitedBy,,"globalbioticinteractions.org, fetched 2026-09-02"
Mimosa,Amegilla cingulata,,feeds-on,eatenBy,,"globalbioticinteractions.org, fetched 2026-09-02"
Mimosa,Amegilla cingulata,,pollinator,flowersVisitedBy,,"globalbioticinteractions.org, fetched 2026-09-02"
Mimosa,Andrena,,pollinator,flowersVisitedBy,,"globalbioticinteractions.org, fetched 2026-09-02"
Mimosa,Anthidiellum perplexum,,pollinator,flowersVisitedBy,,"globalbioticinteractions.org, fetched 2026-09-02"
Mimosa,Apis cerana,,feeds-on,eatenBy,,"globalbioticinteractions.org, fetched 2026-09-02"
Mimosa,Apis cerana,,pollinator,flowersVisitedBy,,"globalbioticinteractions.org, fetched 2026-09-02"
Mimosa,Apis dorsata,,pollinator,flowersVisitedBy,,"globalbioticinteractions.org, fetched 2026-09-02"
Mimosa,Apis florea,,feeds-on,eatenBy,,"globalbioticinteractions.org, fetched 2026-09-02"
Mimosa,Apis florea,,pollinator,flowersVisitedBy,,"globalbioticinteractions.org, fetched 2026-09-02"
Mimosa,Apis mellifera,,pollinator,pollinatedBy,,"globalbioticinteractions.org, fetched 2026-09-02"
Mimosa,Apogonalia robusta,,feeds-on,eatenBy,,"globalbioticinteractions.org, fetched 2026-09-02"
Mimosa,Argema mittrei,,feeds-on,eatenBy,,"globalbioticinteractions.org, fetched 2026-09-02"
Mimosa,Aristotelia benedenii,,feeds-on,hostOf,,"globalbioticinteractions.org, fetched 2026-09-02"
Mimosa,Augochlora nigrocyanea,,pollinator,flowersVisitedBy,,"globalbioticinteractions.org, fetched 2026-09-02"
Mimosa,Augochlorella aurata,,pollinator,flowersVisitedBy,,"globalbioticinteractions.org, fetched 2026-09-02"
Mimosa,Augochloropsis metallica,,pollinator,flowersVisitedBy,,"globalbioticinteractions.org, fetched 2026-09-02"
Mimosa,Augochloropsis sumptuosa,,pollinator,flowersVisitedBy,,"globalbioticinteractions.org, fetched 2026-09-02"
Mimosa,Automeris cecrops,,feeds-on,eatenBy,,"globalbioticinteractions.org, fetched 2026-09-02"
Mimosa,Automeris complicata,,feeds-on,hostOf,,"globalbioticinteractions.org, fetched 2026-09-02"
Mimosa,Automeris iris,,feeds-on,eatenBy,,"globalbioticinteractions.org, fetched 2026-09-02"
Mimosa,BOLD:AAB0704,,feeds-on,hostOf,,"globalbioticinteractions.org, fetched 2026-09-02"
Mimosa,BOLD:AAB8301,,feeds-on,hostOf,,"globalbioticinteractions.org, fetched 2026-09-02"
Mimosa,BOLD:AAY7269,,feeds-on,hostOf,,"globalbioticinteractions.org, fetched 2026-09-02"
Mimosa,BOLD:ACJ5979,,feeds-on,hostOf,,"globalbioticinteractions.org, fetched 2026-09-02"
Mimosa,Bombus griseocollis,,pollinator,flowersVisitedBy,,"globalbioticinteractions.org, fetched 2026-09-02"
Mimosa,Bombus impatiens,,feeds-on,eatenBy,,"globalbioticinteractions.org, fetched 2026-09-02"
Mimosa,Bombus impatiens,,pollinator,flowersVisitedBy,,"globalbioticinteractions.org, fetched 2026-09-02"
Mimosa,Bonagota salubricola,,feeds-on,hostOf,,"globalbioticinteractions.org, fetched 2026-09-02"
Mimosa,Brachygastra mellifica,,pollinator,visitedBy,,"globalbioticinteractions.org, fetched 2026-09-02"
Mimosa,Callirhopalus bifasciatus,,feeds-on,hostOf,,"globalbioticinteractions.org, fetched 2026-09-02"
Mimosa,Calloconophora gaudencia,,feeds-on,eatenBy,,"globalbioticinteractions.org, fetched 2026-09-02"
Mimosa,Centris analis,,pollinator,visitedBy,,"globalbioticinteractions.org, fetched 2026-09-02"
Mimosa,Centris nitida,,pollinator,flowersVisitedBy,,"globalbioticinteractions.org, fetched 2026-09-02"
Mimosa,Ceratina ericia,,pollinator,flowersVisitedBy,,"globalbioticinteractions.org, fetched 2026-09-02"
Mimosa,Ceratina floridana,,pollinator,flowersVisitedBy,,"globalbioticinteractions.org, fetched 2026-09-02"
Mimosa,Ceresa albosignata,,feeds-on,eatenBy,,"globalbioticinteractions.org, fetched 2026-09-02"
Mimosa,Ceresa ustulata,,feeds-on,eatenBy,,"globalbioticinteractions.org, fetched 2026-09-02"
Mimosa,Charaxes sempronius,,feeds-on,eatenBy,,"globalbioticinteractions.org, fetched 2026-09-02"
Mimosa,Chioides catillus,,feeds-on,hostOf,,"globalbioticinteractions.org, fetched 2026-09-02"
Mimosa,Coelostathma parallelana,,feeds-on,eatenBy,,"globalbioticinteractions.org, fetched 2026-09-02"
Mimosa,Cogia calchas,,feeds-on,hostOf,,"globalbioticinteractions.org, fetched 2026-09-02"
Mimosa,Colletes,,pollinator,flowersVisitedBy,,"globalbioticinteractions.org, fetched 2026-09-02"
Mimosa,Colpa octomaculata,,pollinator,visitedBy,,"globalbioticinteractions.org, fetched 2026-09-02"
Mimosa,Delias eucharis,,feeds-on,eatenBy,,"globalbioticinteractions.org, fetched 2026-09-02"
Mimosa,Delias hyparete,,feeds-on,eatenBy,,"globalbioticinteractions.org, fetched 2026-09-02"
Mimosa,Diphthera festiva,,feeds-on,eatenBy,,"globalbioticinteractions.org, fetched 2026-09-02"
Mimosa,Diptera,,pollinator,pollinatedBy,,"globalbioticinteractions.org, fetched 2026-09-02"
Mimosa,Dismorphia astyocha,,feeds-on,hostOf,,"globalbioticinteractions.org, fetched 2026-09-02"
Mimosa,Dysdercus cingulatus,,feeds-on,eatenBy,,"globalbioticinteractions.org, fetched 2026-09-02"
Mimosa,Echinargus isola,,feeds-on,hostOf,,"globalbioticinteractions.org, fetched 2026-09-02"
Mimosa,Empoasca gibsoni,,feeds-on,eatenBy,,"globalbioticinteractions.org, fetched 2026-09-02"
Mimosa,Enchenopa concolor,,feeds-on,eatenBy,,"globalbioticinteractions.org, fetched 2026-09-02"
Mimosa,Enchenopa gracilis,,feeds-on,eatenBy,,"globalbioticinteractions.org, fetched 2026-09-02"
Mimosa,Ericeia inangulata,,feeds-on,eatenBy,,"globalbioticinteractions.org, fetched 2026-09-02"
Mimosa,Eubergia caisa,,feeds-on,hostOf,,"globalbioticinteractions.org, fetched 2026-09-02"
Mimosa,Eulaema polychroma,,pollinator,flowersVisitedBy,,"globalbioticinteractions.org, fetched 2026-09-02"
Mimosa,Eumenes bollii,,feeds-on,eatenBy,,"globalbioticinteractions.org, fetched 2026-09-02"
Mimosa,Eumenes bollii,,pollinator,visitedBy,,"globalbioticinteractions.org, fetched 2026-09-02"
Mimosa,Eumeta minuscula,,feeds-on,hostOf,,"globalbioticinteractions.org, fetched 2026-09-02"
Mimosa,Eupackardia calleta,,feeds-on,hostOf,,"globalbioticinteractions.org, fetched 2026-09-02"
Mimosa,Euploea core,,feeds-on,eatenBy,,"globalbioticinteractions.org, fetched 2026-09-02"
Mimosa,Eurema daira,,feeds-on,eatenBy,,"globalbioticinteractions.org, fetched 2026-09-02"
Mimosa,Eurema floricola,,feeds-on,hostOf,,"globalbioticinteractions.org, fetched 2026-09-02"
Mimosa,Eurema lisa,,feeds-on,eatenBy,,"globalbioticinteractions.org, fetched 2026-09-02"
Mimosa,Exitianus exitiosus,,feeds-on,eatenBy,,"globalbioticinteractions.org, fetched 2026-09-02"
Mimosa,Exomalopsis,,pollinator,flowersVisitedBy,,"globalbioticinteractions.org, fetched 2026-09-02"
Mimosa,Exomalopsis analis,,pollinator,flowersVisitedBy,,"globalbioticinteractions.org, fetched 2026-09-02"
Mimosa,Filatima neotrophella,,feeds-on,eatenBy,,"globalbioticinteractions.org, fetched 2026-09-02"
Mimosa,Gonometa postica,,feeds-on,eatenBy,,"globalbioticinteractions.org, fetched 2026-09-02"
Mimosa,Graptostethus pubescens,,feeds-on,eatenBy,,"globalbioticinteractions.org, fetched 2026-09-02"
Mimosa,Halictonomia decemmaculata,,pollinator,flowersVisitedBy,,"globalbioticinteractions.org, fetched 2026-09-02"
Mimosa,Halictus ligatus,,pollinator,flowersVisitedBy,,"globalbioticinteractions.org, fetched 2026-09-02"
Mimosa,Halictus lutescens,,pollinator,flowersVisitedBy,,"globalbioticinteractions.org, fetched 2026-09-02"
Mimosa,Hebata fabalis,,feeds-on,eatenBy,,"globalbioticinteractions.org, fetched 2026-09-02"
Mimosa,Hemiargus ceraunus,,feeds-on,hostOf,,"globalbioticinteractions.org, fetched 2026-09-02"
Mimosa,Hemileuca chinatiensis,,feeds-on,eatenBy,,"globalbioticinteractions.org, fetched 2026-09-02"
Mimosa,Hemileuca rubridorsa,,feeds-on,hostOf,,"globalbioticinteractions.org, fetched 2026-09-02"
Mimosa,Hemileuca tricolor,,feeds-on,eatenBy,,"globalbioticinteractions.org, fetched 2026-09-02"
Mimosa,Heteropsylla spinulosa,,feeds-on,eatenBy,,"globalbioticinteractions.org, fetched 2026-09-02"
Mimosa,Heterostegane subtessellata,,feeds-on,eatenBy,,"globalbioticinteractions.org, fetched 2026-09-02"
Mimosa,Heterostegane tritocampsis,,feeds-on,eatenBy,,"globalbioticinteractions.org, fetched 2026-09-02"
Mimosa,Heterostegane tritocampsis classeyi,,feeds-on,hostOf,,"globalbioticinteractions.org, fetched 2026-09-02"
Mimosa,Homadaula anisocentra,,feeds-on,hostOf,,"globalbioticinteractions.org, fetched 2026-09-02"
Mimosa,Hyposidra janiaria,,feeds-on,eatenBy,,"globalbioticinteractions.org, fetched 2026-09-02"
Mimosa,Iambrix salsala,,feeds-on,eatenBy,,"globalbioticinteractions.org, fetched 2026-09-02"
Mimosa,Icerya purchasi,,feeds-on,eatenBy,,"globalbioticinteractions.org, fetched 2026-09-02"
Mimosa,Illyria hilli,,feeds-on,eatenBy,,"globalbioticinteractions.org, fetched 2026-09-02"
Mimosa,Ithome anthraceuta,,feeds-on,hostOf,,"globalbioticinteractions.org, fetched 2026-09-02"
Mimosa,Ithome concolorella,,feeds-on,hostOf,,"globalbioticinteractions.org, fetched 2026-09-02"
Mimosa,Lampides boeticus,,pollinator,visitedBy,,"globalbioticinteractions.org, fetched 2026-09-02"
Mimosa,Lampromicra senator,,feeds-on,eatenBy,,"globalbioticinteractions.org, fetched 2026-09-02"
Mimosa,Lasioglossum,,pollinator,flowersVisitedBy,,"globalbioticinteractions.org, fetched 2026-09-02"
Mimosa,Lasioglossum moderatum,,pollinator,flowersVisitedBy,,"globalbioticinteractions.org, fetched 2026-09-02"
Mimosa,Leptocoris tagalicus,,feeds-on,eatenBy,,"globalbioticinteractions.org, fetched 2026-09-02"
Mimosa,Libytheana carinenta,,pollinator,visitedBy,,"globalbioticinteractions.org, fetched 2026-09-02"
Mimosa,Luthrodes pandava,,pollinator,flowersVisitedBy,,"globalbioticinteractions.org, fetched 2026-09-02"
Mimosa,Lygaeus kalmii kalmii,,pollinator,visitedBy,,"globalbioticinteractions.org, fetched 2026-09-02"
Mimosa,Macaria abydata,,feeds-on,hostOf,,"globalbioticinteractions.org, fetched 2026-09-02"
Mimosa,Macromesus javensis,,pollinator,flowersVisitedBy,,"globalbioticinteractions.org, fetched 2026-09-02"
Mimosa,Megachile,,pollinator,flowersVisitedBy,,"globalbioticinteractions.org, fetched 2026-09-02"
Mimosa,Megachile albiscopa,,pollinator,flowersVisitedBy,,"globalbioticinteractions.org, fetched 2026-09-02"
Mimosa,Megachile chichimeca,,pollinator,flowersVisitedBy,,"globalbioticinteractions.org, fetched 2026-09-02"
Mimosa,Megachile discolor,,pollinator,flowersVisitedBy,,"globalbioticinteractions.org, fetched 2026-09-02"
Mimosa,Megachile ianthoptera,,pollinator,flowersVisitedBy,,"globalbioticinteractions.org, fetched 2026-09-02"
Mimosa,Megachile lerma,,feeds-on,eatenBy,,"globalbioticinteractions.org, fetched 2026-09-02"
Mimosa,Megalorhipida,,feeds-on,eatenBy,,"globalbioticinteractions.org, fetched 2026-09-02"
Mimosa,Melipona quadrifasciata quadrifasciata,,pollinator,visitedBy,,"globalbioticinteractions.org, fetched 2026-09-02"
Mimosa,Melipona scutellaris,,pollinator,visitedBy,,"globalbioticinteractions.org, fetched 2026-09-02"
Mimosa,Melipotis ochrodes,,feeds-on,eatenBy,,"globalbioticinteractions.org, fetched 2026-09-02"
Mimosa,Melissodes,,pollinator,flowersVisitedBy,,"globalbioticinteractions.org, fetched 2026-09-02"
Mimosa,Melissodes bimaculatus,,pollinator,visitedBy,,"globalbioticinteractions.org, fetched 2026-09-02"
Mimosa,Membracis foliata,,feeds-on,eatenBy,,"globalbioticinteractions.org, fetched 2026-09-02"
Mimosa,Membracis foliatafasciata,,feeds-on,eatenBy,,"globalbioticinteractions.org, fetched 2026-09-02"
Mimosa,Mictis profana,,feeds-on,eatenBy,,"globalbioticinteractions.org, fetched 2026-09-02"
Mimosa,Milesia bella,,pollinator,visitsFlowersOf,,"globalbioticinteractions.org, fetched 2026-09-02"
Mimosa,Ministrymon azia,,feeds-on,hostOf,,"globalbioticinteractions.org, fetched 2026-09-02"
Mimosa,Ministrymon leda,,pollinator,flowersVisitedBy,,"globalbioticinteractions.org, fetched 2026-09-02"
Mimosa,Motschulskyia serrata,,feeds-on,eatenBy,,"globalbioticinteractions.org, fetched 2026-09-02"
Mimosa,Mozena,,feeds-on,hostOf,,"globalbioticinteractions.org, fetched 2026-09-02"
Mimosa,Mozena obesa,,feeds-on,hostOf,,"globalbioticinteractions.org, fetched 2026-09-02"
Mimosa,Nathalis iole,,pollinator,flowersVisitedBy,,"globalbioticinteractions.org, fetched 2026-09-02"
Mimosa,Neptis hylas,,feeds-on,eatenBy,,"globalbioticinteractions.org, fetched 2026-09-02"
Mimosa,Nomia aurata,,feeds-on,eatenBy,,"globalbioticinteractions.org, fetched 2026-09-02"
Mimosa,Nomia granulata,,pollinator,flowersVisitedBy,,"globalbioticinteractions.org, fetched 2026-09-02"
Mimosa,Nomia viridicincta,,pollinator,flowersVisitedBy,,"globalbioticinteractions.org, fetched 2026-09-02"
Mimosa,Opomydas limbatus,,feeds-on,eatenBy,,"globalbioticinteractions.org, fetched 2026-09-02"
Mimosa,Orgyia leucostigma,,feeds-on,hostOf,,"globalbioticinteractions.org, fetched 2026-09-02"
Mimosa,Orgyia turbata,,feeds-on,hostOf,,"globalbioticinteractions.org, fetched 2026-09-02"
Mimosa,Oxylipeurus volsellus,,feeds-on,eatenBy,,"globalbioticinteractions.org, fetched 2026-09-02"
Mimosa,Palpada furcata,,pollinator,flowersVisitedBy,,"globalbioticinteractions.org, fetched 2026-09-02"
Mimosa,Papilio multicaudata multicaudata,,pollinator,flowersVisitedBy,,"globalbioticinteractions.org, fetched 2026-09-02"
Mimosa,Papilio nephelus subsp. chaon,,feeds-on,eatenBy,,"globalbioticinteractions.org, fetched 2026-09-02"
Mimosa,Paratetrapedia,,feeds-on,eatenBy,,"globalbioticinteractions.org, fetched 2026-09-02"
Mimosa,Parlatoria pittospori,,feeds-on,eatenBy,,"globalbioticinteractions.org, fetched 2026-09-02"
Mimosa,Paromoeocerus barbicornis,,feeds-on,eatenBy,,"globalbioticinteractions.org, fetched 2026-09-02"
Mimosa,Partamona bilineata,,pollinator,flowersVisitedBy,,"globalbioticinteractions.org, fetched 2026-09-02"
Mimosa,Philophuga viridicollis,,pollinator,visitedBy,,"globalbioticinteractions.org, fetched 2026-09-02"
Mimosa,Pieris canidia,,feeds-on,eatenBy,,"globalbioticinteractions.org, fetched 2026-09-02"
Mimosa,Platynota,,feeds-on,eatenBy,,"globalbioticinteractions.org, fetched 2026-09-02"
Mimosa,Polistes apachus,,pollinator,visitedBy,,"globalbioticinteractions.org, fetched 2026-09-02"
Mimosa,Prochola,,feeds-on,eatenBy,,"globalbioticinteractions.org, fetched 2026-09-02"
Mimosa,Prosotas nora,,feeds-on,hostOf,,"globalbioticinteractions.org, fetched 2026-09-02"
Mimosa,Pseudochlamys semirufescens,,feeds-on,eatenBy,,"globalbioticinteractions.org, fetched 2026-09-02"
Mimosa,Pseudocoladenia dan,,feeds-on,hostOf,,"globalbioticinteractions.org, fetched 2026-09-02"
Mimosa,Psorophora cyanescens,,pollinator,visitedBy,,"globalbioticinteractions.org, fetched 2026-09-02"
Mimosa,Psorthaspis legata,,pollinator,visitedBy,,"globalbioticinteractions.org, fetched 2026-09-02"
Mimosa,Pyrisitia nise,,feeds-on,hostOf,,"globalbioticinteractions.org, fetched 2026-09-02"
Mimosa,Riptortus serripes,,feeds-on,eatenBy,,"globalbioticinteractions.org, fetched 2026-09-02"
Mimosa,Rothschildia cinctus cinctus,,feeds-on,hostOf,,"globalbioticinteractions.org, fetched 2026-09-02"
Mimosa,Rothschildia jorulla,,feeds-on,eatenBy,,"globalbioticinteractions.org, fetched 2026-09-02"
Mimosa,Scolia,,feeds-on,eatenBy,,"globalbioticinteractions.org, fetched 2026-09-02"
Mimosa,Scolia,,pollinator,visitedBy,,"globalbioticinteractions.org, fetched 2026-09-02"
Mimosa,Somena scintillans,,feeds-on,eatenBy,,"globalbioticinteractions.org, fetched 2026-09-02"
Mimosa,Strangalia famelica,,pollinator,flowersVisitedBy,,"globalbioticinteractions.org, fetched 2026-09-02"
Mimosa,Tanaostigmodes albiclavus,,feeds-on,hostOf,,"globalbioticinteractions.org, fetched 2026-09-02"
Mimosa,Tanaostigmodes tychii,,feeds-on,hostOf,,"globalbioticinteractions.org, fetched 2026-09-02"
Mimosa,Tetrapedia,,pollinator,flowersVisitedBy,,"globalbioticinteractions.org, fetched 2026-09-02"
Mimosa,Thrinchostoma atrum,,pollinator,flowersVisitedBy,,"globalbioticinteractions.org, fetched 2026-09-02"
Mimosa,Thrinchostoma nachtigali,,pollinator,flowersVisitedBy,,"globalbioticinteractions.org, fetched 2026-09-02"
Mimosa,Typocerus velutinus,,pollinator,flowersVisitedBy,,"globalbioticinteractions.org, fetched 2026-09-02"
Mimosa,Urbanus teleus,,feeds-on,hostOf,,"globalbioticinteractions.org, fetched 2026-09-02"
Mimosa,Youngszella pseudomarginella,,feeds-on,eatenBy,,"globalbioticinteractions.org, fetched 2026-09-02"
Mimosa,Zeuzera,,feeds-on,hostOf,,"globalbioticinteractions.org, fetched 2026-09-02"
Mimosa,Zizina otis,,feeds-on,eatenBy,,"globalbioticinteractions.org, fetched 2026-09-02"
Mimosa,Zizina otis lampa,,feeds-on,hostOf,,"globalbioticinteractions.org, fetched 2026-09-02"
Muhlenbergia,Acanthis flammea,,feeds-on,eatenBy,,"globalbioticinteractions.org, fetched 2026-09-02"
Muhlenbergia,Acanthococcus orzo,,feeds-on,eatenBy,,"globalbioticinteractions.org, fetched 2026-09-02"
Muhlenbergia,Aiolopus strepens,,feeds-on,eatenBy,,"globalbioticinteractions.org, fetched 2026-09-02"
Muhlenbergia,Alectoris graeca,,feeds-on,eatenBy,,"globalbioticinteractions.org, fetched 2026-09-02"
Muhlenbergia,Anicla infecta,,feeds-on,hostOf,,"globalbioticinteractions.org, fetched 2026-09-02"
Muhlenbergia,Anser anser,,feeds-on,eatenBy,,"globalbioticinteractions.org, fetched 2026-09-02"
Muhlenbergia,Apis mellifera,,pollinator,flowersVisitedBy,,"globalbioticinteractions.org, fetched 2026-09-02"
Muhlenbergia,Armadillidium vulgare,,pollinator,flowersVisitedBy,,"globalbioticinteractions.org, fetched 2026-09-02"
Muhlenbergia,Cerceris sextoides,,pollinator,visitedBy,,"globalbioticinteractions.org, fetched 2026-09-02"
Muhlenbergia,Chondestes grammacus,,pollinator,visitedBy,,"globalbioticinteractions.org, fetched 2026-09-02"
Muhlenbergia,Columba livia domestica,,feeds-on,eatenBy,,"globalbioticinteractions.org, fetched 2026-09-02"
Muhlenbergia,Corvus monedula,,feeds-on,eatenBy,,"globalbioticinteractions.org, fetched 2026-09-02"
Muhlenbergia,Draeculacephala robinsoni,,feeds-on,eatenBy,,"globalbioticinteractions.org, fetched 2026-09-02"
Muhlenbergia,Draeculacephala sphagneticola,,feeds-on,eatenBy,,"globalbioticinteractions.org, fetched 2026-09-02"
Muhlenbergia,Emberiza cia,,feeds-on,eatenBy,,"globalbioticinteractions.org, fetched 2026-09-02"
Muhlenbergia,Emberiza citrinella,,feeds-on,eatenBy,,"globalbioticinteractions.org, fetched 2026-09-02"
Muhlenbergia,Enodia anthedon,,feeds-on,eatenBy,,"globalbioticinteractions.org, fetched 2026-09-02"
Muhlenbergia,Eremnophila aureonotata,,pollinator,visitedBy,,"globalbioticinteractions.org, fetched 2026-09-02"
Muhlenbergia,Eritettix simplex,,feeds-on,eatenBy,,"globalbioticinteractions.org, fetched 2026-09-02"
Muhlenbergia,Eurytomocharis eragrostidis,,feeds-on,hostOf,,"globalbioticinteractions.org, fetched 2026-09-02"
Muhlenbergia,Garrulus glandarius,,feeds-on,eatenBy,,"globalbioticinteractions.org, fetched 2026-09-02"
Muhlenbergia,Hemileuca oliviae,,feeds-on,hostOf,,"globalbioticinteractions.org, fetched 2026-09-02"
Muhlenbergia,Hyalopteroides humilis,,feeds-on,eatenBy,,"globalbioticinteractions.org, fetched 2026-09-02"
Muhlenbergia,Ibidoecus longiclypeatus,,feeds-on,eatenBy,,"globalbioticinteractions.org, fetched 2026-09-02"
Muhlenbergia,Limnia inopa,,feeds-on,hostOf,,"globalbioticinteractions.org, fetched 2026-09-02"
Muhlenbergia,Liorhyssus hyalinus,,pollinator,visitedBy,,"globalbioticinteractions.org, fetched 2026-09-02"
Muhlenbergia,Lophophanes cristatus,,feeds-on,eatenBy,,"globalbioticinteractions.org, fetched 2026-09-02"
Muhlenbergia,Lullula arborea,,feeds-on,eatenBy,,"globalbioticinteractions.org, fetched 2026-09-02"
Muhlenbergia,Monoceronychus panici,,feeds-on,eatenBy,,"globalbioticinteractions.org, fetched 2026-09-02"
Muhlenbergia,Montifringilla nivalis,,feeds-on,eatenBy,,"globalbioticinteractions.org, fetched 2026-09-02"
Muhlenbergia,Oarisma garita,,feeds-on,hostOf,,"globalbioticinteractions.org, fetched 2026-09-02"
Muhlenbergia,Ochlodes venata,,feeds-on,eatenBy,,"globalbioticinteractions.org, fetched 2026-09-02"
Muhlenbergia,Oriolus oriolus,,feeds-on,eatenBy,,"globalbioticinteractions.org, fetched 2026-09-02"
Muhlenbergia,Papagona papoosa,,feeds-on,eatenBy,,"globalbioticinteractions.org, fetched 2026-09-02"
Muhlenbergia,Paratrytone snowi,,feeds-on,hostOf,,"globalbioticinteractions.org, fetched 2026-09-02"
Muhlenbergia,Passer italiae,,feeds-on,eatenBy,,"globalbioticinteractions.org, fetched 2026-09-02"
Muhlenbergia,Phidippus johnsoni,,pollinator,visitedBy,,"globalbioticinteractions.org, fetched 2026-09-02"
Muhlenbergia,Philbostroma quadrimaculatum,,feeds-on,eatenBy,,"globalbioticinteractions.org, fetched 2026-09-02"
Muhlenbergia,Pica pica,,feeds-on,eatenBy,,"globalbioticinteractions.org, fetched 2026-09-02"
Muhlenbergia,Provancherana tripunctata,,feeds-on,eatenBy,,"globalbioticinteractions.org, fetched 2026-09-02"
Muhlenbergia,Prunella modularis,,feeds-on,eatenBy,,"globalbioticinteractions.org, fetched 2026-09-02"
Muhlenbergia,Pseudopolydesmus erasus,,feeds-on,hostOf,,"globalbioticinteractions.org, fetched 2026-09-02"
Muhlenbergia,Psoloessa texana,,feeds-on,eatenBy,,"globalbioticinteractions.org, fetched 2026-09-02"
Muhlenbergia,Pyrrhocorax pyrrhocorax,,feeds-on,eatenBy,,"globalbioticinteractions.org, fetched 2026-09-02"
Muhlenbergia,Pyrrhula pyrrhula,,feeds-on,eatenBy,,"globalbioticinteractions.org, fetched 2026-09-02"
Muhlenbergia,Schizotetranychus fluvialis,,feeds-on,eatenBy,,"globalbioticinteractions.org, fetched 2026-09-02"
Muhlenbergia,Serinus serinus,,feeds-on,eatenBy,,"globalbioticinteractions.org, fetched 2026-09-02"
Muhlenbergia,Spinus psaltria,,pollinator,visitedBy,,"globalbioticinteractions.org, fetched 2026-09-02"
Muhlenbergia,Spizella passerina,,feeds-on,eatenBy,,"globalbioticinteractions.org, fetched 2026-09-02"
Muhlenbergia,Stenodema vicinum,,feeds-on,hostOf,,"globalbioticinteractions.org, fetched 2026-09-02"
Muhlenbergia,Tetrao urogallus,,feeds-on,eatenBy,,"globalbioticinteractions.org, fetched 2026-09-02"
Muhlenbergia,Tetrastes bonasia,,feeds-on,eatenBy,,"globalbioticinteractions.org, fetched 2026-09-02"
Muhlenbergia,Trichordestra legitima,,feeds-on,eatenBy,,"globalbioticinteractions.org, fetched 2026-09-02"
Muhlenbergia,Turdus torquatus,,feeds-on,eatenBy,,"globalbioticinteractions.org, fetched 2026-09-02"
Muhlenbergia,Ypthima argus,,feeds-on,eatenBy,,"globalbioticinteractions.org, fetched 2026-09-02"
Packera,Acmaeodera tubulus,,pollinator,flowersVisitedBy,,"globalbioticinteractions.org, fetched 2026-09-02"
Packera,Agallia quadripunctata,,pollinator,visitedBy,,"globalbioticinteractions.org, fetched 2026-09-02"
Packera,Agalliopsis novella,,pollinator,visitedBy,,"globalbioticinteractions.org, fetched 2026-09-02"
Packera,Agapostemon angelicus,,feeds-on,hostOf,,"globalbioticinteractions.org, fetched 2026-09-02"
Packera,Agapostemon texanus,,pollinator,flowersVisitedBy,,"globalbioticinteractions.org, fetched 2026-09-02"
Packera,Aglais urticae,,pollinator,visitedBy,,"globalbioticinteractions.org, fetched 2026-09-02"
Packera,Amblyscirtes hegon,,pollinator,flowersVisitedBy,,"globalbioticinteractions.org, fetched 2026-09-02"
Packera,Amblyscirtes vialis,,pollinator,flowersVisitedBy,,"globalbioticinteractions.org, fetched 2026-09-02"
Packera,Ancistrocerus,,feeds-on,eatenBy,,"globalbioticinteractions.org, fetched 2026-09-02"
Packera,Ancistrocerus,,pollinator,flowersVisitedBy,,"globalbioticinteractions.org, fetched 2026-09-02"
Packera,Andrena,,pollinator,flowersVisitedBy,,"globalbioticinteractions.org, fetched 2026-09-02"
Packera,Andrena barbara,,pollinator,flowersVisitedBy,,"globalbioticinteractions.org, fetched 2026-09-02"
Packera,Andrena cerasifolii,,feeds-on,hostOf,,"globalbioticinteractions.org, fetched 2026-09-02"
Packera,Andrena cressonii cressonii,,pollinator,visitedBy,,"globalbioticinteractions.org, fetched 2026-09-02"
Packera,Andrena evoluta,,feeds-on,hostOf,,"globalbioticinteractions.org, fetched 2026-09-02"
Packera,Andrena gardineri,,feeds-on,eatenBy,,"globalbioticinteractions.org, fetched 2026-09-02"
Packera,Andrena gardineri,,pollinator,flowersVisitedBy,,"globalbioticinteractions.org, fetched 2026-09-02"
Packera,Andrena lupinorum,,feeds-on,hostOf,,"globalbioticinteractions.org, fetched 2026-09-02"
Packera,Andrena medionitens,,feeds-on,hostOf,,"globalbioticinteractions.org, fetched 2026-09-02"
Packera,Andrena milwaukeensis,,feeds-on,hostOf,,"globalbioticinteractions.org, fetched 2026-09-02"
Packera,Andrena nivalis,,pollinator,flowersVisitedBy,,"globalbioticinteractions.org, fetched 2026-09-02"
Packera,Andrena prunorum,,feeds-on,hostOf,,"globalbioticinteractions.org, fetched 2026-09-02"
Packera,Anthocharis midea,,pollinator,flowersVisitedBy,,"globalbioticinteractions.org, fetched 2026-09-02"
Packera,Anthophora bomboides,,feeds-on,hostOf,,"globalbioticinteractions.org, fetched 2026-09-02"
Packera,Ashmeadiella bucconis,,feeds-on,hostOf,,"globalbioticinteractions.org, fetched 2026-09-02"
Packera,Atalopedes huron,,pollinator,flowersVisitedBy,,"globalbioticinteractions.org, fetched 2026-09-02"
Packera,Augochlora pura,,feeds-on,eatenBy,,"globalbioticinteractions.org, fetched 2026-09-02"
Packera,Augochlora pura,,pollinator,flowersVisitedBy,,"globalbioticinteractions.org, fetched 2026-09-02"
Packera,Augochlorella aurata,,pollinator,visitedBy,,"globalbioticinteractions.org, fetched 2026-09-02"
Packera,Boloria eunomia,,pollinator,flowersVisitedBy,,"globalbioticinteractions.org, fetched 2026-09-02"
Packera,Bombus bifarius,,pollinator,flowersVisitedBy,,"globalbioticinteractions.org, fetched 2026-09-02"
Packera,Bombus bimaculatus,,pollinator,flowersVisitedBy,,"globalbioticinteractions.org, fetched 2026-09-02"
Packera,Bombus fervidus,,feeds-on,hostOf,,"globalbioticinteractions.org, fetched 2026-09-02"
Packera,Bombus huntii,,feeds-on,hostOf,,"globalbioticinteractions.org, fetched 2026-09-02"
Packera,Bombus impatiens,,pollinator,flowersVisitedBy,,"globalbioticinteractions.org, fetched 2026-09-02"
Packera,Bombus insularis,,pollinator,flowersVisitedBy,,"globalbioticinteractions.org, fetched 2026-09-02"
Packera,Bombus melanopygus,,pollinator,flowersVisitedBy,,"globalbioticinteractions.org, fetched 2026-09-02"
Packera,Bombus melanopygus,,feeds-on,hostOf,,"globalbioticinteractions.org, fetched 2026-09-02"
Packera,Bombus occidentalis,,pollinator,flowersVisitedBy,,"globalbioticinteractions.org, fetched 2026-09-02"
Packera,Bombus sitkensis,,pollinator,flowersVisitedBy,,"globalbioticinteractions.org, fetched 2026-09-02"
Packera,Bombus vagans,,pollinator,flowersVisitedBy,,"globalbioticinteractions.org, fetched 2026-09-02"
Packera,Calephelis borealis,,feeds-on,hostOf,,"globalbioticinteractions.org, fetched 2026-09-02"
Packera,Callophrys gryneus,,pollinator,flowersVisitedBy,,"globalbioticinteractions.org, fetched 2026-09-02"
Packera,Callophrys gryneus,,feeds-on,eatenBy,,"globalbioticinteractions.org, fetched 2026-09-02"
Packera,Callophrys gryneus nelsoni,,pollinator,flowersVisitedBy,,"globalbioticinteractions.org, fetched 2026-09-02"
Packera,Carterocephalus mandan,,pollinator,flowersVisitedBy,,"globalbioticinteractions.org, fetched 2026-09-02"
Packera,Celastrina lucia,,pollinator,flowersVisitedBy,,"globalbioticinteractions.org, fetched 2026-09-02"
Packera,Chauliognathus marginatus,,pollinator,flowersVisitedBy,,"globalbioticinteractions.org, fetched 2026-09-02"
Packera,Chionodes mediofuscella,,pollinator,visitedBy,,"globalbioticinteractions.org, fetched 2026-09-02"
Packera,Chlosyne gorgone,,pollinator,flowersVisitedBy,,"globalbioticinteractions.org, fetched 2026-09-02"
Packera,Chlosyne palla,,pollinator,flowersVisitedBy,,"globalbioticinteractions.org, fetched 2026-09-02"
Packera,Coenonympha california,,pollinator,flowersVisitedBy,,"globalbioticinteractions.org, fetched 2026-09-02"
Packera,Coenonympha california,,feeds-on,eatenBy,,"globalbioticinteractions.org, fetched 2026-09-02"
Packera,Coleoptera,,pollinator,flowersVisitedBy,,"globalbioticinteractions.org, fetched 2026-09-02"
Packera,Colias croceus,,pollinator,visitedBy,,"globalbioticinteractions.org, fetched 2026-09-02"
Packera,Colias eurytheme,,pollinator,flowersVisitedBy,,"globalbioticinteractions.org, fetched 2026-09-02"
Packera,Colletes slevini,,feeds-on,hostOf,,"globalbioticinteractions.org, fetched 2026-09-02"
Packera,Copestylum avidum,,feeds-on,eatenBy,,"globalbioticinteractions.org, fetched 2026-09-02"
Packera,Copestylum avidum,,pollinator,flowersVisitedBy,,"globalbioticinteractions.org, fetched 2026-09-02"
Packera,Diadasia diminuta,,feeds-on,hostOf,,"globalbioticinteractions.org, fetched 2026-09-02"
Packera,Dialictus,,pollinator,flowersVisitedBy,,"globalbioticinteractions.org, fetched 2026-09-02"
Packera,Dielis plumipes,,pollinator,flowersVisitedBy,,"globalbioticinteractions.org, fetched 2026-09-02"
Packera,Diptera,,pollinator,pollinatedBy,,"globalbioticinteractions.org, fetched 2026-09-02"
Packera,Dufourea trochantera,,pollinator,flowersVisitedBy,,"globalbioticinteractions.org, fetched 2026-09-02"
Packera,Elampus,,pollinator,visitedBy,,"globalbioticinteractions.org, fetched 2026-09-02"
Packera,Elkalyce comyntas,,feeds-on,eatenBy,,"globalbioticinteractions.org, fetched 2026-09-02"
Packera,Elkalyce comyntas,,pollinator,flowersVisitedBy,,"globalbioticinteractions.org, fetched 2026-09-02"
Packera,Entylia carinata,,pollinator,visitedBy,,"globalbioticinteractions.org, fetched 2026-09-02"
Packera,Epeolus minimus,,feeds-on,hostOf,,"globalbioticinteractions.org, fetched 2026-09-02"
Packera,Erebia epipsodea,,pollinator,flowersVisitedBy,,"globalbioticinteractions.org, fetched 2026-09-02"
Packera,Eristalis similis,,pollinator,visitedBy,,"globalbioticinteractions.org, fetched 2026-09-02"
Packera,Eristalis tenax,,pollinator,flowersVisitedBy,,"globalbioticinteractions.org, fetched 2026-09-02"
Packera,Erynnis brizo,,pollinator,flowersVisitedBy,,"globalbioticinteractions.org, fetched 2026-09-02"
Packera,Erynnis pacuvius,,pollinator,flowersVisitedBy,,"globalbioticinteractions.org, fetched 2026-09-02"
Packera,Eucera edwardsii,,pollinator,flowersVisitedBy,,"globalbioticinteractions.org, fetched 2026-09-02"
Packera,Eucera fulvitarsis,,feeds-on,hostOf,,"globalbioticinteractions.org, fetched 2026-09-02"
Packera,Euchloe ausonides,,pollinator,flowersVisitedBy,,"globalbioticinteractions.org, fetched 2026-09-02"
Packera,Euphilotes enoptes ancilla,,pollinator,flowersVisitedBy,,"globalbioticinteractions.org, fetched 2026-09-02"
Packera,Euphydryas,,pollinator,flowersVisitedBy,,"globalbioticinteractions.org, fetched 2026-09-02"
Packera,Euphydryas anicia,,pollinator,flowersVisitedBy,,"globalbioticinteractions.org, fetched 2026-09-02"
Packera,Euphydryas anicia brucei,,pollinator,flowersVisitedBy,,"globalbioticinteractions.org, fetched 2026-09-02"
Packera,Euphydryas anicia capella,,pollinator,flowersVisitedBy,,"globalbioticinteractions.org, fetched 2026-09-02"
Packera,Euphydryas editha alebarki,,pollinator,flowersVisitedBy,,"globalbioticinteractions.org, fetched 2026-09-02"
Packera,Halictus confusus,,pollinator,flowersVisitedBy,,"globalbioticinteractions.org, fetched 2026-09-02"
Packera,Halictus confusus,,feeds-on,eatenBy,,"globalbioticinteractions.org, fetched 2026-09-02"
Packera,Halictus farinosus,,feeds-on,hostOf,,"globalbioticinteractions.org, fetched 2026-09-02"
Packera,Halictus ligatus,,feeds-on,eatenBy,,"globalbioticinteractions.org, fetched 2026-09-02"
Packera,Halictus ligatus,,pollinator,flowersVisitedBy,,"globalbioticinteractions.org, fetched 2026-09-02"
Packera,Halictus tripartitus,,pollinator,flowersVisitedBy,,"globalbioticinteractions.org, fetched 2026-09-02"
Packera,Halictus tripartitus,,feeds-on,hostOf,,"globalbioticinteractions.org, fetched 2026-09-02"
Packera,Harmostes reflexulus,,pollinator,flowersVisitedBy,,"globalbioticinteractions.org, fetched 2026-09-02"
Packera,Helophilus fasciatus,,pollinator,flowersVisitedBy,,"globalbioticinteractions.org, fetched 2026-09-02"
Packera,Heriades cressoni,,feeds-on,hostOf,,"globalbioticinteractions.org, fetched 2026-09-02"
Packera,Heriades micropthalma,,feeds-on,hostOf,,"globalbioticinteractions.org, fetched 2026-09-02"
Packera,Heriades timberlakei,,feeds-on,hostOf,,"globalbioticinteractions.org, fetched 2026-09-02"
Packera,Hesperia juba,,pollinator,flowersVisitedBy,,"globalbioticinteractions.org, fetched 2026-09-02"
Packera,Hesperia nevada,,pollinator,flowersVisitedBy,,"globalbioticinteractions.org, fetched 2026-09-02"
Packera,Hesperiidae,,pollinator,flowersVisitedBy,,"globalbioticinteractions.org, fetched 2026-09-02"
Packera,Hoplitis albifrons,,feeds-on,hostOf,,"globalbioticinteractions.org, fetched 2026-09-02"
Packera,Hylaeus mesillae,,feeds-on,hostOf,,"globalbioticinteractions.org, fetched 2026-09-02"
Packera,Icaricia icarioides,,pollinator,flowersVisitedBy,,"globalbioticinteractions.org, fetched 2026-09-02"
Packera,Junonia coenia,,pollinator,flowersVisitedBy,,"globalbioticinteractions.org, fetched 2026-09-02"
Packera,Languria mozardi,,pollinator,flowersVisitedBy,,"globalbioticinteractions.org, fetched 2026-09-02"
Packera,Lasioglossum albipenne,,pollinator,flowersVisitedBy,,"globalbioticinteractions.org, fetched 2026-09-02"
Packera,Lasioglossum imitatum,,feeds-on,eatenBy,,"globalbioticinteractions.org, fetched 2026-09-02"
Packera,Lasioglossum imitatum,,pollinator,visitedBy,,"globalbioticinteractions.org, fetched 2026-09-02"
Packera,Lasioglossum pruinosum,,feeds-on,hostOf,,"globalbioticinteractions.org, fetched 2026-09-02"
Packera,Lasioglossum sisymbrii,,feeds-on,hostOf,,"globalbioticinteractions.org, fetched 2026-09-02"
Packera,Lebia viridis,,pollinator,flowersVisitedBy,,"globalbioticinteractions.org, fetched 2026-09-02"
Packera,Lepidoptera,,pollinator,pollinatedBy,,"globalbioticinteractions.org, fetched 2026-09-02"
Packera,Lycaena cupreus,,pollinator,flowersVisitedBy,,"globalbioticinteractions.org, fetched 2026-09-02"
Packera,Lycaena hypophlaeas,,feeds-on,eatenBy,,"globalbioticinteractions.org, fetched 2026-09-02"
Packera,Lycaena hypophlaeas,,pollinator,flowersVisitedBy,,"globalbioticinteractions.org, fetched 2026-09-02"
Packera,Mangora placida,,pollinator,visitsFlowersOf,,"globalbioticinteractions.org, fetched 2026-09-02"
Packera,Megachile relativa,,pollinator,flowersVisitedBy,,"globalbioticinteractions.org, fetched 2026-09-02"
Packera,Megachile texana,,feeds-on,hostOf,,"globalbioticinteractions.org, fetched 2026-09-02"
Packera,Nastra lherminier,,pollinator,flowersVisitedBy,,"globalbioticinteractions.org, fetched 2026-09-02"
Packera,Nomada,,pollinator,visitsFlowersOf,,"globalbioticinteractions.org, fetched 2026-09-02"
Packera,Oarisma garita,,pollinator,flowersVisitedBy,,"globalbioticinteractions.org, fetched 2026-09-02"
Packera,Osmia,,pollinator,pollinatedBy,,"globalbioticinteractions.org, fetched 2026-09-02"
Packera,Osmia brevis,,feeds-on,hostOf,,"globalbioticinteractions.org, fetched 2026-09-02"
Packera,Osmia bucephala,,pollinator,flowersVisitedBy,,"globalbioticinteractions.org, fetched 2026-09-02"
Packera,Osmia coloradensis,,pollinator,flowersVisitedBy,,"globalbioticinteractions.org, fetched 2026-09-02"
Packera,Osmia coloradensis,,feeds-on,hostOf,,"globalbioticinteractions.org, fetched 2026-09-02"
Packera,Osmia gaudiosa,,feeds-on,hostOf,,"globalbioticinteractions.org, fetched 2026-09-02"
Packera,Osmia georgica,,feeds-on,eatenBy,,"globalbioticinteractions.org, fetched 2026-09-02"
Packera,Osmia georgica,,pollinator,flowersVisitedBy,,"globalbioticinteractions.org, fetched 2026-09-02"
Packera,Osmia montana montana,,pollinator,flowersVisitedBy,,"globalbioticinteractions.org, fetched 2026-09-02"
Packera,Osmia sanrafaelae,,feeds-on,hostOf,,"globalbioticinteractions.org, fetched 2026-09-02"
Packera,Osmia trevoris,,pollinator,flowersVisitedBy,,"globalbioticinteractions.org, fetched 2026-09-02"
Packera,Osmia trevoris,,feeds-on,hostOf,,"globalbioticinteractions.org, fetched 2026-09-02"
Packera,Papilio glaucus,,pollinator,flowersVisitedBy,,"globalbioticinteractions.org, fetched 2026-09-02"
Packera,Papilio zelicaon,,pollinator,flowersVisitedBy,,"globalbioticinteractions.org, fetched 2026-09-02"
Packera,Parnassius phoebus,,pollinator,flowersVisitedBy,,"globalbioticinteractions.org, fetched 2026-09-02"
Packera,Pelegrina galathea,,pollinator,visitedBy,,"globalbioticinteractions.org, fetched 2026-09-02"
Packera,Phyciodes pallida,,pollinator,flowersVisitedBy,,"globalbioticinteractions.org, fetched 2026-09-02"
Packera,Phyciodes tharos,,pollinator,flowersVisitedBy,,"globalbioticinteractions.org, fetched 2026-09-02"
Packera,Phyciodes tharos,,feeds-on,eatenBy,,"globalbioticinteractions.org, fetched 2026-09-02"
Packera,Plebejus icarioides,,pollinator,flowersVisitedBy,,"globalbioticinteractions.org, fetched 2026-09-02"
Packera,Plebejus saepiolus,,pollinator,flowersVisitedBy,,"globalbioticinteractions.org, fetched 2026-09-02"
Packera,Poladryas minuta,,pollinator,flowersVisitedBy,,"globalbioticinteractions.org, fetched 2026-09-02"
Packera,Polygonia zephyrus,,pollinator,flowersVisitedBy,,"globalbioticinteractions.org, fetched 2026-09-02"
Packera,Pontia occidentalis,,pollinator,flowersVisitedBy,,"globalbioticinteractions.org, fetched 2026-09-02"
Packera,Scaeva,,pollinator,visitedBy,,"globalbioticinteractions.org, fetched 2026-09-02"
Packera,Speyeria callippe,,pollinator,flowersVisitedBy,,"globalbioticinteractions.org, fetched 2026-09-02"
Packera,Speyeria mormonia,,pollinator,flowersVisitedBy,,"globalbioticinteractions.org, fetched 2026-09-02"
Packera,Spinus tristis,,pollinator,visitedBy,,"globalbioticinteractions.org, fetched 2026-09-02"
Packera,Stelis carnifex,,feeds-on,hostOf,,"globalbioticinteractions.org, fetched 2026-09-02"
Packera,Stelis palmarum,,feeds-on,hostOf,,"globalbioticinteractions.org, fetched 2026-09-02"
Packera,Stelis robertsoni,,feeds-on,hostOf,,"globalbioticinteractions.org, fetched 2026-09-02"
Packera,Syrphidae,,pollinator,flowersVisitedBy,,"globalbioticinteractions.org, fetched 2026-09-02"
Packera,Tyria jacobaeae,,feeds-on,eatenBy,,"globalbioticinteractions.org, fetched 2026-09-02"
Packera,Vanessa atalanta rubria,,pollinator,flowersVisitedBy,,"globalbioticinteractions.org, fetched 2026-09-02"
Packera,Vanessa virginiensis,,pollinator,flowersVisitedBy,,"globalbioticinteractions.org, fetched 2026-09-02"
Packera,Vanessa virginiensis,,feeds-on,eatenBy,,"globalbioticinteractions.org, fetched 2026-09-02"
Packera,Xylocopa micans,,pollinator,flowersVisitedBy,,"globalbioticinteractions.org, fetched 2026-09-02"
Packera,Xylocopa virginica,,feeds-on,eatenBy,,"globalbioticinteractions.org, fetched 2026-09-02"
Packera,Xylocopa virginica,,pollinator,flowersVisitedBy,,"globalbioticinteractions.org, fetched 2026-09-02"
Packera,Yvretta rhesus,,pollinator,flowersVisitedBy,,"globalbioticinteractions.org, fetched 2026-09-02"
Packera,Zadontomerus,,feeds-on,eatenBy,,"globalbioticinteractions.org, fetched 2026-09-02"
Packera,Zadontomerus,,pollinator,flowersVisitedBy,,"globalbioticinteractions.org, fetched 2026-09-02"
Passiflora,Acraea acerata,,feeds-on,hostOf,,"globalbioticinteractions.org, fetched 2026-09-02"
Passiflora,Acraea acrita,,feeds-on,eatenBy,,"globalbioticinteractions.org, fetched 2026-09-02"
Passiflora,Acraea neobule,,feeds-on,hostOf,,"globalbioticinteractions.org, fetched 2026-09-02"
Passiflora,Acraea terpsicore,,feeds-on,eatenBy,,"globalbioticinteractions.org, fetched 2026-09-02"
Passiflora,Acraea violae,,feeds-on,eatenBy,,"globalbioticinteractions.org, fetched 2026-09-02"
Passiflora,Agapostemon splendens,,pollinator,flowersVisitedBy,,"globalbioticinteractions.org, fetched 2026-09-02"
Passiflora,Agapostemon texanus,,pollinator,flowersVisitedBy,,"globalbioticinteractions.org, fetched 2026-09-02"
Passiflora,Agapostemon virescens,,pollinator,flowersVisitedBy,,"globalbioticinteractions.org, fetched 2026-09-02"
Passiflora,Alouatta guariba,,feeds-on,eatenBy,,"globalbioticinteractions.org, fetched 2026-09-02"
Passiflora,Amblypelta lutescens,,feeds-on,eatenBy,,"globalbioticinteractions.org, fetched 2026-09-02"
Passiflora,Amblypelta nitida,,feeds-on,eatenBy,,"globalbioticinteractions.org, fetched 2026-09-02"
Passiflora,Amorbia emigratella,,feeds-on,eatenBy,,"globalbioticinteractions.org, fetched 2026-09-02"
Passiflora,Andrena carlini,,pollinator,flowersVisitedBy,,"globalbioticinteractions.org, fetched 2026-09-02"
Passiflora,Andrena miserabilis,,pollinator,pollinatedBy,,"globalbioticinteractions.org, fetched 2026-09-02"
Passiflora,Anisoscelis,,feeds-on,eatenBy,,"globalbioticinteractions.org, fetched 2026-09-02"
Passiflora,Anoura geoffroyi,,pollinator,visitedBy,,"globalbioticinteractions.org, fetched 2026-09-02"
Passiflora,Aonidiella aurantii,,feeds-on,eatenBy,,"globalbioticinteractions.org, fetched 2026-09-02"
Passiflora,Apis cerana,,feeds-on,eatenBy,,"globalbioticinteractions.org, fetched 2026-09-02"
Passiflora,Apis cerana,,pollinator,flowersVisitedBy,,"globalbioticinteractions.org, fetched 2026-09-02"
Passiflora,Archilochus colubris,,pollinator,flowersVisitedBy,,"globalbioticinteractions.org, fetched 2026-09-02"
Passiflora,Ascia monuste monuste,,pollinator,flowersVisitedBy,,"globalbioticinteractions.org, fetched 2026-09-02"
Passiflora,Asymmetrasca decedens,,feeds-on,eatenBy,,"globalbioticinteractions.org, fetched 2026-09-02"
Passiflora,Augochlora pura,,pollinator,flowersVisitedBy,,"globalbioticinteractions.org, fetched 2026-09-02"
Passiflora,Automeris complicata,,feeds-on,hostOf,,"globalbioticinteractions.org, fetched 2026-09-02"
Passiflora,Bibio albipennis,,pollinator,pollinatedBy,,"globalbioticinteractions.org, fetched 2026-09-02"
Passiflora,BOLD:AAJ0174,,feeds-on,hostOf,,"globalbioticinteractions.org, fetched 2026-09-02"
Passiflora,Bombus griseocollis,,pollinator,flowersVisitedBy,,"globalbioticinteractions.org, fetched 2026-09-02"
Passiflora,Bombus impatiens,,feeds-on,eatenBy,,"globalbioticinteractions.org, fetched 2026-09-02"
Passiflora,Bombus impatiens,,pollinator,flowersVisitedBy,,"globalbioticinteractions.org, fetched 2026-09-02"
Passiflora,Bombus lucorum,,pollinator,flowersVisitedBy,,"globalbioticinteractions.org, fetched 2026-09-02"
Passiflora,Bombus pascuorum,,pollinator,flowersVisitedBy,,"globalbioticinteractions.org, fetched 2026-09-02"
Passiflora,Brycon hilarii,,feeds-on,eatenBy,,"globalbioticinteractions.org, fetched 2026-09-02"
Passiflora,Bycanistes brevis,,feeds-on,eatenBy,,"globalbioticinteractions.org, fetched 2026-09-02"
Passiflora,Cacatua galerita,,feeds-on,eatenBy,,"globalbioticinteractions.org, fetched 2026-09-02"
Passiflora,Cacoscelis nigripennis,,feeds-on,eatenBy,,"globalbioticinteractions.org, fetched 2026-09-02"
Passiflora,Callicebus nigrifrons,,feeds-on,eatenBy,,"globalbioticinteractions.org, fetched 2026-09-02"
Passiflora,Carollia perspicillata,,feeds-on,eatenBy,,"globalbioticinteractions.org, fetched 2026-09-02"
Passiflora,Cebus capucinus,,feeds-on,eatenBy,,"globalbioticinteractions.org, fetched 2026-09-02"
Passiflora,Cethosia biblis,,feeds-on,hostOf,,"globalbioticinteractions.org, fetched 2026-09-02"
Passiflora,Cethosia cyane,,feeds-on,eatenBy,,"globalbioticinteractions.org, fetched 2026-09-02"
Passiflora,Chalcosyrphus nemorum,,pollinator,pollinatedBy,,"globalbioticinteractions.org, fetched 2026-09-02"
Passiflora,Chauliognathus marginatus,,pollinator,flowersVisitedBy,,"globalbioticinteractions.org, fetched 2026-09-02"
Passiflora,Chelonoidis carbonarius,,feeds-on,eatenBy,,"globalbioticinteractions.org, fetched 2026-09-02"
Passiflora,Chelonoidis denticulatus,,feeds-on,eatenBy,,"globalbioticinteractions.org, fetched 2026-09-02"
Passiflora,Chrysis intricata,,pollinator,flowersVisitedBy,,"globalbioticinteractions.org, fetched 2026-09-02"
Passiflora,Cisseps fulvicollis,,pollinator,flowersVisitedBy,,"globalbioticinteractions.org, fetched 2026-09-02"
Passiflora,Colius striatus,,feeds-on,eatenBy,,"globalbioticinteractions.org, fetched 2026-09-02"
Passiflora,Crassomicrodus divisus,,pollinator,flowersVisitedBy,,"globalbioticinteractions.org, fetched 2026-09-02"
Passiflora,Crematogaster steinheili,,pollinator,pollinatedBy,,"globalbioticinteractions.org, fetched 2026-09-02"
Passiflora,Cricetomys gambianus,,feeds-on,eatenBy,,"globalbioticinteractions.org, fetched 2026-09-02"
Passiflora,Cuniculus paca,,feeds-on,eatenBy,,"globalbioticinteractions.org, fetched 2026-09-02"
Passiflora,Cynanthus forficatus,,feeds-on,eatenBy,,"globalbioticinteractions.org, fetched 2026-09-02"
Passiflora,Cynanthus forficatus,,pollinator,flowersVisitedBy,,"globalbioticinteractions.org, fetched 2026-09-02"
Passiflora,Dasiops,,feeds-on,eatenBy,,"globalbioticinteractions.org, fetched 2026-09-02"
Passiflora,Dasyprocta leporina,,feeds-on,eatenBy,,"globalbioticinteractions.org, fetched 2026-09-02"
Passiflora,Deutominettia,,feeds-on,hostOf,,"globalbioticinteractions.org, fetched 2026-09-02"
Passiflora,Diaphania indica,,feeds-on,eatenBy,,"globalbioticinteractions.org, fetched 2026-09-02"
Passiflora,Didelphis albiventris,,feeds-on,eatenBy,,"globalbioticinteractions.org, fetched 2026-09-02"
Passiflora,Dielis plumipes,,feeds-on,eatenBy,,"globalbioticinteractions.org, fetched 2026-09-02"
Passiflora,Dielis plumipes,,pollinator,flowersVisitedBy,,"globalbioticinteractions.org, fetched 2026-09-02"
Passiflora,Dielis trifasciata,,feeds-on,eatenBy,,"globalbioticinteractions.org, fetched 2026-09-02"
Passiflora,Dielis trifasciata,,pollinator,flowersVisitedBy,,"globalbioticinteractions.org, fetched 2026-09-02"
Passiflora,Dione glycera,,feeds-on,hostOf,,"globalbioticinteractions.org, fetched 2026-09-02"
Passiflora,Dione juno,,feeds-on,hostOf,,"globalbioticinteractions.org, fetched 2026-09-02"
Passiflora,Dione juno huascuma,,feeds-on,eatenBy,,"globalbioticinteractions.org, fetched 2026-09-02"
Passiflora,Dione juno huascuma,,pollinator,flowersVisitedBy,,"globalbioticinteractions.org, fetched 2026-09-02"
Passiflora,Dione juno miraculosa,,feeds-on,eatenBy,,"globalbioticinteractions.org, fetched 2026-09-02"
Passiflora,Dione moneta,,feeds-on,eatenBy,,"globalbioticinteractions.org, fetched 2026-09-02"
Passiflora,Dione vanillae,,feeds-on,eatenBy,,"globalbioticinteractions.org, fetched 2026-09-02"
Passiflora,Dione vanillae,,pollinator,visitedBy,,"globalbioticinteractions.org, fetched 2026-09-02"
Passiflora,Dione vanillae insularis,,feeds-on,hostOf,,"globalbioticinteractions.org, fetched 2026-09-02"
Passiflora,Disonycha spilotrachela,,feeds-on,eatenBy,,"globalbioticinteractions.org, fetched 2026-09-02"
Passiflora,Dryobates pubescens,,feeds-on,eatenBy,,"globalbioticinteractions.org, fetched 2026-09-02"
Passiflora,Echinopla australis,,feeds-on,eatenBy,,"globalbioticinteractions.org, fetched 2026-09-02"
Passiflora,Eidolon,,feeds-on,eatenBy,,"globalbioticinteractions.org, fetched 2026-09-02"
Passiflora,Eidolon helvum,,feeds-on,eatenBy,,"globalbioticinteractions.org, fetched 2026-09-02"
Passiflora,Epomophorus wahlbergi,,feeds-on,eatenBy,,"globalbioticinteractions.org, fetched 2026-09-02"
Passiflora,Erechthias perfumata,,feeds-on,eatenBy,,"globalbioticinteractions.org, fetched 2026-09-02"
Passiflora,Eueides cleobaea,,feeds-on,hostOf,,"globalbioticinteractions.org, fetched 2026-09-02"
Passiflora,Eueides isabella,,feeds-on,hostOf,,"globalbioticinteractions.org, fetched 2026-09-02"
Passiflora,Eueides lineata,,feeds-on,hostOf,,"globalbioticinteractions.org, fetched 2026-09-02"
Passiflora,Eueides lybia,,feeds-on,hostOf,,"globalbioticinteractions.org, fetched 2026-09-02"
Passiflora,Eueides pavana,,feeds-on,eatenBy,,"globalbioticinteractions.org, fetched 2026-09-02"
Passiflora,Eueides procula,,feeds-on,hostOf,,"globalbioticinteractions.org, fetched 2026-09-02"
Passiflora,Eueides tales,,feeds-on,hostOf,,"globalbioticinteractions.org, fetched 2026-09-02"
Passiflora,Eueides vibilia,,feeds-on,hostOf,,"globalbioticinteractions.org, fetched 2026-09-02"
Passiflora,Eulaema cingulata,,pollinator,flowersVisitedBy,,"globalbioticinteractions.org, fetched 2026-09-02"
Passiflora,Euodynerus pratensis,,feeds-on,eatenBy,,"globalbioticinteractions.org, fetched 2026-09-02"
Passiflora,Euodynerus pratensis,,pollinator,visitedBy,,"globalbioticinteractions.org, fetched 2026-09-02"
Passiflora,Euptoieta hegesia,,feeds-on,hostOf,,"globalbioticinteractions.org, fetched 2026-09-02"
Passiflora,Fuscopolistes,,pollinator,visitedBy,,"globalbioticinteractions.org, fetched 2026-09-02"
Passiflora,Gracilinanus microtarsus,,feeds-on,eatenBy,,"globalbioticinteractions.org, fetched 2026-09-02"
Passiflora,Gyndes pacificus,,feeds-on,eatenBy,,"globalbioticinteractions.org, fetched 2026-09-02"
Passiflora,Hedone vibex,,pollinator,flowersVisitedBy,,"globalbioticinteractions.org, fetched 2026-09-02"
Passiflora,Heliconius antiochus,,feeds-on,hostOf,,"globalbioticinteractions.org, fetched 2026-09-02"
Passiflora,Heliconius besckei,,feeds-on,hostOf,,"globalbioticinteractions.org, fetched 2026-09-02"
Passiflora,Heliconius burneyi,,feeds-on,hostOf,,"globalbioticinteractions.org, fetched 2026-09-02"
Passiflora,Heliconius clysonymus,,feeds-on,hostOf,,"globalbioticinteractions.org, fetched 2026-09-02"
Passiflora,Heliconius cydno,,feeds-on,hostOf,,"globalbioticinteractions.org, fetched 2026-09-02"
Passiflora,Heliconius demeter,,feeds-on,hostOf,,"globalbioticinteractions.org, fetched 2026-09-02"
Passiflora,Heliconius egeria,,feeds-on,hostOf,,"globalbioticinteractions.org, fetched 2026-09-02"
Passiflora,Heliconius eleuchia,,feeds-on,hostOf,,"globalbioticinteractions.org, fetched 2026-09-02"
Passiflora,Heliconius elevatus,,feeds-on,hostOf,,"globalbioticinteractions.org, fetched 2026-09-02"
Passiflora,Heliconius erato,,feeds-on,hostOf,,"globalbioticinteractions.org, fetched 2026-09-02"
Passiflora,Heliconius ethilla,,feeds-on,hostOf,,"globalbioticinteractions.org, fetched 2026-09-02"
Passiflora,Heliconius hecale,,feeds-on,hostOf,,"globalbioticinteractions.org, fetched 2026-09-02"
Passiflora,Heliconius hecalesia,,feeds-on,hostOf,,"globalbioticinteractions.org, fetched 2026-09-02"
Passiflora,Heliconius hermathena,,feeds-on,hostOf,,"globalbioticinteractions.org, fetched 2026-09-02"
Passiflora,Heliconius heurippa,,feeds-on,hostOf,,"globalbioticinteractions.org, fetched 2026-09-02"
Passiflora,Heliconius hortense,,feeds-on,hostOf,,"globalbioticinteractions.org, fetched 2026-09-02"
Passiflora,Heliconius ismenius,,feeds-on,hostOf,,"globalbioticinteractions.org, fetched 2026-09-02"
Passiflora,Heliconius melpomene,,feeds-on,hostOf,,"globalbioticinteractions.org, fetched 2026-09-02"
Passiflora,Heliconius nattereri,,feeds-on,hostOf,,"globalbioticinteractions.org, fetched 2026-09-02"
Passiflora,Heliconius pardalinus,,feeds-on,hostOf,,"globalbioticinteractions.org, fetched 2026-09-02"
Passiflora,Heliconius ricini,,feeds-on,hostOf,,"globalbioticinteractions.org, fetched 2026-09-02"
Passiflora,Heliconius sara,,feeds-on,eatenBy,,"globalbioticinteractions.org, fetched 2026-09-02"
Passiflora,Heliconius timareta,,feeds-on,hostOf,,"globalbioticinteractions.org, fetched 2026-09-02"
Passiflora,Heliconius wallacei,,feeds-on,hostOf,,"globalbioticinteractions.org, fetched 2026-09-02"
Passiflora,Heliconius xanthocles,,feeds-on,hostOf,,"globalbioticinteractions.org, fetched 2026-09-02"
Passiflora,Heliomaster constantii,,feeds-on,eatenBy,,"globalbioticinteractions.org, fetched 2026-09-02"
Passiflora,Hemiberlesia lataniae,,feeds-on,eatenBy,,"globalbioticinteractions.org, fetched 2026-09-02"
Passiflora,Herpetogramma phaeopteralis,,pollinator,flowersVisitedBy,,"globalbioticinteractions.org, fetched 2026-09-02"
Passiflora,Hishimonus passiflorae,,feeds-on,eatenBy,,"globalbioticinteractions.org, fetched 2026-09-02"
Passiflora,Horornis diphone,,feeds-on,eatenBy,,"globalbioticinteractions.org, fetched 2026-09-02"
Passiflora,Hypercompe scribonia,,pollinator,flowersVisitedBy,,"globalbioticinteractions.org, fetched 2026-09-02"
Passiflora,Ichneumia albicauda,,feeds-on,eatenBy,,"globalbioticinteractions.org, fetched 2026-09-02"
Passiflora,Isodontia mexicana,,feeds-on,eatenBy,,"globalbioticinteractions.org, fetched 2026-09-02"
Passiflora,Ixias pyrene,,feeds-on,eatenBy,,"globalbioticinteractions.org, fetched 2026-09-02"
Passiflora,Kinixys belliana,,feeds-on,eatenBy,,"globalbioticinteractions.org, fetched 2026-09-02"
Passiflora,Lampromicra aerea,,pollinator,visitedBy,,"globalbioticinteractions.org, fetched 2026-09-02"
Passiflora,Lasioglossum pruinosum,,pollinator,flowersVisitedBy,,"globalbioticinteractions.org, fetched 2026-09-02"
Passiflora,Lasioglossum versatum,,pollinator,flowersVisitedBy,,"globalbioticinteractions.org, fetched 2026-09-02"
Passiflora,Leiothrix lutea,,feeds-on,eatenBy,,"globalbioticinteractions.org, fetched 2026-09-02"
Passiflora,Leptoglossus gonagra,,feeds-on,eatenBy,,"globalbioticinteractions.org, fetched 2026-09-02"
Passiflora,Leptoglossus zonatus,,feeds-on,eatenBy,,"globalbioticinteractions.org, fetched 2026-09-02"
Passiflora,Lerema accius,,pollinator,visitedBy,,"globalbioticinteractions.org, fetched 2026-09-02"
Passiflora,Linepithema humile,,feeds-on,hostOf,,"globalbioticinteractions.org, fetched 2026-09-02"
Passiflora,Lon melane,,feeds-on,eatenBy,,"globalbioticinteractions.org, fetched 2026-09-02"
Passiflora,Loxodonta africana,,feeds-on,eatenBy,,"globalbioticinteractions.org, fetched 2026-09-02"
Passiflora,Lycalopex vetulus,,feeds-on,eatenBy,,"globalbioticinteractions.org, fetched 2026-09-02"
Passiflora,Monobia quadridens,,feeds-on,eatenBy,,"globalbioticinteractions.org, fetched 2026-09-02"
Passiflora,Monobia quadridens,,pollinator,flowersVisitedBy,,"globalbioticinteractions.org, fetched 2026-09-02"
Passiflora,Morellia micans,,pollinator,flowersVisitedBy,,"globalbioticinteractions.org, fetched 2026-09-02"
Passiflora,Mylossoma duriventris,,feeds-on,eatenBy,,"globalbioticinteractions.org, fetched 2026-09-02"
Passiflora,Neotragus moschatus,,feeds-on,eatenBy,,"globalbioticinteractions.org, fetched 2026-09-02"
Passiflora,Nysius dallasi,,feeds-on,eatenBy,,"globalbioticinteractions.org, fetched 2026-09-02"
Passiflora,Oecophylla smaragdina,,feeds-on,eatenBy,,"globalbioticinteractions.org, fetched 2026-09-02"
Passiflora,Oemethylus triangularis,,feeds-on,eatenBy,,"globalbioticinteractions.org, fetched 2026-09-02"
Passiflora,Oxytrigona pallida,,pollinator,flowersVisitedBy,,"globalbioticinteractions.org, fetched 2026-09-02"
Passiflora,Paches polla,,pollinator,flowersVisitedBy,,"globalbioticinteractions.org, fetched 2026-09-02"
Passiflora,Pachliopta hector,,feeds-on,eatenBy,,"globalbioticinteractions.org, fetched 2026-09-02"
Passiflora,Pachodynerus erynnis,,pollinator,flowersVisitedBy,,"globalbioticinteractions.org, fetched 2026-09-02"
Passiflora,Papilio eurymedon,,feeds-on,eatenBy,,"globalbioticinteractions.org, fetched 2026-09-02"
Passiflora,Parancistrocerus fulvipes fulvipes,,feeds-on,eatenBy,,"globalbioticinteractions.org, fetched 2026-09-02"
Passiflora,Parancistrocerus fulvipes fulvipes,,pollinator,visitedBy,,"globalbioticinteractions.org, fetched 2026-09-02"
Passiflora,Phaethornis mexicanus griseoventer,,feeds-on,eatenBy,,"globalbioticinteractions.org, fetched 2026-09-02"
Passiflora,Ploceus cucullatus,,feeds-on,eatenBy,,"globalbioticinteractions.org, fetched 2026-09-02"
Passiflora,Polistes dominula,,pollinator,flowersVisitedBy,,"globalbioticinteractions.org, fetched 2026-09-02"
Passiflora,Polistes dominula,,feeds-on,eatenBy,,"globalbioticinteractions.org, fetched 2026-09-02"
Passiflora,Polites otho,,pollinator,flowersVisitedBy,,"globalbioticinteractions.org, fetched 2026-09-02"
Passiflora,Protandrena passiflorae,,feeds-on,eatenBy,,"globalbioticinteractions.org, fetched 2026-09-02"
Passiflora,Protandrena passiflorae,,pollinator,flowersVisitedBy,,"globalbioticinteractions.org, fetched 2026-09-02"
Passiflora,Prothysana,,feeds-on,eatenBy,,"globalbioticinteractions.org, fetched 2026-09-02"
Passiflora,Pseudaulacaspis pentagona,,feeds-on,eatenBy,,"globalbioticinteractions.org, fetched 2026-09-02"
Passiflora,Pseudopanurgus passiflorae,,pollinator,flowersVisitedBy,,"globalbioticinteractions.org, fetched 2026-09-02"
Passiflora,Pternistis afer,,feeds-on,eatenBy,,"globalbioticinteractions.org, fetched 2026-09-02"
Passiflora,Pteropus,,feeds-on,eatenBy,,"globalbioticinteractions.org, fetched 2026-09-02"
Passiflora,Ptiloglossa mexicana,,pollinator,flowersVisitedBy,,"globalbioticinteractions.org, fetched 2026-09-02"
Passiflora,Pycnonotus jocosus,,feeds-on,eatenBy,,"globalbioticinteractions.org, fetched 2026-09-02"
Passiflora,Pygodasis ephippium,,feeds-on,eatenBy,,"globalbioticinteractions.org, fetched 2026-09-02"
Passiflora,Pygodasis ephippium,,pollinator,visitedBy,,"globalbioticinteractions.org, fetched 2026-09-02"
Passiflora,Pygodasis quadrimaculata,,feeds-on,eatenBy,,"globalbioticinteractions.org, fetched 2026-09-02"
Passiflora,Pygodasis quadrimaculata,,pollinator,flowersVisitedBy,,"globalbioticinteractions.org, fetched 2026-09-02"
Passiflora,Pyrausta bicoloralis,,pollinator,flowersVisitedBy,,"globalbioticinteractions.org, fetched 2026-09-02"
Passiflora,Pyrobombus,,feeds-on,eatenBy,,"globalbioticinteractions.org, fetched 2026-09-02"
Passiflora,Pyrobombus,,pollinator,flowersVisitedBy,,"globalbioticinteractions.org, fetched 2026-09-02"
Passiflora,Ramphocelus passerinii,,feeds-on,eatenBy,,"globalbioticinteractions.org, fetched 2026-09-02"
Passiflora,Rhynchium haemorrhoidale,,pollinator,visitedBy,,"globalbioticinteractions.org, fetched 2026-09-02"
Passiflora,Sapajus apella,,feeds-on,eatenBy,,"globalbioticinteractions.org, fetched 2026-09-02"
Passiflora,Sapajus robustus,,feeds-on,eatenBy,,"globalbioticinteractions.org, fetched 2026-09-02"
Passiflora,Sciurus niger,,feeds-on,eatenBy,,"globalbioticinteractions.org, fetched 2026-09-02"
Passiflora,Selasphorus,,feeds-on,eatenBy,,"globalbioticinteractions.org, fetched 2026-09-02"
Passiflora,Selasphorus sasin,,feeds-on,eatenBy,,"globalbioticinteractions.org, fetched 2026-09-02"
Passiflora,Somena scintillans,,feeds-on,eatenBy,,"globalbioticinteractions.org, fetched 2026-09-02"
Passiflora,Sostrata nordica,,pollinator,flowersVisitedBy,,"globalbioticinteractions.org, fetched 2026-09-02"
Passiflora,Sphecodes illinoensis,,pollinator,flowersVisitedBy,,"globalbioticinteractions.org, fetched 2026-09-02"
Passiflora,Spinus psaltria,,feeds-on,eatenBy,,"globalbioticinteractions.org, fetched 2026-09-02"
Passiflora,Sylvicapra grimmia,,feeds-on,eatenBy,,"globalbioticinteractions.org, fetched 2026-09-02"
Passiflora,Tachytes aurulentus,,pollinator,pollinatedBy,,"globalbioticinteractions.org, fetched 2026-09-02"
Passiflora,Tachytes chrysopyga obscurus,,pollinator,pollinatedBy,,"globalbioticinteractions.org, fetched 2026-09-02"
Passiflora,Tapirus terrestris,,feeds-on,eatenBy,,"globalbioticinteractions.org, fetched 2026-09-02"
Passiflora,Tetragona clavipes,,pollinator,flowersVisitedBy,,"globalbioticinteractions.org, fetched 2026-09-02"
Passiflora,Thygater analis,,pollinator,flowersVisitedBy,,"globalbioticinteractions.org, fetched 2026-09-02"
Passiflora,Treron calvus,,feeds-on,eatenBy,,"globalbioticinteractions.org, fetched 2026-09-02"
Passiflora,Trigona braueri,,pollinator,flowersVisitedBy,,"globalbioticinteractions.org, fetched 2026-09-02"
Passiflora,Trigona spinipes,,pollinator,flowersVisitedBy,,"globalbioticinteractions.org, fetched 2026-09-02"
Passiflora,Typocerus lunulatus,,pollinator,visitedBy,,"globalbioticinteractions.org, fetched 2026-09-02"
Passiflora,Vermicularia,,feeds-on,hostOf,,"globalbioticinteractions.org, fetched 2026-09-02"
Passiflora,Vespa velutina,,pollinator,flowersVisitedBy,,"globalbioticinteractions.org, fetched 2026-09-02"
Passiflora,Vindula erota,,feeds-on,eatenBy,,"globalbioticinteractions.org, fetched 2026-09-02"
Passiflora,Xylocopa,,pollinator,flowersVisitedBy,,"globalbioticinteractions.org, fetched 2026-09-02"
Passiflora,Xylocopa grisescens,,pollinator,flowersVisitedBy,,"globalbioticinteractions.org, fetched 2026-09-02"
Passiflora,Xylocopa micans,,pollinator,visitedBy,,"globalbioticinteractions.org, fetched 2026-09-02"
Passiflora,Xylocopa micans,,feeds-on,eatenBy,,"globalbioticinteractions.org, fetched 2026-09-02"
Passiflora,Xylocopa mordax,,pollinator,flowersVisitedBy,,"globalbioticinteractions.org, fetched 2026-09-02"
Passiflora,Xylocopa sonorina,,feeds-on,eatenBy,,"globalbioticinteractions.org, fetched 2026-09-02"
Passiflora,Xylocopa sonorina,,pollinator,flowersVisitedBy,,"globalbioticinteractions.org, fetched 2026-09-02"
Passiflora,Xylocopa tabaniformis parkinsoniae,,pollinator,flowersVisitedBy,,"globalbioticinteractions.org, fetched 2026-09-02"
Passiflora,Xylocopa virginica,,pollinator,flowersVisitedBy,,"globalbioticinteractions.org, fetched 2026-09-02"
Passiflora,Zonotrichia leucophrys,,feeds-on,eatenBy,,"globalbioticinteractions.org, fetched 2026-09-02"
Passiflora,Zosterops japonicus,,feeds-on,eatenBy,,"globalbioticinteractions.org, fetched 2026-09-02"
Pavonia,Acrolytta dimidiata,,pollinator,flowersVisitedBy,,"globalbioticinteractions.org, fetched 2026-09-02"
Pavonia,Aellopos clavipes,,pollinator,flowersVisitedBy,,"globalbioticinteractions.org, fetched 2026-09-02"
Pavonia,Aeria eurimedea,,feeds-on,hostOf,,"globalbioticinteractions.org, fetched 2026-09-02"
Pavonia,Allograpta,,pollinator,flowersVisitedBy,,"globalbioticinteractions.org, fetched 2026-09-02"
Pavonia,Anomis flava,,feeds-on,eatenBy,,"globalbioticinteractions.org, fetched 2026-09-02"
Pavonia,Anthophora abrupta,,feeds-on,eatenBy,,"globalbioticinteractions.org, fetched 2026-09-02"
Pavonia,Antigonus liborius areta,,feeds-on,hostOf,,"globalbioticinteractions.org, fetched 2026-09-02"
Pavonia,Archilochus colubris,,pollinator,flowersVisitedBy,,"globalbioticinteractions.org, fetched 2026-09-02"
Pavonia,Augastes scutatus,,pollinator,flowersVisitedBy,,"globalbioticinteractions.org, fetched 2026-09-02"
Pavonia,Augochlora semiramis,,pollinator,flowersVisitedBy,,"globalbioticinteractions.org, fetched 2026-09-02"
Pavonia,BOLD:AAA8233,,feeds-on,hostOf,,"globalbioticinteractions.org, fetched 2026-09-02"
Pavonia,BOLD:AAB0382,,feeds-on,hostOf,,"globalbioticinteractions.org, fetched 2026-09-02"
Pavonia,BOLD:AAB0383,,feeds-on,hostOf,,"globalbioticinteractions.org, fetched 2026-09-02"
Pavonia,BOLD:AAB0672,,feeds-on,hostOf,,"globalbioticinteractions.org, fetched 2026-09-02"
Pavonia,BOLD:AAB2611,,feeds-on,hostOf,,"globalbioticinteractions.org, fetched 2026-09-02"
Pavonia,BOLD:AAC7118,,feeds-on,hostOf,,"globalbioticinteractions.org, fetched 2026-09-02"
Pavonia,BOLD:AAD4345,,feeds-on,hostOf,,"globalbioticinteractions.org, fetched 2026-09-02"
Pavonia,BOLD:ADL0108,,feeds-on,hostOf,,"globalbioticinteractions.org, fetched 2026-09-02"
Pavonia,BOLD:AER5333,,feeds-on,hostOf,,"globalbioticinteractions.org, fetched 2026-09-02"
Pavonia,Bombyliidae,,pollinator,pollinatedBy,,"globalbioticinteractions.org, fetched 2026-09-02"
Pavonia,Catopsilia pomona,,feeds-on,eatenBy,,"globalbioticinteractions.org, fetched 2026-09-02"
Pavonia,Catopsilia pyranthe,,feeds-on,eatenBy,,"globalbioticinteractions.org, fetched 2026-09-02"
Pavonia,Crocidosema plebejana,,feeds-on,hostOf,,"globalbioticinteractions.org, fetched 2026-09-02"
Pavonia,Cryptophlebia carpophagoides,,feeds-on,eatenBy,,"globalbioticinteractions.org, fetched 2026-09-02"
Pavonia,Danaus chrysippus,,feeds-on,eatenBy,,"globalbioticinteractions.org, fetched 2026-09-02"
Pavonia,Dialectica columellina,,feeds-on,eatenBy,,"globalbioticinteractions.org, fetched 2026-09-02"
Pavonia,Dione vanillae,,feeds-on,eatenBy,,"globalbioticinteractions.org, fetched 2026-09-02"
Pavonia,Dione vanillae,,pollinator,flowersVisitedBy,,"globalbioticinteractions.org, fetched 2026-09-02"
Pavonia,Earias biplaga,,feeds-on,hostOf,,"globalbioticinteractions.org, fetched 2026-09-02"
Pavonia,Earias insulana,,feeds-on,hostOf,,"globalbioticinteractions.org, fetched 2026-09-02"
Pavonia,Erynnis horatius,,feeds-on,eatenBy,,"globalbioticinteractions.org, fetched 2026-09-02"
Pavonia,Eulaema meriana,,pollinator,pollinatedBy,,"globalbioticinteractions.org, fetched 2026-09-02"
Pavonia,Eurema blanda,,feeds-on,eatenBy,,"globalbioticinteractions.org, fetched 2026-09-02"
Pavonia,Eurema drona,,feeds-on,eatenBy,,"globalbioticinteractions.org, fetched 2026-09-02"
Pavonia,Eurema lisa,,feeds-on,eatenBy,,"globalbioticinteractions.org, fetched 2026-09-02"
Pavonia,Eurema lisa,,pollinator,flowersVisitedBy,,"globalbioticinteractions.org, fetched 2026-09-02"
Pavonia,Exaerete smaragdina,,pollinator,pollinatedBy,,"globalbioticinteractions.org, fetched 2026-09-02"
Pavonia,Heliopetes laviana,,feeds-on,hostOf,,"globalbioticinteractions.org, fetched 2026-09-02"
Pavonia,Heliopetes laviana libra,,feeds-on,hostOf,,"globalbioticinteractions.org, fetched 2026-09-02"
Pavonia,Heliopetes omrina,,feeds-on,hostOf,,"globalbioticinteractions.org, fetched 2026-09-02"
Pavonia,Hycleus lunatus,,pollinator,flowersVisitedBy,,"globalbioticinteractions.org, fetched 2026-09-02"
Pavonia,Leocyma appollinis,,feeds-on,eatenBy,,"globalbioticinteractions.org, fetched 2026-09-02"
Pavonia,Lerema accius,,feeds-on,eatenBy,,"globalbioticinteractions.org, fetched 2026-09-02"
Pavonia,Octopus insularis,,feeds-on,eatenBy,,"globalbioticinteractions.org, fetched 2026-09-02"
Pavonia,Pachliopta aristolochiae,,feeds-on,eatenBy,,"globalbioticinteractions.org, fetched 2026-09-02"
Pavonia,Papilio agenor polymnestor,,feeds-on,eatenBy,,"globalbioticinteractions.org, fetched 2026-09-02"
Pavonia,Papilio demoleus,,feeds-on,eatenBy,,"globalbioticinteractions.org, fetched 2026-09-02"
Pavonia,Pardoxia graellsii,,feeds-on,hostOf,,"globalbioticinteractions.org, fetched 2026-09-02"
Pavonia,Pareronia hippia,,feeds-on,eatenBy,,"globalbioticinteractions.org, fetched 2026-09-02"
Pavonia,Phyllonorycter pavoniae,,feeds-on,hostOf,,"globalbioticinteractions.org, fetched 2026-09-02"
Pavonia,Pristimerus calcaratus,,pollinator,flowersVisitedBy,,"globalbioticinteractions.org, fetched 2026-09-02"
Pavonia,Ptilothrix bombiformis,,feeds-on,eatenBy,,"globalbioticinteractions.org, fetched 2026-09-02"
Pavonia,Ptilothrix bombiformis,,pollinator,flowersVisitedBy,,"globalbioticinteractions.org, fetched 2026-09-02"
Pavonia,Spialia mafa,,feeds-on,hostOf,,"globalbioticinteractions.org, fetched 2026-09-02"
Pavonia,Spialia sataspes,,feeds-on,hostOf,,"globalbioticinteractions.org, fetched 2026-09-02"
Pavonia,Strigocossus capensis,,feeds-on,hostOf,,"globalbioticinteractions.org, fetched 2026-09-02"
Pavonia,Telamoptilia pavoniae,,feeds-on,hostOf,,"globalbioticinteractions.org, fetched 2026-09-02"
Pavonia,Xenophanes tryxus,,feeds-on,hostOf,,"globalbioticinteractions.org, fetched 2026-09-02"
Pavonia,Xylocopa micans,,feeds-on,eatenBy,,"globalbioticinteractions.org, fetched 2026-09-02"
Pavonia,Xylocopa tabaniformis parkinsoniae,,feeds-on,eatenBy,,"globalbioticinteractions.org, fetched 2026-09-02"
Penstemon,Acmaeodera tubulus,,pollinator,flowersVisitedBy,,"globalbioticinteractions.org, fetched 2026-09-02"
Penstemon,Agapostemon virescens,,pollinator,flowersVisitedBy,,"globalbioticinteractions.org, fetched 2026-09-02"
Penstemon,Amblyscirtes aenus,,pollinator,flowersVisitedBy,,"globalbioticinteractions.org, fetched 2026-09-02"
Penstemon,Andrena,,pollinator,flowersVisitedBy,,"globalbioticinteractions.org, fetched 2026-09-02"
Penstemon,Andrena pruni,,pollinator,pollinatedBy,,"globalbioticinteractions.org, fetched 2026-09-02"
Penstemon,Andrena robertsonii,,pollinator,pollinatedBy,,"globalbioticinteractions.org, fetched 2026-09-02"
Penstemon,Andrena washingtoni,,pollinator,flowersVisitedBy,,"globalbioticinteractions.org, fetched 2026-09-02"
Penstemon,Anthidium maculosum,,feeds-on,eatenBy,,"globalbioticinteractions.org, fetched 2026-09-02"
Penstemon,Anthidium manicatum,,feeds-on,eatenBy,,"globalbioticinteractions.org, fetched 2026-09-02"
Penstemon,Anthidium manicatum,,pollinator,flowersVisitedBy,,"globalbioticinteractions.org, fetched 2026-09-02"
Penstemon,Anthophora abrupta,,feeds-on,eatenBy,,"globalbioticinteractions.org, fetched 2026-09-02"
Penstemon,Anthophora abrupta,,pollinator,flowersVisitedBy,,"globalbioticinteractions.org, fetched 2026-09-02"
Penstemon,Anthophora bomboides,,pollinator,flowersVisitedBy,,"globalbioticinteractions.org, fetched 2026-09-02"
Penstemon,Anthophora terminalis,,pollinator,flowersVisitedBy,,"globalbioticinteractions.org, fetched 2026-09-02"
Penstemon,Anthophora terminalis,,feeds-on,eatenBy,,"globalbioticinteractions.org, fetched 2026-09-02"
Penstemon,Anthophora ursina,,pollinator,flowersVisitedBy,,"globalbioticinteractions.org, fetched 2026-09-02"
Penstemon,Apis mellifera,,pollinator,flowersVisitedBy,,"globalbioticinteractions.org, fetched 2026-09-02"
Penstemon,Archilochus alexandri,,feeds-on,eatenBy,,"globalbioticinteractions.org, fetched 2026-09-02"
Penstemon,Archilochus colubris,,feeds-on,eatenBy,,"globalbioticinteractions.org, fetched 2026-09-02"
Penstemon,Archilochus colubris,,pollinator,flowersVisitedBy,,"globalbioticinteractions.org, fetched 2026-09-02"
Penstemon,Augochlora pura,,pollinator,flowersVisitedBy,,"globalbioticinteractions.org, fetched 2026-09-02"
Penstemon,Augochlorella pomoniella,,pollinator,flowersVisitedBy,,"globalbioticinteractions.org, fetched 2026-09-02"
Penstemon,Aulacigaster,,feeds-on,hostOf,,"globalbioticinteractions.org, fetched 2026-09-02"
Penstemon,Basilinna leucotis,,feeds-on,eatenBy,,"globalbioticinteractions.org, fetched 2026-09-02"
Penstemon,Battus philenor,,pollinator,flowersVisitedBy,,"globalbioticinteractions.org, fetched 2026-09-02"
Penstemon,Bombus,,pollinator,flowersVisitedBy,,"globalbioticinteractions.org, fetched 2026-09-02"
Penstemon,Bombus,,feeds-on,eatenBy,,"globalbioticinteractions.org, fetched 2026-09-02"
Penstemon,Bombus affinis,,pollinator,flowersVisitedBy,,"globalbioticinteractions.org, fetched 2026-09-02"
Penstemon,Bombus auricomus,,feeds-on,eatenBy,,"globalbioticinteractions.org, fetched 2026-09-02"
Penstemon,Bombus auricomus,,pollinator,flowersVisitedBy,,"globalbioticinteractions.org, fetched 2026-09-02"
Penstemon,Bombus bifarius,,pollinator,flowersVisitedBy,,"globalbioticinteractions.org, fetched 2026-09-02"
Penstemon,Bombus bimaculatus,,feeds-on,eatenBy,,"globalbioticinteractions.org, fetched 2026-09-02"
Penstemon,Bombus bimaculatus,,pollinator,flowersVisitedBy,,"globalbioticinteractions.org, fetched 2026-09-02"
Penstemon,Bombus borealis,,pollinator,flowersVisitedBy,,"globalbioticinteractions.org, fetched 2026-09-02"
Penstemon,Bombus californicus,,feeds-on,eatenBy,,"globalbioticinteractions.org, fetched 2026-09-02"
Penstemon,Bombus californicus,,pollinator,flowersVisitedBy,,"globalbioticinteractions.org, fetched 2026-09-02"
Penstemon,Bombus caliginosus,,pollinator,flowersVisitedBy,,"globalbioticinteractions.org, fetched 2026-09-02"
Penstemon,Bombus fervidus,,feeds-on,eatenBy,,"globalbioticinteractions.org, fetched 2026-09-02"
Penstemon,Bombus fervidus,,pollinator,flowersVisitedBy,,"globalbioticinteractions.org, fetched 2026-09-02"
Penstemon,Bombus flavifrons,,feeds-on,eatenBy,,"globalbioticinteractions.org, fetched 2026-09-02"
Penstemon,Bombus flavifrons,,pollinator,flowersVisitedBy,,"globalbioticinteractions.org, fetched 2026-09-02"
Penstemon,Bombus griseocollis,,feeds-on,eatenBy,,"globalbioticinteractions.org, fetched 2026-09-02"
Penstemon,Bombus griseocollis,,pollinator,flowersVisitedBy,,"globalbioticinteractions.org, fetched 2026-09-02"
Penstemon,Bombus huntii,,pollinator,flowersVisitedBy,,"globalbioticinteractions.org, fetched 2026-09-02"
Penstemon,Bombus huntii,,feeds-on,eatenBy,,"globalbioticinteractions.org, fetched 2026-09-02"
Penstemon,Bombus impatiens,,feeds-on,eatenBy,,"globalbioticinteractions.org, fetched 2026-09-02"
Penstemon,Bombus impatiens,,pollinator,flowersVisitedBy,,"globalbioticinteractions.org, fetched 2026-09-02"
Penstemon,Bombus insularis,,pollinator,flowersVisitedBy,,"globalbioticinteractions.org, fetched 2026-09-02"
Penstemon,Bombus lapidarius,,pollinator,flowersVisitedBy,,"globalbioticinteractions.org, fetched 2026-09-02"
Penstemon,Bombus melanopygus,,pollinator,flowersVisitedBy,,"globalbioticinteractions.org, fetched 2026-09-02"
Penstemon,Bombus melanopygus,,feeds-on,eatenBy,,"globalbioticinteractions.org, fetched 2026-09-02"
Penstemon,Bombus occidentalis,,pollinator,flowersVisitedBy,,"globalbioticinteractions.org, fetched 2026-09-02"
Penstemon,Bombus pascuorum,,pollinator,flowersVisitedBy,,"globalbioticinteractions.org, fetched 2026-09-02"
Penstemon,Bombus perplexus,,feeds-on,eatenBy,,"globalbioticinteractions.org, fetched 2026-09-02"
Penstemon,Bombus sitkensis,,pollinator,flowersVisitedBy,,"globalbioticinteractions.org, fetched 2026-09-02"
Penstemon,Bombus ternarius,,pollinator,flowersVisitedBy,,"globalbioticinteractions.org, fetched 2026-09-02"
Penstemon,Bombus terrestris,,pollinator,flowersVisitedBy,,"globalbioticinteractions.org, fetched 2026-09-02"
Penstemon,Bombus vagans,,feeds-on,eatenBy,,"globalbioticinteractions.org, fetched 2026-09-02"
Penstemon,Bombus vagans,,pollinator,flowersVisitedBy,,"globalbioticinteractions.org, fetched 2026-09-02"
Penstemon,Bombus vagans vagans,,pollinator,flowersVisitedBy,,"globalbioticinteractions.org, fetched 2026-09-02"
Penstemon,Bombus vancouverensis nearcticus,,pollinator,flowersVisitedBy,,"globalbioticinteractions.org, fetched 2026-09-02"
Penstemon,Bombus vandykei,,pollinator,flowersVisitedBy,,"globalbioticinteractions.org, fetched 2026-09-02"
Penstemon,Bombus vosnesenskii,,feeds-on,eatenBy,,"globalbioticinteractions.org, fetched 2026-09-02"
Penstemon,Bombus vosnesenskii,,pollinator,flowersVisitedBy,,"globalbioticinteractions.org, fetched 2026-09-02"
Penstemon,Calliphora vomitoria,,pollinator,pollinatedBy,,"globalbioticinteractions.org, fetched 2026-09-02"
Penstemon,Cecropterus nevada,,feeds-on,eatenBy,,"globalbioticinteractions.org, fetched 2026-09-02"
Penstemon,Ceratina,,pollinator,flowersVisitedBy,,"globalbioticinteractions.org, fetched 2026-09-02"
Penstemon,Ceratina acantha,,pollinator,flowersVisitedBy,,"globalbioticinteractions.org, fetched 2026-09-02"
Penstemon,Ceratina calcarata,,pollinator,flowersVisitedBy,,"globalbioticinteractions.org, fetched 2026-09-02"
Penstemon,Ceratina calcarata,,feeds-on,hostOf,,"globalbioticinteractions.org, fetched 2026-09-02"
Penstemon,Ceratina dupla,,feeds-on,hostOf,,"globalbioticinteractions.org, fetched 2026-09-02"
Penstemon,Ceropales robinsonii,,pollinator,pollinatedBy,,"globalbioticinteractions.org, fetched 2026-09-02"
Penstemon,Cnephia pecuarum,,pollinator,pollinatedBy,,"globalbioticinteractions.org, fetched 2026-09-02"
Penstemon,Colias eurytheme,,feeds-on,eatenBy,,"globalbioticinteractions.org, fetched 2026-09-02"
Penstemon,Copromyza equina,,pollinator,pollinatedBy,,"globalbioticinteractions.org, fetched 2026-09-02"
Penstemon,Crassomicrodus divisus,,pollinator,pollinatedBy,,"globalbioticinteractions.org, fetched 2026-09-02"
Penstemon,Diglossa baritula,,feeds-on,eatenBy,,"globalbioticinteractions.org, fetched 2026-09-02"
Penstemon,Endothenia hebesana,,feeds-on,eatenBy,,"globalbioticinteractions.org, fetched 2026-09-02"
Penstemon,Eucarazzia elegans,,feeds-on,eatenBy,,"globalbioticinteractions.org, fetched 2026-09-02"
Penstemon,Eucera frater,,feeds-on,hostOf,,"globalbioticinteractions.org, fetched 2026-09-02"
Penstemon,Eucera fulvitarsis,,feeds-on,hostOf,,"globalbioticinteractions.org, fetched 2026-09-02"
Penstemon,Eucera hamata,,pollinator,flowersVisitedBy,,"globalbioticinteractions.org, fetched 2026-09-02"
Penstemon,Eucera territella,,feeds-on,hostOf,,"globalbioticinteractions.org, fetched 2026-09-02"
Penstemon,Eucerceris zonata,,pollinator,pollinatedBy,,"globalbioticinteractions.org, fetched 2026-09-02"
Penstemon,Eulonchus,,pollinator,flowersVisitedBy,,"globalbioticinteractions.org, fetched 2026-09-02"
Penstemon,Eulonchus smaragdinus,,feeds-on,eatenBy,,"globalbioticinteractions.org, fetched 2026-09-02"
Penstemon,Eulonchus smaragdinus,,pollinator,flowersVisitedBy,,"globalbioticinteractions.org, fetched 2026-09-02"
Penstemon,Euphydryas anicia,,feeds-on,hostOf,,"globalbioticinteractions.org, fetched 2026-09-02"
Penstemon,Euphydryas chalcedona,,feeds-on,eatenBy,,"globalbioticinteractions.org, fetched 2026-09-02"
Penstemon,Euphydryas editha,,feeds-on,eatenBy,,"globalbioticinteractions.org, fetched 2026-09-02"
Penstemon,Euphydryas phaeton,,feeds-on,eatenBy,,"globalbioticinteractions.org, fetched 2026-09-02"
Penstemon,Goniocotes haplogonus,,feeds-on,eatenBy,,"globalbioticinteractions.org, fetched 2026-09-02"
Penstemon,Halictus farinosus,,feeds-on,eatenBy,,"globalbioticinteractions.org, fetched 2026-09-02"
Penstemon,Halictus tripartitus,,feeds-on,hostOf,,"globalbioticinteractions.org, fetched 2026-09-02"
Penstemon,Halictus tripartitus,,pollinator,pollinatedBy,,"globalbioticinteractions.org, fetched 2026-09-02"
Penstemon,Hemaris thetis,,pollinator,visitedBy,,"globalbioticinteractions.org, fetched 2026-09-02"
Penstemon,Heriades cressoni,,feeds-on,hostOf,,"globalbioticinteractions.org, fetched 2026-09-02"
Penstemon,Heriades gracilior,,pollinator,flowersVisitedBy,,"globalbioticinteractions.org, fetched 2026-09-02"
Penstemon,Heriades timberlakei,,feeds-on,hostOf,,"globalbioticinteractions.org, fetched 2026-09-02"
Penstemon,Hesperia colorado,,pollinator,visitedBy,,"globalbioticinteractions.org, fetched 2026-09-02"
Penstemon,Hoplitis albifrons,,pollinator,flowersVisitedBy,,"globalbioticinteractions.org, fetched 2026-09-02"
Penstemon,Hoplitis grinnelli,,pollinator,flowersVisitedBy,,"globalbioticinteractions.org, fetched 2026-09-02"
Penstemon,Hoplitis pilosifrons,,feeds-on,hostOf,,"globalbioticinteractions.org, fetched 2026-09-02"
Penstemon,Hoplitis pilosifrons,,pollinator,flowersVisitedBy,,"globalbioticinteractions.org, fetched 2026-09-02"
Penstemon,Hoplitis producta,,feeds-on,hostOf,,"globalbioticinteractions.org, fetched 2026-09-02"
Penstemon,Hoplitis producta,,pollinator,flowersVisitedBy,,"globalbioticinteractions.org, fetched 2026-09-02"
Penstemon,Hoplitis spoliata,,pollinator,pollinatedBy,,"globalbioticinteractions.org, fetched 2026-09-02"
Penstemon,Hoplitis truncata,,pollinator,flowersVisitedBy,,"globalbioticinteractions.org, fetched 2026-09-02"
Penstemon,Hylaeus,,pollinator,flowersVisitedBy,,"globalbioticinteractions.org, fetched 2026-09-02"
Penstemon,Hylaeus mesillae,,feeds-on,hostOf,,"globalbioticinteractions.org, fetched 2026-09-02"
Penstemon,Icaricia icarioides,,pollinator,flowersVisitedBy,,"globalbioticinteractions.org, fetched 2026-09-02"
Penstemon,Kallia murtfeldtella,,feeds-on,hostOf,,"globalbioticinteractions.org, fetched 2026-09-02"
Penstemon,Lasioglossum,,feeds-on,eatenBy,,"globalbioticinteractions.org, fetched 2026-09-02"
Penstemon,Lasioglossum,,pollinator,flowersVisitedBy,,"globalbioticinteractions.org, fetched 2026-09-02"
Penstemon,Lasioglossum lusorium,,feeds-on,hostOf,,"globalbioticinteractions.org, fetched 2026-09-02"
Penstemon,Lasioglossum nigrescens,,feeds-on,hostOf,,"globalbioticinteractions.org, fetched 2026-09-02"
Penstemon,Lasioglossum pruinosum,,pollinator,visitedBy,,"globalbioticinteractions.org, fetched 2026-09-02"
Penstemon,Lasioglossum sisymbrii,,pollinator,flowersVisitedBy,,"globalbioticinteractions.org, fetched 2026-09-02"
Penstemon,Lasioglossum vierecki,,feeds-on,hostOf,,"globalbioticinteractions.org, fetched 2026-09-02"
Penstemon,Lasius americanus,,pollinator,visitedBy,,"globalbioticinteractions.org, fetched 2026-09-02"
Penstemon,Lepidoptera,,pollinator,flowersVisitedBy,,"globalbioticinteractions.org, fetched 2026-09-02"
Penstemon,Leptarctia californiae,,feeds-on,hostOf,,"globalbioticinteractions.org, fetched 2026-09-02"
Penstemon,Limochores sonora,,pollinator,flowersVisitedBy,,"globalbioticinteractions.org, fetched 2026-09-02"
Penstemon,Lon hobomok,,pollinator,flowersVisitedBy,,"globalbioticinteractions.org, fetched 2026-09-02"
Penstemon,Lon melane,,feeds-on,eatenBy,,"globalbioticinteractions.org, fetched 2026-09-02"
Penstemon,Lon melane,,pollinator,flowersVisitedBy,,"globalbioticinteractions.org, fetched 2026-09-02"
Penstemon,Lon taxiles,,pollinator,flowersVisitedBy,,"globalbioticinteractions.org, fetched 2026-09-02"
Penstemon,Lygaeus kalmii,,pollinator,flowersVisitedBy,,"globalbioticinteractions.org, fetched 2026-09-02"
Penstemon,Megachile,,feeds-on,eatenBy,,"globalbioticinteractions.org, fetched 2026-09-02"
Penstemon,Megachile latimanus,,pollinator,flowersVisitedBy,,"globalbioticinteractions.org, fetched 2026-09-02"
Penstemon,Megachile latimanus,,feeds-on,hostOf,,"globalbioticinteractions.org, fetched 2026-09-02"
Penstemon,Megachile melanophaea,,pollinator,flowersVisitedBy,,"globalbioticinteractions.org, fetched 2026-09-02"
Penstemon,Megachile texana,,feeds-on,hostOf,,"globalbioticinteractions.org, fetched 2026-09-02"
Penstemon,Melanosmia,,pollinator,flowersVisitedBy,,"globalbioticinteractions.org, fetched 2026-09-02"
Penstemon,Melissodes bimaculatus,,pollinator,flowersVisitedBy,,"globalbioticinteractions.org, fetched 2026-09-02"
Penstemon,Melissodes bimaculatus,,feeds-on,eatenBy,,"globalbioticinteractions.org, fetched 2026-09-02"
Penstemon,Mordellistena comata,,pollinator,pollinatedBy,,"globalbioticinteractions.org, fetched 2026-09-02"
Penstemon,Myzus persicae,,feeds-on,eatenBy,,"globalbioticinteractions.org, fetched 2026-09-02"
Penstemon,Osmia,,pollinator,flowersVisitedBy,,"globalbioticinteractions.org, fetched 2026-09-02"
Penstemon,Osmia brevis,,feeds-on,hostOf,,"globalbioticinteractions.org, fetched 2026-09-02"
Penstemon,Osmia brevis,,pollinator,pollinatedBy,,"globalbioticinteractions.org, fetched 2026-09-02"
Penstemon,Osmia bruneri,,pollinator,flowersVisitedBy,,"globalbioticinteractions.org, fetched 2026-09-02"
Penstemon,Osmia bucephala,,pollinator,flowersVisitedBy,,"globalbioticinteractions.org, fetched 2026-09-02"
Penstemon,Osmia densa,,pollinator,flowersVisitedBy,,"globalbioticinteractions.org, fetched 2026-09-02"
Penstemon,Osmia distincta,,pollinator,pollinatedBy,,"globalbioticinteractions.org, fetched 2026-09-02"
Penstemon,Osmia distincta,,feeds-on,hostOf,,"globalbioticinteractions.org, fetched 2026-09-02"
Penstemon,Osmia nanula,,pollinator,flowersVisitedBy,,"globalbioticinteractions.org, fetched 2026-09-02"
Penstemon,Osmia pentstemonis,,pollinator,flowersVisitedBy,,"globalbioticinteractions.org, fetched 2026-09-02"
Penstemon,Osmia proxima,,pollinator,flowersVisitedBy,,"globalbioticinteractions.org, fetched 2026-09-02"
Penstemon,Osmia sanrafaelae,,feeds-on,hostOf,,"globalbioticinteractions.org, fetched 2026-09-02"
Penstemon,Osmia trevoris,,pollinator,flowersVisitedBy,,"globalbioticinteractions.org, fetched 2026-09-02"
Penstemon,Osmia tristella,,pollinator,flowersVisitedBy,,"globalbioticinteractions.org, fetched 2026-09-02"
Penstemon,Papilio glaucus,,pollinator,flowersVisitedBy,,"globalbioticinteractions.org, fetched 2026-09-02"
Penstemon,Papilio indra,,pollinator,flowersVisitedBy,,"globalbioticinteractions.org, fetched 2026-09-02"
Penstemon,Papilio multicaudata,,feeds-on,eatenBy,,"globalbioticinteractions.org, fetched 2026-09-02"
Penstemon,Papilio multicaudata,,pollinator,flowersVisitedBy,,"globalbioticinteractions.org, fetched 2026-09-02"
Penstemon,Papilio palamedes palamedes,,pollinator,flowersVisitedBy,,"globalbioticinteractions.org, fetched 2026-09-02"
Penstemon,Papilio polyxenes asterius,,pollinator,flowersVisitedBy,,"globalbioticinteractions.org, fetched 2026-09-02"
Penstemon,Papilio rutulus,,feeds-on,eatenBy,,"globalbioticinteractions.org, fetched 2026-09-02"
Penstemon,Papilio rutulus,,pollinator,flowersVisitedBy,,"globalbioticinteractions.org, fetched 2026-09-02"
Penstemon,Papilio zelicaon,,feeds-on,eatenBy,,"globalbioticinteractions.org, fetched 2026-09-02"
Penstemon,Paratrytone snowi,,pollinator,flowersVisitedBy,,"globalbioticinteractions.org, fetched 2026-09-02"
Penstemon,Phytomyza penstemonis,,feeds-on,eatenBy,,"globalbioticinteractions.org, fetched 2026-09-02"
Penstemon,Phytomyza penstemonis,,pollinator,visitedBy,,"globalbioticinteractions.org, fetched 2026-09-02"
Penstemon,Platycheirus albimanus,,pollinator,flowersVisitedBy,,"globalbioticinteractions.org, fetched 2026-09-02"
Penstemon,Poladryas arachne,,feeds-on,eatenBy,,"globalbioticinteractions.org, fetched 2026-09-02"
Penstemon,Poladryas minuta,,feeds-on,hostOf,,"globalbioticinteractions.org, fetched 2026-09-02"
Penstemon,Polistes dominula,,pollinator,visitedBy,,"globalbioticinteractions.org, fetched 2026-09-02"
Penstemon,Proserpinus clarkiae,,pollinator,flowersVisitedBy,,"globalbioticinteractions.org, fetched 2026-09-02"
Penstemon,Protosmia rubifloris,,feeds-on,eatenBy,,"globalbioticinteractions.org, fetched 2026-09-02"
Penstemon,Pseudomasaris,,pollinator,visitedBy,,"globalbioticinteractions.org, fetched 2026-09-02"
Penstemon,Pyrobombus,,feeds-on,eatenBy,,"globalbioticinteractions.org, fetched 2026-09-02"
Penstemon,Pyrobombus,,pollinator,flowersVisitedBy,,"globalbioticinteractions.org, fetched 2026-09-02"
Penstemon,Satyrium californica,,pollinator,flowersVisitedBy,,"globalbioticinteractions.org, fetched 2026-09-02"
Penstemon,Scaeva affinis,,feeds-on,eatenBy,,"globalbioticinteractions.org, fetched 2026-09-02"
Penstemon,Selasphorus,,feeds-on,eatenBy,,"globalbioticinteractions.org, fetched 2026-09-02"
Penstemon,Selasphorus heloisa,,pollinator,flowersVisitedBy,,"globalbioticinteractions.org, fetched 2026-09-02"
Penstemon,Selasphorus rufus,,feeds-on,eatenBy,,"globalbioticinteractions.org, fetched 2026-09-02"
Penstemon,Stelis lamelliterga,,feeds-on,hostOf,,"globalbioticinteractions.org, fetched 2026-09-02"
Penstemon,Stenoptilodes taprobanes,,feeds-on,eatenBy,,"globalbioticinteractions.org, fetched 2026-09-02"
Penstemon,Triepeolus cressonii,,pollinator,pollinatedBy,,"globalbioticinteractions.org, fetched 2026-09-02"
Penstemon,Trochilidae,,pollinator,pollinatedBy,,"globalbioticinteractions.org, fetched 2026-09-02"
Penstemon,Xylocopa sonorina,,feeds-on,eatenBy,,"globalbioticinteractions.org, fetched 2026-09-02"
Penstemon,Xylocopa sonorina,,pollinator,flowersVisitedBy,,"globalbioticinteractions.org, fetched 2026-09-02"
Penstemon,Xylocopa tabaniformis orpifex,,feeds-on,eatenBy,,"globalbioticinteractions.org, fetched 2026-09-02"
Penstemon,Xylocopa virginica,,pollinator,flowersVisitedBy,,"globalbioticinteractions.org, fetched 2026-09-02"
Penstemon,Zadontomerus,,pollinator,flowersVisitedBy,,"globalbioticinteractions.org, fetched 2026-09-02"
Rhus,Acronicta rubricoma,,feeds-on,hostOf,,"globalbioticinteractions.org, fetched 2026-09-02"
Rhus,Actebia fennica,,feeds-on,hostOf,,"globalbioticinteractions.org, fetched 2026-09-02"
Rhus,Actias luna,,feeds-on,eatenBy,,"globalbioticinteractions.org, fetched 2026-09-02"
Rhus,Agapostemon splendens,,feeds-on,eatenBy,,"globalbioticinteractions.org, fetched 2026-09-02"
Rhus,Agapostemon splendens,,pollinator,flowersVisitedBy,,"globalbioticinteractions.org, fetched 2026-09-02"
Rhus,Agapostemon texanus,,pollinator,flowersVisitedBy,,"globalbioticinteractions.org, fetched 2026-09-02"
Rhus,Agapostemon virescens,,feeds-on,eatenBy,,"globalbioticinteractions.org, fetched 2026-09-02"
Rhus,Agelaius phoeniceus,,feeds-on,eatenBy,,"globalbioticinteractions.org, fetched 2026-09-02"
Rhus,Aguriahana niisimai,,feeds-on,eatenBy,,"globalbioticinteractions.org, fetched 2026-09-02"
Rhus,Alebra albostriella,,feeds-on,eatenBy,,"globalbioticinteractions.org, fetched 2026-09-02"
Rhus,Ammacosola simplex,,feeds-on,hostOf,,"globalbioticinteractions.org, fetched 2026-09-02"
Rhus,Andrena,,pollinator,flowersVisitedBy,,"globalbioticinteractions.org, fetched 2026-09-02"
Rhus,Andrena barbilabris,,feeds-on,hostOf,,"globalbioticinteractions.org, fetched 2026-09-02"
Rhus,Andrena caerulea,,pollinator,flowersVisitedBy,,"globalbioticinteractions.org, fetched 2026-09-02"
Rhus,Andrena crataegi,,feeds-on,eatenBy,,"globalbioticinteractions.org, fetched 2026-09-02"
Rhus,Andrena cupreotincta,,feeds-on,hostOf,,"globalbioticinteractions.org, fetched 2026-09-02"
Rhus,Andrena prunorum,,feeds-on,hostOf,,"globalbioticinteractions.org, fetched 2026-09-02"
Rhus,Andrena rufosignata,,pollinator,flowersVisitedBy,,"globalbioticinteractions.org, fetched 2026-09-02"
Rhus,Andrena rugosa,,feeds-on,eatenBy,,"globalbioticinteractions.org, fetched 2026-09-02"
Rhus,Andrena w-scripta,,feeds-on,hostOf,,"globalbioticinteractions.org, fetched 2026-09-02"
Rhus,Antepione thisoaria,,feeds-on,eatenBy,,"globalbioticinteractions.org, fetched 2026-09-02"
Rhus,Anthene definita,,feeds-on,eatenBy,,"globalbioticinteractions.org, fetched 2026-09-02"
Rhus,Apis mellifera,,pollinator,flowersVisitedBy,,"globalbioticinteractions.org, fetched 2026-09-02"
Rhus,Archips argyrospila,,feeds-on,eatenBy,,"globalbioticinteractions.org, fetched 2026-09-02"
Rhus,Argyrotaenia quercifoliana,,feeds-on,eatenBy,,"globalbioticinteractions.org, fetched 2026-09-02"
Rhus,Aristotelia roseosuffusella,,feeds-on,eatenBy,,"globalbioticinteractions.org, fetched 2026-09-02"
Rhus,Ascotis reciprocaria,,feeds-on,hostOf,,"globalbioticinteractions.org, fetched 2026-09-02"
Rhus,Asymmetrasca decedens,,feeds-on,eatenBy,,"globalbioticinteractions.org, fetched 2026-09-02"
Rhus,Atteva pustulella,,pollinator,flowersVisitedBy,,"globalbioticinteractions.org, fetched 2026-09-02"
Rhus,Augochlora pura,,feeds-on,eatenBy,,"globalbioticinteractions.org, fetched 2026-09-02"
Rhus,Augochlorella aurata,,feeds-on,eatenBy,,"globalbioticinteractions.org, fetched 2026-09-02"
Rhus,Belenois raffrayi,,feeds-on,hostOf,,"globalbioticinteractions.org, fetched 2026-09-02"
Rhus,Bicyrtes quadrifasciatus,,pollinator,flowersVisitedBy,,"globalbioticinteractions.org, fetched 2026-09-02"
Rhus,BOLD:AAA2079,,feeds-on,hostOf,,"globalbioticinteractions.org, fetched 2026-09-02"
Rhus,BOLD:ABZ6353,,feeds-on,hostOf,,"globalbioticinteractions.org, fetched 2026-09-02"
Rhus,BOLD:ADF4504,,feeds-on,hostOf,,"globalbioticinteractions.org, fetched 2026-09-02"
Rhus,Bombus bimaculatus,,feeds-on,eatenBy,,"globalbioticinteractions.org, fetched 2026-09-02"
Rhus,Bombus bimaculatus,,pollinator,flowersVisitedBy,,"globalbioticinteractions.org, fetched 2026-09-02"
Rhus,Bombus griseocollis,,feeds-on,eatenBy,,"globalbioticinteractions.org, fetched 2026-09-02"
Rhus,Bombus griseocollis,,pollinator,flowersVisitedBy,,"globalbioticinteractions.org, fetched 2026-09-02"
Rhus,Bombus impatiens,,feeds-on,eatenBy,,"globalbioticinteractions.org, fetched 2026-09-02"
Rhus,Bombus impatiens,,pollinator,flowersVisitedBy,,"globalbioticinteractions.org, fetched 2026-09-02"
Rhus,Bombus melanopygus,,pollinator,flowersVisitedBy,,"globalbioticinteractions.org, fetched 2026-09-02"
Rhus,Bombus melanopygus,,feeds-on,eatenBy,,"globalbioticinteractions.org, fetched 2026-09-02"
Rhus,Bombus perplexus,,pollinator,flowersVisitedBy,,"globalbioticinteractions.org, fetched 2026-09-02"
Rhus,Bombus ternarius,,pollinator,flowersVisitedBy,,"globalbioticinteractions.org, fetched 2026-09-02"
Rhus,Bombus vosnesenskii,,pollinator,flowersVisitedBy,,"globalbioticinteractions.org, fetched 2026-09-02"
Rhus,Bonasa umbellus,,feeds-on,eatenBy,,"globalbioticinteractions.org, fetched 2026-09-02"
Rhus,Brachyleptura rubrica,,feeds-on,eatenBy,,"globalbioticinteractions.org, fetched 2026-09-02"
Rhus,Callophrys gryneus,,pollinator,flowersVisitedBy,,"globalbioticinteractions.org, fetched 2026-09-02"
Rhus,Caloptilia coriarella,,feeds-on,hostOf,,"globalbioticinteractions.org, fetched 2026-09-02"
Rhus,Caloptilia coruscans,,feeds-on,hostOf,,"globalbioticinteractions.org, fetched 2026-09-02"
Rhus,Caloptilia ovatiella,,feeds-on,hostOf,,"globalbioticinteractions.org, fetched 2026-09-02"
Rhus,Caloptilia rhoifoliella,,feeds-on,eatenBy,,"globalbioticinteractions.org, fetched 2026-09-02"
Rhus,Cameraria guttifinitella,,feeds-on,eatenBy,,"globalbioticinteractions.org, fetched 2026-09-02"
Rhus,Cardinalis cardinalis,,feeds-on,eatenBy,,"globalbioticinteractions.org, fetched 2026-09-02"
Rhus,Carolinaia rhois,,feeds-on,eatenBy,,"globalbioticinteractions.org, fetched 2026-09-02"
Rhus,Catharus fuscescens,,feeds-on,eatenBy,,"globalbioticinteractions.org, fetched 2026-09-02"
Rhus,Catharus guttatus,,feeds-on,eatenBy,,"globalbioticinteractions.org, fetched 2026-09-02"
Rhus,Catharus ustulatus,,feeds-on,eatenBy,,"globalbioticinteractions.org, fetched 2026-09-02"
Rhus,Ceratina calcarata,,feeds-on,eatenBy,,"globalbioticinteractions.org, fetched 2026-09-02"
Rhus,Ceratina calcarata,,pollinator,flowersVisitedBy,,"globalbioticinteractions.org, fetched 2026-09-02"
Rhus,Chauliognathus marginatus,,feeds-on,eatenBy,,"globalbioticinteractions.org, fetched 2026-09-02"
Rhus,Choristoneura rosaceana,,feeds-on,hostOf,,"globalbioticinteractions.org, fetched 2026-09-02"
Rhus,Cingilia catenaria,,feeds-on,eatenBy,,"globalbioticinteractions.org, fetched 2026-09-02"
Rhus,Citheronia regalis,,feeds-on,hostOf,,"globalbioticinteractions.org, fetched 2026-09-02"
Rhus,Citheronia splendens,,feeds-on,eatenBy,,"globalbioticinteractions.org, fetched 2026-09-02"
Rhus,Colaptes auratus,,feeds-on,eatenBy,,"globalbioticinteractions.org, fetched 2026-09-02"
Rhus,Colius colius,,feeds-on,eatenBy,,"globalbioticinteractions.org, fetched 2026-09-02"
Rhus,Colius striatus,,feeds-on,eatenBy,,"globalbioticinteractions.org, fetched 2026-09-02"
Rhus,Colletes,,pollinator,flowersVisitedBy,,"globalbioticinteractions.org, fetched 2026-09-02"
Rhus,Colletes hyalinus,,feeds-on,eatenBy,,"globalbioticinteractions.org, fetched 2026-09-02"
Rhus,Copestylum caudatum,,pollinator,flowersVisitedBy,,"globalbioticinteractions.org, fetched 2026-09-02"
Rhus,Copestylum mexicanum,,pollinator,flowersVisitedBy,,"globalbioticinteractions.org, fetched 2026-09-02"
Rhus,Corethrovalva paraplesia,,feeds-on,hostOf,,"globalbioticinteractions.org, fetched 2026-09-02"
Rhus,Corimelaena pulicaria,,feeds-on,eatenBy,,"globalbioticinteractions.org, fetched 2026-09-02"
Rhus,Ctenucha virginica,,pollinator,flowersVisitedBy,,"globalbioticinteractions.org, fetched 2026-09-02"
Rhus,Dasychira georgiana,,feeds-on,hostOf,,"globalbioticinteractions.org, fetched 2026-09-02"
Rhus,Datana ministra,,feeds-on,eatenBy,,"globalbioticinteractions.org, fetched 2026-09-02"
Rhus,Datana perspicua,,feeds-on,eatenBy,,"globalbioticinteractions.org, fetched 2026-09-02"
Rhus,Datana robusta,,feeds-on,hostOf,,"globalbioticinteractions.org, fetched 2026-09-02"
Rhus,Dichorda iridaria,,feeds-on,eatenBy,,"globalbioticinteractions.org, fetched 2026-09-02"
Rhus,Dichorda iridaria iridaria,,feeds-on,hostOf,,"globalbioticinteractions.org, fetched 2026-09-02"
Rhus,Dryobates pubescens,,feeds-on,eatenBy,,"globalbioticinteractions.org, fetched 2026-09-02"
Rhus,Dumetella carolinensis,,feeds-on,eatenBy,,"globalbioticinteractions.org, fetched 2026-09-02"
Rhus,Eagris lucetia,,feeds-on,hostOf,,"globalbioticinteractions.org, fetched 2026-09-02"
Rhus,Eagris sabadius,,feeds-on,eatenBy,,"globalbioticinteractions.org, fetched 2026-09-02"
Rhus,Eagris sabadius astoria,,feeds-on,hostOf,,"globalbioticinteractions.org, fetched 2026-09-02"
Rhus,Epargyreus clarus,,feeds-on,eatenBy,,"globalbioticinteractions.org, fetched 2026-09-02"
Rhus,Episimus argutana,,feeds-on,eatenBy,,"globalbioticinteractions.org, fetched 2026-09-02"
Rhus,Eremnophila aureonotata,,pollinator,flowersVisitedBy,,"globalbioticinteractions.org, fetched 2026-09-02"
Rhus,Erinaceus europaeus,,feeds-on,eatenBy,,"globalbioticinteractions.org, fetched 2026-09-02"
Rhus,Eriophyes rhoinus,,feeds-on,hostOf,,"globalbioticinteractions.org, fetched 2026-09-02"
Rhus,Ethmia nadia,,pollinator,flowersVisitedBy,,"globalbioticinteractions.org, fetched 2026-09-02"
Rhus,Eucerini,,pollinator,flowersVisitedBy,,"globalbioticinteractions.org, fetched 2026-09-02"
Rhus,Euclidia cuspidea,,pollinator,flowersVisitedBy,,"globalbioticinteractions.org, fetched 2026-09-02"
Rhus,Eumenes fraternus,,feeds-on,eatenBy,,"globalbioticinteractions.org, fetched 2026-09-02"
Rhus,Eumenes fraternus,,pollinator,flowersVisitedBy,,"globalbioticinteractions.org, fetched 2026-09-02"
Rhus,Euphaedra uganda,,feeds-on,hostOf,,"globalbioticinteractions.org, fetched 2026-09-02"
Rhus,Euphydryas chalcedona,,pollinator,flowersVisitedBy,,"globalbioticinteractions.org, fetched 2026-09-02"
Rhus,Eupogonius pauper,,feeds-on,hostOf,,"globalbioticinteractions.org, fetched 2026-09-02"
Rhus,Eurytoma rhois,,feeds-on,hostOf,,"globalbioticinteractions.org, fetched 2026-09-02"
Rhus,Euschistus tristigmus,,feeds-on,eatenBy,,"globalbioticinteractions.org, fetched 2026-09-02"
Rhus,Eutelia adulatrix,,feeds-on,eatenBy,,"globalbioticinteractions.org, fetched 2026-09-02"
Rhus,Eutricha bifascia,,feeds-on,hostOf,,"globalbioticinteractions.org, fetched 2026-09-02"
Rhus,Fazia micrura,,pollinator,flowersVisitedBy,,"globalbioticinteractions.org, fetched 2026-09-02"
Rhus,Gammarotettix genitalis,,pollinator,flowersVisitedBy,,"globalbioticinteractions.org, fetched 2026-09-02"
Rhus,Gaurotes cyanipennis,,feeds-on,eatenBy,,"globalbioticinteractions.org, fetched 2026-09-02"
Rhus,Gonimbrasia conradsi,,feeds-on,eatenBy,,"globalbioticinteractions.org, fetched 2026-09-02"
Rhus,Gonimbrasia zambesina,,feeds-on,hostOf,,"globalbioticinteractions.org, fetched 2026-09-02"
Rhus,Habropoda depressa,,pollinator,flowersVisitedBy,,"globalbioticinteractions.org, fetched 2026-09-02"
Rhus,Haemorhous purpureus,,feeds-on,eatenBy,,"globalbioticinteractions.org, fetched 2026-09-02"
Rhus,Halictus confusus,,feeds-on,eatenBy,,"globalbioticinteractions.org, fetched 2026-09-02"
Rhus,Halictus confusus,,pollinator,flowersVisitedBy,,"globalbioticinteractions.org, fetched 2026-09-02"
Rhus,Halictus rubicundus,,feeds-on,eatenBy,,"globalbioticinteractions.org, fetched 2026-09-02"
Rhus,Halictus rubicundus,,pollinator,flowersVisitedBy,,"globalbioticinteractions.org, fetched 2026-09-02"
Rhus,Halictus tripartitus,,pollinator,flowersVisitedBy,,"globalbioticinteractions.org, fetched 2026-09-02"
Rhus,Hebata hiromichii,,feeds-on,eatenBy,,"globalbioticinteractions.org, fetched 2026-09-02"
Rhus,Heliopetes ericetorum,,pollinator,flowersVisitedBy,,"globalbioticinteractions.org, fetched 2026-09-02"
Rhus,Heriades carinata,,feeds-on,hostOf,,"globalbioticinteractions.org, fetched 2026-09-02"
Rhus,Heterodoxus longitarsus,,feeds-on,hostOf,,"globalbioticinteractions.org, fetched 2026-09-02"
Rhus,Holcocera chalcofrontella,,feeds-on,hostOf,,"globalbioticinteractions.org, fetched 2026-09-02"
Rhus,Holocerina smilax,,feeds-on,hostOf,,"globalbioticinteractions.org, fetched 2026-09-02"
Rhus,Hyalophora cecropia,,feeds-on,eatenBy,,"globalbioticinteractions.org, fetched 2026-09-02"
Rhus,Hylaeus,,pollinator,flowersVisitedBy,,"globalbioticinteractions.org, fetched 2026-09-02"
Rhus,Hylaeus affinis,,feeds-on,eatenBy,,"globalbioticinteractions.org, fetched 2026-09-02"
Rhus,Hylaeus annulatus,,feeds-on,eatenBy,,"globalbioticinteractions.org, fetched 2026-09-02"
Rhus,Hylaeus mesillae,,feeds-on,eatenBy,,"globalbioticinteractions.org, fetched 2026-09-02"
Rhus,Hylaeus modestus,,feeds-on,eatenBy,,"globalbioticinteractions.org, fetched 2026-09-02"
Rhus,Hypacostemma devium,,feeds-on,eatenBy,,"globalbioticinteractions.org, fetched 2026-09-02"
Rhus,Hyperplatys aspersus,,feeds-on,hostOf,,"globalbioticinteractions.org, fetched 2026-09-02"
Rhus,Junco hyemalis,,pollinator,flowersVisitedBy,,"globalbioticinteractions.org, fetched 2026-09-02"
Rhus,Lasioglossum,,pollinator,flowersVisitedBy,,"globalbioticinteractions.org, fetched 2026-09-02"
Rhus,Lasioglossum foxii,,feeds-on,eatenBy,,"globalbioticinteractions.org, fetched 2026-09-02"
Rhus,Lasioglossum lineatulum,,feeds-on,eatenBy,,"globalbioticinteractions.org, fetched 2026-09-02"
Rhus,Lasioglossum pectorale,,feeds-on,eatenBy,,"globalbioticinteractions.org, fetched 2026-09-02"
Rhus,Lasioglossum pilosum,,feeds-on,eatenBy,,"globalbioticinteractions.org, fetched 2026-09-02"
Rhus,Lasioglossum sisymbrii,,pollinator,flowersVisitedBy,,"globalbioticinteractions.org, fetched 2026-09-02"
Rhus,Leptoglossus zonatus,,pollinator,flowersVisitedBy,,"globalbioticinteractions.org, fetched 2026-09-02"
Rhus,Lepus americanus,,feeds-on,eatenBy,,"globalbioticinteractions.org, fetched 2026-09-02"
Rhus,Limassolla ishiharai,,feeds-on,eatenBy,,"globalbioticinteractions.org, fetched 2026-09-02"
Rhus,Lybius torquatus,,feeds-on,eatenBy,,"globalbioticinteractions.org, fetched 2026-09-02"
Rhus,Lygaeus kalmii,,feeds-on,eatenBy,,"globalbioticinteractions.org, fetched 2026-09-02"
Rhus,Marathyssa basalis,,feeds-on,hostOf,,"globalbioticinteractions.org, fetched 2026-09-02"
Rhus,Martes foina,,feeds-on,eatenBy,,"globalbioticinteractions.org, fetched 2026-09-02"
Rhus,Megachile mendica,,feeds-on,eatenBy,,"globalbioticinteractions.org, fetched 2026-09-02"
Rhus,Megachile sculpturalis,,pollinator,flowersVisitedBy,,"globalbioticinteractions.org, fetched 2026-09-02"
Rhus,Megatibicen dorsatus,,feeds-on,eatenBy,,"globalbioticinteractions.org, fetched 2026-09-02"
Rhus,Melaphis rhois,,feeds-on,hostOf,,"globalbioticinteractions.org, fetched 2026-09-02"
Rhus,Meles meles,,feeds-on,eatenBy,,"globalbioticinteractions.org, fetched 2026-09-02"
Rhus,Meroptera pravella,,feeds-on,hostOf,,"globalbioticinteractions.org, fetched 2026-09-02"
Rhus,Metaphidippus manni,,pollinator,flowersVisitedBy,,"globalbioticinteractions.org, fetched 2026-09-02"
Rhus,Mimus polyglottos,,feeds-on,eatenBy,,"globalbioticinteractions.org, fetched 2026-09-02"
Rhus,Monobia quadridens,,pollinator,flowersVisitedBy,,"globalbioticinteractions.org, fetched 2026-09-02"
Rhus,Monticola solitarius,,feeds-on,eatenBy,,"globalbioticinteractions.org, fetched 2026-09-02"
Rhus,Moodna ostrinella,,feeds-on,eatenBy,,"globalbioticinteractions.org, fetched 2026-09-02"
Rhus,Namasia monitrix,,feeds-on,hostOf,,"globalbioticinteractions.org, fetched 2026-09-02"
Rhus,Neoclytus acuminatus,,feeds-on,eatenBy,,"globalbioticinteractions.org, fetched 2026-09-02"
Rhus,Neotibicen pruinosus pruinosus,,feeds-on,eatenBy,,"globalbioticinteractions.org, fetched 2026-09-02"
Rhus,Neotibicen tibicen tibicen,,feeds-on,eatenBy,,"globalbioticinteractions.org, fetched 2026-09-02"
Rhus,Neotoma albigula,,feeds-on,eatenBy,,"globalbioticinteractions.org, fetched 2026-09-02"
Rhus,Nephopterix subfuscella,,feeds-on,hostOf,,"globalbioticinteractions.org, fetched 2026-09-02"
Rhus,Nomada,,pollinator,flowersVisitedBy,,"globalbioticinteractions.org, fetched 2026-09-02"
Rhus,Nymphalis antiopa,,pollinator,flowersVisitedBy,,"globalbioticinteractions.org, fetched 2026-09-02"
Rhus,Nymphalis californica,,pollinator,flowersVisitedBy,,"globalbioticinteractions.org, fetched 2026-09-02"
Rhus,Olethreutes appendiceum,,feeds-on,eatenBy,,"globalbioticinteractions.org, fetched 2026-09-02"
Rhus,Oncometopia orbona,,feeds-on,eatenBy,,"globalbioticinteractions.org, fetched 2026-09-02"
Rhus,Ophiusa tirhaca,,feeds-on,hostOf,,"globalbioticinteractions.org, fetched 2026-09-02"
Rhus,Oriolus oriolus,,feeds-on,eatenBy,,"globalbioticinteractions.org, fetched 2026-09-02"
Rhus,Papaipema nebris,,feeds-on,hostOf,,"globalbioticinteractions.org, fetched 2026-09-02"
Rhus,Papilio eurymedon,,pollinator,flowersVisitedBy,,"globalbioticinteractions.org, fetched 2026-09-02"
Rhus,Paraprosopis,,pollinator,flowersVisitedBy,,"globalbioticinteractions.org, fetched 2026-09-02"
Rhus,Parasa gemmans,,feeds-on,eatenBy,,"globalbioticinteractions.org, fetched 2026-09-02"
Rhus,Phidippus phoenix,,pollinator,flowersVisitedBy,,"globalbioticinteractions.org, fetched 2026-09-02"
Rhus,Pica pica,,feeds-on,eatenBy,,"globalbioticinteractions.org, fetched 2026-09-02"
Rhus,Pingasa ruginaria,,feeds-on,hostOf,,"globalbioticinteractions.org, fetched 2026-09-02"
Rhus,Poecile atricapillus,,feeds-on,eatenBy,,"globalbioticinteractions.org, fetched 2026-09-02"
Rhus,Poecilmitis lycegenes,,feeds-on,hostOf,,"globalbioticinteractions.org, fetched 2026-09-02"
Rhus,Protosmia rubifloris,,pollinator,flowersVisitedBy,,"globalbioticinteractions.org, fetched 2026-09-02"
Rhus,Psaeropterella macrocephala,,pollinator,flowersVisitedBy,,"globalbioticinteractions.org, fetched 2026-09-02"
Rhus,Rhodogastria amasis,,feeds-on,eatenBy,,"globalbioticinteractions.org, fetched 2026-09-02"
Rhus,Rhodometra sacraria,,feeds-on,eatenBy,,"globalbioticinteractions.org, fetched 2026-09-02"
Rhus,Rhusopus aliwalensis,,feeds-on,eatenBy,,"globalbioticinteractions.org, fetched 2026-09-02"
Rhus,Rhusopus cuneiformis,,feeds-on,eatenBy,,"globalbioticinteractions.org, fetched 2026-09-02"
Rhus,Samia cynthia,,feeds-on,eatenBy,,"globalbioticinteractions.org, fetched 2026-09-02"
Rhus,Saperda lateralis,,feeds-on,hostOf,,"globalbioticinteractions.org, fetched 2026-09-02"
Rhus,Satyrium behrii,,pollinator,flowersVisitedBy,,"globalbioticinteractions.org, fetched 2026-09-02"
Rhus,Saxicola torquatus,,feeds-on,eatenBy,,"globalbioticinteractions.org, fetched 2026-09-02"
Rhus,Scaphytopius majestus,,feeds-on,eatenBy,,"globalbioticinteractions.org, fetched 2026-09-02"
Rhus,Scaphytopius utahensis,,feeds-on,eatenBy,,"globalbioticinteractions.org, fetched 2026-09-02"
Rhus,Schausinna affinis,,feeds-on,eatenBy,,"globalbioticinteractions.org, fetched 2026-09-02"
Rhus,Sena simplex,,feeds-on,eatenBy,,"globalbioticinteractions.org, fetched 2026-09-02"
Rhus,Setophaga aestiva,,pollinator,flowersVisitedBy,,"globalbioticinteractions.org, fetched 2026-09-02"
Rhus,Siphanta acuta,,feeds-on,eatenBy,,"globalbioticinteractions.org, fetched 2026-09-02"
Rhus,Sphex pensylvanicus,,pollinator,flowersVisitedBy,,"globalbioticinteractions.org, fetched 2026-09-02"
Rhus,Spilosoma virginica,,feeds-on,eatenBy,,"globalbioticinteractions.org, fetched 2026-09-02"
Rhus,Spiramater lutra,,feeds-on,eatenBy,,"globalbioticinteractions.org, fetched 2026-09-02"
Rhus,Stathmopoda orbiculata,,feeds-on,eatenBy,,"globalbioticinteractions.org, fetched 2026-09-02"
Rhus,Stenella,,feeds-on,hostOf,,"globalbioticinteractions.org, fetched 2026-09-02"
Rhus,Stictocephala bisonia,,feeds-on,eatenBy,,"globalbioticinteractions.org, fetched 2026-09-02"
Rhus,Sylvia cantillans,,feeds-on,eatenBy,,"globalbioticinteractions.org, fetched 2026-09-02"
Rhus,Sylvia melanocephala,,feeds-on,eatenBy,,"globalbioticinteractions.org, fetched 2026-09-02"
Rhus,Sylvia undata,,feeds-on,eatenBy,,"globalbioticinteractions.org, fetched 2026-09-02"
Rhus,Synanthedon polygoni,,pollinator,flowersVisitedBy,,"globalbioticinteractions.org, fetched 2026-09-02"
Rhus,Thryothorus ludovicianus,,feeds-on,eatenBy,,"globalbioticinteractions.org, fetched 2026-09-02"
Rhus,Toxostoma rufum,,feeds-on,eatenBy,,"globalbioticinteractions.org, fetched 2026-09-02"
Rhus,Trichoferus campestris,,feeds-on,eatenBy,,"globalbioticinteractions.org, fetched 2026-09-02"
Rhus,Turdus rufopalliatus,,feeds-on,eatenBy,,"globalbioticinteractions.org, fetched 2026-09-02"
Rhus,Tyrannus tyrannus,,feeds-on,eatenBy,,"globalbioticinteractions.org, fetched 2026-09-02"
Rhus,Vespa crabro,,pollinator,flowersVisitedBy,,"globalbioticinteractions.org, fetched 2026-09-02"
Rhus,Vespa velutina,,pollinator,flowersVisitedBy,,"globalbioticinteractions.org, fetched 2026-09-02"
Rhus,Vespula maculifrons,,feeds-on,eatenBy,,"globalbioticinteractions.org, fetched 2026-09-02"
Rhus,Vespula vidua,,pollinator,flowersVisitedBy,,"globalbioticinteractions.org, fetched 2026-09-02"
Rhus,Vireo gilvus,,feeds-on,eatenBy,,"globalbioticinteractions.org, fetched 2026-09-02"
Rhus,Vireo solitarius,,feeds-on,eatenBy,,"globalbioticinteractions.org, fetched 2026-09-02"
Rhus,Vulpes vulpes,,feeds-on,eatenBy,,"globalbioticinteractions.org, fetched 2026-09-02"
Rhus,Xylocopa micans,,pollinator,flowersVisitedBy,,"globalbioticinteractions.org, fetched 2026-09-02"
Rhus,Xylocopa virginica,,pollinator,flowersVisitedBy,,"globalbioticinteractions.org, fetched 2026-09-02"
Rhus,Xylosandrus germanus,,feeds-on,hostOf,,"globalbioticinteractions.org, fetched 2026-09-02"
Rhus,Xylotrechus stebbingi,,feeds-on,eatenBy,,"globalbioticinteractions.org, fetched 2026-09-02"
Rhus,Zonotrichia albicollis,,feeds-on,eatenBy,,"globalbioticinteractions.org, fetched 2026-09-02"
Rhus,Zonotrichia leucophrys,,pollinator,flowersVisitedBy,,"globalbioticinteractions.org, fetched 2026-09-02"
Rhus,Zygina rhamni,,feeds-on,eatenBy,,"globalbioticinteractions.org, fetched 2026-09-02"
Salvia,Acanthis flammea,,feeds-on,eatenBy,,"globalbioticinteractions.org, fetched 2026-09-02"
Salvia,Acanthorhynchus tenuirostris,,feeds-on,eatenBy,,"globalbioticinteractions.org, fetched 2026-09-02"
Salvia,Acmaeodera vernalis,,pollinator,flowersVisitedBy,,"globalbioticinteractions.org, fetched 2026-09-02"
Salvia,Acronicta indica,,feeds-on,eatenBy,,"globalbioticinteractions.org, fetched 2026-09-02"
Salvia,Aellopos clavipes,,pollinator,flowersVisitedBy,,"globalbioticinteractions.org, fetched 2026-09-02"
Salvia,Agapanthia cardui,,feeds-on,eatenBy,,"globalbioticinteractions.org, fetched 2026-09-02"
Salvia,Agapostemon splendens,,feeds-on,eatenBy,,"globalbioticinteractions.org, fetched 2026-09-02"
Salvia,Agapostemon splendens,,pollinator,flowersVisitedBy,,"globalbioticinteractions.org, fetched 2026-09-02"
Salvia,Agapostemon virescens,,pollinator,flowersVisitedBy,,"globalbioticinteractions.org, fetched 2026-09-02"
Salvia,Aglais urticae,,feeds-on,eatenBy,,"globalbioticinteractions.org, fetched 2026-09-02"
Salvia,Alectoris graeca,,feeds-on,eatenBy,,"globalbioticinteractions.org, fetched 2026-09-02"
Salvia,Allograpta,,feeds-on,eatenBy,,"globalbioticinteractions.org, fetched 2026-09-02"
Salvia,Allograpta,,pollinator,flowersVisitedBy,,"globalbioticinteractions.org, fetched 2026-09-02"
Salvia,Alypia mariposa,,feeds-on,eatenBy,,"globalbioticinteractions.org, fetched 2026-09-02"
Salvia,Amblyptilia acanthadactyla,,feeds-on,eatenBy,,"globalbioticinteractions.org, fetched 2026-09-02"
Salvia,Amegilla garrula,,pollinator,flowersVisitedBy,,"globalbioticinteractions.org, fetched 2026-09-02"
Salvia,Anaceratagallia aciculata,,feeds-on,eatenBy,,"globalbioticinteractions.org, fetched 2026-09-02"
Salvia,Anaceratagallia ribauti,,feeds-on,eatenBy,,"globalbioticinteractions.org, fetched 2026-09-02"
Salvia,Anaceratagallia venosa,,feeds-on,eatenBy,,"globalbioticinteractions.org, fetched 2026-09-02"
Salvia,Anania funebris,,pollinator,flowersVisitedBy,,"globalbioticinteractions.org, fetched 2026-09-02"
Salvia,Ancistrocerus,,feeds-on,eatenBy,,"globalbioticinteractions.org, fetched 2026-09-02"
Salvia,Ancistrocerus bustamente,,feeds-on,eatenBy,,"globalbioticinteractions.org, fetched 2026-09-02"
Salvia,Andrena,,pollinator,flowersVisitedBy,,"globalbioticinteractions.org, fetched 2026-09-02"
Salvia,Androlyperus maculatus,,pollinator,flowersVisitedBy,,"globalbioticinteractions.org, fetched 2026-09-02"
Salvia,Anser anser,,feeds-on,eatenBy,,"globalbioticinteractions.org, fetched 2026-09-02"
Salvia,Anthidium maculosum,,feeds-on,eatenBy,,"globalbioticinteractions.org, fetched 2026-09-02"
Salvia,Anthidium maculosum,,pollinator,flowersVisitedBy,,"globalbioticinteractions.org, fetched 2026-09-02"
Salvia,Anthidium manicatum,,feeds-on,eatenBy,,"globalbioticinteractions.org, fetched 2026-09-02"
Salvia,Anthidium manicatum,,pollinator,flowersVisitedBy,,"globalbioticinteractions.org, fetched 2026-09-02"
Salvia,Anthophora abrupta,,feeds-on,eatenBy,,"globalbioticinteractions.org, fetched 2026-09-02"
Salvia,Anthophora abrupta,,pollinator,flowersVisitedBy,,"globalbioticinteractions.org, fetched 2026-09-02"
Salvia,Anthophora aestivalis,,pollinator,pollinatedBy,,"globalbioticinteractions.org, fetched 2026-09-02"
Salvia,Anthophora bomboides,,feeds-on,eatenBy,,"globalbioticinteractions.org, fetched 2026-09-02"
Salvia,Anthophora californica,,feeds-on,eatenBy,,"globalbioticinteractions.org, fetched 2026-09-02"
Salvia,Anthophora plumipes,,pollinator,flowersVisitedBy,,"globalbioticinteractions.org, fetched 2026-09-02"
Salvia,Anthophora terminalis,,feeds-on,eatenBy,,"globalbioticinteractions.org, fetched 2026-09-02"
Salvia,Aporia crataegi,,pollinator,flowersVisitedBy,,"globalbioticinteractions.org, fetched 2026-09-02"
Salvia,Araneus diadematus,,pollinator,visitedBy,,"globalbioticinteractions.org, fetched 2026-09-02"
Salvia,Archilochus alexandri,,feeds-on,eatenBy,,"globalbioticinteractions.org, fetched 2026-09-02"
Salvia,Archilochus alexandri,,pollinator,flowersVisitedBy,,"globalbioticinteractions.org, fetched 2026-09-02"
Salvia,Archilochus colubris,,feeds-on,eatenBy,,"globalbioticinteractions.org, fetched 2026-09-02"
Salvia,Argynnis coronis semiramis,,pollinator,flowersVisitedBy,,"globalbioticinteractions.org, fetched 2026-09-02"
Salvia,Arilus cristatus,,feeds-on,eatenBy,,"globalbioticinteractions.org, fetched 2026-09-02"
Salvia,Ascotis selenaria,,feeds-on,eatenBy,,"globalbioticinteractions.org, fetched 2026-09-02"
Salvia,Asianidia pallescita,,feeds-on,eatenBy,,"globalbioticinteractions.org, fetched 2026-09-02"
Salvia,Atalopedes huron,,feeds-on,eatenBy,,"globalbioticinteractions.org, fetched 2026-09-02"
Salvia,Athysanella nielsoni,,feeds-on,eatenBy,,"globalbioticinteractions.org, fetched 2026-09-02"
Salvia,Atteva pustulella,,pollinator,flowersVisitedBy,,"globalbioticinteractions.org, fetched 2026-09-02"
Salvia,Augochlora pura,,pollinator,flowersVisitedBy,,"globalbioticinteractions.org, fetched 2026-09-02"
Salvia,Basilinna leucotis,,feeds-on,eatenBy,,"globalbioticinteractions.org, fetched 2026-09-02"
Salvia,Basilinna leucotis,,pollinator,flowersVisitedBy,,"globalbioticinteractions.org, fetched 2026-09-02"
Salvia,Basiothia medea,,pollinator,flowersVisitedBy,,"globalbioticinteractions.org, fetched 2026-09-02"
Salvia,Battus philenor,,feeds-on,eatenBy,,"globalbioticinteractions.org, fetched 2026-09-02"
Salvia,Battus philenor,,pollinator,flowersVisitedBy,,"globalbioticinteractions.org, fetched 2026-09-02"
Salvia,Belenois java,,pollinator,flowersVisitedBy,,"globalbioticinteractions.org, fetched 2026-09-02"
Salvia,Bombus,,pollinator,flowersVisitedBy,,"globalbioticinteractions.org, fetched 2026-09-02"
Salvia,Bombus,,feeds-on,eatenBy,,"globalbioticinteractions.org, fetched 2026-09-02"
Salvia,Bombus affinis,,feeds-on,eatenBy,,"globalbioticinteractions.org, fetched 2026-09-02"
Salvia,Bombus auricomus,,pollinator,flowersVisitedBy,,"globalbioticinteractions.org, fetched 2026-09-02"
Salvia,Bombus bimaculatus,,feeds-on,eatenBy,,"globalbioticinteractions.org, fetched 2026-09-02"
Salvia,Bombus bimaculatus,,pollinator,flowersVisitedBy,,"globalbioticinteractions.org, fetched 2026-09-02"
Salvia,Bombus californicus,,pollinator,visitedBy,,"globalbioticinteractions.org, fetched 2026-09-02"
Salvia,Bombus californicus,,feeds-on,eatenBy,,"globalbioticinteractions.org, fetched 2026-09-02"
Salvia,Bombus fervidus,,feeds-on,eatenBy,,"globalbioticinteractions.org, fetched 2026-09-02"
Salvia,Bombus fervidus,,pollinator,flowersVisitedBy,,"globalbioticinteractions.org, fetched 2026-09-02"
Salvia,Bombus flavifrons,,feeds-on,eatenBy,,"globalbioticinteractions.org, fetched 2026-09-02"
Salvia,Bombus flavifrons,,pollinator,flowersVisitedBy,,"globalbioticinteractions.org, fetched 2026-09-02"
Salvia,Bombus griseocollis,,pollinator,flowersVisitedBy,,"globalbioticinteractions.org, fetched 2026-09-02"
Salvia,Bombus griseocollis,,feeds-on,eatenBy,,"globalbioticinteractions.org, fetched 2026-09-02"
Salvia,Bombus huntii,,pollinator,flowersVisitedBy,,"globalbioticinteractions.org, fetched 2026-09-02"
Salvia,Bombus hypnorum,,pollinator,flowersVisitedBy,,"globalbioticinteractions.org, fetched 2026-09-02"
Salvia,Bombus impatiens,,pollinator,flowersVisitedBy,,"globalbioticinteractions.org, fetched 2026-09-02"
Salvia,Bombus impatiens,,feeds-on,eatenBy,,"globalbioticinteractions.org, fetched 2026-09-02"
Salvia,Bombus lapidarius,,pollinator,flowersVisitedBy,,"globalbioticinteractions.org, fetched 2026-09-02"
Salvia,Bombus melanopygus,,pollinator,flowersVisitedBy,,"globalbioticinteractions.org, fetched 2026-09-02"
Salvia,Bombus melanopygus,,feeds-on,eatenBy,,"globalbioticinteractions.org, fetched 2026-09-02"
Salvia,Bombus pascuorum,,feeds-on,eatenBy,,"globalbioticinteractions.org, fetched 2026-09-02"
Salvia,Bombus pascuorum,,pollinator,flowersVisitedBy,,"globalbioticinteractions.org, fetched 2026-09-02"
Salvia,Bombus perplexus,,feeds-on,eatenBy,,"globalbioticinteractions.org, fetched 2026-09-02"
Salvia,Bombus perplexus,,pollinator,flowersVisitedBy,,"globalbioticinteractions.org, fetched 2026-09-02"
Salvia,Bombus terrestris lusitanicus,,pollinator,flowersVisitedBy,,"globalbioticinteractions.org, fetched 2026-09-02"
Salvia,Bombus vagans,,pollinator,visitedBy,,"globalbioticinteractions.org, fetched 2026-09-02"
Salvia,Bombus vancouverensis nearcticus,,feeds-on,eatenBy,,"globalbioticinteractions.org, fetched 2026-09-02"
Salvia,Bombus vancouverensis nearcticus,,pollinator,flowersVisitedBy,,"globalbioticinteractions.org, fetched 2026-09-02"
Salvia,Bombus vosnesenskii,,pollinator,flowersVisitedBy,,"globalbioticinteractions.org, fetched 2026-09-02"
Salvia,Bombus vosnesenskii,,feeds-on,eatenBy,,"globalbioticinteractions.org, fetched 2026-09-02"
Salvia,Burnsius communis,,feeds-on,eatenBy,,"globalbioticinteractions.org, fetched 2026-09-02"
Salvia,Burnsius communis,,pollinator,flowersVisitedBy,,"globalbioticinteractions.org, fetched 2026-09-02"
Salvia,Cacyreus lingeus,,feeds-on,eatenBy,,"globalbioticinteractions.org, fetched 2026-09-02"
Salvia,Cacyreus marshalli,,pollinator,flowersVisitedBy,,"globalbioticinteractions.org, fetched 2026-09-02"
Salvia,Cacyreus virilis,,feeds-on,eatenBy,,"globalbioticinteractions.org, fetched 2026-09-02"
Salvia,Callistochlora chloris,,pollinator,flowersVisitedBy,,"globalbioticinteractions.org, fetched 2026-09-02"
Salvia,Capperia britanniodactylus,,feeds-on,eatenBy,,"globalbioticinteractions.org, fetched 2026-09-02"
Salvia,Carpocoris purpureipennis,,feeds-on,eatenBy,,"globalbioticinteractions.org, fetched 2026-09-02"
Salvia,Catopsilia pomona,,feeds-on,eatenBy,,"globalbioticinteractions.org, fetched 2026-09-02"
Salvia,Cecropterus dorantes dorantes,,pollinator,flowersVisitedBy,,"globalbioticinteractions.org, fetched 2026-09-02"
Salvia,Celastrina argiolus,,pollinator,flowersVisitedBy,,"globalbioticinteractions.org, fetched 2026-09-02"
Salvia,Celithemis eponina,,pollinator,flowersVisitedBy,,"globalbioticinteractions.org, fetched 2026-09-02"
Salvia,Ceratina acantha,,pollinator,flowersVisitedBy,,"globalbioticinteractions.org, fetched 2026-09-02"
Salvia,Ceratina calcarata,,pollinator,flowersVisitedBy,,"globalbioticinteractions.org, fetched 2026-09-02"
Salvia,Ceratina cucurbitina,,pollinator,flowersVisitedBy,,"globalbioticinteractions.org, fetched 2026-09-02"
Salvia,Chamaesphecia schmidtiiformis,,feeds-on,eatenBy,,"globalbioticinteractions.org, fetched 2026-09-02"
Salvia,Chelostoma rapunculi,,pollinator,flowersVisitedBy,,"globalbioticinteractions.org, fetched 2026-09-02"
Salvia,Chlosyne acastus,,pollinator,flowersVisitedBy,,"globalbioticinteractions.org, fetched 2026-09-02"
Salvia,Chlosyne palla,,feeds-on,eatenBy,,"globalbioticinteractions.org, fetched 2026-09-02"
Salvia,Chrysis,,pollinator,flowersVisitedBy,,"globalbioticinteractions.org, fetched 2026-09-02"
Salvia,Chrysolina americana,,feeds-on,eatenBy,,"globalbioticinteractions.org, fetched 2026-09-02"
Salvia,Chrysolina americana,,pollinator,flowersVisitedBy,,"globalbioticinteractions.org, fetched 2026-09-02"
Salvia,Cisseps fulvicollis,,pollinator,flowersVisitedBy,,"globalbioticinteractions.org, fetched 2026-09-02"
Salvia,Coenonympha california,,feeds-on,eatenBy,,"globalbioticinteractions.org, fetched 2026-09-02"
Salvia,Coenonympha california california,,feeds-on,eatenBy,,"globalbioticinteractions.org, fetched 2026-09-02"
Salvia,Colias croceus,,pollinator,flowersVisitedBy,,"globalbioticinteractions.org, fetched 2026-09-02"
Salvia,Colias eurytheme,,feeds-on,eatenBy,,"globalbioticinteractions.org, fetched 2026-09-02"
Salvia,Colias eurytheme,,pollinator,flowersVisitedBy,,"globalbioticinteractions.org, fetched 2026-09-02"
Salvia,Columba livia domestica,,feeds-on,eatenBy,,"globalbioticinteractions.org, fetched 2026-09-02"
Salvia,Columbicola fradeorum,,feeds-on,eatenBy,,"globalbioticinteractions.org, fetched 2026-09-02"
Salvia,Copestylum haagii,,pollinator,flowersVisitedBy,,"globalbioticinteractions.org, fetched 2026-09-02"
Salvia,Corvus monedula,,feeds-on,eatenBy,,"globalbioticinteractions.org, fetched 2026-09-02"
Salvia,Crambus agitatellus,,pollinator,flowersVisitedBy,,"globalbioticinteractions.org, fetched 2026-09-02"
Salvia,Cynanthus canivetii,,feeds-on,eatenBy,,"globalbioticinteractions.org, fetched 2026-09-02"
Salvia,Cynanthus latirostris,,feeds-on,eatenBy,,"globalbioticinteractions.org, fetched 2026-09-02"
Salvia,Darapsa myron,,pollinator,flowersVisitedBy,,"globalbioticinteractions.org, fetched 2026-09-02"
Salvia,Diachrysia chryson,,feeds-on,eatenBy,,"globalbioticinteractions.org, fetched 2026-09-02"
Salvia,Diachus auratus,,feeds-on,eatenBy,,"globalbioticinteractions.org, fetched 2026-09-02"
Salvia,Dialictus,,feeds-on,eatenBy,,"globalbioticinteractions.org, fetched 2026-09-02"
Salvia,Dialictus,,pollinator,flowersVisitedBy,,"globalbioticinteractions.org, fetched 2026-09-02"
Salvia,Dictyophara europaea,,feeds-on,eatenBy,,"globalbioticinteractions.org, fetched 2026-09-02"
Salvia,Dicyphus pallidus,,feeds-on,eatenBy,,"globalbioticinteractions.org, fetched 2026-09-02"
Salvia,Dielis plumipes,,pollinator,flowersVisitedBy,,"globalbioticinteractions.org, fetched 2026-09-02"
Salvia,Diglossa baritula,,feeds-on,eatenBy,,"globalbioticinteractions.org, fetched 2026-09-02"
Salvia,Dione vanillae,,feeds-on,eatenBy,,"globalbioticinteractions.org, fetched 2026-09-02"
Salvia,Dione vanillae,,pollinator,flowersVisitedBy,,"globalbioticinteractions.org, fetched 2026-09-02"
Salvia,Diptera,,pollinator,flowersVisitedBy,,"globalbioticinteractions.org, fetched 2026-09-02"
Salvia,Disclisioprocta stellata,,pollinator,flowersVisitedBy,,"globalbioticinteractions.org, fetched 2026-09-02"
Salvia,Dolycoris baccarum,,feeds-on,eatenBy,,"globalbioticinteractions.org, fetched 2026-09-02"
Salvia,Donus palumbarius,,feeds-on,eatenBy,,"globalbioticinteractions.org, fetched 2026-09-02"
Salvia,Ebaeus,,pollinator,pollinatedBy,,"globalbioticinteractions.org, fetched 2026-09-02"
Salvia,Eichlinia cucurbitae,,pollinator,flowersVisitedBy,,"globalbioticinteractions.org, fetched 2026-09-02"
Salvia,Emberiza cia,,feeds-on,eatenBy,,"globalbioticinteractions.org, fetched 2026-09-02"
Salvia,Emberiza citrinella,,feeds-on,eatenBy,,"globalbioticinteractions.org, fetched 2026-09-02"
Salvia,Emblethis verbasci,,feeds-on,eatenBy,,"globalbioticinteractions.org, fetched 2026-09-02"
Salvia,Emelyanoviana mollicula,,feeds-on,eatenBy,,"globalbioticinteractions.org, fetched 2026-09-02"
Salvia,Enyo lugubris,,pollinator,flowersVisitedBy,,"globalbioticinteractions.org, fetched 2026-09-02"
Salvia,Epargyreus clarus,,pollinator,flowersVisitedBy,,"globalbioticinteractions.org, fetched 2026-09-02"
Salvia,Epargyreus clarus,,feeds-on,eatenBy,,"globalbioticinteractions.org, fetched 2026-09-02"
Salvia,Eremnophila aureonotata,,pollinator,flowersVisitedBy,,"globalbioticinteractions.org, fetched 2026-09-02"
Salvia,Eristalis tenax,,feeds-on,eatenBy,,"globalbioticinteractions.org, fetched 2026-09-02"
Salvia,Eristalis tenax,,pollinator,flowersVisitedBy,,"globalbioticinteractions.org, fetched 2026-09-02"
Salvia,Erynnis baptisiae,,pollinator,flowersVisitedBy,,"globalbioticinteractions.org, fetched 2026-09-02"
Salvia,Erynnis funeralis,,pollinator,flowersVisitedBy,,"globalbioticinteractions.org, fetched 2026-09-02"
Salvia,Erynnis horatius,,feeds-on,eatenBy,,"globalbioticinteractions.org, fetched 2026-09-02"
Salvia,Erynnis horatius,,pollinator,flowersVisitedBy,,"globalbioticinteractions.org, fetched 2026-09-02"
Salvia,Euchrysops dolorosa,,feeds-on,eatenBy,,"globalbioticinteractions.org, fetched 2026-09-02"
Salvia,Eugenes fulgens,,feeds-on,eatenBy,,"globalbioticinteractions.org, fetched 2026-09-02"
Salvia,Eugnorisma depuncta,,feeds-on,eatenBy,,"globalbioticinteractions.org, fetched 2026-09-02"
Salvia,Eumenes consobrinus,,feeds-on,eatenBy,,"globalbioticinteractions.org, fetched 2026-09-02"
Salvia,Eumorpha fasciatus,,pollinator,flowersVisitedBy,,"globalbioticinteractions.org, fetched 2026-09-02"
Salvia,Euodynerus crypticus,,pollinator,flowersVisitedBy,,"globalbioticinteractions.org, fetched 2026-09-02"
Salvia,Euodynerus variegatus,,pollinator,flowersVisitedBy,,"globalbioticinteractions.org, fetched 2026-09-02"
Salvia,Eupeodes fumipennis,,feeds-on,eatenBy,,"globalbioticinteractions.org, fetched 2026-09-02"
Salvia,Eupherusa eximia,,pollinator,flowersVisitedBy,,"globalbioticinteractions.org, fetched 2026-09-02"
Salvia,Eupherusa ridgwayi,,pollinator,flowersVisitedBy,,"globalbioticinteractions.org, fetched 2026-09-02"
Salvia,Euphydryas chalcedona,,feeds-on,eatenBy,,"globalbioticinteractions.org, fetched 2026-09-02"
Salvia,Eupteryx alticola,,feeds-on,eatenBy,,"globalbioticinteractions.org, fetched 2026-09-02"
Salvia,Eupteryx atropunctata,,feeds-on,eatenBy,,"globalbioticinteractions.org, fetched 2026-09-02"
Salvia,Eupteryx aurata,,feeds-on,eatenBy,,"globalbioticinteractions.org, fetched 2026-09-02"
Salvia,Eupteryx collina,,feeds-on,eatenBy,,"globalbioticinteractions.org, fetched 2026-09-02"
Salvia,Eupteryx decemnotata,,feeds-on,eatenBy,,"globalbioticinteractions.org, fetched 2026-09-02"
Salvia,Eupteryx decemnotata,,pollinator,visitedBy,,"globalbioticinteractions.org, fetched 2026-09-02"
Salvia,Eupteryx florida,,feeds-on,eatenBy,,"globalbioticinteractions.org, fetched 2026-09-02"
Salvia,Eupteryx melissae,,feeds-on,eatenBy,,"globalbioticinteractions.org, fetched 2026-09-02"
Salvia,Eupteryx salviae,,feeds-on,eatenBy,,"globalbioticinteractions.org, fetched 2026-09-02"
Salvia,Eupteryx stachydearum,,feeds-on,eatenBy,,"globalbioticinteractions.org, fetched 2026-09-02"
Salvia,Eupteryx vittata,,feeds-on,eatenBy,,"globalbioticinteractions.org, fetched 2026-09-02"
Salvia,Eupteryx zelleri,,feeds-on,eatenBy,,"globalbioticinteractions.org, fetched 2026-09-02"
Salvia,Eurema daira,,pollinator,flowersVisitedBy,,"globalbioticinteractions.org, fetched 2026-09-02"
Salvia,Eurema lisa,,pollinator,flowersVisitedBy,,"globalbioticinteractions.org, fetched 2026-09-02"
Salvia,Falcolius elbeli,,feeds-on,eatenBy,,"globalbioticinteractions.org, fetched 2026-09-02"
Salvia,Fazia micrura,,feeds-on,eatenBy,,"globalbioticinteractions.org, fetched 2026-09-02"
Salvia,Fazia micrura,,pollinator,flowersVisitedBy,,"globalbioticinteractions.org, fetched 2026-09-02"
Salvia,Frankliniella intonsa,,feeds-on,eatenBy,,"globalbioticinteractions.org, fetched 2026-09-02"
Salvia,Fuscopolistes,,pollinator,flowersVisitedBy,,"globalbioticinteractions.org, fetched 2026-09-02"
Salvia,Galeruca pomonae,,feeds-on,eatenBy,,"globalbioticinteractions.org, fetched 2026-09-02"
Salvia,Gampsocoris culicinus,,feeds-on,eatenBy,,"globalbioticinteractions.org, fetched 2026-09-02"
Salvia,Garrulus glandarius,,feeds-on,eatenBy,,"globalbioticinteractions.org, fetched 2026-09-02"
Salvia,Glaucopsyche lygdamus,,feeds-on,eatenBy,,"globalbioticinteractions.org, fetched 2026-09-02"
Salvia,Goniocotes microcephalus,,feeds-on,eatenBy,,"globalbioticinteractions.org, fetched 2026-09-02"
Salvia,Habropoda depressa,,feeds-on,eatenBy,,"globalbioticinteractions.org, fetched 2026-09-02"
Salvia,Habropoda depressa,,pollinator,flowersVisitedBy,,"globalbioticinteractions.org, fetched 2026-09-02"
Salvia,Habropoda miserabilis,,feeds-on,eatenBy,,"globalbioticinteractions.org, fetched 2026-09-02"
Salvia,Habropoda tarsata,,pollinator,flowersVisitedBy,,"globalbioticinteractions.org, fetched 2026-09-02"
Salvia,Habropoda tristissima,,pollinator,flowersVisitedBy,,"globalbioticinteractions.org, fetched 2026-09-02"
Salvia,Halictus ligatus,,pollinator,flowersVisitedBy,,"globalbioticinteractions.org, fetched 2026-09-02"
Salvia,Halictus scabiosae,,pollinator,flowersVisitedBy,,"globalbioticinteractions.org, fetched 2026-09-02"
Salvia,Halictus subauratus,,pollinator,pollinatedBy,,"globalbioticinteractions.org, fetched 2026-09-02"
Salvia,Halictus tripartitus,,feeds-on,eatenBy,,"globalbioticinteractions.org, fetched 2026-09-02"
Salvia,Halictus tripartitus,,pollinator,flowersVisitedBy,,"globalbioticinteractions.org, fetched 2026-09-02"
Salvia,Halictus vestitus,,feeds-on,eatenBy,,"globalbioticinteractions.org, fetched 2026-09-02"
Salvia,Halyomorpha halys,,feeds-on,eatenBy,,"globalbioticinteractions.org, fetched 2026-09-02"
Salvia,Halyomorpha halys,,pollinator,visitedBy,,"globalbioticinteractions.org, fetched 2026-09-02"
Salvia,Harpendyreus notoba,,feeds-on,eatenBy,,"globalbioticinteractions.org, fetched 2026-09-02"
Salvia,Hauptidia cretacea,,feeds-on,eatenBy,,"globalbioticinteractions.org, fetched 2026-09-02"
Salvia,Hebata decipiens,,feeds-on,eatenBy,,"globalbioticinteractions.org, fetched 2026-09-02"
Salvia,Hebata radiata,,feeds-on,eatenBy,,"globalbioticinteractions.org, fetched 2026-09-02"
Salvia,Hebomoia glaucippe,,feeds-on,eatenBy,,"globalbioticinteractions.org, fetched 2026-09-02"
Salvia,Heliomaster furcifer,,pollinator,flowersVisitedBy,,"globalbioticinteractions.org, fetched 2026-09-02"
Salvia,Hemaris tityus,,feeds-on,eatenBy,,"globalbioticinteractions.org, fetched 2026-09-02"
Salvia,Hemiargus ceraunus,,feeds-on,eatenBy,,"globalbioticinteractions.org, fetched 2026-09-02"
Salvia,Hephathus achilleae,,feeds-on,eatenBy,,"globalbioticinteractions.org, fetched 2026-09-02"
Salvia,Heterogaster cathariae,,feeds-on,eatenBy,,"globalbioticinteractions.org, fetched 2026-09-02"
Salvia,Hippotion scrofa,,pollinator,flowersVisitedBy,,"globalbioticinteractions.org, fetched 2026-09-02"
Salvia,Hoplitis anthocopoides,,pollinator,flowersVisitedBy,,"globalbioticinteractions.org, fetched 2026-09-02"
Salvia,Hoplitis truncata,,pollinator,flowersVisitedBy,,"globalbioticinteractions.org, fetched 2026-09-02"
Salvia,Hylaeus,,pollinator,flowersVisitedBy,,"globalbioticinteractions.org, fetched 2026-09-02"
Salvia,Hymenoptera,,pollinator,flowersVisitedBy,,"globalbioticinteractions.org, fetched 2026-09-02"
Salvia,Hyponephele lupinus,,feeds-on,eatenBy,,"globalbioticinteractions.org, fetched 2026-09-02"
Salvia,Hyposidra talaca,,feeds-on,eatenBy,,"globalbioticinteractions.org, fetched 2026-09-02"
Salvia,Illeis galbula,,pollinator,visitedBy,,"globalbioticinteractions.org, fetched 2026-09-02"
Salvia,Incurvariidae,,feeds-on,eatenBy,,"globalbioticinteractions.org, fetched 2026-09-02"
Salvia,Junonia coenia coenia,,pollinator,flowersVisitedBy,,"globalbioticinteractions.org, fetched 2026-09-02"
Salvia,Junonia grisea,,feeds-on,eatenBy,,"globalbioticinteractions.org, fetched 2026-09-02"
Salvia,Junonia grisea,,pollinator,flowersVisitedBy,,"globalbioticinteractions.org, fetched 2026-09-02"
Salvia,Lampornis amethystinus,,pollinator,flowersVisitedBy,,"globalbioticinteractions.org, fetched 2026-09-02"
Salvia,Lampropholis delicata,,pollinator,visitedBy,,"globalbioticinteractions.org, fetched 2026-09-02"
Salvia,Lasioglossum,,pollinator,flowersVisitedBy,,"globalbioticinteractions.org, fetched 2026-09-02"
Salvia,Lasioglossum clypeare,,pollinator,pollinatedBy,,"globalbioticinteractions.org, fetched 2026-09-02"
Salvia,Lasioglossum interruptum,,pollinator,pollinatedBy,,"globalbioticinteractions.org, fetched 2026-09-02"
Salvia,Lasioglossum majus,,pollinator,pollinatedBy,,"globalbioticinteractions.org, fetched 2026-09-02"
Salvia,Lasioglossum semilucens,,pollinator,pollinatedBy,,"globalbioticinteractions.org, fetched 2026-09-02"
Salvia,Lasiommata megera,,pollinator,flowersVisitedBy,,"globalbioticinteractions.org, fetched 2026-09-02"
Salvia,Leptophyes albovittata,,feeds-on,eatenBy,,"globalbioticinteractions.org, fetched 2026-09-02"
Salvia,Lepyronia coleoptrata,,feeds-on,eatenBy,,"globalbioticinteractions.org, fetched 2026-09-02"
Salvia,Lerema accius,,feeds-on,eatenBy,,"globalbioticinteractions.org, fetched 2026-09-02"
Salvia,Lerodea eufala,,feeds-on,eatenBy,,"globalbioticinteractions.org, fetched 2026-09-02"
Salvia,Leucauge dromedaria,,pollinator,visitedBy,,"globalbioticinteractions.org, fetched 2026-09-02"
Salvia,Limenitis arthemis astyanax,,pollinator,flowersVisitedBy,,"globalbioticinteractions.org, fetched 2026-09-02"
Salvia,Limochores mystic,,pollinator,flowersVisitedBy,,"globalbioticinteractions.org, fetched 2026-09-02"
Salvia,Limothrips denticornis,,feeds-on,eatenBy,,"globalbioticinteractions.org, fetched 2026-09-02"
Salvia,Liocoris tripustulatus,,feeds-on,eatenBy,,"globalbioticinteractions.org, fetched 2026-09-02"
Salvia,Liriomyza trifolii,,feeds-on,eatenBy,,"globalbioticinteractions.org, fetched 2026-09-02"
Salvia,Lon melane,,feeds-on,eatenBy,,"globalbioticinteractions.org, fetched 2026-09-02"
Salvia,Lon melane,,pollinator,flowersVisitedBy,,"globalbioticinteractions.org, fetched 2026-09-02"
Salvia,Lon zabulon,,pollinator,flowersVisitedBy,,"globalbioticinteractions.org, fetched 2026-09-02"
Salvia,Lophophanes cristatus,,feeds-on,eatenBy,,"globalbioticinteractions.org, fetched 2026-09-02"
Salvia,Loxostege sticticalis,,feeds-on,eatenBy,,"globalbioticinteractions.org, fetched 2026-09-02"
Salvia,Ludia delegorguei,,feeds-on,eatenBy,,"globalbioticinteractions.org, fetched 2026-09-02"
Salvia,Lullula arborea,,feeds-on,eatenBy,,"globalbioticinteractions.org, fetched 2026-09-02"
Salvia,Luperomorpha xanthodera,,feeds-on,eatenBy,,"globalbioticinteractions.org, fetched 2026-09-02"
Salvia,Luperomorpha xanthodera,,pollinator,visitedBy,,"globalbioticinteractions.org, fetched 2026-09-02"
Salvia,Macroglossum bombylans,,pollinator,flowersVisitedBy,,"globalbioticinteractions.org, fetched 2026-09-02"
Salvia,Macroglossum stellatarum,,feeds-on,eatenBy,,"globalbioticinteractions.org, fetched 2026-09-02"
Salvia,Macroglossum stellatarum,,pollinator,flowersVisitedBy,,"globalbioticinteractions.org, fetched 2026-09-02"
Salvia,Macrolophus pygmaeus,,feeds-on,eatenBy,,"globalbioticinteractions.org, fetched 2026-09-02"
Salvia,Macrosiphoniella tanacetaria,,feeds-on,eatenBy,,"globalbioticinteractions.org, fetched 2026-09-02"
Salvia,Megachile,,pollinator,flowersVisitedBy,,"globalbioticinteractions.org, fetched 2026-09-02"
Salvia,Megachile frigida,,pollinator,flowersVisitedBy,,"globalbioticinteractions.org, fetched 2026-09-02"
Salvia,Megachile mendica,,pollinator,flowersVisitedBy,,"globalbioticinteractions.org, fetched 2026-09-02"
Salvia,Megachile parietina,,pollinator,flowersVisitedBy,,"globalbioticinteractions.org, fetched 2026-09-02"
Salvia,Megachile perihirta,,feeds-on,eatenBy,,"globalbioticinteractions.org, fetched 2026-09-02"
Salvia,Megachile sculpturalis,,feeds-on,eatenBy,,"globalbioticinteractions.org, fetched 2026-09-02"
Salvia,Megachile sculpturalis,,pollinator,flowersVisitedBy,,"globalbioticinteractions.org, fetched 2026-09-02"
Salvia,Megasyrphus laxus,,feeds-on,eatenBy,,"globalbioticinteractions.org, fetched 2026-09-02"
Salvia,Melangyna novaezelandiae,,feeds-on,eatenBy,,"globalbioticinteractions.org, fetched 2026-09-02"
Salvia,Melanostoma fasciatum,,feeds-on,eatenBy,,"globalbioticinteractions.org, fetched 2026-09-02"
Salvia,Melipona costaricensis,,pollinator,flowersVisitedBy,,"globalbioticinteractions.org, fetched 2026-09-02"
Salvia,Melipotis indomita,,pollinator,flowersVisitedBy,,"globalbioticinteractions.org, fetched 2026-09-02"
Salvia,Melissodes bimaculatus,,feeds-on,eatenBy,,"globalbioticinteractions.org, fetched 2026-09-02"
Salvia,Melissodes bimaculatus,,pollinator,flowersVisitedBy,,"globalbioticinteractions.org, fetched 2026-09-02"
Salvia,Melissodes bimaculatus bimaculatus,,pollinator,flowersVisitedBy,,"globalbioticinteractions.org, fetched 2026-09-02"
Salvia,Melitaea didyma,,pollinator,flowersVisitedBy,,"globalbioticinteractions.org, fetched 2026-09-02"
Salvia,Mellisugini,,feeds-on,eatenBy,,"globalbioticinteractions.org, fetched 2026-09-02"
Salvia,Montifringilla nivalis,,feeds-on,eatenBy,,"globalbioticinteractions.org, fetched 2026-09-02"
Salvia,Myzus persicae,,feeds-on,eatenBy,,"globalbioticinteractions.org, fetched 2026-09-02"
Salvia,Noctua comes,,feeds-on,eatenBy,,"globalbioticinteractions.org, fetched 2026-09-02"
Salvia,Ochlodes sylvanoides,,feeds-on,eatenBy,,"globalbioticinteractions.org, fetched 2026-09-02"
Salvia,Odontoscelis lineola,,feeds-on,eatenBy,,"globalbioticinteractions.org, fetched 2026-09-02"
Salvia,Oriolus oriolus,,feeds-on,eatenBy,,"globalbioticinteractions.org, fetched 2026-09-02"
Salvia,Osmia,,pollinator,flowersVisitedBy,,"globalbioticinteractions.org, fetched 2026-09-02"
Salvia,Osmia bicornis,,pollinator,flowersVisitedBy,,"globalbioticinteractions.org, fetched 2026-09-02"
Salvia,Osmia caerulescens,,feeds-on,eatenBy,,"globalbioticinteractions.org, fetched 2026-09-02"
Salvia,Osmia caerulescens,,pollinator,flowersVisitedBy,,"globalbioticinteractions.org, fetched 2026-09-02"
Salvia,Osmia mustelina,,pollinator,pollinatedBy,,"globalbioticinteractions.org, fetched 2026-09-02"
Salvia,Osmia rufohirta,,pollinator,pollinatedBy,,"globalbioticinteractions.org, fetched 2026-09-02"
Salvia,Papilio agenor polymnestor,,feeds-on,eatenBy,,"globalbioticinteractions.org, fetched 2026-09-02"
Salvia,Papilio eurymedon,,feeds-on,eatenBy,,"globalbioticinteractions.org, fetched 2026-09-02"
Salvia,Papilio glaucus,,feeds-on,eatenBy,,"globalbioticinteractions.org, fetched 2026-09-02"
Salvia,Papilio helenus,,feeds-on,eatenBy,,"globalbioticinteractions.org, fetched 2026-09-02"
Salvia,Papilio pilumnus,,pollinator,flowersVisitedBy,,"globalbioticinteractions.org, fetched 2026-09-02"
Salvia,Papilio polyxenes asterius,,feeds-on,eatenBy,,"globalbioticinteractions.org, fetched 2026-09-02"
Salvia,Papilio polyxenes asterius,,pollinator,flowersVisitedBy,,"globalbioticinteractions.org, fetched 2026-09-02"
Salvia,Papilio rutulus,,feeds-on,eatenBy,,"globalbioticinteractions.org, fetched 2026-09-02"
Salvia,Papilio zelicaon,,feeds-on,eatenBy,,"globalbioticinteractions.org, fetched 2026-09-02"
Salvia,Parancistrocerus fulvipes,,feeds-on,eatenBy,,"globalbioticinteractions.org, fetched 2026-09-02"
Salvia,Passer italiae,,feeds-on,eatenBy,,"globalbioticinteractions.org, fetched 2026-09-02"
Salvia,Philaenus spumarius,,feeds-on,eatenBy,,"globalbioticinteractions.org, fetched 2026-09-02"
Salvia,Pica pica,,feeds-on,eatenBy,,"globalbioticinteractions.org, fetched 2026-09-02"
Salvia,Platycheirus,,feeds-on,eatenBy,,"globalbioticinteractions.org, fetched 2026-09-02"
Salvia,Platycheirus albimanus,,pollinator,flowersVisitedBy,,"globalbioticinteractions.org, fetched 2026-09-02"
Salvia,Platycheirus trichopus,,feeds-on,eatenBy,,"globalbioticinteractions.org, fetched 2026-09-02"
Salvia,Platycheirus trichopus,,pollinator,flowersVisitedBy,,"globalbioticinteractions.org, fetched 2026-09-02"
Salvia,Platyplax salviae,,feeds-on,eatenBy,,"globalbioticinteractions.org, fetched 2026-09-02"
Salvia,Platyplax salviae,,pollinator,visitedBy,,"globalbioticinteractions.org, fetched 2026-09-02"
Salvia,Plebeia emerina,,feeds-on,eatenBy,,"globalbioticinteractions.org, fetched 2026-09-02"
Salvia,Pleurota aristella,,feeds-on,eatenBy,,"globalbioticinteractions.org, fetched 2026-09-02"
Salvia,Pleurota nitens,,feeds-on,eatenBy,,"globalbioticinteractions.org, fetched 2026-09-02"
Salvia,Polistes dominula,,feeds-on,eatenBy,,"globalbioticinteractions.org, fetched 2026-09-02"
Salvia,Polistes dominula,,pollinator,flowersVisitedBy,,"globalbioticinteractions.org, fetched 2026-09-02"
Salvia,Polistes exclamans,,pollinator,flowersVisitedBy,,"globalbioticinteractions.org, fetched 2026-09-02"
Salvia,Polistes gallicus,,pollinator,flowersVisitedBy,,"globalbioticinteractions.org, fetched 2026-09-02"
Salvia,Polites peckius,,feeds-on,eatenBy,,"globalbioticinteractions.org, fetched 2026-09-02"
Salvia,Pontia beckerii,,pollinator,flowersVisitedBy,,"globalbioticinteractions.org, fetched 2026-09-02"
Salvia,Pontia edusa,,pollinator,pollinatedBy,,"globalbioticinteractions.org, fetched 2026-09-02"
Salvia,Protosmia rubifloris,,feeds-on,eatenBy,,"globalbioticinteractions.org, fetched 2026-09-02"
Salvia,Prunella modularis,,feeds-on,eatenBy,,"globalbioticinteractions.org, fetched 2026-09-02"
Salvia,Pygodasis quadrimaculata,,feeds-on,eatenBy,,"globalbioticinteractions.org, fetched 2026-09-02"
Salvia,Pygodasis quadrimaculata,,pollinator,flowersVisitedBy,,"globalbioticinteractions.org, fetched 2026-09-02"
Salvia,Pyrausta despicata,,feeds-on,eatenBy,,"globalbioticinteractions.org, fetched 2026-09-02"
Salvia,Pyrausta inornatalis,,feeds-on,eatenBy,,"globalbioticinteractions.org, fetched 2026-09-02"
Salvia,Pyrausta inornatalis,,pollinator,flowersVisitedBy,,"globalbioticinteractions.org, fetched 2026-09-02"
Salvia,Pyrausta virginalis,,feeds-on,eatenBy,,"globalbioticinteractions.org, fetched 2026-09-02"
Salvia,Pyrausta volupialis,,feeds-on,eatenBy,,"globalbioticinteractions.org, fetched 2026-09-02"
Salvia,Pyrobombus,,feeds-on,eatenBy,,"globalbioticinteractions.org, fetched 2026-09-02"
Salvia,Pyrobombus,,pollinator,flowersVisitedBy,,"globalbioticinteractions.org, fetched 2026-09-02"
Salvia,Pyrrhocorax pyrrhocorax,,feeds-on,eatenBy,,"globalbioticinteractions.org, fetched 2026-09-02"
Salvia,Pyrrhocoris apterus,,feeds-on,eatenBy,,"globalbioticinteractions.org, fetched 2026-09-02"
Salvia,Pyrrhula pyrrhula,,feeds-on,eatenBy,,"globalbioticinteractions.org, fetched 2026-09-02"
Salvia,Ramosomyia violiceps,,feeds-on,eatenBy,,"globalbioticinteractions.org, fetched 2026-09-02"
Salvia,Ramosomyia violiceps,,pollinator,flowersVisitedBy,,"globalbioticinteractions.org, fetched 2026-09-02"
Salvia,Rhopalomyia audibertiae,,feeds-on,hostOf,,"globalbioticinteractions.org, fetched 2026-09-02"
Salvia,Rhopalomyia salviae,,feeds-on,hostOf,,"globalbioticinteractions.org, fetched 2026-09-02"
Salvia,Rhyparochromus vulgaris,,feeds-on,eatenBy,,"globalbioticinteractions.org, fetched 2026-09-02"
Salvia,Saltagenes,,pollinator,flowersVisitedBy,,"globalbioticinteractions.org, fetched 2026-09-02"
Salvia,Scaeva affinis,,feeds-on,eatenBy,,"globalbioticinteractions.org, fetched 2026-09-02"
Salvia,Sceliphron caementarium,,pollinator,flowersVisitedBy,,"globalbioticinteractions.org, fetched 2026-09-02"
Salvia,Selasphorus,,feeds-on,eatenBy,,"globalbioticinteractions.org, fetched 2026-09-02"
Salvia,Selasphorus,,pollinator,flowersVisitedBy,,"globalbioticinteractions.org, fetched 2026-09-02"
Salvia,Selasphorus rufus,,feeds-on,eatenBy,,"globalbioticinteractions.org, fetched 2026-09-02"
Salvia,Selasphorus rufus,,pollinator,flowersVisitedBy,,"globalbioticinteractions.org, fetched 2026-09-02"
Salvia,Selasphorus sasin,,feeds-on,eatenBy,,"globalbioticinteractions.org, fetched 2026-09-02"
Salvia,Selasphorus sasin,,pollinator,flowersVisitedBy,,"globalbioticinteractions.org, fetched 2026-09-02"
Salvia,Serinus serinus,,feeds-on,eatenBy,,"globalbioticinteractions.org, fetched 2026-09-02"
Salvia,Setophaga aestiva,,feeds-on,eatenBy,,"globalbioticinteractions.org, fetched 2026-09-02"
Salvia,Sphaerophoria sulphuripes,,feeds-on,eatenBy,,"globalbioticinteractions.org, fetched 2026-09-02"
Salvia,Sphinx chersis,,pollinator,flowersVisitedBy,,"globalbioticinteractions.org, fetched 2026-09-02"
Salvia,Spilosoma lubricipeda,,feeds-on,eatenBy,,"globalbioticinteractions.org, fetched 2026-09-02"
Salvia,Spilosoma virginica,,feeds-on,eatenBy,,"globalbioticinteractions.org, fetched 2026-09-02"
Salvia,Stachygethes assimilis,,feeds-on,eatenBy,,"globalbioticinteractions.org, fetched 2026-09-02"
Salvia,Staria lunata,,feeds-on,eatenBy,,"globalbioticinteractions.org, fetched 2026-09-02"
Salvia,Stictopleurus crassicornis,,feeds-on,eatenBy,,"globalbioticinteractions.org, fetched 2026-09-02"
Salvia,Syrphini,,feeds-on,eatenBy,,"globalbioticinteractions.org, fetched 2026-09-02"
Salvia,Taeniothrips inconsequens,,feeds-on,eatenBy,,"globalbioticinteractions.org, fetched 2026-09-02"
Salvia,Tanaocerus koebelei,,pollinator,flowersVisitedBy,,"globalbioticinteractions.org, fetched 2026-09-02"
Salvia,Tetraloniella auricauda,,pollinator,flowersVisitedBy,,"globalbioticinteractions.org, fetched 2026-09-02"
Salvia,Tetrao urogallus,,feeds-on,eatenBy,,"globalbioticinteractions.org, fetched 2026-09-02"
Salvia,Tetrastes bonasia,,feeds-on,eatenBy,,"globalbioticinteractions.org, fetched 2026-09-02"
Salvia,Thygater micheneri,,pollinator,flowersVisitedBy,,"globalbioticinteractions.org, fetched 2026-09-02"
Salvia,Thymelicus lineola,,pollinator,flowersVisitedBy,,"globalbioticinteractions.org, fetched 2026-09-02"
Salvia,Turdus torquatus,,feeds-on,eatenBy,,"globalbioticinteractions.org, fetched 2026-09-02"
Salvia,Vanessa annabella,,feeds-on,eatenBy,,"globalbioticinteractions.org, fetched 2026-09-02"
Salvia,Vanessa atalanta rubria,,pollinator,flowersVisitedBy,,"globalbioticinteractions.org, fetched 2026-09-02"
Salvia,Vanessa virginiensis,,feeds-on,eatenBy,,"globalbioticinteractions.org, fetched 2026-09-02"
Salvia,Vernia verna,,pollinator,flowersVisitedBy,,"globalbioticinteractions.org, fetched 2026-09-02"
Salvia,Vespa crabro,,pollinator,pollinatedBy,,"globalbioticinteractions.org, fetched 2026-09-02"
Salvia,Xanthosarus,,pollinator,flowersVisitedBy,,"globalbioticinteractions.org, fetched 2026-09-02"
Salvia,Xenox tigrinus,,pollinator,flowersVisitedBy,,"globalbioticinteractions.org, fetched 2026-09-02"
Salvia,Xylocopa,,feeds-on,eatenBy,,"globalbioticinteractions.org, fetched 2026-09-02"
Salvia,Xylocopa appendiculata,,pollinator,flowersVisitedBy,,"globalbioticinteractions.org, fetched 2026-09-02"
Salvia,Xylocopa micans,,feeds-on,eatenBy,,"globalbioticinteractions.org, fetched 2026-09-02"
Salvia,Xylocopa sonorina,,feeds-on,eatenBy,,"globalbioticinteractions.org, fetched 2026-09-02"
Salvia,Xylocopa tabaniformis orpifex,,feeds-on,eatenBy,,"globalbioticinteractions.org, fetched 2026-09-02"
Salvia,Xylocopa tabaniformis parkinsoniae,,feeds-on,eatenBy,,"globalbioticinteractions.org, fetched 2026-09-02"
Salvia,Xylocopa tabaniformis parkinsoniae,,pollinator,flowersVisitedBy,,"globalbioticinteractions.org, fetched 2026-09-02"
Salvia,Xylocopa violacea,,feeds-on,eatenBy,,"globalbioticinteractions.org, fetched 2026-09-02"
Salvia,Xylocopa virginica,,pollinator,flowersVisitedBy,,"globalbioticinteractions.org, fetched 2026-09-02"
Salvia,Xylocopa virginica,,feeds-on,eatenBy,,"globalbioticinteractions.org, fetched 2026-09-02"
Salvia,Zadontomerus,,pollinator,flowersVisitedBy,,"globalbioticinteractions.org, fetched 2026-09-02"
Salvia,Zadontomerus,,feeds-on,eatenBy,,"globalbioticinteractions.org, fetched 2026-09-02"
Salvia,Zerene eurydice,,feeds-on,eatenBy,,"globalbioticinteractions.org, fetched 2026-09-02"
Schizachyrium,Atrytone arogos,,feeds-on,hostOf,,"globalbioticinteractions.org, fetched 2026-09-02"
Schizachyrium,Atrytonopsis hianna,,feeds-on,hostOf,,"globalbioticinteractions.org, fetched 2026-09-02"
Schizachyrium,Atrytonopsis loammi,,feeds-on,hostOf,,"globalbioticinteractions.org, fetched 2026-09-02"
Schizachyrium,Cercyonis pegala,,feeds-on,eatenBy,,"globalbioticinteractions.org, fetched 2026-09-02"
Schizachyrium,Helicotylenchus labiodiscinus,,feeds-on,hostOf,,"globalbioticinteractions.org, fetched 2026-09-02"
Schizachyrium,Hesperia,,feeds-on,eatenBy,,"globalbioticinteractions.org, fetched 2026-09-02"
Schizachyrium,Hesperia dacotae,,feeds-on,hostOf,,"globalbioticinteractions.org, fetched 2026-09-02"
Schizachyrium,Hesperia meskei,,feeds-on,hostOf,,"globalbioticinteractions.org, fetched 2026-09-02"
Schizachyrium,Hesperia miriamae,,feeds-on,hostOf,,"globalbioticinteractions.org, fetched 2026-09-02"
Schizachyrium,Junco,,feeds-on,eatenBy,,"globalbioticinteractions.org, fetched 2026-09-02"
Schizachyrium,Lasioglossum vierecki,,pollinator,flowersVisitedBy,,"globalbioticinteractions.org, fetched 2026-09-02"
Schizachyrium,Memnonia flavida,,feeds-on,eatenBy,,"globalbioticinteractions.org, fetched 2026-09-02"
Schizachyrium,Muirodelphax parvulus,,feeds-on,eatenBy,,"globalbioticinteractions.org, fetched 2026-09-02"
Schizachyrium,Nastra lherminier,,feeds-on,eatenBy,,"globalbioticinteractions.org, fetched 2026-09-02"
Schizachyrium,Neoscona arabesca,,pollinator,flowersVisitedBy,,"globalbioticinteractions.org, fetched 2026-09-02"
Schizachyrium,Porzana carolina,,feeds-on,eatenBy,,"globalbioticinteractions.org, fetched 2026-09-02"
Schizachyrium,Prosapia ignipecta,,feeds-on,eatenBy,,"globalbioticinteractions.org, fetched 2026-09-02"
Schizachyrium,Spizella passerina,,feeds-on,eatenBy,,"globalbioticinteractions.org, fetched 2026-09-02"
Schizachyrium,Spizella pusilla,,feeds-on,eatenBy,,"globalbioticinteractions.org, fetched 2026-09-02"
Schizachyrium,Spizelloides arborea,,feeds-on,eatenBy,,"globalbioticinteractions.org, fetched 2026-09-02"
Schizachyrium,Sturnella magna,,feeds-on,eatenBy,,"globalbioticinteractions.org, fetched 2026-09-02"
Solidago,Acalymma vittatum,,pollinator,pollinatedBy,,"globalbioticinteractions.org, fetched 2026-09-02"
Solidago,Acanthis flammea,,feeds-on,eatenBy,,"globalbioticinteractions.org, fetched 2026-09-02"
Solidago,Adscita statices,,pollinator,pollinatedBy,,"globalbioticinteractions.org, fetched 2026-09-02"
Solidago,Aglais urticae,,feeds-on,eatenBy,,"globalbioticinteractions.org, fetched 2026-09-02"
Solidago,Agonopterix pulvipennella,,feeds-on,eatenBy,,"globalbioticinteractions.org, fetched 2026-09-02"
Solidago,Alectoris graeca,,feeds-on,eatenBy,,"globalbioticinteractions.org, fetched 2026-09-02"
Solidago,Alsophila pometaria,,feeds-on,eatenBy,,"globalbioticinteractions.org, fetched 2026-09-02"
Solidago,Ampedus luteolus,,feeds-on,eatenBy,,"globalbioticinteractions.org, fetched 2026-09-02"
Solidago,Anania funebris,,feeds-on,eatenBy,,"globalbioticinteractions.org, fetched 2026-09-02"
Solidago,Ancistrocerus antilope,,feeds-on,eatenBy,,"globalbioticinteractions.org, fetched 2026-09-02"
Solidago,Ancylis comptana,,feeds-on,eatenBy,,"globalbioticinteractions.org, fetched 2026-09-02"
Solidago,Andrena,,pollinator,pollinatedBy,,"globalbioticinteractions.org, fetched 2026-09-02"
Solidago,Andrena amieti,,pollinator,pollinatedBy,,"globalbioticinteractions.org, fetched 2026-09-02"
Solidago,Andrena flavipes,,pollinator,flowersVisitedBy,,"globalbioticinteractions.org, fetched 2026-09-02"
Solidago,Andrena taraxaci,,pollinator,pollinatedBy,,"globalbioticinteractions.org, fetched 2026-09-02"
Solidago,Angerona prunaria,,feeds-on,eatenBy,,"globalbioticinteractions.org, fetched 2026-09-02"
Solidago,Anser anser,,feeds-on,eatenBy,,"globalbioticinteractions.org, fetched 2026-09-02"
Solidago,Anthidium oblongatum,,pollinator,pollinatedBy,,"globalbioticinteractions.org, fetched 2026-09-02"
Solidago,Anthomyia,,pollinator,flowersVisitedBy,,"globalbioticinteractions.org, fetched 2026-09-02"
Solidago,Anthomyiidae,,pollinator,pollinatedBy,,"globalbioticinteractions.org, fetched 2026-09-02"
Solidago,Aphantopus hyperantus,,pollinator,pollinatedBy,,"globalbioticinteractions.org, fetched 2026-09-02"
Solidago,Aphididae,,feeds-on,hostOf,,"globalbioticinteractions.org, fetched 2026-09-02"
Solidago,Aphrodes makarovi,,feeds-on,eatenBy,,"globalbioticinteractions.org, fetched 2026-09-02"
Solidago,Aphrophora (Aphrophora) saratogensis,,feeds-on,eatenBy,,"globalbioticinteractions.org, fetched 2026-09-02"
Solidago,Aphrophora alni,,pollinator,visitedBy,,"globalbioticinteractions.org, fetched 2026-09-02"
Solidago,Aphrophora gelida,,feeds-on,eatenBy,,"globalbioticinteractions.org, fetched 2026-09-02"
Solidago,Aplocera plagiata,,feeds-on,eatenBy,,"globalbioticinteractions.org, fetched 2026-09-02"
Solidago,Araschnia levana,,pollinator,pollinatedBy,,"globalbioticinteractions.org, fetched 2026-09-02"
Solidago,Arctia caja,,feeds-on,eatenBy,,"globalbioticinteractions.org, fetched 2026-09-02"
Solidago,Ardeicola intermedia,,feeds-on,eatenBy,,"globalbioticinteractions.org, fetched 2026-09-02"
Solidago,Arge pagana,,pollinator,visitedBy,,"globalbioticinteractions.org, fetched 2026-09-02"
Solidago,Argynnis paphia,,pollinator,visitedBy,,"globalbioticinteractions.org, fetched 2026-09-02"
Solidago,Barycnemis,,pollinator,pollinatedBy,,"globalbioticinteractions.org, fetched 2026-09-02"
Solidago,Bellardia,,pollinator,flowersVisitedBy,,"globalbioticinteractions.org, fetched 2026-09-02"
Solidago,Bellardia vulgaris,,pollinator,pollinatedBy,,"globalbioticinteractions.org, fetched 2026-09-02"
Solidago,Bicellaria vana,,pollinator,pollinatedBy,,"globalbioticinteractions.org, fetched 2026-09-02"
Solidago,Bohemanella frigida,,feeds-on,eatenBy,,"globalbioticinteractions.org, fetched 2026-09-02"
Solidago,Bombus,,pollinator,pollinatedBy,,"globalbioticinteractions.org, fetched 2026-09-02"
Solidago,Bombus bohemicus,,pollinator,pollinatedBy,,"globalbioticinteractions.org, fetched 2026-09-02"
Solidago,Bombus impatiens,,pollinator,flowersVisitedBy,,"globalbioticinteractions.org, fetched 2026-09-02"
Solidago,Bombus jonellus,,pollinator,pollinatedBy,,"globalbioticinteractions.org, fetched 2026-09-02"
Solidago,Bombus lapidarius,,feeds-on,eatenBy,,"globalbioticinteractions.org, fetched 2026-09-02"
Solidago,Bombus lapidarius,,pollinator,flowersVisitedBy,,"globalbioticinteractions.org, fetched 2026-09-02"
Solidago,Bombus lucorum,,pollinator,flowersVisitedBy,,"globalbioticinteractions.org, fetched 2026-09-02"
Solidago,Bombus monticola,,pollinator,pollinatedBy,,"globalbioticinteractions.org, fetched 2026-09-02"
Solidago,Bombus pascuorum,,pollinator,flowersVisitedBy,,"globalbioticinteractions.org, fetched 2026-09-02"
Solidago,Bombus semenoviellus,,pollinator,pollinatedBy,,"globalbioticinteractions.org, fetched 2026-09-02"
Solidago,Bombus sichelii,,pollinator,pollinatedBy,,"globalbioticinteractions.org, fetched 2026-09-02"
Solidago,Bombus soroeensis,,pollinator,pollinatedBy,,"globalbioticinteractions.org, fetched 2026-09-02"
Solidago,Bombus subterraneus,,pollinator,pollinatedBy,,"globalbioticinteractions.org, fetched 2026-09-02"
Solidago,Botanophila fugax,,pollinator,pollinatedBy,,"globalbioticinteractions.org, fetched 2026-09-02"
Solidago,Brachypnoea tristis,,feeds-on,eatenBy,,"globalbioticinteractions.org, fetched 2026-09-02"
Solidago,Brassicogethes aeneus,,pollinator,pollinatedBy,,"globalbioticinteractions.org, fetched 2026-09-02"
Solidago,Brueelia astrildae,,feeds-on,eatenBy,,"globalbioticinteractions.org, fetched 2026-09-02"
Solidago,Brueelia indonesiana,,feeds-on,eatenBy,,"globalbioticinteractions.org, fetched 2026-09-02"
Solidago,Brueelia merulensis,,feeds-on,eatenBy,,"globalbioticinteractions.org, fetched 2026-09-02"
Solidago,Brueelia variegata,,feeds-on,eatenBy,,"globalbioticinteractions.org, fetched 2026-09-02"
Solidago,Bucculatrix niveella,,feeds-on,eatenBy,,"globalbioticinteractions.org, fetched 2026-09-02"
Solidago,Bucculatrix speciosa,,feeds-on,eatenBy,,"globalbioticinteractions.org, fetched 2026-09-02"
Solidago,Calycomyza solidaginis,,feeds-on,eatenBy,,"globalbioticinteractions.org, fetched 2026-09-02"
Solidago,Camptopus lateralis,,pollinator,pollinatedBy,,"globalbioticinteractions.org, fetched 2026-09-02"
Solidago,Cantharis,,pollinator,pollinatedBy,,"globalbioticinteractions.org, fetched 2026-09-02"
Solidago,Carpocoris mediterraneus atlanticus,,pollinator,visitedBy,,"globalbioticinteractions.org, fetched 2026-09-02"
Solidago,Catabena lineolata,,feeds-on,eatenBy,,"globalbioticinteractions.org, fetched 2026-09-02"
Solidago,Celastrina argiolus,,pollinator,pollinatedBy,,"globalbioticinteractions.org, fetched 2026-09-02"
Solidago,Ceramica pisi,,feeds-on,eatenBy,,"globalbioticinteractions.org, fetched 2026-09-02"
Solidago,Cercopis vulnerata,,feeds-on,eatenBy,,"globalbioticinteractions.org, fetched 2026-09-02"
Solidago,Cheilosia canicularis,,pollinator,pollinatedBy,,"globalbioticinteractions.org, fetched 2026-09-02"
Solidago,Cheilosia himantopus,,pollinator,pollinatedBy,,"globalbioticinteractions.org, fetched 2026-09-02"
Solidago,Cheilosia morio,,pollinator,pollinatedBy,,"globalbioticinteractions.org, fetched 2026-09-02"
Solidago,Cheilosia scutellata,,pollinator,flowersVisitedBy,,"globalbioticinteractions.org, fetched 2026-09-02"
Solidago,Chloroclystis v-ata,,feeds-on,eatenBy,,"globalbioticinteractions.org, fetched 2026-09-02"
Solidago,Chlorotettix unicolor,,feeds-on,eatenBy,,"globalbioticinteractions.org, fetched 2026-09-02"
Solidago,Chorthippus apricarius,,pollinator,visitedBy,,"globalbioticinteractions.org, fetched 2026-09-02"
Solidago,Chorthippus dorsatus,,feeds-on,eatenBy,,"globalbioticinteractions.org, fetched 2026-09-02"
Solidago,Cilidius quinquelineatus,,feeds-on,eatenBy,,"globalbioticinteractions.org, fetched 2026-09-02"
Solidago,Clepsis pallidana,,feeds-on,eatenBy,,"globalbioticinteractions.org, fetched 2026-09-02"
Solidago,Coleophora amellivora,,feeds-on,eatenBy,,"globalbioticinteractions.org, fetched 2026-09-02"
Solidago,Coleophora virgaureae,,feeds-on,eatenBy,,"globalbioticinteractions.org, fetched 2026-09-02"
Solidago,Colias croceus,,pollinator,visitedBy,,"globalbioticinteractions.org, fetched 2026-09-02"
Solidago,Colladonus clitellarius,,feeds-on,eatenBy,,"globalbioticinteractions.org, fetched 2026-09-02"
Solidago,Colladonus reductus,,feeds-on,eatenBy,,"globalbioticinteractions.org, fetched 2026-09-02"
Solidago,Colletes mlokossewiczi,,pollinator,pollinatedBy,,"globalbioticinteractions.org, fetched 2026-09-02"
Solidago,Columba livia domestica,,feeds-on,eatenBy,,"globalbioticinteractions.org, fetched 2026-09-02"
Solidago,Corvus monedula,,feeds-on,eatenBy,,"globalbioticinteractions.org, fetched 2026-09-02"
Solidago,Cryptocephalus pygmaeus,,feeds-on,eatenBy,,"globalbioticinteractions.org, fetched 2026-09-02"
Solidago,Ctenoplusia oxygramma,,feeds-on,eatenBy,,"globalbioticinteractions.org, fetched 2026-09-02"
Solidago,Cucullia dracunculi,,feeds-on,eatenBy,,"globalbioticinteractions.org, fetched 2026-09-02"
Solidago,Cucullia gnaphalii,,feeds-on,eatenBy,,"globalbioticinteractions.org, fetched 2026-09-02"
Solidago,Cuerna hasbroucki,,feeds-on,eatenBy,,"globalbioticinteractions.org, fetched 2026-09-02"
Solidago,Dalopius marginatus,,pollinator,pollinatedBy,,"globalbioticinteractions.org, fetched 2026-09-02"
Solidago,Dasineura virgaeaureae,,feeds-on,eatenBy,,"globalbioticinteractions.org, fetched 2026-09-02"
Solidago,Dasypoda hirtipes,,pollinator,pollinatedBy,,"globalbioticinteractions.org, fetched 2026-09-02"
Solidago,Dasysyrphus albostriatus,,pollinator,flowersVisitedBy,,"globalbioticinteractions.org, fetched 2026-09-02"
Solidago,Decticus albifrons,,feeds-on,eatenBy,,"globalbioticinteractions.org, fetched 2026-09-02"
Solidago,Decticus verrucivorus verrucivorus,,feeds-on,eatenBy,,"globalbioticinteractions.org, fetched 2026-09-02"
Solidago,Delia,,pollinator,pollinatedBy,,"globalbioticinteractions.org, fetched 2026-09-02"
Solidago,Delia florilega,,pollinator,flowersVisitedBy,,"globalbioticinteractions.org, fetched 2026-09-02"
Solidago,Diachrysia aereoides,,feeds-on,eatenBy,,"globalbioticinteractions.org, fetched 2026-09-02"
Solidago,Dichagyris candelisequa,,feeds-on,eatenBy,,"globalbioticinteractions.org, fetched 2026-09-02"
Solidago,Dichomeris aleatrix,,feeds-on,eatenBy,,"globalbioticinteractions.org, fetched 2026-09-02"
Solidago,Dichomeris juncidella,,feeds-on,eatenBy,,"globalbioticinteractions.org, fetched 2026-09-02"
Solidago,Dilophus febrilis,,pollinator,pollinatedBy,,"globalbioticinteractions.org, fetched 2026-09-02"
Solidago,Diptera,,pollinator,flowersVisitedBy,,"globalbioticinteractions.org, fetched 2026-09-02"
Solidago,Dolichovespula,,pollinator,pollinatedBy,,"globalbioticinteractions.org, fetched 2026-09-02"
Solidago,Drymeia alpicola,,pollinator,pollinatedBy,,"globalbioticinteractions.org, fetched 2026-09-02"
Solidago,Ectobius sylvestris,,pollinator,pollinatedBy,,"globalbioticinteractions.org, fetched 2026-09-02"
Solidago,Eggisops pecchiolii,,pollinator,pollinatedBy,,"globalbioticinteractions.org, fetched 2026-09-02"
Solidago,Emberiza cia,,feeds-on,eatenBy,,"globalbioticinteractions.org, fetched 2026-09-02"
Solidago,Emberiza citrinella,,feeds-on,eatenBy,,"globalbioticinteractions.org, fetched 2026-09-02"
Solidago,Empis,,pollinator,pollinatedBy,,"globalbioticinteractions.org, fetched 2026-09-02"
Solidago,Enderleinellus krochinae,,feeds-on,eatenBy,,"globalbioticinteractions.org, fetched 2026-09-02"
Solidago,Enicopus,,pollinator,pollinatedBy,,"globalbioticinteractions.org, fetched 2026-09-02"
Solidago,Entylia carinata,,feeds-on,eatenBy,,"globalbioticinteractions.org, fetched 2026-09-02"
Solidago,Epirrhoe tristata,,feeds-on,eatenBy,,"globalbioticinteractions.org, fetched 2026-09-02"
Solidago,Erebia ligea,,pollinator,flowersVisitedBy,,"globalbioticinteractions.org, fetched 2026-09-02"
Solidago,Eristalis,,pollinator,pollinatedBy,,"globalbioticinteractions.org, fetched 2026-09-02"
Solidago,Eristalis interruptus,,pollinator,flowersVisitedBy,,"globalbioticinteractions.org, fetched 2026-09-02"
Solidago,Eristalis intricaria,,pollinator,flowersVisitedBy,,"globalbioticinteractions.org, fetched 2026-09-02"
Solidago,Eristalis pertinax,,pollinator,flowersVisitedBy,,"globalbioticinteractions.org, fetched 2026-09-02"
Solidago,Eristalis rupium,,pollinator,pollinatedBy,,"globalbioticinteractions.org, fetched 2026-09-02"
Solidago,Eristalis similis,,pollinator,visitedBy,,"globalbioticinteractions.org, fetched 2026-09-02"
Solidago,Eristalis tenax,,pollinator,flowersVisitedBy,,"globalbioticinteractions.org, fetched 2026-09-02"
Solidago,Eucera nigrifacies,,pollinator,pollinatedBy,,"globalbioticinteractions.org, fetched 2026-09-02"
Solidago,Eucosma aemulana,,feeds-on,eatenBy,,"globalbioticinteractions.org, fetched 2026-09-02"
Solidago,Eucosma aspidiscana,,feeds-on,eatenBy,,"globalbioticinteractions.org, fetched 2026-09-02"
Solidago,Eumenes coronatus,,pollinator,pollinatedBy,,"globalbioticinteractions.org, fetched 2026-09-02"
Solidago,Eumenes mediterraneus,,feeds-on,eatenBy,,"globalbioticinteractions.org, fetched 2026-09-02"
Solidago,Eupeodes latifasciatus,,pollinator,flowersVisitedBy,,"globalbioticinteractions.org, fetched 2026-09-02"
Solidago,Eupithecia absinthiata,,feeds-on,eatenBy,,"globalbioticinteractions.org, fetched 2026-09-02"
Solidago,Eupithecia anticaria,,feeds-on,eatenBy,,"globalbioticinteractions.org, fetched 2026-09-02"
Solidago,Eupithecia cauchiata,,feeds-on,eatenBy,,"globalbioticinteractions.org, fetched 2026-09-02"
Solidago,Eupithecia centaureata,,feeds-on,eatenBy,,"globalbioticinteractions.org, fetched 2026-09-02"
Solidago,Eupithecia expallidata,,feeds-on,eatenBy,,"globalbioticinteractions.org, fetched 2026-09-02"
Solidago,Eupithecia orphnata,,feeds-on,eatenBy,,"globalbioticinteractions.org, fetched 2026-09-02"
Solidago,Eupithecia subfuscata,,feeds-on,eatenBy,,"globalbioticinteractions.org, fetched 2026-09-02"
Solidago,Eupithecia subumbrata,,feeds-on,eatenBy,,"globalbioticinteractions.org, fetched 2026-09-02"
Solidago,Eupithecia tripunctaria,,feeds-on,eatenBy,,"globalbioticinteractions.org, fetched 2026-09-02"
Solidago,Eupithecia virgaureata,,feeds-on,eatenBy,,"globalbioticinteractions.org, fetched 2026-09-02"
Solidago,Eupithecia vulgata,,feeds-on,eatenBy,,"globalbioticinteractions.org, fetched 2026-09-02"
Solidago,Eupoecilia angustana,,feeds-on,eatenBy,,"globalbioticinteractions.org, fetched 2026-09-02"
Solidago,Eusphalerum anale,,feeds-on,eatenBy,,"globalbioticinteractions.org, fetched 2026-09-02"
Solidago,Euthystira brachyptera,,feeds-on,eatenBy,,"globalbioticinteractions.org, fetched 2026-09-02"
Solidago,Exotela sonchina,,feeds-on,eatenBy,,"globalbioticinteractions.org, fetched 2026-09-02"
Solidago,Fieberiella septentrionalis,,feeds-on,eatenBy,,"globalbioticinteractions.org, fetched 2026-09-02"
Solidago,Formica fusca,,pollinator,pollinatedBy,,"globalbioticinteractions.org, fetched 2026-09-02"
Solidago,Formica picea,,pollinator,pollinatedBy,,"globalbioticinteractions.org, fetched 2026-09-02"
Solidago,Galeruca tanaceti,,feeds-on,eatenBy,,"globalbioticinteractions.org, fetched 2026-09-02"
Solidago,Garrulus glandarius,,feeds-on,eatenBy,,"globalbioticinteractions.org, fetched 2026-09-02"
Solidago,Gaurotes virginea,,pollinator,flowersVisitedBy,,"globalbioticinteractions.org, fetched 2026-09-02"
Solidago,Geranomyia diversa,,feeds-on,eatenBy,,"globalbioticinteractions.org, fetched 2026-09-02"
Solidago,Gnorimoschema,,feeds-on,eatenBy,,"globalbioticinteractions.org, fetched 2026-09-02"
Solidago,Gnorimoschema banksiella,,feeds-on,eatenBy,,"globalbioticinteractions.org, fetched 2026-09-02"
Solidago,Gnorimoschema epithymella,,feeds-on,eatenBy,,"globalbioticinteractions.org, fetched 2026-09-02"
Solidago,Gnorimoschema salinaris,,feeds-on,eatenBy,,"globalbioticinteractions.org, fetched 2026-09-02"
Solidago,Gnorimoschema valesiella,,feeds-on,eatenBy,,"globalbioticinteractions.org, fetched 2026-09-02"
Solidago,Gomphocerus sibiricus,,feeds-on,eatenBy,,"globalbioticinteractions.org, fetched 2026-09-02"
Solidago,Graphocephala coccinea,,feeds-on,eatenBy,,"globalbioticinteractions.org, fetched 2026-09-02"
Solidago,Halictus carinthiacus,,pollinator,pollinatedBy,,"globalbioticinteractions.org, fetched 2026-09-02"
Solidago,Halictus confusus,,pollinator,pollinatedBy,,"globalbioticinteractions.org, fetched 2026-09-02"
Solidago,Halictus rubicundus,,pollinator,pollinatedBy,,"globalbioticinteractions.org, fetched 2026-09-02"
Solidago,Halictus scabiosae,,pollinator,pollinatedBy,,"globalbioticinteractions.org, fetched 2026-09-02"
Solidago,Halictus seladonius,,pollinator,pollinatedBy,,"globalbioticinteractions.org, fetched 2026-09-02"
Solidago,Halictus subauratus,,pollinator,pollinatedBy,,"globalbioticinteractions.org, fetched 2026-09-02"
Solidago,Halictus tumulorum,,pollinator,flowersVisitedBy,,"globalbioticinteractions.org, fetched 2026-09-02"
Solidago,Hebata solani,,feeds-on,eatenBy,,"globalbioticinteractions.org, fetched 2026-09-02"
Solidago,Hedychrum nobile,,pollinator,pollinatedBy,,"globalbioticinteractions.org, fetched 2026-09-02"
Solidago,Hellinsia chrysocomae,,feeds-on,eatenBy,,"globalbioticinteractions.org, fetched 2026-09-02"
Solidago,Hellinsia tephradactyla,,feeds-on,eatenBy,,"globalbioticinteractions.org, fetched 2026-09-02"
Solidago,Hemipenthes hamifera,,pollinator,pollinatedBy,,"globalbioticinteractions.org, fetched 2026-09-02"
Solidago,Hercostomus,,pollinator,pollinatedBy,,"globalbioticinteractions.org, fetched 2026-09-02"
Solidago,Heriades rubicola,,pollinator,pollinatedBy,,"globalbioticinteractions.org, fetched 2026-09-02"
Solidago,Homoeosoma nimbella,,feeds-on,eatenBy,,"globalbioticinteractions.org, fetched 2026-09-02"
Solidago,Hoplitis mitis,,pollinator,pollinatedBy,,"globalbioticinteractions.org, fetched 2026-09-02"
Solidago,Hoplitis robusta,,pollinator,pollinatedBy,,"globalbioticinteractions.org, fetched 2026-09-02"
Solidago,Hydrotaea dentipes,,pollinator,flowersVisitedBy,,"globalbioticinteractions.org, fetched 2026-09-02"
Solidago,Hylaeus,,pollinator,pollinatedBy,,"globalbioticinteractions.org, fetched 2026-09-02"
Solidago,Hylaeus annularis,,pollinator,pollinatedBy,,"globalbioticinteractions.org, fetched 2026-09-02"
Solidago,Hylaeus annulatus,,pollinator,pollinatedBy,,"globalbioticinteractions.org, fetched 2026-09-02"
Solidago,Hylaeus brevicornis,,pollinator,pollinatedBy,,"globalbioticinteractions.org, fetched 2026-09-02"
Solidago,Hylaeus communis,,pollinator,flowersVisitedBy,,"globalbioticinteractions.org, fetched 2026-09-02"
Solidago,Hylaeus confusus,,pollinator,pollinatedBy,,"globalbioticinteractions.org, fetched 2026-09-02"
Solidago,Hylaeus cornutus,,pollinator,pollinatedBy,,"globalbioticinteractions.org, fetched 2026-09-02"
Solidago,Hylaeus difformis,,pollinator,pollinatedBy,,"globalbioticinteractions.org, fetched 2026-09-02"
Solidago,Hylaeus gibbus,,pollinator,pollinatedBy,,"globalbioticinteractions.org, fetched 2026-09-02"
Solidago,Hylaeus hyalinatus,,pollinator,flowersVisitedBy,,"globalbioticinteractions.org, fetched 2026-09-02"
Solidago,Hylaeus kahri,,pollinator,pollinatedBy,,"globalbioticinteractions.org, fetched 2026-09-02"
Solidago,Hylaeus leptocephalus,,pollinator,pollinatedBy,,"globalbioticinteractions.org, fetched 2026-09-02"
Solidago,Hylaeus nigritus,,pollinator,pollinatedBy,,"globalbioticinteractions.org, fetched 2026-09-02"
Solidago,Hylaeus pectoralis,,pollinator,pollinatedBy,,"globalbioticinteractions.org, fetched 2026-09-02"
Solidago,Hylaeus punctulatissimus,,pollinator,pollinatedBy,,"globalbioticinteractions.org, fetched 2026-09-02"
Solidago,Hylaeus rinki,,pollinator,pollinatedBy,,"globalbioticinteractions.org, fetched 2026-09-02"
Solidago,Hylaeus sinuatus,,pollinator,pollinatedBy,,"globalbioticinteractions.org, fetched 2026-09-02"
Solidago,Hylaeus styriacus,,pollinator,pollinatedBy,,"globalbioticinteractions.org, fetched 2026-09-02"
Solidago,Hylemya variata,,pollinator,pollinatedBy,,"globalbioticinteractions.org, fetched 2026-09-02"
Solidago,Hymenoptera,,pollinator,flowersVisitedBy,,"globalbioticinteractions.org, fetched 2026-09-02"
Solidago,Hyphantria cunea,,pollinator,pollinatedBy,,"globalbioticinteractions.org, fetched 2026-09-02"
Solidago,Idiocerus rufus,,feeds-on,eatenBy,,"globalbioticinteractions.org, fetched 2026-09-02"
Solidago,Isodontia mexicana,,feeds-on,eatenBy,,"globalbioticinteractions.org, fetched 2026-09-02"
Solidago,Lacanobia thalassina,,feeds-on,eatenBy,,"globalbioticinteractions.org, fetched 2026-09-02"
Solidago,Lasioglossum,,pollinator,pollinatedBy,,"globalbioticinteractions.org, fetched 2026-09-02"
Solidago,Lasioglossum albipes,,pollinator,pollinatedBy,,"globalbioticinteractions.org, fetched 2026-09-02"
Solidago,Lasioglossum calceatum,,pollinator,flowersVisitedBy,,"globalbioticinteractions.org, fetched 2026-09-02"
Solidago,Lasioglossum euboeense,,pollinator,pollinatedBy,,"globalbioticinteractions.org, fetched 2026-09-02"
Solidago,Lasioglossum interruptum,,pollinator,pollinatedBy,,"globalbioticinteractions.org, fetched 2026-09-02"
Solidago,Lasioglossum laeve,,pollinator,pollinatedBy,,"globalbioticinteractions.org, fetched 2026-09-02"
Solidago,Lasioglossum lativentre,,pollinator,flowersVisitedBy,,"globalbioticinteractions.org, fetched 2026-09-02"
Solidago,Lasioglossum leucopus,,pollinator,pollinatedBy,,"globalbioticinteractions.org, fetched 2026-09-02"
Solidago,Lasioglossum leucozonium,,pollinator,pollinatedBy,,"globalbioticinteractions.org, fetched 2026-09-02"
Solidago,Lasioglossum lineare,,pollinator,pollinatedBy,,"globalbioticinteractions.org, fetched 2026-09-02"
Solidago,Lasioglossum lucidulum,,pollinator,pollinatedBy,,"globalbioticinteractions.org, fetched 2026-09-02"
Solidago,Lasioglossum majus,,pollinator,pollinatedBy,,"globalbioticinteractions.org, fetched 2026-09-02"
Solidago,Lasioglossum malachurum,,pollinator,flowersVisitedBy,,"globalbioticinteractions.org, fetched 2026-09-02"
Solidago,Lasioglossum marginatum,,pollinator,pollinatedBy,,"globalbioticinteractions.org, fetched 2026-09-02"
Solidago,Lasioglossum minutulum,,pollinator,pollinatedBy,,"globalbioticinteractions.org, fetched 2026-09-02"
Solidago,Lasioglossum nigripes,,pollinator,pollinatedBy,,"globalbioticinteractions.org, fetched 2026-09-02"
Solidago,Lasioglossum pauxillum,,pollinator,flowersVisitedBy,,"globalbioticinteractions.org, fetched 2026-09-02"
Solidago,Lasioglossum punctatissimum,,pollinator,pollinatedBy,,"globalbioticinteractions.org, fetched 2026-09-02"
Solidago,Lasioglossum quadrinotatum,,pollinator,flowersVisitedBy,,"globalbioticinteractions.org, fetched 2026-09-02"
Solidago,Lasioglossum semilucens,,pollinator,pollinatedBy,,"globalbioticinteractions.org, fetched 2026-09-02"
Solidago,Lasioglossum sexstrigatum,,pollinator,pollinatedBy,,"globalbioticinteractions.org, fetched 2026-09-02"
Solidago,Lasioglossum smeathmanellum,,pollinator,flowersVisitedBy,,"globalbioticinteractions.org, fetched 2026-09-02"
Solidago,Lasioglossum subfasciatum,,pollinator,pollinatedBy,,"globalbioticinteractions.org, fetched 2026-09-02"
Solidago,Lasioglossum subhirtum,,pollinator,pollinatedBy,,"globalbioticinteractions.org, fetched 2026-09-02"
Solidago,Lasioglossum tarsatum,,pollinator,pollinatedBy,,"globalbioticinteractions.org, fetched 2026-09-02"
Solidago,Lepidoptera,,pollinator,pollinatedBy,,"globalbioticinteractions.org, fetched 2026-09-02"
Solidago,Lepyronia coleoptrata,,feeds-on,eatenBy,,"globalbioticinteractions.org, fetched 2026-09-02"
Solidago,Lipeurus variabilis,,feeds-on,eatenBy,,"globalbioticinteractions.org, fetched 2026-09-02"
Solidago,Liriomyza trifolii,,feeds-on,eatenBy,,"globalbioticinteractions.org, fetched 2026-09-02"
Solidago,Litargus tetraspilotus,,feeds-on,eatenBy,,"globalbioticinteractions.org, fetched 2026-09-02"
Solidago,Lobesia reliquana,,feeds-on,eatenBy,,"globalbioticinteractions.org, fetched 2026-09-02"
Solidago,Lophophanes cristatus,,feeds-on,eatenBy,,"globalbioticinteractions.org, fetched 2026-09-02"
Solidago,Lullula arborea,,feeds-on,eatenBy,,"globalbioticinteractions.org, fetched 2026-09-02"
Solidago,Lycaena phlaeas,,feeds-on,eatenBy,,"globalbioticinteractions.org, fetched 2026-09-02"
Solidago,Lycaena phlaeas,,pollinator,flowersVisitedBy,,"globalbioticinteractions.org, fetched 2026-09-02"
Solidago,Lycaena tityrus,,pollinator,visitedBy,,"globalbioticinteractions.org, fetched 2026-09-02"
Solidago,Lycaena virgaureae,,feeds-on,eatenBy,,"globalbioticinteractions.org, fetched 2026-09-02"
Solidago,Lycaena virgaureae,,pollinator,pollinatedBy,,"globalbioticinteractions.org, fetched 2026-09-02"
Solidago,Lygus wagneri,,feeds-on,eatenBy,,"globalbioticinteractions.org, fetched 2026-09-02"
Solidago,Lysandra coridon,,feeds-on,eatenBy,,"globalbioticinteractions.org, fetched 2026-09-02"
Solidago,Lysandra coridon,,pollinator,flowersVisitedBy,,"globalbioticinteractions.org, fetched 2026-09-02"
Solidago,Megachile melanopyga,,pollinator,pollinatedBy,,"globalbioticinteractions.org, fetched 2026-09-02"
Solidago,Megachile sculpturalis,,pollinator,pollinatedBy,,"globalbioticinteractions.org, fetched 2026-09-02"
Solidago,Megatibicen dorsatus,,feeds-on,eatenBy,,"globalbioticinteractions.org, fetched 2026-09-02"
Solidago,Melinda cognata,,pollinator,pollinatedBy,,"globalbioticinteractions.org, fetched 2026-09-02"
Solidago,Melitaea athalia,,pollinator,flowersVisitedBy,,"globalbioticinteractions.org, fetched 2026-09-02"
Solidago,Mesotype verberata,,pollinator,pollinatedBy,,"globalbioticinteractions.org, fetched 2026-09-02"
Solidago,Metrioptera saussuriana,,feeds-on,eatenBy,,"globalbioticinteractions.org, fetched 2026-09-02"
Solidago,Montifringilla nivalis,,feeds-on,eatenBy,,"globalbioticinteractions.org, fetched 2026-09-02"
Solidago,Mordella marginata,,feeds-on,eatenBy,,"globalbioticinteractions.org, fetched 2026-09-02"
Solidago,Morellia aenescens,,pollinator,pollinatedBy,,"globalbioticinteractions.org, fetched 2026-09-02"
Solidago,Neohaematopinus robustus,,feeds-on,eatenBy,,"globalbioticinteractions.org, fetched 2026-09-02"
Solidago,Neokolla hieroglyphica hieroglyphica,,feeds-on,eatenBy,,"globalbioticinteractions.org, fetched 2026-09-02"
Solidago,Neotibicen tibicen tibicen,,feeds-on,eatenBy,,"globalbioticinteractions.org, fetched 2026-09-02"
Solidago,Nitidulidae,,pollinator,pollinatedBy,,"globalbioticinteractions.org, fetched 2026-09-02"
Solidago,Nymphalis antiopa,,pollinator,pollinatedBy,,"globalbioticinteractions.org, fetched 2026-09-02"
Solidago,Oedemera lurida,,pollinator,pollinatedBy,,"globalbioticinteractions.org, fetched 2026-09-02"
Solidago,Oedipoda caerulescens,,feeds-on,eatenBy,,"globalbioticinteractions.org, fetched 2026-09-02"
Solidago,Oncometopia orbona,,feeds-on,eatenBy,,"globalbioticinteractions.org, fetched 2026-09-02"
Solidago,Oriolus oriolus,,feeds-on,eatenBy,,"globalbioticinteractions.org, fetched 2026-09-02"
Solidago,Osbornellus auronitens,,feeds-on,eatenBy,,"globalbioticinteractions.org, fetched 2026-09-02"
Solidago,Osmia mustelina,,pollinator,pollinatedBy,,"globalbioticinteractions.org, fetched 2026-09-02"
Solidago,Osmia niveata,,pollinator,pollinatedBy,,"globalbioticinteractions.org, fetched 2026-09-02"
Solidago,Osmia rufohirta,,pollinator,pollinatedBy,,"globalbioticinteractions.org, fetched 2026-09-02"
Solidago,Osmia scutellaris,,pollinator,pollinatedBy,,"globalbioticinteractions.org, fetched 2026-09-02"
Solidago,Osmia spinulosa,,pollinator,pollinatedBy,,"globalbioticinteractions.org, fetched 2026-09-02"
Solidago,Ovis aries,,feeds-on,eatenBy,,"globalbioticinteractions.org, fetched 2026-09-02"
Solidago,Oxycopis notoxoides,,feeds-on,eatenBy,,"globalbioticinteractions.org, fetched 2026-09-02"
Solidago,Pachyprotasis rapae,,feeds-on,eatenBy,,"globalbioticinteractions.org, fetched 2026-09-02"
Solidago,Pachyprotasis simulans,,feeds-on,hostOf,,"globalbioticinteractions.org, fetched 2026-09-02"
Solidago,Paraphlepsius solidaginis,,feeds-on,eatenBy,,"globalbioticinteractions.org, fetched 2026-09-02"
Solidago,Parasyrphus vittiger,,pollinator,pollinatedBy,,"globalbioticinteractions.org, fetched 2026-09-02"
Solidago,Paratalanta pandalis,,feeds-on,eatenBy,,"globalbioticinteractions.org, fetched 2026-09-02"
Solidago,Passer italiae,,feeds-on,eatenBy,,"globalbioticinteractions.org, fetched 2026-09-02"
Solidago,Perizoma verberata,,feeds-on,eatenBy,,"globalbioticinteractions.org, fetched 2026-09-02"
Solidago,Perizoma verberata,,pollinator,pollinatedBy,,"globalbioticinteractions.org, fetched 2026-09-02"
Solidago,Phaonia angelicae,,pollinator,pollinatedBy,,"globalbioticinteractions.org, fetched 2026-09-02"
Solidago,Phaonia incana,,pollinator,flowersVisitedBy,,"globalbioticinteractions.org, fetched 2026-09-02"
Solidago,Philaenus spumarius,,pollinator,visitedBy,,"globalbioticinteractions.org, fetched 2026-09-02"
Solidago,Philopterus tropicalis,,feeds-on,eatenBy,,"globalbioticinteractions.org, fetched 2026-09-02"
Solidago,Pholidoptera griseoaptera,,feeds-on,eatenBy,,"globalbioticinteractions.org, fetched 2026-09-02"
Solidago,Phragmatobia fuliginosa,,feeds-on,eatenBy,,"globalbioticinteractions.org, fetched 2026-09-02"
Solidago,Phytoecia nigricornis,,feeds-on,eatenBy,,"globalbioticinteractions.org, fetched 2026-09-02"
Solidago,Pica pica,,feeds-on,eatenBy,,"globalbioticinteractions.org, fetched 2026-09-02"
Solidago,Pipizella,,pollinator,pollinatedBy,,"globalbioticinteractions.org, fetched 2026-09-02"
Solidago,Pisaura mirabilis,,pollinator,visitedBy,,"globalbioticinteractions.org, fetched 2026-09-02"
Solidago,Pissonotus aphidioides,,feeds-on,eatenBy,,"globalbioticinteractions.org, fetched 2026-09-02"
Solidago,Pissonotus piceus,,feeds-on,eatenBy,,"globalbioticinteractions.org, fetched 2026-09-02"
Solidago,Platycheirus albimanus,,pollinator,flowersVisitedBy,,"globalbioticinteractions.org, fetched 2026-09-02"
Solidago,Platycleis albopunctata,,feeds-on,eatenBy,,"globalbioticinteractions.org, fetched 2026-09-02"
Solidago,Plebejus idas,,feeds-on,eatenBy,,"globalbioticinteractions.org, fetched 2026-09-02"
Solidago,Polistes dominula,,feeds-on,eatenBy,,"globalbioticinteractions.org, fetched 2026-09-02"
Solidago,Polygonia c-album,,feeds-on,eatenBy,,"globalbioticinteractions.org, fetched 2026-09-02"
Solidago,Polypogon tentacularia,,feeds-on,eatenBy,,"globalbioticinteractions.org, fetched 2026-09-02"
Solidago,Pontia daplidice,,pollinator,visitedBy,,"globalbioticinteractions.org, fetched 2026-09-02"
Solidago,Propylaea quatuordecimpunctata,,pollinator,pollinatedBy,,"globalbioticinteractions.org, fetched 2026-09-02"
Solidago,Prunella modularis,,feeds-on,eatenBy,,"globalbioticinteractions.org, fetched 2026-09-02"
Solidago,Pseudapis diversipes,,pollinator,pollinatedBy,,"globalbioticinteractions.org, fetched 2026-09-02"
Solidago,Pseudolipeurus tinami,,feeds-on,eatenBy,,"globalbioticinteractions.org, fetched 2026-09-02"
Solidago,Pyrophaena granditarsa,,pollinator,pollinatedBy,,"globalbioticinteractions.org, fetched 2026-09-02"
Solidago,Pyrrhocorax pyrrhocorax,,feeds-on,eatenBy,,"globalbioticinteractions.org, fetched 2026-09-02"
Solidago,Pyrrhocoris apterus,,feeds-on,eatenBy,,"globalbioticinteractions.org, fetched 2026-09-02"
Solidago,Pyrrhula pyrrhula,,feeds-on,eatenBy,,"globalbioticinteractions.org, fetched 2026-09-02"
Solidago,Sarcophaga,,pollinator,flowersVisitedBy,,"globalbioticinteractions.org, fetched 2026-09-02"
Solidago,Sarcophaga subvicina,,pollinator,flowersVisitedBy,,"globalbioticinteractions.org, fetched 2026-09-02"
Solidago,Scaphytopius acutus,,feeds-on,eatenBy,,"globalbioticinteractions.org, fetched 2026-09-02"
Solidago,Scathophaga stercoraria,,pollinator,pollinatedBy,,"globalbioticinteractions.org, fetched 2026-09-02"
Solidago,Sciara,,pollinator,pollinatedBy,,"globalbioticinteractions.org, fetched 2026-09-02"
Solidago,Scleroracus anthracinus,,feeds-on,eatenBy,,"globalbioticinteractions.org, fetched 2026-09-02"
Solidago,Scleroracus bullatus,,feeds-on,eatenBy,,"globalbioticinteractions.org, fetched 2026-09-02"
Solidago,Scleroracus comptonianus,,feeds-on,eatenBy,,"globalbioticinteractions.org, fetched 2026-09-02"
Solidago,Scleroracus osborni,,feeds-on,eatenBy,,"globalbioticinteractions.org, fetched 2026-09-02"
Solidago,Scolia hirta,,pollinator,visitedBy,,"globalbioticinteractions.org, fetched 2026-09-02"
Solidago,Scrobipalpula artemisiella,,feeds-on,eatenBy,,"globalbioticinteractions.org, fetched 2026-09-02"
Solidago,Sericomyia lappona,,pollinator,flowersVisitedBy,,"globalbioticinteractions.org, fetched 2026-09-02"
Solidago,Sericomyia silentis,,pollinator,flowersVisitedBy,,"globalbioticinteractions.org, fetched 2026-09-02"
Solidago,Serinus serinus,,feeds-on,eatenBy,,"globalbioticinteractions.org, fetched 2026-09-02"
Solidago,Siphona geniculata,,pollinator,flowersVisitedBy,,"globalbioticinteractions.org, fetched 2026-09-02"
Solidago,Sphaerophoria,,pollinator,pollinatedBy,,"globalbioticinteractions.org, fetched 2026-09-02"
Solidago,Sphaerophoria philanthus,,pollinator,flowersVisitedBy,,"globalbioticinteractions.org, fetched 2026-09-02"
Solidago,Sphaerophoria philanthus,,feeds-on,eatenBy,,"globalbioticinteractions.org, fetched 2026-09-02"
Solidago,Sphaerophoria scripta,,pollinator,pollinatedBy,,"globalbioticinteractions.org, fetched 2026-09-02"
Solidago,Sphecodes albilabris,,pollinator,pollinatedBy,,"globalbioticinteractions.org, fetched 2026-09-02"
Solidago,Spissistilus festinus,,feeds-on,eatenBy,,"globalbioticinteractions.org, fetched 2026-09-02"
Solidago,Stauroderus scalaris,,feeds-on,eatenBy,,"globalbioticinteractions.org, fetched 2026-09-02"
Solidago,Stenobothrus lineatus,,feeds-on,eatenBy,,"globalbioticinteractions.org, fetched 2026-09-02"
Solidago,Stenurella bifasciata,,pollinator,pollinatedBy,,"globalbioticinteractions.org, fetched 2026-09-02"
Solidago,Stictocephala bisonia,,feeds-on,eatenBy,,"globalbioticinteractions.org, fetched 2026-09-02"
Solidago,Strangalia luteicornis,,feeds-on,eatenBy,,"globalbioticinteractions.org, fetched 2026-09-02"
Solidago,Tenthredo mesomela,,feeds-on,eatenBy,,"globalbioticinteractions.org, fetched 2026-09-02"
Solidago,Tetrao urogallus,,feeds-on,eatenBy,,"globalbioticinteractions.org, fetched 2026-09-02"
Solidago,Tetrastes bonasia,,feeds-on,eatenBy,,"globalbioticinteractions.org, fetched 2026-09-02"
Solidago,Tetrix bipunctata,,feeds-on,eatenBy,,"globalbioticinteractions.org, fetched 2026-09-02"
Solidago,Tettigonia viridissima,,feeds-on,eatenBy,,"globalbioticinteractions.org, fetched 2026-09-02"
Solidago,Thalera fimbrialis,,feeds-on,eatenBy,,"globalbioticinteractions.org, fetched 2026-09-02"
Solidago,Thecla betulae,,feeds-on,eatenBy,,"globalbioticinteractions.org, fetched 2026-09-02"
Solidago,Thereva,,pollinator,pollinatedBy,,"globalbioticinteractions.org, fetched 2026-09-02"
Solidago,Thricops,,pollinator,pollinatedBy,,"globalbioticinteractions.org, fetched 2026-09-02"
Solidago,Thricops nigritellus,,pollinator,pollinatedBy,,"globalbioticinteractions.org, fetched 2026-09-02"
Solidago,Thrips flavus,,feeds-on,eatenBy,,"globalbioticinteractions.org, fetched 2026-09-02"
Solidago,Thrips fuscipennis,,feeds-on,eatenBy,,"globalbioticinteractions.org, fetched 2026-09-02"
Solidago,Thrips trehernei,,feeds-on,eatenBy,,"globalbioticinteractions.org, fetched 2026-09-02"
Solidago,Thymelicus lineola,,pollinator,pollinatedBy,,"globalbioticinteractions.org, fetched 2026-09-02"
Solidago,Tibicinoides vanduzeei,,feeds-on,eatenBy,,"globalbioticinteractions.org, fetched 2026-09-02"
Solidago,Tricholinum,,pollinator,pollinatedBy,,"globalbioticinteractions.org, fetched 2026-09-02"
Solidago,Turdus torquatus,,feeds-on,eatenBy,,"globalbioticinteractions.org, fetched 2026-09-02"
Solidago,Typocerus zebra,,feeds-on,eatenBy,,"globalbioticinteractions.org, fetched 2026-09-02"
Solidago,Uroleucon erigeronense,,feeds-on,eatenBy,,"globalbioticinteractions.org, fetched 2026-09-02"
Solidago,Vespa crabro,,pollinator,pollinatedBy,,"globalbioticinteractions.org, fetched 2026-09-02"
Solidago,Vespa velutina,,pollinator,pollinatedBy,,"globalbioticinteractions.org, fetched 2026-09-02"
Solidago,Xestia xanthographa,,feeds-on,eatenBy,,"globalbioticinteractions.org, fetched 2026-09-02"
Solidago,Xestocephalus similis,,feeds-on,eatenBy,,"globalbioticinteractions.org, fetched 2026-09-02"
Solidago,Zygaena fausta,,pollinator,visitedBy,,"globalbioticinteractions.org, fetched 2026-09-02"
Sorghastrum,Amblyscirtes hegon,,feeds-on,eatenBy,,"globalbioticinteractions.org, fetched 2026-09-02"
Sorghastrum,Asydates rufiventris,,feeds-on,hostOf,,"globalbioticinteractions.org, fetched 2026-09-02"
Sorghastrum,Atrytone arogos arogos,,pollinator,visitedBy,,"globalbioticinteractions.org, fetched 2026-09-02"
Sorghastrum,Atrytonopsis hianna,,feeds-on,hostOf,,"globalbioticinteractions.org, fetched 2026-09-02"
Sorghastrum,Atrytonopsis loammi,,feeds-on,hostOf,,"globalbioticinteractions.org, fetched 2026-09-02"
Sorghastrum,Bombus impatiens,,pollinator,flowersVisitedBy,,"globalbioticinteractions.org, fetched 2026-09-02"
Sorghastrum,Euptychia phocion,,feeds-on,hostOf,,"globalbioticinteractions.org, fetched 2026-09-02"
Sorghastrum,Faronta albilinea,,feeds-on,hostOf,,"globalbioticinteractions.org, fetched 2026-09-02"
Sorghastrum,Hippopsis lemniscata,,pollinator,visitedBy,,"globalbioticinteractions.org, fetched 2026-09-02"
Sorghastrum,Melissodes bimaculatus,,feeds-on,eatenBy,,"globalbioticinteractions.org, fetched 2026-09-02"
Sorghastrum,Melissodes bimaculatus,,pollinator,flowersVisitedBy,,"globalbioticinteractions.org, fetched 2026-09-02"
Sorghastrum,Melospiza melodia,,feeds-on,eatenBy,,"globalbioticinteractions.org, fetched 2026-09-02"
Sorghastrum,Monomorium carbonarium,,pollinator,visitedBy,,"globalbioticinteractions.org, fetched 2026-09-02"
Sorghastrum,Neonympha areolatus,,feeds-on,hostOf,,"globalbioticinteractions.org, fetched 2026-09-02"
Sorghastrum,Neotibicen aurifer,,feeds-on,eatenBy,,"globalbioticinteractions.org, fetched 2026-09-02"
Sorghastrum,Pelegrina galathea,,pollinator,visitedBy,,"globalbioticinteractions.org, fetched 2026-09-02"
Sorghastrum,Plathemis lydia,,pollinator,visitedBy,,"globalbioticinteractions.org, fetched 2026-09-02"
Sorghastrum,Polistes dominula,,feeds-on,eatenBy,,"globalbioticinteractions.org, fetched 2026-09-02"
Sorghastrum,Polistes dominula,,pollinator,flowersVisitedBy,,"globalbioticinteractions.org, fetched 2026-09-02"
Symphoricarpos,Abia fasciata,,feeds-on,eatenBy,,"globalbioticinteractions.org, fetched 2026-09-02"
Symphoricarpos,Abia lonicerae,,feeds-on,eatenBy,,"globalbioticinteractions.org, fetched 2026-09-02"
Symphoricarpos,Aglais io,,feeds-on,eatenBy,,"globalbioticinteractions.org, fetched 2026-09-02"
Symphoricarpos,Ammophila aberti,,pollinator,flowersVisitedBy,,"globalbioticinteractions.org, fetched 2026-09-02"
Symphoricarpos,Anania funebris,,pollinator,flowersVisitedBy,,"globalbioticinteractions.org, fetched 2026-09-02"
Symphoricarpos,Ancistrocerus,,feeds-on,eatenBy,,"globalbioticinteractions.org, fetched 2026-09-02"
Symphoricarpos,Andrena,,pollinator,pollinatedBy,,"globalbioticinteractions.org, fetched 2026-09-02"
Symphoricarpos,Andrena ceanothifloris cretata,,pollinator,flowersVisitedBy,,"globalbioticinteractions.org, fetched 2026-09-02"
Symphoricarpos,Andrena cheyennorum,,feeds-on,hostOf,,"globalbioticinteractions.org, fetched 2026-09-02"
Symphoricarpos,Andrena cheyennorum,,pollinator,flowersVisitedBy,,"globalbioticinteractions.org, fetched 2026-09-02"
Symphoricarpos,Andrena milwaukeensis,,feeds-on,hostOf,,"globalbioticinteractions.org, fetched 2026-09-02"
Symphoricarpos,Andrena milwaukeensis,,pollinator,flowersVisitedBy,,"globalbioticinteractions.org, fetched 2026-09-02"
Symphoricarpos,Andrena nivalis,,pollinator,pollinatedBy,,"globalbioticinteractions.org, fetched 2026-09-02"
Symphoricarpos,Andrena perarmata,,pollinator,flowersVisitedBy,,"globalbioticinteractions.org, fetched 2026-09-02"
Symphoricarpos,Andrena prunorum,,pollinator,flowersVisitedBy,,"globalbioticinteractions.org, fetched 2026-09-02"
Symphoricarpos,Andrena saccata,,pollinator,pollinatedBy,,"globalbioticinteractions.org, fetched 2026-09-02"
Symphoricarpos,Andrena salicifloris,,pollinator,pollinatedBy,,"globalbioticinteractions.org, fetched 2026-09-02"
Symphoricarpos,Andrena thaspii,,pollinator,flowersVisitedBy,,"globalbioticinteractions.org, fetched 2026-09-02"
Symphoricarpos,Anthidium oblongatum,,pollinator,flowersVisitedBy,,"globalbioticinteractions.org, fetched 2026-09-02"
Symphoricarpos,Anthophora bomboides,,feeds-on,hostOf,,"globalbioticinteractions.org, fetched 2026-09-02"
Symphoricarpos,Archips rileyana,,feeds-on,eatenBy,,"globalbioticinteractions.org, fetched 2026-09-02"
Symphoricarpos,Argynnis cybele leto,,pollinator,flowersVisitedBy,,"globalbioticinteractions.org, fetched 2026-09-02"
Symphoricarpos,Athrips mouffetella,,feeds-on,eatenBy,,"globalbioticinteractions.org, fetched 2026-09-02"
Symphoricarpos,Behrensia conchiformis,,feeds-on,hostOf,,"globalbioticinteractions.org, fetched 2026-09-02"
Symphoricarpos,Bicyrtes quadrifasciatus,,pollinator,flowersVisitedBy,,"globalbioticinteractions.org, fetched 2026-09-02"
Symphoricarpos,Blennogeneris spissipes,,feeds-on,hostOf,,"globalbioticinteractions.org, fetched 2026-09-02"
Symphoricarpos,BOLD:AAF6919,,feeds-on,hostOf,,"globalbioticinteractions.org, fetched 2026-09-02"
Symphoricarpos,Boloria myrina,,pollinator,flowersVisitedBy,,"globalbioticinteractions.org, fetched 2026-09-02"
Symphoricarpos,Bombus,,pollinator,flowersVisitedBy,,"globalbioticinteractions.org, fetched 2026-09-02"
Symphoricarpos,Bombus affinis,,pollinator,flowersVisitedBy,,"globalbioticinteractions.org, fetched 2026-09-02"
Symphoricarpos,Bombus bifarius,,pollinator,flowersVisitedBy,,"globalbioticinteractions.org, fetched 2026-09-02"
Symphoricarpos,Bombus bimaculatus,,pollinator,flowersVisitedBy,,"globalbioticinteractions.org, fetched 2026-09-02"
Symphoricarpos,Bombus borealis,,pollinator,flowersVisitedBy,,"globalbioticinteractions.org, fetched 2026-09-02"
Symphoricarpos,Bombus californicus,,pollinator,pollinatedBy,,"globalbioticinteractions.org, fetched 2026-09-02"
Symphoricarpos,Bombus flavifrons,,feeds-on,eatenBy,,"globalbioticinteractions.org, fetched 2026-09-02"
Symphoricarpos,Bombus flavifrons,,pollinator,flowersVisitedBy,,"globalbioticinteractions.org, fetched 2026-09-02"
Symphoricarpos,Bombus griseocollis,,pollinator,flowersVisitedBy,,"globalbioticinteractions.org, fetched 2026-09-02"
Symphoricarpos,Bombus huntii,,pollinator,flowersVisitedBy,,"globalbioticinteractions.org, fetched 2026-09-02"
Symphoricarpos,Bombus hypnorum,,pollinator,flowersVisitedBy,,"globalbioticinteractions.org, fetched 2026-09-02"
Symphoricarpos,Bombus impatiens,,feeds-on,eatenBy,,"globalbioticinteractions.org, fetched 2026-09-02"
Symphoricarpos,Bombus impatiens,,pollinator,flowersVisitedBy,,"globalbioticinteractions.org, fetched 2026-09-02"
Symphoricarpos,Bombus insularis,,pollinator,flowersVisitedBy,,"globalbioticinteractions.org, fetched 2026-09-02"
Symphoricarpos,Bombus insularis,,feeds-on,eatenBy,,"globalbioticinteractions.org, fetched 2026-09-02"
Symphoricarpos,Bombus melanopygus,,feeds-on,eatenBy,,"globalbioticinteractions.org, fetched 2026-09-02"
Symphoricarpos,Bombus melanopygus,,pollinator,pollinatedBy,,"globalbioticinteractions.org, fetched 2026-09-02"
Symphoricarpos,Bombus occidentalis,,pollinator,flowersVisitedBy,,"globalbioticinteractions.org, fetched 2026-09-02"
Symphoricarpos,Bombus pascuorum,,pollinator,flowersVisitedBy,,"globalbioticinteractions.org, fetched 2026-09-02"
Symphoricarpos,Bombus perplexus,,pollinator,flowersVisitedBy,,"globalbioticinteractions.org, fetched 2026-09-02"
Symphoricarpos,Bombus sitkensis,,pollinator,pollinatedBy,,"globalbioticinteractions.org, fetched 2026-09-02"
Symphoricarpos,Bombus ternarius,,pollinator,flowersVisitedBy,,"globalbioticinteractions.org, fetched 2026-09-02"
Symphoricarpos,Bombus vagans,,pollinator,flowersVisitedBy,,"globalbioticinteractions.org, fetched 2026-09-02"
Symphoricarpos,Bombus vancouverensis,,feeds-on,eatenBy,,"globalbioticinteractions.org, fetched 2026-09-02"
Symphoricarpos,Bombus vancouverensis,,pollinator,flowersVisitedBy,,"globalbioticinteractions.org, fetched 2026-09-02"
Symphoricarpos,Bombus vancouverensis nearcticus,,pollinator,flowersVisitedBy,,"globalbioticinteractions.org, fetched 2026-09-02"
Symphoricarpos,Bombus vancouverensis vancouverensis,,pollinator,visitedBy,,"globalbioticinteractions.org, fetched 2026-09-02"
Symphoricarpos,Bombus vandykei,,feeds-on,eatenBy,,"globalbioticinteractions.org, fetched 2026-09-02"
Symphoricarpos,Bombus vosnesenskii,,feeds-on,eatenBy,,"globalbioticinteractions.org, fetched 2026-09-02"
Symphoricarpos,Bombus vosnesenskii,,pollinator,pollinatedBy,,"globalbioticinteractions.org, fetched 2026-09-02"
Symphoricarpos,Bonasa umbellus,,feeds-on,eatenBy,,"globalbioticinteractions.org, fetched 2026-09-02"
Symphoricarpos,Calcarius lapponicus,,feeds-on,eatenBy,,"globalbioticinteractions.org, fetched 2026-09-02"
Symphoricarpos,Callophrys gryneus,,pollinator,flowersVisitedBy,,"globalbioticinteractions.org, fetched 2026-09-02"
Symphoricarpos,Cameraria affinis,,feeds-on,eatenBy,,"globalbioticinteractions.org, fetched 2026-09-02"
Symphoricarpos,Celastrina argiolus,,pollinator,flowersVisitedBy,,"globalbioticinteractions.org, fetched 2026-09-02"
Symphoricarpos,Celastrina lucia,,pollinator,flowersVisitedBy,,"globalbioticinteractions.org, fetched 2026-09-02"
Symphoricarpos,Cercyonis pegala,,pollinator,flowersVisitedBy,,"globalbioticinteractions.org, fetched 2026-09-02"
Symphoricarpos,Coelioxys octodentatus,,feeds-on,eatenBy,,"globalbioticinteractions.org, fetched 2026-09-02"
Symphoricarpos,Colletes,,pollinator,pollinatedBy,,"globalbioticinteractions.org, fetched 2026-09-02"
Symphoricarpos,Colletes slevini,,feeds-on,hostOf,,"globalbioticinteractions.org, fetched 2026-09-02"
Symphoricarpos,Copestylum violaceum,,feeds-on,eatenBy,,"globalbioticinteractions.org, fetched 2026-09-02"
Symphoricarpos,Dendrobiella,,feeds-on,eatenBy,,"globalbioticinteractions.org, fetched 2026-09-02"
Symphoricarpos,Dolichovespula albida,,pollinator,flowersVisitedBy,,"globalbioticinteractions.org, fetched 2026-09-02"
Symphoricarpos,Dolichovespula media,,feeds-on,eatenBy,,"globalbioticinteractions.org, fetched 2026-09-02"
Symphoricarpos,Dolichovespula media,,pollinator,flowersVisitedBy,,"globalbioticinteractions.org, fetched 2026-09-02"
Symphoricarpos,Dysstroma citrata,,feeds-on,eatenBy,,"globalbioticinteractions.org, fetched 2026-09-02"
Symphoricarpos,Epargyreus clarus,,pollinator,flowersVisitedBy,,"globalbioticinteractions.org, fetched 2026-09-02"
Symphoricarpos,Euceratia castella,,feeds-on,eatenBy,,"globalbioticinteractions.org, fetched 2026-09-02"
Symphoricarpos,Eulithis xylina,,feeds-on,eatenBy,,"globalbioticinteractions.org, fetched 2026-09-02"
Symphoricarpos,Eulithis xylina speciosa,,feeds-on,hostOf,,"globalbioticinteractions.org, fetched 2026-09-02"
Symphoricarpos,Eumenes fraternus,,feeds-on,eatenBy,,"globalbioticinteractions.org, fetched 2026-09-02"
Symphoricarpos,Eumenes fraternus,,pollinator,visitedBy,,"globalbioticinteractions.org, fetched 2026-09-02"
Symphoricarpos,Euphydryas anicia,,feeds-on,hostOf,,"globalbioticinteractions.org, fetched 2026-09-02"
Symphoricarpos,Euphydryas anicia bernadetta,,feeds-on,hostOf,,"globalbioticinteractions.org, fetched 2026-09-02"
Symphoricarpos,Euphydryas chalcedona,,feeds-on,eatenBy,,"globalbioticinteractions.org, fetched 2026-09-02"
Symphoricarpos,Euphydryas gillettii,,feeds-on,hostOf,,"globalbioticinteractions.org, fetched 2026-09-02"
Symphoricarpos,Euphydryas phaeton,,feeds-on,eatenBy,,"globalbioticinteractions.org, fetched 2026-09-02"
Symphoricarpos,Eurodryas aurinia,,feeds-on,hostOf,,"globalbioticinteractions.org, fetched 2026-09-02"
Symphoricarpos,Gnophaela vermiculata,,pollinator,flowersVisitedBy,,"globalbioticinteractions.org, fetched 2026-09-02"
Symphoricarpos,Gracillaria syringella,,feeds-on,hostOf,,"globalbioticinteractions.org, fetched 2026-09-02"
Symphoricarpos,Grammoptera subargentata,,pollinator,flowersVisitedBy,,"globalbioticinteractions.org, fetched 2026-09-02"
Symphoricarpos,Gypona verticalis,,feeds-on,eatenBy,,"globalbioticinteractions.org, fetched 2026-09-02"
Symphoricarpos,Halictus rubicundus,,pollinator,flowersVisitedBy,,"globalbioticinteractions.org, fetched 2026-09-02"
Symphoricarpos,Halictus tripartitus,,feeds-on,hostOf,,"globalbioticinteractions.org, fetched 2026-09-02"
Symphoricarpos,Halyomorpha halys,,pollinator,visitedBy,,"globalbioticinteractions.org, fetched 2026-09-02"
Symphoricarpos,Haploa lecontei,,feeds-on,eatenBy,,"globalbioticinteractions.org, fetched 2026-09-02"
Symphoricarpos,Hemileuca eglanterina,,feeds-on,hostOf,,"globalbioticinteractions.org, fetched 2026-09-02"
Symphoricarpos,Hemileuca nuttalli,,feeds-on,hostOf,,"globalbioticinteractions.org, fetched 2026-09-02"
Symphoricarpos,Hesperiphona vespertina,,feeds-on,eatenBy,,"globalbioticinteractions.org, fetched 2026-09-02"
Symphoricarpos,Hylaeus,,pollinator,pollinatedBy,,"globalbioticinteractions.org, fetched 2026-09-02"
Symphoricarpos,Hylaeus affinis,,pollinator,flowersVisitedBy,,"globalbioticinteractions.org, fetched 2026-09-02"
Symphoricarpos,Hylaeus modestus,,pollinator,flowersVisitedBy,,"globalbioticinteractions.org, fetched 2026-09-02"
Symphoricarpos,Hymenoptera,,pollinator,flowersVisitedBy,,"globalbioticinteractions.org, fetched 2026-09-02"
Symphoricarpos,Junonia coenia,,pollinator,flowersVisitedBy,,"globalbioticinteractions.org, fetched 2026-09-02"
Symphoricarpos,Lasioglossum,,pollinator,pollinatedBy,,"globalbioticinteractions.org, fetched 2026-09-02"
Symphoricarpos,Lasioglossum incompletum,,pollinator,flowersVisitedBy,,"globalbioticinteractions.org, fetched 2026-09-02"
Symphoricarpos,Lepus americanus,,feeds-on,eatenBy,,"globalbioticinteractions.org, fetched 2026-09-02"
Symphoricarpos,Libytheana carinenta,,feeds-on,hostOf,,"globalbioticinteractions.org, fetched 2026-09-02"
Symphoricarpos,Lycaena dione,,pollinator,flowersVisitedBy,,"globalbioticinteractions.org, fetched 2026-09-02"
Symphoricarpos,Megachile apicalis,,pollinator,flowersVisitedBy,,"globalbioticinteractions.org, fetched 2026-09-02"
Symphoricarpos,Megachile perihirta,,feeds-on,eatenBy,,"globalbioticinteractions.org, fetched 2026-09-02"
Symphoricarpos,Melanchra picta,,feeds-on,hostOf,,"globalbioticinteractions.org, fetched 2026-09-02"
Symphoricarpos,Monobia quadridens,,feeds-on,eatenBy,,"globalbioticinteractions.org, fetched 2026-09-02"
Symphoricarpos,Monobia quadridens,,pollinator,visitedBy,,"globalbioticinteractions.org, fetched 2026-09-02"
Symphoricarpos,Noctua chardinyi,,feeds-on,hostOf,,"globalbioticinteractions.org, fetched 2026-09-02"
Symphoricarpos,Nomada,,pollinator,flowersVisitedBy,,"globalbioticinteractions.org, fetched 2026-09-02"
Symphoricarpos,Odocoileus virginianus,,feeds-on,eatenBy,,"globalbioticinteractions.org, fetched 2026-09-02"
Symphoricarpos,Otiorhynchus rugosostriatus,,feeds-on,eatenBy,,"globalbioticinteractions.org, fetched 2026-09-02"
Symphoricarpos,Perdix perdix,,feeds-on,eatenBy,,"globalbioticinteractions.org, fetched 2026-09-02"
Symphoricarpos,Phyciodes tharos,,pollinator,flowersVisitedBy,,"globalbioticinteractions.org, fetched 2026-09-02"
Symphoricarpos,Phymata americana,,pollinator,visitedBy,,"globalbioticinteractions.org, fetched 2026-09-02"
Symphoricarpos,Polistes aurifer,,pollinator,visitedBy,,"globalbioticinteractions.org, fetched 2026-09-02"
Symphoricarpos,Polites peckius,,pollinator,flowersVisitedBy,,"globalbioticinteractions.org, fetched 2026-09-02"
Symphoricarpos,Psyllobora vigintimaculata,,pollinator,visitedBy,,"globalbioticinteractions.org, fetched 2026-09-02"
Symphoricarpos,Pyrobombus,,pollinator,flowersVisitedBy,,"globalbioticinteractions.org, fetched 2026-09-02"
Symphoricarpos,Pyrrhula pyrrhula,,feeds-on,eatenBy,,"globalbioticinteractions.org, fetched 2026-09-02"
Symphoricarpos,Rhagoletis pomonella,,pollinator,visitedBy,,"globalbioticinteractions.org, fetched 2026-09-02"
Symphoricarpos,Satyrium titus,,pollinator,flowersVisitedBy,,"globalbioticinteractions.org, fetched 2026-09-02"
Symphoricarpos,Scaphytopius oregonensis,,feeds-on,eatenBy,,"globalbioticinteractions.org, fetched 2026-09-02"
Symphoricarpos,Scleroracus finitimus,,feeds-on,eatenBy,,"globalbioticinteractions.org, fetched 2026-09-02"
Symphoricarpos,Scleroracus melastigmus,,feeds-on,eatenBy,,"globalbioticinteractions.org, fetched 2026-09-02"
Symphoricarpos,Scleroracus myralis,,feeds-on,eatenBy,,"globalbioticinteractions.org, fetched 2026-09-02"
Symphoricarpos,Spaelotis velicava,,feeds-on,hostOf,,"globalbioticinteractions.org, fetched 2026-09-02"
Symphoricarpos,Sphex pensylvanicus,,feeds-on,eatenBy,,"globalbioticinteractions.org, fetched 2026-09-02"
Symphoricarpos,Sphex pensylvanicus,,pollinator,flowersVisitedBy,,"globalbioticinteractions.org, fetched 2026-09-02"
Symphoricarpos,Sphinx perelegans,,feeds-on,eatenBy,,"globalbioticinteractions.org, fetched 2026-09-02"
Symphoricarpos,Sphinx vashti,,feeds-on,hostOf,,"globalbioticinteractions.org, fetched 2026-09-02"
Symphoricarpos,Sunira verberata,,feeds-on,eatenBy,,"globalbioticinteractions.org, fetched 2026-09-02"
Symphoricarpos,Tachytes guatemalensis,,pollinator,flowersVisitedBy,,"globalbioticinteractions.org, fetched 2026-09-02"
Symphoricarpos,Tenthredo vespa,,feeds-on,eatenBy,,"globalbioticinteractions.org, fetched 2026-09-02"
Symphoricarpos,Tetanolita mynesalis,,pollinator,flowersVisitedBy,,"globalbioticinteractions.org, fetched 2026-09-02"
Symphoricarpos,Texananus cumulatus,,feeds-on,eatenBy,,"globalbioticinteractions.org, fetched 2026-09-02"
Symphoricarpos,Typocerus octonotatus,,pollinator,flowersVisitedBy,,"globalbioticinteractions.org, fetched 2026-09-02"
Symphoricarpos,Vespa velutina,,pollinator,flowersVisitedBy,,"globalbioticinteractions.org, fetched 2026-09-02"
Symphoricarpos,Xanthosarus,,pollinator,flowersVisitedBy,,"globalbioticinteractions.org, fetched 2026-09-02"
Symphoricarpos,Xylocopa tabaniformis orpifex,,feeds-on,eatenBy,,"globalbioticinteractions.org, fetched 2026-09-02"
Symphyotrichum,Acalymma vittatum,,pollinator,flowersVisitedBy,,"globalbioticinteractions.org, fetched 2026-09-02"
Symphyotrichum,Aedes triseriatus,,pollinator,flowersVisitedBy,,"globalbioticinteractions.org, fetched 2026-09-02"
Symphyotrichum,Agapostemon,,pollinator,flowersVisitedBy,,"globalbioticinteractions.org, fetched 2026-09-02"
Symphyotrichum,Agapostemon sericeus,,pollinator,flowersVisitedBy,,"globalbioticinteractions.org, fetched 2026-09-02"
Symphyotrichum,Agapostemon splendens,,feeds-on,eatenBy,,"globalbioticinteractions.org, fetched 2026-09-02"
Symphyotrichum,Agapostemon splendens,,pollinator,flowersVisitedBy,,"globalbioticinteractions.org, fetched 2026-09-02"
Symphyotrichum,Agapostemon texanus,,feeds-on,eatenBy,,"globalbioticinteractions.org, fetched 2026-09-02"
Symphyotrichum,Agapostemon texanus,,pollinator,flowersVisitedBy,,"globalbioticinteractions.org, fetched 2026-09-02"
Symphyotrichum,Agapostemon virescens,,feeds-on,eatenBy,,"globalbioticinteractions.org, fetched 2026-09-02"
Symphyotrichum,Agapostemon virescens,,pollinator,flowersVisitedBy,,"globalbioticinteractions.org, fetched 2026-09-02"
Symphyotrichum,Aglais io,,feeds-on,eatenBy,,"globalbioticinteractions.org, fetched 2026-09-02"
Symphyotrichum,Agnorisma badinodis,,pollinator,flowersVisitedBy,,"globalbioticinteractions.org, fetched 2026-09-02"
Symphyotrichum,Agriades podarce,,pollinator,flowersVisitedBy,,"globalbioticinteractions.org, fetched 2026-09-02"
Symphyotrichum,Agrotis gladiaria,,feeds-on,eatenBy,,"globalbioticinteractions.org, fetched 2026-09-02"
Symphyotrichum,Agrotis gladiaria,,pollinator,flowersVisitedBy,,"globalbioticinteractions.org, fetched 2026-09-02"
Symphyotrichum,Allograpta exotica,,feeds-on,eatenBy,,"globalbioticinteractions.org, fetched 2026-09-02"
Symphyotrichum,Alydus eurinus,,feeds-on,eatenBy,,"globalbioticinteractions.org, fetched 2026-09-02"
Symphyotrichum,Alydus eurinus,,pollinator,flowersVisitedBy,,"globalbioticinteractions.org, fetched 2026-09-02"
Symphyotrichum,Ammophila pictipennis,,feeds-on,eatenBy,,"globalbioticinteractions.org, fetched 2026-09-02"
Symphyotrichum,Ammophila pictipennis,,pollinator,flowersVisitedBy,,"globalbioticinteractions.org, fetched 2026-09-02"
Symphyotrichum,Ammophila procera,,pollinator,flowersVisitedBy,,"globalbioticinteractions.org, fetched 2026-09-02"
Symphyotrichum,Ancistrocerus,,feeds-on,eatenBy,,"globalbioticinteractions.org, fetched 2026-09-02"
Symphyotrichum,Ancistrocerus,,pollinator,flowersVisitedBy,,"globalbioticinteractions.org, fetched 2026-09-02"
Symphyotrichum,Ancistrocerus adiabatus,,feeds-on,eatenBy,,"globalbioticinteractions.org, fetched 2026-09-02"
Symphyotrichum,Ancistrocerus adiabatus,,pollinator,flowersVisitedBy,,"globalbioticinteractions.org, fetched 2026-09-02"
Symphyotrichum,Ancistrocerus campestris,,feeds-on,eatenBy,,"globalbioticinteractions.org, fetched 2026-09-02"
Symphyotrichum,Ancistrocerus campestris,,pollinator,flowersVisitedBy,,"globalbioticinteractions.org, fetched 2026-09-02"
Symphyotrichum,Ancistrocerus capra,,pollinator,flowersVisitedBy,,"globalbioticinteractions.org, fetched 2026-09-02"
Symphyotrichum,Ancistrocerus catskill,,feeds-on,eatenBy,,"globalbioticinteractions.org, fetched 2026-09-02"
Symphyotrichum,Ancistrocerus catskill,,pollinator,flowersVisitedBy,,"globalbioticinteractions.org, fetched 2026-09-02"
Symphyotrichum,Ancistrocerus parietum,,pollinator,flowersVisitedBy,,"globalbioticinteractions.org, fetched 2026-09-02"
Symphyotrichum,Andrena,,feeds-on,eatenBy,,"globalbioticinteractions.org, fetched 2026-09-02"
Symphyotrichum,Andrena braccata,,pollinator,flowersVisitedBy,,"globalbioticinteractions.org, fetched 2026-09-02"
Symphyotrichum,Andrena canadensis,,pollinator,flowersVisitedBy,,"globalbioticinteractions.org, fetched 2026-09-02"
Symphyotrichum,Andrena hirticincta,,pollinator,flowersVisitedBy,,"globalbioticinteractions.org, fetched 2026-09-02"
Symphyotrichum,Andrena nubecula,,feeds-on,eatenBy,,"globalbioticinteractions.org, fetched 2026-09-02"
Symphyotrichum,Andrena nubecula,,pollinator,flowersVisitedBy,,"globalbioticinteractions.org, fetched 2026-09-02"
Symphyotrichum,Andrena robervalensis,,pollinator,flowersVisitedBy,,"globalbioticinteractions.org, fetched 2026-09-02"
Symphyotrichum,Anthanassa texana,,pollinator,flowersVisitedBy,,"globalbioticinteractions.org, fetched 2026-09-02"
Symphyotrichum,Anthidium oblongatum,,pollinator,flowersVisitedBy,,"globalbioticinteractions.org, fetched 2026-09-02"
Symphyotrichum,Anthophora terminalis,,pollinator,flowersVisitedBy,,"globalbioticinteractions.org, fetched 2026-09-02"
Symphyotrichum,Archilochus colubris,,pollinator,flowersVisitedBy,,"globalbioticinteractions.org, fetched 2026-09-02"
Symphyotrichum,Archytas,,pollinator,flowersVisitedBy,,"globalbioticinteractions.org, fetched 2026-09-02"
Symphyotrichum,Atalopedes huron,,feeds-on,eatenBy,,"globalbioticinteractions.org, fetched 2026-09-02"
Symphyotrichum,Atalopedes huron,,pollinator,flowersVisitedBy,,"globalbioticinteractions.org, fetched 2026-09-02"
Symphyotrichum,Atlides halesus,,pollinator,flowersVisitedBy,,"globalbioticinteractions.org, fetched 2026-09-02"
Symphyotrichum,Atteva pustulella,,pollinator,flowersVisitedBy,,"globalbioticinteractions.org, fetched 2026-09-02"
Symphyotrichum,Augochlora pura,,feeds-on,eatenBy,,"globalbioticinteractions.org, fetched 2026-09-02"
Symphyotrichum,Augochlora pura,,pollinator,flowersVisitedBy,,"globalbioticinteractions.org, fetched 2026-09-02"
Symphyotrichum,Augochlorella aurata,,pollinator,flowersVisitedBy,,"globalbioticinteractions.org, fetched 2026-09-02"
Symphyotrichum,Augochlorella pomoniella,,feeds-on,eatenBy,,"globalbioticinteractions.org, fetched 2026-09-02"
Symphyotrichum,Augochlorini,,pollinator,flowersVisitedBy,,"globalbioticinteractions.org, fetched 2026-09-02"
Symphyotrichum,Augochloropsis viridula,,pollinator,flowersVisitedBy,,"globalbioticinteractions.org, fetched 2026-09-02"
Symphyotrichum,Belvosia unifasciata,,pollinator,flowersVisitedBy,,"globalbioticinteractions.org, fetched 2026-09-02"
Symphyotrichum,Bembix americana comata,,feeds-on,eatenBy,,"globalbioticinteractions.org, fetched 2026-09-02"
Symphyotrichum,Bembix americana comata,,pollinator,flowersVisitedBy,,"globalbioticinteractions.org, fetched 2026-09-02"
Symphyotrichum,Bicyrtes quadrifasciatus,,feeds-on,eatenBy,,"globalbioticinteractions.org, fetched 2026-09-02"
Symphyotrichum,Boloria bellona,,pollinator,flowersVisitedBy,,"globalbioticinteractions.org, fetched 2026-09-02"
Symphyotrichum,Boloria chariclea montinus,,pollinator,flowersVisitedBy,,"globalbioticinteractions.org, fetched 2026-09-02"
Symphyotrichum,Bombus,,feeds-on,hostOf,,"globalbioticinteractions.org, fetched 2026-09-02"
Symphyotrichum,Bombus,,pollinator,flowersVisitedBy,,"globalbioticinteractions.org, fetched 2026-09-02"
Symphyotrichum,Bombus affinis,,pollinator,flowersVisitedBy,,"globalbioticinteractions.org, fetched 2026-09-02"
Symphyotrichum,Bombus bifarius,,pollinator,flowersVisitedBy,,"globalbioticinteractions.org, fetched 2026-09-02"
Symphyotrichum,Bombus bimaculatus,,pollinator,flowersVisitedBy,,"globalbioticinteractions.org, fetched 2026-09-02"
Symphyotrichum,Bombus borealis,,feeds-on,eatenBy,,"globalbioticinteractions.org, fetched 2026-09-02"
Symphyotrichum,Bombus borealis,,pollinator,flowersVisitedBy,,"globalbioticinteractions.org, fetched 2026-09-02"
Symphyotrichum,Bombus fervidus,,feeds-on,hostOf,,"globalbioticinteractions.org, fetched 2026-09-02"
Symphyotrichum,Bombus fervidus,,pollinator,flowersVisitedBy,,"globalbioticinteractions.org, fetched 2026-09-02"
Symphyotrichum,Bombus flavifrons,,pollinator,flowersVisitedBy,,"globalbioticinteractions.org, fetched 2026-09-02"
Symphyotrichum,Bombus griseocollis,,pollinator,flowersVisitedBy,,"globalbioticinteractions.org, fetched 2026-09-02"
Symphyotrichum,Bombus huntii,,pollinator,flowersVisitedBy,,"globalbioticinteractions.org, fetched 2026-09-02"
Symphyotrichum,Bombus hypnorum,,pollinator,flowersVisitedBy,,"globalbioticinteractions.org, fetched 2026-09-02"
Symphyotrichum,Bombus impatiens,,feeds-on,eatenBy,,"globalbioticinteractions.org, fetched 2026-09-02"
Symphyotrichum,Bombus impatiens,,pollinator,visitsFlowersOf,,"globalbioticinteractions.org, fetched 2026-09-02"
Symphyotrichum,Bombus insularis,,pollinator,flowersVisitedBy,,"globalbioticinteractions.org, fetched 2026-09-02"
Symphyotrichum,Bombus jonellus,,feeds-on,eatenBy,,"globalbioticinteractions.org, fetched 2026-09-02"
Symphyotrichum,Bombus lapidarius,,pollinator,flowersVisitedBy,,"globalbioticinteractions.org, fetched 2026-09-02"
Symphyotrichum,Bombus melanopygus,,pollinator,flowersVisitedBy,,"globalbioticinteractions.org, fetched 2026-09-02"
Symphyotrichum,Bombus occidentalis,,pollinator,flowersVisitedBy,,"globalbioticinteractions.org, fetched 2026-09-02"
Symphyotrichum,Bombus pascuorum,,feeds-on,eatenBy,,"globalbioticinteractions.org, fetched 2026-09-02"
Symphyotrichum,Bombus pascuorum,,pollinator,flowersVisitedBy,,"globalbioticinteractions.org, fetched 2026-09-02"
Symphyotrichum,Bombus perplexus,,feeds-on,eatenBy,,"globalbioticinteractions.org, fetched 2026-09-02"
Symphyotrichum,Bombus perplexus,,pollinator,flowersVisitedBy,,"globalbioticinteractions.org, fetched 2026-09-02"
Symphyotrichum,Bombus ternarius,,feeds-on,eatenBy,,"globalbioticinteractions.org, fetched 2026-09-02"
Symphyotrichum,Bombus ternarius,,pollinator,flowersVisitedBy,,"globalbioticinteractions.org, fetched 2026-09-02"
Symphyotrichum,Bombus terrestris audax,,pollinator,flowersVisitedBy,,"globalbioticinteractions.org, fetched 2026-09-02"
Symphyotrichum,Bombus terricola,,pollinator,flowersVisitedBy,,"globalbioticinteractions.org, fetched 2026-09-02"
Symphyotrichum,Bombus vagans,,feeds-on,eatenBy,,"globalbioticinteractions.org, fetched 2026-09-02"
Symphyotrichum,Bombus vagans,,pollinator,flowersVisitedBy,,"globalbioticinteractions.org, fetched 2026-09-02"
Symphyotrichum,Bombus vancouverensis,,pollinator,flowersVisitedBy,,"globalbioticinteractions.org, fetched 2026-09-02"
Symphyotrichum,Bombus vancouverensis nearcticus,,pollinator,flowersVisitedBy,,"globalbioticinteractions.org, fetched 2026-09-02"
Symphyotrichum,Bombus vosnesenskii,,feeds-on,eatenBy,,"globalbioticinteractions.org, fetched 2026-09-02"
Symphyotrichum,Bombus vosnesenskii,,pollinator,flowersVisitedBy,,"globalbioticinteractions.org, fetched 2026-09-02"
Symphyotrichum,Boreocoelioxys,,pollinator,flowersVisitedBy,,"globalbioticinteractions.org, fetched 2026-09-02"
Symphyotrichum,Brephidium exilis,,feeds-on,eatenBy,,"globalbioticinteractions.org, fetched 2026-09-02"
Symphyotrichum,Burnsius communis,,feeds-on,eatenBy,,"globalbioticinteractions.org, fetched 2026-09-02"
Symphyotrichum,Burnsius communis,,pollinator,flowersVisitedBy,,"globalbioticinteractions.org, fetched 2026-09-02"
Symphyotrichum,Burnsius oileus,,pollinator,flowersVisitedBy,,"globalbioticinteractions.org, fetched 2026-09-02"
Symphyotrichum,Caenurgina crassiuscula,,pollinator,flowersVisitedBy,,"globalbioticinteractions.org, fetched 2026-09-02"
Symphyotrichum,Callandrena,,feeds-on,eatenBy,,"globalbioticinteractions.org, fetched 2026-09-02"
Symphyotrichum,Calycomyza promissa,,feeds-on,hostOf,,"globalbioticinteractions.org, fetched 2026-09-02"
Symphyotrichum,Calycopis isobeon,,pollinator,flowersVisitedBy,,"globalbioticinteractions.org, fetched 2026-09-02"
Symphyotrichum,Carmenta pyralidiformis,,pollinator,flowersVisitedBy,,"globalbioticinteractions.org, fetched 2026-09-02"
Symphyotrichum,Cecropterus dorantes,,feeds-on,eatenBy,,"globalbioticinteractions.org, fetched 2026-09-02"
Symphyotrichum,Cecropterus dorantes,,pollinator,flowersVisitedBy,,"globalbioticinteractions.org, fetched 2026-09-02"
Symphyotrichum,Celastrina lucia,,pollinator,flowersVisitedBy,,"globalbioticinteractions.org, fetched 2026-09-02"
Symphyotrichum,Ceratina,,feeds-on,hostOf,,"globalbioticinteractions.org, fetched 2026-09-02"
Symphyotrichum,Ceratina calcarata,,pollinator,flowersVisitedBy,,"globalbioticinteractions.org, fetched 2026-09-02"
Symphyotrichum,Ceratina dupla,,pollinator,flowersVisitedBy,,"globalbioticinteractions.org, fetched 2026-09-02"
Symphyotrichum,Ceratina floridana,,pollinator,flowersVisitedBy,,"globalbioticinteractions.org, fetched 2026-09-02"
Symphyotrichum,Ceratina mikmaqi,,pollinator,flowersVisitedBy,,"globalbioticinteractions.org, fetched 2026-09-02"
Symphyotrichum,Cerceris bicornuta,,pollinator,flowersVisitedBy,,"globalbioticinteractions.org, fetched 2026-09-02"
Symphyotrichum,Cerceris insolita,,feeds-on,eatenBy,,"globalbioticinteractions.org, fetched 2026-09-02"
Symphyotrichum,Cerceris insolita,,pollinator,flowersVisitedBy,,"globalbioticinteractions.org, fetched 2026-09-02"
Symphyotrichum,Cercyonis pegala,,pollinator,flowersVisitedBy,,"globalbioticinteractions.org, fetched 2026-09-02"
Symphyotrichum,Chauliognathus discus,,pollinator,flowersVisitedBy,,"globalbioticinteractions.org, fetched 2026-09-02"
Symphyotrichum,Chauliognathus pensylvanicus,,feeds-on,eatenBy,,"globalbioticinteractions.org, fetched 2026-09-02"
Symphyotrichum,Chauliognathus pensylvanicus,,pollinator,flowersVisitedBy,,"globalbioticinteractions.org, fetched 2026-09-02"
Symphyotrichum,Choreutis pariana,,pollinator,flowersVisitedBy,,"globalbioticinteractions.org, fetched 2026-09-02"
Symphyotrichum,Chrysopa oculata,,pollinator,flowersVisitedBy,,"globalbioticinteractions.org, fetched 2026-09-02"
Symphyotrichum,Cisseps fulvicollis,,feeds-on,eatenBy,,"globalbioticinteractions.org, fetched 2026-09-02"
Symphyotrichum,Cisseps fulvicollis,,pollinator,flowersVisitedBy,,"globalbioticinteractions.org, fetched 2026-09-02"
Symphyotrichum,Coelioxys octodentatus,,pollinator,flowersVisitedBy,,"globalbioticinteractions.org, fetched 2026-09-02"
Symphyotrichum,Coelioxys sayi,,pollinator,flowersVisitedBy,,"globalbioticinteractions.org, fetched 2026-09-02"
Symphyotrichum,Coenonympha california,,pollinator,flowersVisitedBy,,"globalbioticinteractions.org, fetched 2026-09-02"
Symphyotrichum,Coleomegilla maculata,,pollinator,flowersVisitedBy,,"globalbioticinteractions.org, fetched 2026-09-02"
Symphyotrichum,Coleoptera,,pollinator,pollinatedBy,,"globalbioticinteractions.org, fetched 2026-09-02"
Symphyotrichum,Colias eurytheme,,feeds-on,eatenBy,,"globalbioticinteractions.org, fetched 2026-09-02"
Symphyotrichum,Colias eurytheme,,pollinator,flowersVisitedBy,,"globalbioticinteractions.org, fetched 2026-09-02"
Symphyotrichum,Colias harfordii,,pollinator,flowersVisitedBy,,"globalbioticinteractions.org, fetched 2026-09-02"
Symphyotrichum,Colias meadii,,pollinator,flowersVisitedBy,,"globalbioticinteractions.org, fetched 2026-09-02"
Symphyotrichum,Colladonus reductus,,feeds-on,eatenBy,,"globalbioticinteractions.org, fetched 2026-09-02"
Symphyotrichum,Colletes,,feeds-on,eatenBy,,"globalbioticinteractions.org, fetched 2026-09-02"
Symphyotrichum,Colletes,,pollinator,flowersVisitedBy,,"globalbioticinteractions.org, fetched 2026-09-02"
Symphyotrichum,Colletes compactus,,pollinator,flowersVisitedBy,,"globalbioticinteractions.org, fetched 2026-09-02"
Symphyotrichum,Colletes compactus compactus,,pollinator,flowersVisitedBy,,"globalbioticinteractions.org, fetched 2026-09-02"
Symphyotrichum,Colletes simulans,,pollinator,flowersVisitedBy,,"globalbioticinteractions.org, fetched 2026-09-02"
Symphyotrichum,Colletes simulans armatus,,pollinator,flowersVisitedBy,,"globalbioticinteractions.org, fetched 2026-09-02"
Symphyotrichum,Contacyphon pusillus,,pollinator,flowersVisitedBy,,"globalbioticinteractions.org, fetched 2026-09-02"
Symphyotrichum,Cucullia convexipennis,,pollinator,flowersVisitedBy,,"globalbioticinteractions.org, fetched 2026-09-02"
Symphyotrichum,Culex territans,,pollinator,flowersVisitedBy,,"globalbioticinteractions.org, fetched 2026-09-02"
Symphyotrichum,Cylindromyia,,pollinator,flowersVisitedBy,,"globalbioticinteractions.org, fetched 2026-09-02"
Symphyotrichum,Dialictus,,feeds-on,eatenBy,,"globalbioticinteractions.org, fetched 2026-09-02"
Symphyotrichum,Dialictus,,pollinator,flowersVisitedBy,,"globalbioticinteractions.org, fetched 2026-09-02"
Symphyotrichum,Dilophus spinipes,,pollinator,flowersVisitedBy,,"globalbioticinteractions.org, fetched 2026-09-02"
Symphyotrichum,Dione vanillae,,feeds-on,eatenBy,,"globalbioticinteractions.org, fetched 2026-09-02"
Symphyotrichum,Dione vanillae,,pollinator,flowersVisitedBy,,"globalbioticinteractions.org, fetched 2026-09-02"
Symphyotrichum,Dolichovespula arctica,,pollinator,flowersVisitedBy,,"globalbioticinteractions.org, fetched 2026-09-02"
Symphyotrichum,Elkalyce comyntas,,feeds-on,eatenBy,,"globalbioticinteractions.org, fetched 2026-09-02"
Symphyotrichum,Elkalyce comyntas,,pollinator,flowersVisitedBy,,"globalbioticinteractions.org, fetched 2026-09-02"
Symphyotrichum,Enchenopa latipes,,feeds-on,eatenBy,,"globalbioticinteractions.org, fetched 2026-09-02"
Symphyotrichum,Epargyreus clarus,,feeds-on,eatenBy,,"globalbioticinteractions.org, fetched 2026-09-02"
Symphyotrichum,Epargyreus clarus,,pollinator,flowersVisitedBy,,"globalbioticinteractions.org, fetched 2026-09-02"
Symphyotrichum,Epeolus scutellaris,,pollinator,flowersVisitedBy,,"globalbioticinteractions.org, fetched 2026-09-02"
Symphyotrichum,Epicauta pruinosa,,pollinator,flowersVisitedBy,,"globalbioticinteractions.org, fetched 2026-09-02"
Symphyotrichum,Epistrophella emarginata,,feeds-on,eatenBy,,"globalbioticinteractions.org, fetched 2026-09-02"
Symphyotrichum,Epistrophella emarginata,,pollinator,flowersVisitedBy,,"globalbioticinteractions.org, fetched 2026-09-02"
Symphyotrichum,Eremnophila aureonotata,,feeds-on,eatenBy,,"globalbioticinteractions.org, fetched 2026-09-02"
Symphyotrichum,Eremnophila aureonotata,,pollinator,flowersVisitedBy,,"globalbioticinteractions.org, fetched 2026-09-02"
Symphyotrichum,Eristalis,,pollinator,flowersVisitedBy,,"globalbioticinteractions.org, fetched 2026-09-02"
Symphyotrichum,Eristalis arbustorum,,pollinator,flowersVisitedBy,,"globalbioticinteractions.org, fetched 2026-09-02"
Symphyotrichum,Eristalis pertinax,,pollinator,flowersVisitedBy,,"globalbioticinteractions.org, fetched 2026-09-02"
Symphyotrichum,Eristalis tenax,,feeds-on,eatenBy,,"globalbioticinteractions.org, fetched 2026-09-02"
Symphyotrichum,Eristalis tenax,,pollinator,flowersVisitedBy,,"globalbioticinteractions.org, fetched 2026-09-02"
Symphyotrichum,Erynnis baptisiae,,feeds-on,eatenBy,,"globalbioticinteractions.org, fetched 2026-09-02"
Symphyotrichum,Erynnis baptisiae,,pollinator,flowersVisitedBy,,"globalbioticinteractions.org, fetched 2026-09-02"
Symphyotrichum,Eumelissodes,,pollinator,flowersVisitedBy,,"globalbioticinteractions.org, fetched 2026-09-02"
Symphyotrichum,Eumenes fraternus,,feeds-on,eatenBy,,"globalbioticinteractions.org, fetched 2026-09-02"
Symphyotrichum,Eumenes fraternus,,pollinator,flowersVisitedBy,,"globalbioticinteractions.org, fetched 2026-09-02"
Symphyotrichum,Eumerus,,pollinator,flowersVisitedBy,,"globalbioticinteractions.org, fetched 2026-09-02"
Symphyotrichum,Euodynerus hidalgo boreoorientalis,,feeds-on,eatenBy,,"globalbioticinteractions.org, fetched 2026-09-02"
Symphyotrichum,Euodynerus hidalgo boreoorientalis,,pollinator,flowersVisitedBy,,"globalbioticinteractions.org, fetched 2026-09-02"
Symphyotrichum,Euodynerus schwarzi,,feeds-on,eatenBy,,"globalbioticinteractions.org, fetched 2026-09-02"
Symphyotrichum,Eupeodes perplexus,,pollinator,flowersVisitedBy,,"globalbioticinteractions.org, fetched 2026-09-02"
Symphyotrichum,Euphydryas editha,,pollinator,flowersVisitedBy,,"globalbioticinteractions.org, fetched 2026-09-02"
Symphyotrichum,Eurema daira,,pollinator,flowersVisitedBy,,"globalbioticinteractions.org, fetched 2026-09-02"
Symphyotrichum,Eurema lisa,,feeds-on,eatenBy,,"globalbioticinteractions.org, fetched 2026-09-02"
Symphyotrichum,Eurema lisa,,pollinator,flowersVisitedBy,,"globalbioticinteractions.org, fetched 2026-09-02"
Symphyotrichum,Exetastes fornicator rufofemoratus,,pollinator,flowersVisitedBy,,"globalbioticinteractions.org, fetched 2026-09-02"
Symphyotrichum,Feltia jaculifera,,feeds-on,eatenBy,,"globalbioticinteractions.org, fetched 2026-09-02"
Symphyotrichum,Feltia jaculifera,,pollinator,flowersVisitedBy,,"globalbioticinteractions.org, fetched 2026-09-02"
Symphyotrichum,Ferdinandea buccata,,pollinator,flowersVisitedBy,,"globalbioticinteractions.org, fetched 2026-09-02"
Symphyotrichum,Geranomyia,,pollinator,flowersVisitedBy,,"globalbioticinteractions.org, fetched 2026-09-02"
Symphyotrichum,Geranomyia communis,,pollinator,flowersVisitedBy,,"globalbioticinteractions.org, fetched 2026-09-02"
Symphyotrichum,Geranomyia rostrata,,pollinator,flowersVisitedBy,,"globalbioticinteractions.org, fetched 2026-09-02"
Symphyotrichum,Gnophaela vermiculata,,pollinator,flowersVisitedBy,,"globalbioticinteractions.org, fetched 2026-09-02"
Symphyotrichum,Gymnoclytia occidua,,pollinator,flowersVisitedBy,,"globalbioticinteractions.org, fetched 2026-09-02"
Symphyotrichum,Halictini,,pollinator,flowersVisitedBy,,"globalbioticinteractions.org, fetched 2026-09-02"
Symphyotrichum,Halictus confusus,,feeds-on,eatenBy,,"globalbioticinteractions.org, fetched 2026-09-02"
Symphyotrichum,Halictus confusus,,pollinator,flowersVisitedBy,,"globalbioticinteractions.org, fetched 2026-09-02"
Symphyotrichum,Halictus ligatus,,feeds-on,eatenBy,,"globalbioticinteractions.org, fetched 2026-09-02"
Symphyotrichum,Halictus ligatus,,pollinator,flowersVisitedBy,,"globalbioticinteractions.org, fetched 2026-09-02"
Symphyotrichum,Halictus maculatus,,pollinator,flowersVisitedBy,,"globalbioticinteractions.org, fetched 2026-09-02"
Symphyotrichum,Halictus rubicundus,,feeds-on,eatenBy,,"globalbioticinteractions.org, fetched 2026-09-02"
Symphyotrichum,Halictus rubicundus,,pollinator,flowersVisitedBy,,"globalbioticinteractions.org, fetched 2026-09-02"
Symphyotrichum,Heliopetes ericetorum,,feeds-on,eatenBy,,"globalbioticinteractions.org, fetched 2026-09-02"
Symphyotrichum,Helophilus fasciatus,,feeds-on,eatenBy,,"globalbioticinteractions.org, fetched 2026-09-02"
Symphyotrichum,Helophilus fasciatus,,pollinator,flowersVisitedBy,,"globalbioticinteractions.org, fetched 2026-09-02"
Symphyotrichum,Hemiargus ceraunus,,pollinator,flowersVisitedBy,,"globalbioticinteractions.org, fetched 2026-09-02"
Symphyotrichum,Hesperia assiniboia,,pollinator,flowersVisitedBy,,"globalbioticinteractions.org, fetched 2026-09-02"
Symphyotrichum,Hesperia colorado,,feeds-on,eatenBy,,"globalbioticinteractions.org, fetched 2026-09-02"
Symphyotrichum,Hesperia colorado,,pollinator,flowersVisitedBy,,"globalbioticinteractions.org, fetched 2026-09-02"
Symphyotrichum,Holcopasites calliopsidis,,pollinator,flowersVisitedBy,,"globalbioticinteractions.org, fetched 2026-09-02"
Symphyotrichum,Hylaeus hyalinatus,,pollinator,flowersVisitedBy,,"globalbioticinteractions.org, fetched 2026-09-02"
Symphyotrichum,Hylaeus leptocephalus,,pollinator,flowersVisitedBy,,"globalbioticinteractions.org, fetched 2026-09-02"
Symphyotrichum,Hylaeus modestus,,pollinator,flowersVisitedBy,,"globalbioticinteractions.org, fetched 2026-09-02"
Symphyotrichum,Hymenoptera,,feeds-on,hostOf,,"globalbioticinteractions.org, fetched 2026-09-02"
Symphyotrichum,Hypena scabra,,pollinator,flowersVisitedBy,,"globalbioticinteractions.org, fetched 2026-09-02"
Symphyotrichum,Hypocritanus fascipennis,,feeds-on,eatenBy,,"globalbioticinteractions.org, fetched 2026-09-02"
Symphyotrichum,Hypocritanus fascipennis,,pollinator,flowersVisitedBy,,"globalbioticinteractions.org, fetched 2026-09-02"
Symphyotrichum,Hystricia abrupta,,pollinator,flowersVisitedBy,,"globalbioticinteractions.org, fetched 2026-09-02"
Symphyotrichum,Ichneumon stramentor,,feeds-on,eatenBy,,"globalbioticinteractions.org, fetched 2026-09-02"
Symphyotrichum,Ichneumon stramentor,,pollinator,flowersVisitedBy,,"globalbioticinteractions.org, fetched 2026-09-02"
Symphyotrichum,Isodontia auripes,,pollinator,flowersVisitedBy,,"globalbioticinteractions.org, fetched 2026-09-02"
Symphyotrichum,Isodontia mexicana,,feeds-on,eatenBy,,"globalbioticinteractions.org, fetched 2026-09-02"
Symphyotrichum,Isodontia mexicana,,pollinator,flowersVisitedBy,,"globalbioticinteractions.org, fetched 2026-09-02"
Symphyotrichum,Isodontia philadelphica,,feeds-on,eatenBy,,"globalbioticinteractions.org, fetched 2026-09-02"
Symphyotrichum,Isodontia philadelphica,,pollinator,flowersVisitedBy,,"globalbioticinteractions.org, fetched 2026-09-02"
Symphyotrichum,Junonia coenia,,feeds-on,eatenBy,,"globalbioticinteractions.org, fetched 2026-09-02"
Symphyotrichum,Junonia coenia,,pollinator,flowersVisitedBy,,"globalbioticinteractions.org, fetched 2026-09-02"
Symphyotrichum,Junonia coenia coenia,,pollinator,flowersVisitedBy,,"globalbioticinteractions.org, fetched 2026-09-02"
Symphyotrichum,Junonia grisea,,feeds-on,eatenBy,,"globalbioticinteractions.org, fetched 2026-09-02"
Symphyotrichum,Junonia grisea,,pollinator,flowersVisitedBy,,"globalbioticinteractions.org, fetched 2026-09-02"
Symphyotrichum,Juriniopsis adusta,,pollinator,flowersVisitedBy,,"globalbioticinteractions.org, fetched 2026-09-02"
Symphyotrichum,Lambdina fiscellaria,,pollinator,flowersVisitedBy,,"globalbioticinteractions.org, fetched 2026-09-02"
Symphyotrichum,Larra bicolor,,feeds-on,eatenBy,,"globalbioticinteractions.org, fetched 2026-09-02"
Symphyotrichum,Lasioglossum,,feeds-on,eatenBy,,"globalbioticinteractions.org, fetched 2026-09-02"
Symphyotrichum,Lasioglossum,,pollinator,flowersVisitedBy,,"globalbioticinteractions.org, fetched 2026-09-02"
Symphyotrichum,Lasioglossum acuminatum,,pollinator,flowersVisitedBy,,"globalbioticinteractions.org, fetched 2026-09-02"
Symphyotrichum,Lasioglossum calceatum,,pollinator,pollinatedBy,,"globalbioticinteractions.org, fetched 2026-09-02"
Symphyotrichum,Lasioglossum coriaceum,,pollinator,flowersVisitedBy,,"globalbioticinteractions.org, fetched 2026-09-02"
Symphyotrichum,Lasioglossum cressonii,,pollinator,flowersVisitedBy,,"globalbioticinteractions.org, fetched 2026-09-02"
Symphyotrichum,Lasioglossum leucozonium,,pollinator,flowersVisitedBy,,"globalbioticinteractions.org, fetched 2026-09-02"
Symphyotrichum,Lasioglossum nitidulum,,pollinator,pollinatedBy,,"globalbioticinteractions.org, fetched 2026-09-02"
Symphyotrichum,Lasioglossum pectinatum,,pollinator,flowersVisitedBy,,"globalbioticinteractions.org, fetched 2026-09-02"
Symphyotrichum,Lasioglossum pilosum,,pollinator,flowersVisitedBy,,"globalbioticinteractions.org, fetched 2026-09-02"
Symphyotrichum,Lasioglossum politum,,pollinator,pollinatedBy,,"globalbioticinteractions.org, fetched 2026-09-02"
Symphyotrichum,Lasioglossum sexstrigatum,,pollinator,pollinatedBy,,"globalbioticinteractions.org, fetched 2026-09-02"
Symphyotrichum,Lasioglossum zephyrus,,pollinator,flowersVisitedBy,,"globalbioticinteractions.org, fetched 2026-09-02"
Symphyotrichum,Lebia viridis,,pollinator,flowersVisitedBy,,"globalbioticinteractions.org, fetched 2026-09-02"
Symphyotrichum,Lepidophora lepidocera,,feeds-on,eatenBy,,"globalbioticinteractions.org, fetched 2026-09-02"
Symphyotrichum,Lepidoptera,,pollinator,pollinatedBy,,"globalbioticinteractions.org, fetched 2026-09-02"
Symphyotrichum,Leptoglossus phyllopus,,pollinator,flowersVisitedBy,,"globalbioticinteractions.org, fetched 2026-09-02"
Symphyotrichum,Leptophobia aripa,,pollinator,flowersVisitedBy,,"globalbioticinteractions.org, fetched 2026-09-02"
Symphyotrichum,Leptotes pirithous,,pollinator,flowersVisitedBy,,"globalbioticinteractions.org, fetched 2026-09-02"
Symphyotrichum,Lepturobosca chrysocoma,,feeds-on,eatenBy,,"globalbioticinteractions.org, fetched 2026-09-02"
Symphyotrichum,Lerema accius,,pollinator,flowersVisitedBy,,"globalbioticinteractions.org, fetched 2026-09-02"
Symphyotrichum,Lerodea eufala,,pollinator,flowersVisitedBy,,"globalbioticinteractions.org, fetched 2026-09-02"
Symphyotrichum,Libytheana carinenta,,feeds-on,eatenBy,,"globalbioticinteractions.org, fetched 2026-09-02"
Symphyotrichum,Libytheana carinenta,,pollinator,flowersVisitedBy,,"globalbioticinteractions.org, fetched 2026-09-02"
Symphyotrichum,Limenitis arthemis arthemis,,pollinator,flowersVisitedBy,,"globalbioticinteractions.org, fetched 2026-09-02"
Symphyotrichum,Limenitis arthemis astyanax,,pollinator,flowersVisitedBy,,"globalbioticinteractions.org, fetched 2026-09-02"
Symphyotrichum,Lon melane,,feeds-on,eatenBy,,"globalbioticinteractions.org, fetched 2026-09-02"
Symphyotrichum,Lon melane,,pollinator,flowersVisitedBy,,"globalbioticinteractions.org, fetched 2026-09-02"
Symphyotrichum,Lon zabulon,,pollinator,flowersVisitedBy,,"globalbioticinteractions.org, fetched 2026-09-02"
Symphyotrichum,Lucilia illustris,,pollinator,flowersVisitedBy,,"globalbioticinteractions.org, fetched 2026-09-02"
Symphyotrichum,Lycaena hypophlaeas,,feeds-on,eatenBy,,"globalbioticinteractions.org, fetched 2026-09-02"
Symphyotrichum,Lycaena hypophlaeas,,pollinator,flowersVisitedBy,,"globalbioticinteractions.org, fetched 2026-09-02"
Symphyotrichum,Lycaena phlaeas,,pollinator,flowersVisitedBy,,"globalbioticinteractions.org, fetched 2026-09-02"
Symphyotrichum,Lygaeus kalmii,,pollinator,flowersVisitedBy,,"globalbioticinteractions.org, fetched 2026-09-02"
Symphyotrichum,Mecaphesa asperata,,pollinator,flowersVisitedBy,,"globalbioticinteractions.org, fetched 2026-09-02"
Symphyotrichum,Megachile,,pollinator,flowersVisitedBy,,"globalbioticinteractions.org, fetched 2026-09-02"
Symphyotrichum,Megachile campanulae,,pollinator,flowersVisitedBy,,"globalbioticinteractions.org, fetched 2026-09-02"
Symphyotrichum,Megachile centuncularis,,feeds-on,eatenBy,,"globalbioticinteractions.org, fetched 2026-09-02"
Symphyotrichum,Megachile inermis,,pollinator,flowersVisitedBy,,"globalbioticinteractions.org, fetched 2026-09-02"
Symphyotrichum,Megachile latimanus,,pollinator,flowersVisitedBy,,"globalbioticinteractions.org, fetched 2026-09-02"
Symphyotrichum,Megachile mendica,,pollinator,flowersVisitedBy,,"globalbioticinteractions.org, fetched 2026-09-02"
Symphyotrichum,Megachile perihirta,,feeds-on,eatenBy,,"globalbioticinteractions.org, fetched 2026-09-02"
Symphyotrichum,Megachile perihirta,,pollinator,flowersVisitedBy,,"globalbioticinteractions.org, fetched 2026-09-02"
Symphyotrichum,Megachile petulans,,pollinator,flowersVisitedBy,,"globalbioticinteractions.org, fetched 2026-09-02"
Symphyotrichum,Megachile relativa,,pollinator,flowersVisitedBy,,"globalbioticinteractions.org, fetched 2026-09-02"
Symphyotrichum,Megachile rotundata,,pollinator,flowersVisitedBy,,"globalbioticinteractions.org, fetched 2026-09-02"
Symphyotrichum,Melissodes,,pollinator,flowersVisitedBy,,"globalbioticinteractions.org, fetched 2026-09-02"
Symphyotrichum,Melissodes druriellus,,feeds-on,eatenBy,,"globalbioticinteractions.org, fetched 2026-09-02"
Symphyotrichum,Melissodes druriellus,,pollinator,flowersVisitedBy,,"globalbioticinteractions.org, fetched 2026-09-02"
Symphyotrichum,Monobia quadridens,,pollinator,flowersVisitedBy,,"globalbioticinteractions.org, fetched 2026-09-02"
Symphyotrichum,Musca autumnalis,,pollinator,flowersVisitedBy,,"globalbioticinteractions.org, fetched 2026-09-02"
Symphyotrichum,Nathalis iole,,pollinator,flowersVisitedBy,,"globalbioticinteractions.org, fetched 2026-09-02"
Symphyotrichum,Nephelodes minians,,pollinator,flowersVisitedBy,,"globalbioticinteractions.org, fetched 2026-09-02"
Symphyotrichum,Nepytia canosaria,,pollinator,flowersVisitedBy,,"globalbioticinteractions.org, fetched 2026-09-02"
Symphyotrichum,Nomada banksi,,pollinator,flowersVisitedBy,,"globalbioticinteractions.org, fetched 2026-09-02"
Symphyotrichum,Nomada vicina,,pollinator,flowersVisitedBy,,"globalbioticinteractions.org, fetched 2026-09-02"
Symphyotrichum,Nymphalis antiopa,,pollinator,flowersVisitedBy,,"globalbioticinteractions.org, fetched 2026-09-02"
Symphyotrichum,Oarisma minima,,feeds-on,eatenBy,,"globalbioticinteractions.org, fetched 2026-09-02"
Symphyotrichum,Oarisma minima,,pollinator,flowersVisitedBy,,"globalbioticinteractions.org, fetched 2026-09-02"
Symphyotrichum,Ochlodes sylvanoides,,feeds-on,eatenBy,,"globalbioticinteractions.org, fetched 2026-09-02"
Symphyotrichum,Ochlodes sylvanoides,,pollinator,flowersVisitedBy,,"globalbioticinteractions.org, fetched 2026-09-02"
Symphyotrichum,Ophiomyia quinta,,feeds-on,hostOf,,"globalbioticinteractions.org, fetched 2026-09-02"
Symphyotrichum,Palpada agrorum,,pollinator,flowersVisitedBy,,"globalbioticinteractions.org, fetched 2026-09-02"
Symphyotrichum,Palpada furcata,,pollinator,flowersVisitedBy,,"globalbioticinteractions.org, fetched 2026-09-02"
Symphyotrichum,Panoquina ocola,,feeds-on,eatenBy,,"globalbioticinteractions.org, fetched 2026-09-02"
Symphyotrichum,Panoquina ocola,,pollinator,flowersVisitedBy,,"globalbioticinteractions.org, fetched 2026-09-02"
Symphyotrichum,Panoquina panoquin,,pollinator,flowersVisitedBy,,"globalbioticinteractions.org, fetched 2026-09-02"
Symphyotrichum,Papilio cresphontes,,pollinator,flowersVisitedBy,,"globalbioticinteractions.org, fetched 2026-09-02"
Symphyotrichum,Papilio eurymedon,,pollinator,flowersVisitedBy,,"globalbioticinteractions.org, fetched 2026-09-02"
Symphyotrichum,Papilio glaucus,,pollinator,flowersVisitedBy,,"globalbioticinteractions.org, fetched 2026-09-02"
Symphyotrichum,Papilio polyxenes asterius,,pollinator,flowersVisitedBy,,"globalbioticinteractions.org, fetched 2026-09-02"
Symphyotrichum,Paradidyma singularis,,pollinator,flowersVisitedBy,,"globalbioticinteractions.org, fetched 2026-09-02"
Symphyotrichum,Paragus,,pollinator,flowersVisitedBy,,"globalbioticinteractions.org, fetched 2026-09-02"
Symphyotrichum,Parnassius clodius,,pollinator,flowersVisitedBy,,"globalbioticinteractions.org, fetched 2026-09-02"
Symphyotrichum,Perdita octomaculata,,pollinator,flowersVisitedBy,,"globalbioticinteractions.org, fetched 2026-09-02"
Symphyotrichum,Phasia,,feeds-on,eatenBy,,"globalbioticinteractions.org, fetched 2026-09-02"
Symphyotrichum,Phasia aurigera,,pollinator,flowersVisitedBy,,"globalbioticinteractions.org, fetched 2026-09-02"
Symphyotrichum,Photinus corruscus,,pollinator,flowersVisitedBy,,"globalbioticinteractions.org, fetched 2026-09-02"
Symphyotrichum,Phyciodes mylitta,,feeds-on,eatenBy,,"globalbioticinteractions.org, fetched 2026-09-02"
Symphyotrichum,Phyciodes mylitta,,pollinator,flowersVisitedBy,,"globalbioticinteractions.org, fetched 2026-09-02"
Symphyotrichum,Phyciodes orantain,,pollinator,flowersVisitedBy,,"globalbioticinteractions.org, fetched 2026-09-02"
Symphyotrichum,Phyciodes tharos,,feeds-on,eatenBy,,"globalbioticinteractions.org, fetched 2026-09-02"
Symphyotrichum,Phyciodes tharos,,pollinator,flowersVisitedBy,,"globalbioticinteractions.org, fetched 2026-09-02"
Symphyotrichum,Phymata americana,,pollinator,flowersVisitedBy,,"globalbioticinteractions.org, fetched 2026-09-02"
Symphyotrichum,Physiphora alceae,,pollinator,flowersVisitedBy,,"globalbioticinteractions.org, fetched 2026-09-02"
Symphyotrichum,Pieris oleracea,,pollinator,flowersVisitedBy,,"globalbioticinteractions.org, fetched 2026-09-02"
Symphyotrichum,Platycheirus,,pollinator,flowersVisitedBy,,"globalbioticinteractions.org, fetched 2026-09-02"
Symphyotrichum,Platycheirus obscurus,,pollinator,flowersVisitedBy,,"globalbioticinteractions.org, fetched 2026-09-02"
Symphyotrichum,Plebejus anna,,pollinator,flowersVisitedBy,,"globalbioticinteractions.org, fetched 2026-09-02"
Symphyotrichum,Poecilanthrax lucifer,,pollinator,flowersVisitedBy,,"globalbioticinteractions.org, fetched 2026-09-02"
Symphyotrichum,Polistes dominula,,pollinator,flowersVisitedBy,,"globalbioticinteractions.org, fetched 2026-09-02"
Symphyotrichum,Polistes dorsalis,,pollinator,flowersVisitedBy,,"globalbioticinteractions.org, fetched 2026-09-02"
Symphyotrichum,Polites peckius,,feeds-on,eatenBy,,"globalbioticinteractions.org, fetched 2026-09-02"
Symphyotrichum,Polites peckius,,pollinator,flowersVisitedBy,,"globalbioticinteractions.org, fetched 2026-09-02"
Symphyotrichum,Polygonia c-album,,pollinator,flowersVisitedBy,,"globalbioticinteractions.org, fetched 2026-09-02"
Symphyotrichum,Polygonia gracilis,,pollinator,flowersVisitedBy,,"globalbioticinteractions.org, fetched 2026-09-02"
Symphyotrichum,Pontia edusa,,pollinator,flowersVisitedBy,,"globalbioticinteractions.org, fetched 2026-09-02"
Symphyotrichum,Pontia occidentalis,,pollinator,flowersVisitedBy,,"globalbioticinteractions.org, fetched 2026-09-02"
Symphyotrichum,Prochoreutis inflatella,,pollinator,flowersVisitedBy,,"globalbioticinteractions.org, fetched 2026-09-02"
Symphyotrichum,Promachus rufipes,,pollinator,flowersVisitedBy,,"globalbioticinteractions.org, fetched 2026-09-02"
Symphyotrichum,Protandrena andrenoides,,pollinator,flowersVisitedBy,,"globalbioticinteractions.org, fetched 2026-09-02"
Symphyotrichum,Protandrena compositarum,,feeds-on,eatenBy,,"globalbioticinteractions.org, fetched 2026-09-02"
Symphyotrichum,Protandrena compositarum,,pollinator,flowersVisitedBy,,"globalbioticinteractions.org, fetched 2026-09-02"
Symphyotrichum,Pyrobombus,,feeds-on,eatenBy,,"globalbioticinteractions.org, fetched 2026-09-02"
Symphyotrichum,Pyrobombus,,pollinator,flowersVisitedBy,,"globalbioticinteractions.org, fetched 2026-09-02"
Symphyotrichum,Pyrrharctia isabella,,feeds-on,eatenBy,,"globalbioticinteractions.org, fetched 2026-09-02"
Symphyotrichum,Salpingogaster punctifrons,,pollinator,flowersVisitedBy,,"globalbioticinteractions.org, fetched 2026-09-02"
Symphyotrichum,Satyrium titus,,pollinator,flowersVisitedBy,,"globalbioticinteractions.org, fetched 2026-09-02"
Symphyotrichum,Scaeva affinis,,pollinator,flowersVisitedBy,,"globalbioticinteractions.org, fetched 2026-09-02"
Symphyotrichum,Scathophaga stercoraria,,pollinator,flowersVisitedBy,,"globalbioticinteractions.org, fetched 2026-09-02"
Symphyotrichum,Scolia dubia dubia,,pollinator,flowersVisitedBy,,"globalbioticinteractions.org, fetched 2026-09-02"
Symphyotrichum,Scolia hirta,,feeds-on,eatenBy,,"globalbioticinteractions.org, fetched 2026-09-02"
Symphyotrichum,Scolia hirta,,pollinator,flowersVisitedBy,,"globalbioticinteractions.org, fetched 2026-09-02"
Symphyotrichum,Setophaga coronata,,feeds-on,eatenBy,,"globalbioticinteractions.org, fetched 2026-09-02"
Symphyotrichum,Sphaerophoria philanthus,,pollinator,flowersVisitedBy,,"globalbioticinteractions.org, fetched 2026-09-02"
Symphyotrichum,Sphecodes,,feeds-on,eatenBy,,"globalbioticinteractions.org, fetched 2026-09-02"
Symphyotrichum,Sphecodes,,pollinator,flowersVisitedBy,,"globalbioticinteractions.org, fetched 2026-09-02"
Symphyotrichum,Sphecodes davisii,,feeds-on,eatenBy,,"globalbioticinteractions.org, fetched 2026-09-02"
Symphyotrichum,Sphecodes davisii,,pollinator,flowersVisitedBy,,"globalbioticinteractions.org, fetched 2026-09-02"
Symphyotrichum,Sphex habenus,,feeds-on,eatenBy,,"globalbioticinteractions.org, fetched 2026-09-02"
Symphyotrichum,Sphex pensylvanicus,,pollinator,flowersVisitedBy,,"globalbioticinteractions.org, fetched 2026-09-02"
Symphyotrichum,Stomoxys calcitrans,,pollinator,flowersVisitedBy,,"globalbioticinteractions.org, fetched 2026-09-02"
Symphyotrichum,Sunira bicolorago,,pollinator,flowersVisitedBy,,"globalbioticinteractions.org, fetched 2026-09-02"
Symphyotrichum,Sympetrum semicinctum,,pollinator,flowersVisitedBy,,"globalbioticinteractions.org, fetched 2026-09-02"
Symphyotrichum,Syngrapha ignea,,pollinator,flowersVisitedBy,,"globalbioticinteractions.org, fetched 2026-09-02"
Symphyotrichum,Tapinoma sessile,,pollinator,flowersVisitedBy,,"globalbioticinteractions.org, fetched 2026-09-02"
Symphyotrichum,Taylorilygus apicalis,,feeds-on,eatenBy,,"globalbioticinteractions.org, fetched 2026-09-02"
Symphyotrichum,Tharsalea arota,,pollinator,flowersVisitedBy,,"globalbioticinteractions.org, fetched 2026-09-02"
Symphyotrichum,Tharsalea editha,,pollinator,flowersVisitedBy,,"globalbioticinteractions.org, fetched 2026-09-02"
Symphyotrichum,Thymelicus lineola,,pollinator,flowersVisitedBy,,"globalbioticinteractions.org, fetched 2026-09-02"
Symphyotrichum,Toxomerus occidentalis,,feeds-on,eatenBy,,"globalbioticinteractions.org, fetched 2026-09-02"
Symphyotrichum,Udea rubigalis,,pollinator,flowersVisitedBy,,"globalbioticinteractions.org, fetched 2026-09-02"
Symphyotrichum,Utetheisa ornatrix,,pollinator,flowersVisitedBy,,"globalbioticinteractions.org, fetched 2026-09-02"
Symphyotrichum,Vanessa annabella,,feeds-on,eatenBy,,"globalbioticinteractions.org, fetched 2026-09-02"
Symphyotrichum,Vanessa atalanta rubria,,feeds-on,eatenBy,,"globalbioticinteractions.org, fetched 2026-09-02"
Symphyotrichum,Vanessa atalanta rubria,,pollinator,flowersVisitedBy,,"globalbioticinteractions.org, fetched 2026-09-02"
Symphyotrichum,Vanessa virginiensis,,feeds-on,eatenBy,,"globalbioticinteractions.org, fetched 2026-09-02"
Symphyotrichum,Vanessa virginiensis,,pollinator,flowersVisitedBy,,"globalbioticinteractions.org, fetched 2026-09-02"
Symphyotrichum,Vespa crabro,,pollinator,flowersVisitedBy,,"globalbioticinteractions.org, fetched 2026-09-02"
Symphyotrichum,Vespidae,,feeds-on,hostOf,,"globalbioticinteractions.org, fetched 2026-09-02"
Symphyotrichum,Vespula,,pollinator,flowersVisitedBy,,"globalbioticinteractions.org, fetched 2026-09-02"
Symphyotrichum,Vespula acadica,,pollinator,flowersVisitedBy,,"globalbioticinteractions.org, fetched 2026-09-02"
Symphyotrichum,Vespula flavopilosa,,pollinator,flowersVisitedBy,,"globalbioticinteractions.org, fetched 2026-09-02"
Symphyotrichum,Vespula maculifrons,,feeds-on,eatenBy,,"globalbioticinteractions.org, fetched 2026-09-02"
Symphyotrichum,Vespula maculifrons,,pollinator,flowersVisitedBy,,"globalbioticinteractions.org, fetched 2026-09-02"
Symphyotrichum,Vespula squamosa,,feeds-on,eatenBy,,"globalbioticinteractions.org, fetched 2026-09-02"
Symphyotrichum,Vespula vidua,,pollinator,flowersVisitedBy,,"globalbioticinteractions.org, fetched 2026-09-02"
Symphyotrichum,Xanthosarus,,pollinator,flowersVisitedBy,,"globalbioticinteractions.org, fetched 2026-09-02"
Symphyotrichum,Xylocopa micans,,pollinator,flowersVisitedBy,,"globalbioticinteractions.org, fetched 2026-09-02"
Symphyotrichum,Xylocopa virginica,,feeds-on,eatenBy,,"globalbioticinteractions.org, fetched 2026-09-02"
Symphyotrichum,Xylocopa virginica,,pollinator,flowersVisitedBy,,"globalbioticinteractions.org, fetched 2026-09-02"
Symphyotrichum,Zadontomerus,,feeds-on,eatenBy,,"globalbioticinteractions.org, fetched 2026-09-02"
Symphyotrichum,Zadontomerus,,pollinator,flowersVisitedBy,,"globalbioticinteractions.org, fetched 2026-09-02"
Tetraneuris,Achyra rantalis,,pollinator,visitedBy,,"globalbioticinteractions.org, fetched 2026-09-02"
Tetraneuris,Andrena lupinorum,,feeds-on,hostOf,,"globalbioticinteractions.org, fetched 2026-09-02"
Tetraneuris,Anthaxia,,pollinator,visitedBy,,"globalbioticinteractions.org, fetched 2026-09-02"
Tetraneuris,Ashmeadiella bucconis,,feeds-on,hostOf,,"globalbioticinteractions.org, fetched 2026-09-02"
Tetraneuris,Attalus nigripes,,pollinator,visitedBy,,"globalbioticinteractions.org, fetched 2026-09-02"
Tetraneuris,Burnsius communis,,pollinator,flowersVisitedBy,,"globalbioticinteractions.org, fetched 2026-09-02"
Tetraneuris,Callophrys gryneus,,pollinator,flowersVisitedBy,,"globalbioticinteractions.org, fetched 2026-09-02"
Tetraneuris,Chlosyne fulvia,,pollinator,flowersVisitedBy,,"globalbioticinteractions.org, fetched 2026-09-02"
Tetraneuris,Coleoptera,,pollinator,flowersVisitedBy,,"globalbioticinteractions.org, fetched 2026-09-02"
Tetraneuris,Copestylum caudatum,,pollinator,visitedBy,,"globalbioticinteractions.org, fetched 2026-09-02"
Tetraneuris,Dione vanillae,,pollinator,flowersVisitedBy,,"globalbioticinteractions.org, fetched 2026-09-02"
Tetraneuris,Dioxys pomonae,,feeds-on,hostOf,,"globalbioticinteractions.org, fetched 2026-09-02"
Tetraneuris,Diptera,,pollinator,flowersVisitedBy,,"globalbioticinteractions.org, fetched 2026-09-02"
Tetraneuris,Enallagma carunculatum,,pollinator,visitedBy,,"globalbioticinteractions.org, fetched 2026-09-02"
Tetraneuris,Erynnis afranius,,pollinator,flowersVisitedBy,,"globalbioticinteractions.org, fetched 2026-09-02"
Tetraneuris,Eucera phaceliae,,feeds-on,hostOf,,"globalbioticinteractions.org, fetched 2026-09-02"
Tetraneuris,Euphoria kernii,,feeds-on,eatenBy,,"globalbioticinteractions.org, fetched 2026-09-02"
Tetraneuris,Euphydryas anicia,,feeds-on,eatenBy,,"globalbioticinteractions.org, fetched 2026-09-02"
Tetraneuris,Euphydryas anicia brucei,,pollinator,flowersVisitedBy,,"globalbioticinteractions.org, fetched 2026-09-02"
Tetraneuris,Eurema lisa,,feeds-on,eatenBy,,"globalbioticinteractions.org, fetched 2026-09-02"
Tetraneuris,Eurema lisa,,pollinator,visitedBy,,"globalbioticinteractions.org, fetched 2026-09-02"
Tetraneuris,Glaucopsyche lygdamus,,pollinator,flowersVisitedBy,,"globalbioticinteractions.org, fetched 2026-09-02"
Tetraneuris,Halictus confusus arapahonum,,pollinator,visitedBy,,"globalbioticinteractions.org, fetched 2026-09-02"
Tetraneuris,Halictus ligatus,,pollinator,visitedBy,,"globalbioticinteractions.org, fetched 2026-09-02"
Tetraneuris,Halictus ligatus,,feeds-on,eatenBy,,"globalbioticinteractions.org, fetched 2026-09-02"
Tetraneuris,Halictus tripartitus,,pollinator,visitedBy,,"globalbioticinteractions.org, fetched 2026-09-02"
Tetraneuris,Harmostes reflexulus,,pollinator,visitedBy,,"globalbioticinteractions.org, fetched 2026-09-02"
Tetraneuris,Heliolonche pictipennis,,pollinator,visitedBy,,"globalbioticinteractions.org, fetched 2026-09-02"
Tetraneuris,Hemiptera,,pollinator,flowersVisitedBy,,"globalbioticinteractions.org, fetched 2026-09-02"
Tetraneuris,Hymenoptera,,pollinator,flowersVisitedBy,,"globalbioticinteractions.org, fetched 2026-09-02"
Tetraneuris,Kricogonia lyside,,pollinator,flowersVisitedBy,,"globalbioticinteractions.org, fetched 2026-09-02"
Tetraneuris,Lepidoptera,,pollinator,flowersVisitedBy,,"globalbioticinteractions.org, fetched 2026-09-02"
Tetraneuris,Lestes congener,,pollinator,visitedBy,,"globalbioticinteractions.org, fetched 2026-09-02"
Tetraneuris,Loxostege cereralis,,pollinator,visitedBy,,"globalbioticinteractions.org, fetched 2026-09-02"
Tetraneuris,Minyomerus cracens,,pollinator,visitedBy,,"globalbioticinteractions.org, fetched 2026-09-02"
Tetraneuris,Nathalis iole,,feeds-on,eatenBy,,"globalbioticinteractions.org, fetched 2026-09-02"
Tetraneuris,Neominois ridingsii,,pollinator,flowersVisitedBy,,"globalbioticinteractions.org, fetched 2026-09-02"
Tetraneuris,Occidryas anicia eurytion,,pollinator,flowersVisitedBy,,"globalbioticinteractions.org, fetched 2026-09-02"
Tetraneuris,Orthoptera,,pollinator,flowersVisitedBy,,"globalbioticinteractions.org, fetched 2026-09-02"
Tetraneuris,Oxyopes scalaris,,pollinator,visitedBy,,"globalbioticinteractions.org, fetched 2026-09-02"
Tetraneuris,Papilio zelicaon,,pollinator,flowersVisitedBy,,"globalbioticinteractions.org, fetched 2026-09-02"
Tetraneuris,Parnassius phoebus,,pollinator,flowersVisitedBy,,"globalbioticinteractions.org, fetched 2026-09-02"
Tetraneuris,Perdita aridella,,feeds-on,hostOf,,"globalbioticinteractions.org, fetched 2026-09-02"
Tetraneuris,Phyciodes tharos,,pollinator,flowersVisitedBy,,"globalbioticinteractions.org, fetched 2026-09-02"
Tetraneuris,Poladryas minuta,,pollinator,flowersVisitedBy,,"globalbioticinteractions.org, fetched 2026-09-02"
Tetraneuris,Sinea,,pollinator,visitedBy,,"globalbioticinteractions.org, fetched 2026-09-02"
Tetraneuris,Speyeria mormonia,,pollinator,flowersVisitedBy,,"globalbioticinteractions.org, fetched 2026-09-02"
Tetraneuris,Triepeolus saturninus,,pollinator,visitedBy,,"globalbioticinteractions.org, fetched 2026-09-02"
Tetraneuris,Yvretta rhesus,,pollinator,flowersVisitedBy,,"globalbioticinteractions.org, fetched 2026-09-02"
Verbesina,Adaina bipunctatus,,feeds-on,eatenBy,,"globalbioticinteractions.org, fetched 2026-09-02"
Verbesina,Adaina fuscahodias,,feeds-on,eatenBy,,"globalbioticinteractions.org, fetched 2026-09-02"
Verbesina,Agapostemon texanus,,pollinator,flowersVisitedBy,,"globalbioticinteractions.org, fetched 2026-09-02"
Verbesina,Agapostemon virescens,,pollinator,flowersVisitedBy,,"globalbioticinteractions.org, fetched 2026-09-02"
Verbesina,Agathilla,,feeds-on,eatenBy,,"globalbioticinteractions.org, fetched 2026-09-02"
Verbesina,Ammophila nigricans,,pollinator,flowersVisitedBy,,"globalbioticinteractions.org, fetched 2026-09-02"
Verbesina,Ammophila pictipennis,,pollinator,flowersVisitedBy,,"globalbioticinteractions.org, fetched 2026-09-02"
Verbesina,Ammophila procera,,pollinator,flowersVisitedBy,,"globalbioticinteractions.org, fetched 2026-09-02"
Verbesina,Anasa repetita,,pollinator,visitedBy,,"globalbioticinteractions.org, fetched 2026-09-02"
Verbesina,Ancistrocerus adiabatus,,feeds-on,eatenBy,,"globalbioticinteractions.org, fetched 2026-09-02"
Verbesina,Andrena carlini,,pollinator,flowersVisitedBy,,"globalbioticinteractions.org, fetched 2026-09-02"
Verbesina,Andrena helianthi,,pollinator,flowersVisitedBy,,"globalbioticinteractions.org, fetched 2026-09-02"
Verbesina,Andrena rudbeckiae,,pollinator,flowersVisitedBy,,"globalbioticinteractions.org, fetched 2026-09-02"
Verbesina,Anthanassa texana,,feeds-on,eatenBy,,"globalbioticinteractions.org, fetched 2026-09-02"
Verbesina,Anthophora walshii,,pollinator,flowersVisitedBy,,"globalbioticinteractions.org, fetched 2026-09-02"
Verbesina,Aphididae,,feeds-on,hostOf,,"globalbioticinteractions.org, fetched 2026-09-02"
Verbesina,Archilochus alexandri,,feeds-on,eatenBy,,"globalbioticinteractions.org, fetched 2026-09-02"
Verbesina,Archonias nimbice nimbice,,pollinator,flowersVisitedBy,,"globalbioticinteractions.org, fetched 2026-09-02"
Verbesina,Ashmeadiella bucconis,,pollinator,pollinatedBy,,"globalbioticinteractions.org, fetched 2026-09-02"
Verbesina,Atalopedes huron,,pollinator,flowersVisitedBy,,"globalbioticinteractions.org, fetched 2026-09-02"
Verbesina,Atalopedes huron,,feeds-on,eatenBy,,"globalbioticinteractions.org, fetched 2026-09-02"
Verbesina,Atholus americanus,,pollinator,flowersVisitedBy,,"globalbioticinteractions.org, fetched 2026-09-02"
Verbesina,Atteva pustulella,,feeds-on,eatenBy,,"globalbioticinteractions.org, fetched 2026-09-02"
Verbesina,Atteva pustulella,,pollinator,flowersVisitedBy,,"globalbioticinteractions.org, fetched 2026-09-02"
Verbesina,Augochlora pura,,pollinator,visitedBy,,"globalbioticinteractions.org, fetched 2026-09-02"
Verbesina,Augochlorella aurata,,pollinator,pollinatedBy,,"globalbioticinteractions.org, fetched 2026-09-02"
Verbesina,Augochlorella persimilis,,pollinator,flowersVisitedBy,,"globalbioticinteractions.org, fetched 2026-09-02"
Verbesina,Augochlorini,,pollinator,flowersVisitedBy,,"globalbioticinteractions.org, fetched 2026-09-02"
Verbesina,Augochloropsis fulgida,,pollinator,flowersVisitedBy,,"globalbioticinteractions.org, fetched 2026-09-02"
Verbesina,Batyle suturalis,,feeds-on,eatenBy,,"globalbioticinteractions.org, fetched 2026-09-02"
Verbesina,Bicyrtes quadrifasciatus,,feeds-on,eatenBy,,"globalbioticinteractions.org, fetched 2026-09-02"
Verbesina,Bombus,,feeds-on,eatenBy,,"globalbioticinteractions.org, fetched 2026-09-02"
Verbesina,Bombus affinis,,pollinator,flowersVisitedBy,,"globalbioticinteractions.org, fetched 2026-09-02"
Verbesina,Bombus bimaculatus,,feeds-on,eatenBy,,"globalbioticinteractions.org, fetched 2026-09-02"
Verbesina,Bombus bimaculatus,,pollinator,flowersVisitedBy,,"globalbioticinteractions.org, fetched 2026-09-02"
Verbesina,Bombus fervidus,,feeds-on,eatenBy,,"globalbioticinteractions.org, fetched 2026-09-02"
Verbesina,Bombus griseocollis,,pollinator,flowersVisitedBy,,"globalbioticinteractions.org, fetched 2026-09-02"
Verbesina,Bombus griseocollis,,feeds-on,eatenBy,,"globalbioticinteractions.org, fetched 2026-09-02"
Verbesina,Bombus impatiens,,feeds-on,eatenBy,,"globalbioticinteractions.org, fetched 2026-09-02"
Verbesina,Bombus impatiens,,pollinator,flowersVisitedBy,,"globalbioticinteractions.org, fetched 2026-09-02"
Verbesina,Bombus melanopygus,,feeds-on,eatenBy,,"globalbioticinteractions.org, fetched 2026-09-02"
Verbesina,Bombus melanopygus,,pollinator,flowersVisitedBy,,"globalbioticinteractions.org, fetched 2026-09-02"
Verbesina,Bombus pensylvanicus,,pollinator,flowersVisitedBy,,"globalbioticinteractions.org, fetched 2026-09-02"
Verbesina,Bombus perplexus,,pollinator,flowersVisitedBy,,"globalbioticinteractions.org, fetched 2026-09-02"
Verbesina,Bombus vagans,,pollinator,flowersVisitedBy,,"globalbioticinteractions.org, fetched 2026-09-02"
Verbesina,Brachypalpus oarus,,pollinator,pollinatedBy,,"globalbioticinteractions.org, fetched 2026-09-02"
Verbesina,Burnsius communis,,pollinator,flowersVisitedBy,,"globalbioticinteractions.org, fetched 2026-09-02"
Verbesina,Calliopsis coloradensis,,pollinator,flowersVisitedBy,,"globalbioticinteractions.org, fetched 2026-09-02"
Verbesina,Calliopsis rozeni,,pollinator,visitedBy,,"globalbioticinteractions.org, fetched 2026-09-02"
Verbesina,Camponotus castaneus,,pollinator,flowersVisitedBy,,"globalbioticinteractions.org, fetched 2026-09-02"
Verbesina,Campsomeris trifasciata,,pollinator,flowersVisitedBy,,"globalbioticinteractions.org, fetched 2026-09-02"
Verbesina,Celastrina argiolus,,feeds-on,eatenBy,,"globalbioticinteractions.org, fetched 2026-09-02"
Verbesina,Ceratina calcarata,,pollinator,flowersVisitedBy,,"globalbioticinteractions.org, fetched 2026-09-02"
Verbesina,Ceratina dupla,,pollinator,flowersVisitedBy,,"globalbioticinteractions.org, fetched 2026-09-02"
Verbesina,Ceresa rufescens,,feeds-on,eatenBy,,"globalbioticinteractions.org, fetched 2026-09-02"
Verbesina,Ceropales bipunctata,,pollinator,flowersVisitedBy,,"globalbioticinteractions.org, fetched 2026-09-02"
Verbesina,Ceropales robinsonii,,pollinator,flowersVisitedBy,,"globalbioticinteractions.org, fetched 2026-09-02"
Verbesina,Chauliognathus pensylvanicus,,pollinator,flowersVisitedBy,,"globalbioticinteractions.org, fetched 2026-09-02"
Verbesina,Chauliognathus pensylvanicus,,feeds-on,eatenBy,,"globalbioticinteractions.org, fetched 2026-09-02"
Verbesina,Chlosyne nycteis,,feeds-on,hostOf,,"globalbioticinteractions.org, fetched 2026-09-02"
Verbesina,Chlosyne nycteis,,pollinator,flowersVisitedBy,,"globalbioticinteractions.org, fetched 2026-09-02"
Verbesina,Chrysodeixis includens,,feeds-on,eatenBy,,"globalbioticinteractions.org, fetched 2026-09-02"
Verbesina,Cisseps fulvicollis,,pollinator,flowersVisitedBy,,"globalbioticinteractions.org, fetched 2026-09-02"
Verbesina,Cisseps fulvicollis,,feeds-on,eatenBy,,"globalbioticinteractions.org, fetched 2026-09-02"
Verbesina,Clusia lateralis,,pollinator,pollinatedBy,,"globalbioticinteractions.org, fetched 2026-09-02"
Verbesina,Coelioxys brevis,,pollinator,flowersVisitedBy,,"globalbioticinteractions.org, fetched 2026-09-02"
Verbesina,Colias eurytheme,,feeds-on,eatenBy,,"globalbioticinteractions.org, fetched 2026-09-02"
Verbesina,Colias eurytheme,,pollinator,flowersVisitedBy,,"globalbioticinteractions.org, fetched 2026-09-02"
Verbesina,Conocephalus nemoralis,,feeds-on,eatenBy,,"globalbioticinteractions.org, fetched 2026-09-02"
Verbesina,Conocephalus nemoralis,,pollinator,flowersVisitedBy,,"globalbioticinteractions.org, fetched 2026-09-02"
Verbesina,Conura torvina,,pollinator,pollinatedBy,,"globalbioticinteractions.org, fetched 2026-09-02"
Verbesina,Copestylum sexmaculatum,,feeds-on,eatenBy,,"globalbioticinteractions.org, fetched 2026-09-02"
Verbesina,Cremastobombycia ambrosiaeella,,feeds-on,hostOf,,"globalbioticinteractions.org, fetched 2026-09-02"
Verbesina,Cremastobombycia ambrosiella,,feeds-on,hostOf,,"globalbioticinteractions.org, fetched 2026-09-02"
Verbesina,Cremastobombycia ignota,,feeds-on,hostOf,,"globalbioticinteractions.org, fetched 2026-09-02"
Verbesina,Danaus gilippus thersippus,,pollinator,flowersVisitedBy,,"globalbioticinteractions.org, fetched 2026-09-02"
Verbesina,Delphinia picta,,feeds-on,eatenBy,,"globalbioticinteractions.org, fetched 2026-09-02"
Verbesina,Dialictus,,feeds-on,eatenBy,,"globalbioticinteractions.org, fetched 2026-09-02"
Verbesina,Dichrorampha leopardana,,feeds-on,hostOf,,"globalbioticinteractions.org, fetched 2026-09-02"
Verbesina,Dieunomia heteropoda,,pollinator,flowersVisitedBy,,"globalbioticinteractions.org, fetched 2026-09-02"
Verbesina,Elkalyce comyntas,,feeds-on,eatenBy,,"globalbioticinteractions.org, fetched 2026-09-02"
Verbesina,Elkalyce comyntas,,pollinator,flowersVisitedBy,,"globalbioticinteractions.org, fetched 2026-09-02"
Verbesina,Empis pudica,,pollinator,pollinatedBy,,"globalbioticinteractions.org, fetched 2026-09-02"
Verbesina,Enchenopa latipes,,pollinator,visitedBy,,"globalbioticinteractions.org, fetched 2026-09-02"
Verbesina,Enchenopa latipes,,feeds-on,hostOf,,"globalbioticinteractions.org, fetched 2026-09-02"
Verbesina,Entylia carinata,,pollinator,visitedBy,,"globalbioticinteractions.org, fetched 2026-09-02"
Verbesina,Epargyreus clarus,,pollinator,flowersVisitedBy,,"globalbioticinteractions.org, fetched 2026-09-02"
Verbesina,Eremnophila aureonotata,,pollinator,flowersVisitedBy,,"globalbioticinteractions.org, fetched 2026-09-02"
Verbesina,Eremnophila aureonotata,,feeds-on,eatenBy,,"globalbioticinteractions.org, fetched 2026-09-02"
Verbesina,Erynnis baptisiae,,pollinator,flowersVisitedBy,,"globalbioticinteractions.org, fetched 2026-09-02"
Verbesina,Estigmene acrea,,pollinator,visitedBy,,"globalbioticinteractions.org, fetched 2026-09-02"
Verbesina,Eugnamptus angustatus,,pollinator,flowersVisitedBy,,"globalbioticinteractions.org, fetched 2026-09-02"
Verbesina,Euphydryas phaeton,,feeds-on,hostOf,,"globalbioticinteractions.org, fetched 2026-09-02"
Verbesina,Exomalopsis tepaneca,,pollinator,flowersVisitedBy,,"globalbioticinteractions.org, fetched 2026-09-02"
Verbesina,Glenostictia pictifrons,,pollinator,flowersVisitedBy,,"globalbioticinteractions.org, fetched 2026-09-02"
Verbesina,Graphocephala versuta,,feeds-on,hostOf,,"globalbioticinteractions.org, fetched 2026-09-02"
Verbesina,Hadrophallus bubalus,,pollinator,visitedBy,,"globalbioticinteractions.org, fetched 2026-09-02"
Verbesina,Halictus confusus,,feeds-on,eatenBy,,"globalbioticinteractions.org, fetched 2026-09-02"
Verbesina,Halictus confusus,,pollinator,flowersVisitedBy,,"globalbioticinteractions.org, fetched 2026-09-02"
Verbesina,Halictus hesperus,,pollinator,flowersVisitedBy,,"globalbioticinteractions.org, fetched 2026-09-02"
Verbesina,Halictus ligatus,,pollinator,flowersVisitedBy,,"globalbioticinteractions.org, fetched 2026-09-02"
Verbesina,Halictus ligatus,,feeds-on,eatenBy,,"globalbioticinteractions.org, fetched 2026-09-02"
Verbesina,Halictus parallelus,,feeds-on,eatenBy,,"globalbioticinteractions.org, fetched 2026-09-02"
Verbesina,Halictus rubicundus,,pollinator,flowersVisitedBy,,"globalbioticinteractions.org, fetched 2026-09-02"
Verbesina,Halysidota tessellaris,,pollinator,visitedBy,,"globalbioticinteractions.org, fetched 2026-09-02"
Verbesina,Heriades leavitti,,pollinator,flowersVisitedBy,,"globalbioticinteractions.org, fetched 2026-09-02"
Verbesina,Hesperiidae,,pollinator,flowersVisitedBy,,"globalbioticinteractions.org, fetched 2026-09-02"
Verbesina,Hoplitis spoliata,,pollinator,flowersVisitedBy,,"globalbioticinteractions.org, fetched 2026-09-02"
Verbesina,Hylaeus modestus,,feeds-on,eatenBy,,"globalbioticinteractions.org, fetched 2026-09-02"
Verbesina,Hypercompe scribonia,,pollinator,visitedBy,,"globalbioticinteractions.org, fetched 2026-09-02"
Verbesina,Isodontia philadelphica,,feeds-on,eatenBy,,"globalbioticinteractions.org, fetched 2026-09-02"
Verbesina,Junonia coenia,,feeds-on,eatenBy,,"globalbioticinteractions.org, fetched 2026-09-02"
Verbesina,Juriniopsis adusta,,pollinator,flowersVisitedBy,,"globalbioticinteractions.org, fetched 2026-09-02"
Verbesina,Lasioglossum,,pollinator,flowersVisitedBy,,"globalbioticinteractions.org, fetched 2026-09-02"
Verbesina,Lasioglossum,,feeds-on,eatenBy,,"globalbioticinteractions.org, fetched 2026-09-02"
Verbesina,Lasioglossum cinctipes,,pollinator,flowersVisitedBy,,"globalbioticinteractions.org, fetched 2026-09-02"
Verbesina,Lasioglossum coriaceum,,pollinator,flowersVisitedBy,,"globalbioticinteractions.org, fetched 2026-09-02"
Verbesina,Lasioglossum coriaceum,,feeds-on,eatenBy,,"globalbioticinteractions.org, fetched 2026-09-02"
Verbesina,Lasioglossum fuscipenne,,pollinator,flowersVisitedBy,,"globalbioticinteractions.org, fetched 2026-09-02"
Verbesina,Lasioglossum imitatum,,pollinator,flowersVisitedBy,,"globalbioticinteractions.org, fetched 2026-09-02"
Verbesina,Lasioglossum pilosum,,pollinator,flowersVisitedBy,,"globalbioticinteractions.org, fetched 2026-09-02"
Verbesina,Lasioglossum versatum,,pollinator,flowersVisitedBy,,"globalbioticinteractions.org, fetched 2026-09-02"
Verbesina,Lon zabulon,,feeds-on,eatenBy,,"globalbioticinteractions.org, fetched 2026-09-02"
Verbesina,Lon zabulon,,pollinator,visitedBy,,"globalbioticinteractions.org, fetched 2026-09-02"
Verbesina,Lycomorpha pholus,,pollinator,flowersVisitedBy,,"globalbioticinteractions.org, fetched 2026-09-02"
Verbesina,Megachile,,pollinator,flowersVisitedBy,,"globalbioticinteractions.org, fetched 2026-09-02"
Verbesina,Megachile mendica,,feeds-on,eatenBy,,"globalbioticinteractions.org, fetched 2026-09-02"
Verbesina,Megachile montivaga,,pollinator,flowersVisitedBy,,"globalbioticinteractions.org, fetched 2026-09-02"
Verbesina,Megachile policaris,,pollinator,flowersVisitedBy,,"globalbioticinteractions.org, fetched 2026-09-02"
Verbesina,Megachile pugnata,,pollinator,flowersVisitedBy,,"globalbioticinteractions.org, fetched 2026-09-02"
Verbesina,Megachile pyrrhothorax,,pollinator,flowersVisitedBy,,"globalbioticinteractions.org, fetched 2026-09-02"
Verbesina,Megachile sculpturalis,,pollinator,flowersVisitedBy,,"globalbioticinteractions.org, fetched 2026-09-02"
Verbesina,Megaselia fungicola,,pollinator,pollinatedBy,,"globalbioticinteractions.org, fetched 2026-09-02"
Verbesina,Melissodes desponsus,,feeds-on,eatenBy,,"globalbioticinteractions.org, fetched 2026-09-02"
Verbesina,Melissodes trinodis,,pollinator,flowersVisitedBy,,"globalbioticinteractions.org, fetched 2026-09-02"
Verbesina,Metcalfa pruinosa,,pollinator,visitedBy,,"globalbioticinteractions.org, fetched 2026-09-02"
Verbesina,Milesia virginiensis,,pollinator,flowersVisitedBy,,"globalbioticinteractions.org, fetched 2026-09-02"
Verbesina,Mycetina perpulchra,,pollinator,visitedBy,,"globalbioticinteractions.org, fetched 2026-09-02"
Verbesina,Neolasioptera verbesinae,,feeds-on,hostOf,,"globalbioticinteractions.org, fetched 2026-09-02"
Verbesina,Neolasioptera verbesinae,,pollinator,visitedBy,,"globalbioticinteractions.org, fetched 2026-09-02"
Verbesina,Neoscona arabesca,,pollinator,visitedBy,,"globalbioticinteractions.org, fetched 2026-09-02"
Verbesina,Nomada salicis,,pollinator,pollinatedBy,,"globalbioticinteractions.org, fetched 2026-09-02"
Verbesina,Panoquina ocola,,pollinator,flowersVisitedBy,,"globalbioticinteractions.org, fetched 2026-09-02"
Verbesina,Papilio glaucus,,pollinator,visitedBy,,"globalbioticinteractions.org, fetched 2026-09-02"
Verbesina,Papilio glaucus,,feeds-on,eatenBy,,"globalbioticinteractions.org, fetched 2026-09-02"
Verbesina,Paraulacizes irrorata,,feeds-on,eatenBy,,"globalbioticinteractions.org, fetched 2026-09-02"
Verbesina,Peponapis pruinosa,,pollinator,pollinatedBy,,"globalbioticinteractions.org, fetched 2026-09-02"
Verbesina,Perdita albovittata,,pollinator,visitedBy,,"globalbioticinteractions.org, fetched 2026-09-02"
Verbesina,Perdita callicerata,,pollinator,visitedBy,,"globalbioticinteractions.org, fetched 2026-09-02"
Verbesina,Perdita ignota,,pollinator,visitedBy,,"globalbioticinteractions.org, fetched 2026-09-02"
Verbesina,Petrophila bifascialis,,feeds-on,eatenBy,,"globalbioticinteractions.org, fetched 2026-09-02"
Verbesina,Petrophila fulicalis,,feeds-on,eatenBy,,"globalbioticinteractions.org, fetched 2026-09-02"
Verbesina,Phyciodes tharos,,feeds-on,hostOf,,"globalbioticinteractions.org, fetched 2026-09-02"
Verbesina,Phyciodes tharos,,pollinator,flowersVisitedBy,,"globalbioticinteractions.org, fetched 2026-09-02"
Verbesina,Piezogaster calcarator,,pollinator,visitedBy,,"globalbioticinteractions.org, fetched 2026-09-02"
Verbesina,Polistes exclamans,,pollinator,flowersVisitedBy,,"globalbioticinteractions.org, fetched 2026-09-02"
Verbesina,Polites egeremet,,feeds-on,eatenBy,,"globalbioticinteractions.org, fetched 2026-09-02"
Verbesina,Polites egeremet,,pollinator,visitedBy,,"globalbioticinteractions.org, fetched 2026-09-02"
Verbesina,Polites peckius,,pollinator,flowersVisitedBy,,"globalbioticinteractions.org, fetched 2026-09-02"
Verbesina,Pseudopanurgus aethiops,,pollinator,visitedBy,,"globalbioticinteractions.org, fetched 2026-09-02"
Verbesina,Pseudopanurgus albitarsis,,pollinator,flowersVisitedBy,,"globalbioticinteractions.org, fetched 2026-09-02"
Verbesina,Pseudopanurgus fraterculus timberlakei,,pollinator,visitedBy,,"globalbioticinteractions.org, fetched 2026-09-02"
Verbesina,Pseudopanurgus labrosus,,pollinator,flowersVisitedBy,,"globalbioticinteractions.org, fetched 2026-09-02"
Verbesina,Pseudopanurgus passiflorae,,pollinator,flowersVisitedBy,,"globalbioticinteractions.org, fetched 2026-09-02"
Verbesina,Pseudopanurgus pectidellus,,pollinator,visitedBy,,"globalbioticinteractions.org, fetched 2026-09-02"
Verbesina,Pyrobombus,,pollinator,flowersVisitedBy,,"globalbioticinteractions.org, fetched 2026-09-02"
Verbesina,Rhodobaenus quinquepunctatus,,feeds-on,eatenBy,,"globalbioticinteractions.org, fetched 2026-09-02"
Verbesina,Rhodobaenus quinquepunctatus,,pollinator,flowersVisitedBy,,"globalbioticinteractions.org, fetched 2026-09-02"
Verbesina,Sayapis,,feeds-on,eatenBy,,"globalbioticinteractions.org, fetched 2026-09-02"
Verbesina,Scaptotrigona pectoralis,,pollinator,flowersVisitedBy,,"globalbioticinteractions.org, fetched 2026-09-02"
Verbesina,Scolia dubia dubia,,pollinator,flowersVisitedBy,,"globalbioticinteractions.org, fetched 2026-09-02"
Verbesina,Scolia dubia dubia,,feeds-on,eatenBy,,"globalbioticinteractions.org, fetched 2026-09-02"
Verbesina,Scolia nobilitata,,pollinator,pollinatedBy,,"globalbioticinteractions.org, fetched 2026-09-02"
Verbesina,Sphaerophoria cylindricus,,pollinator,flowersVisitedBy,,"globalbioticinteractions.org, fetched 2026-09-02"
Verbesina,Sphecodes pimpinellae,,pollinator,flowersVisitedBy,,"globalbioticinteractions.org, fetched 2026-09-02"
Verbesina,Sphex pensylvanicus,,feeds-on,eatenBy,,"globalbioticinteractions.org, fetched 2026-09-02"
Verbesina,Sphex pensylvanicus,,pollinator,flowersVisitedBy,,"globalbioticinteractions.org, fetched 2026-09-02"
Verbesina,Spilosoma virginica,,pollinator,visitedBy,,"globalbioticinteractions.org, fetched 2026-09-02"
Verbesina,Spilosoma virginica,,feeds-on,eatenBy,,"globalbioticinteractions.org, fetched 2026-09-02"
Verbesina,Spinus tristis,,feeds-on,eatenBy,,"globalbioticinteractions.org, fetched 2026-09-02"
Verbesina,Spissistilus festinus,,pollinator,visitedBy,,"globalbioticinteractions.org, fetched 2026-09-02"
Verbesina,Stelis louisae,,pollinator,flowersVisitedBy,,"globalbioticinteractions.org, fetched 2026-09-02"
Verbesina,Stelis louisae,,feeds-on,eatenBy,,"globalbioticinteractions.org, fetched 2026-09-02"
Verbesina,Strigoderma pygmaea,,pollinator,visitedBy,,"globalbioticinteractions.org, fetched 2026-09-02"
Verbesina,Svastra obliqua,,pollinator,flowersVisitedBy,,"globalbioticinteractions.org, fetched 2026-09-02"
Verbesina,Synchlora frondaria,,feeds-on,eatenBy,,"globalbioticinteractions.org, fetched 2026-09-02"
Verbesina,Synema parvulum,,pollinator,visitedBy,,"globalbioticinteractions.org, fetched 2026-09-02"
Verbesina,Syntrichalonia exquisita,,pollinator,flowersVisitedBy,,"globalbioticinteractions.org, fetched 2026-09-02"
Verbesina,Syrphidae,,pollinator,flowersVisitedBy,,"globalbioticinteractions.org, fetched 2026-09-02"
Verbesina,Tachytes chrysopyga obscurus,,pollinator,pollinatedBy,,"globalbioticinteractions.org, fetched 2026-09-02"
Verbesina,Temelucha albipennis,,pollinator,flowersVisitedBy,,"globalbioticinteractions.org, fetched 2026-09-02"
Verbesina,Triepeolus,,feeds-on,eatenBy,,"globalbioticinteractions.org, fetched 2026-09-02"
Verbesina,Triepeolus remigatus,,pollinator,pollinatedBy,,"globalbioticinteractions.org, fetched 2026-09-02"
Verbesina,Udea rubigalis,,feeds-on,eatenBy,,"globalbioticinteractions.org, fetched 2026-09-02"
Verbesina,Uroleucon,,feeds-on,eatenBy,,"globalbioticinteractions.org, fetched 2026-09-02"
Verbesina,Uroleucon rurale,,feeds-on,eatenBy,,"globalbioticinteractions.org, fetched 2026-09-02"
Verbesina,Vespula maculifrons,,feeds-on,eatenBy,,"globalbioticinteractions.org, fetched 2026-09-02"
Verbesina,Vespula maculifrons,,pollinator,flowersVisitedBy,,"globalbioticinteractions.org, fetched 2026-09-02"
Verbesina,Xylocopa virginica,,pollinator,flowersVisitedBy,,"globalbioticinteractions.org, fetched 2026-09-02"
Verbesina,Xylocopa virginica,,feeds-on,eatenBy,,"globalbioticinteractions.org, fetched 2026-09-02"
Verbesina,Zadontomerus,,feeds-on,eatenBy,,"globalbioticinteractions.org, fetched 2026-09-02"
Verbesina,Zadontomerus,,pollinator,flowersVisitedBy,,"globalbioticinteractions.org, fetched 2026-09-02"
Vernonia,Aedes nigripes,,pollinator,pollinatedBy,,"globalbioticinteractions.org, fetched 2026-09-02"
Vernonia,Agapostemon sericeus,,pollinator,flowersVisitedBy,,"globalbioticinteractions.org, fetched 2026-09-02"
Vernonia,Agapostemon splendens,,pollinator,flowersVisitedBy,,"globalbioticinteractions.org, fetched 2026-09-02"
Vernonia,Agapostemon virescens,,feeds-on,eatenBy,,"globalbioticinteractions.org, fetched 2026-09-02"
Vernonia,Agapostemon virescens,,pollinator,flowersVisitedBy,,"globalbioticinteractions.org, fetched 2026-09-02"
Vernonia,Amblyscirtes aesculapius,,pollinator,flowersVisitedBy,,"globalbioticinteractions.org, fetched 2026-09-02"
Vernonia,Amblyscirtes belli,,pollinator,flowersVisitedBy,,"globalbioticinteractions.org, fetched 2026-09-02"
Vernonia,Anatrytone logan,,pollinator,flowersVisitedBy,,"globalbioticinteractions.org, fetched 2026-09-02"
Vernonia,Ancistrocerus catskill,,pollinator,flowersVisitedBy,,"globalbioticinteractions.org, fetched 2026-09-02"
Vernonia,Andrena carlini,,pollinator,pollinatedBy,,"globalbioticinteractions.org, fetched 2026-09-02"
Vernonia,Andrena pruni,,pollinator,pollinatedBy,,"globalbioticinteractions.org, fetched 2026-09-02"
Vernonia,Anthidium manicatum,,feeds-on,eatenBy,,"globalbioticinteractions.org, fetched 2026-09-02"
Vernonia,Anthidium manicatum,,pollinator,flowersVisitedBy,,"globalbioticinteractions.org, fetched 2026-09-02"
Vernonia,Apallates coxendix,,pollinator,pollinatedBy,,"globalbioticinteractions.org, fetched 2026-09-02"
Vernonia,Aphis vernoniae,,feeds-on,eatenBy,,"globalbioticinteractions.org, fetched 2026-09-02"
Vernonia,Archilochus colubris,,pollinator,flowersVisitedBy,,"globalbioticinteractions.org, fetched 2026-09-02"
Vernonia,Archips rileyana,,feeds-on,eatenBy,,"globalbioticinteractions.org, fetched 2026-09-02"
Vernonia,Argyrotaenia franciscana,,feeds-on,eatenBy,,"globalbioticinteractions.org, fetched 2026-09-02"
Vernonia,Atalopedes huron,,feeds-on,eatenBy,,"globalbioticinteractions.org, fetched 2026-09-02"
Vernonia,Atalopedes huron,,pollinator,flowersVisitedBy,,"globalbioticinteractions.org, fetched 2026-09-02"
Vernonia,Atrytone arogos,,pollinator,flowersVisitedBy,,"globalbioticinteractions.org, fetched 2026-09-02"
Vernonia,Atteva pustulella,,pollinator,flowersVisitedBy,,"globalbioticinteractions.org, fetched 2026-09-02"
Vernonia,Basiothia charis,,feeds-on,eatenBy,,"globalbioticinteractions.org, fetched 2026-09-02"
Vernonia,Battus philenor,,feeds-on,eatenBy,,"globalbioticinteractions.org, fetched 2026-09-02"
Vernonia,Battus philenor,,pollinator,flowersVisitedBy,,"globalbioticinteractions.org, fetched 2026-09-02"
Vernonia,Bibio pallipes,,pollinator,pollinatedBy,,"globalbioticinteractions.org, fetched 2026-09-02"
Vernonia,Bombus affinis,,pollinator,flowersVisitedBy,,"globalbioticinteractions.org, fetched 2026-09-02"
Vernonia,Bombus auricomus,,feeds-on,eatenBy,,"globalbioticinteractions.org, fetched 2026-09-02"
Vernonia,Bombus auricomus,,pollinator,flowersVisitedBy,,"globalbioticinteractions.org, fetched 2026-09-02"
Vernonia,Bombus borealis,,pollinator,flowersVisitedBy,,"globalbioticinteractions.org, fetched 2026-09-02"
Vernonia,Bombus fervidus,,feeds-on,eatenBy,,"globalbioticinteractions.org, fetched 2026-09-02"
Vernonia,Bombus fervidus,,pollinator,flowersVisitedBy,,"globalbioticinteractions.org, fetched 2026-09-02"
Vernonia,Bombus griseocollis,,pollinator,flowersVisitedBy,,"globalbioticinteractions.org, fetched 2026-09-02"
Vernonia,Bombus impatiens,,feeds-on,eatenBy,,"globalbioticinteractions.org, fetched 2026-09-02"
Vernonia,Bombus impatiens,,pollinator,flowersVisitedBy,,"globalbioticinteractions.org, fetched 2026-09-02"
Vernonia,Bombus pascuorum,,pollinator,flowersVisitedBy,,"globalbioticinteractions.org, fetched 2026-09-02"
Vernonia,Bombus pensylvanicus,,pollinator,flowersVisitedBy,,"globalbioticinteractions.org, fetched 2026-09-02"
Vernonia,Bombus perplexus,,feeds-on,eatenBy,,"globalbioticinteractions.org, fetched 2026-09-02"
Vernonia,Bombus perplexus,,pollinator,flowersVisitedBy,,"globalbioticinteractions.org, fetched 2026-09-02"
Vernonia,Bombus ternarius,,pollinator,flowersVisitedBy,,"globalbioticinteractions.org, fetched 2026-09-02"
Vernonia,Brachiacantha decempustulata,,pollinator,visitedBy,,"globalbioticinteractions.org, fetched 2026-09-02"
Vernonia,Burnsius communis,,pollinator,flowersVisitedBy,,"globalbioticinteractions.org, fetched 2026-09-02"
Vernonia,Ceratina ericia,,pollinator,flowersVisitedBy,,"globalbioticinteractions.org, fetched 2026-09-02"
Vernonia,Ceresa ustulata,,feeds-on,eatenBy,,"globalbioticinteractions.org, fetched 2026-09-02"
Vernonia,Chauliognathus pensylvanicus,,feeds-on,eatenBy,,"globalbioticinteractions.org, fetched 2026-09-02"
Vernonia,Chauliognathus pensylvanicus,,pollinator,flowersVisitedBy,,"globalbioticinteractions.org, fetched 2026-09-02"
Vernonia,Chondrolepis nero,,feeds-on,eatenBy,,"globalbioticinteractions.org, fetched 2026-09-02"
Vernonia,Chrysops flavidus,,feeds-on,eatenBy,,"globalbioticinteractions.org, fetched 2026-09-02"
Vernonia,Citheronia laocoon,,feeds-on,eatenBy,,"globalbioticinteractions.org, fetched 2026-09-02"
Vernonia,Clusia lateralis,,pollinator,pollinatedBy,,"globalbioticinteractions.org, fetched 2026-09-02"
Vernonia,Coeliades keithloa merua,,feeds-on,eatenBy,,"globalbioticinteractions.org, fetched 2026-09-02"
Vernonia,Colias eurytheme,,feeds-on,eatenBy,,"globalbioticinteractions.org, fetched 2026-09-02"
Vernonia,Colias eurytheme,,pollinator,flowersVisitedBy,,"globalbioticinteractions.org, fetched 2026-09-02"
Vernonia,Ctenoplusia limbirena,,feeds-on,hostOf,,"globalbioticinteractions.org, fetched 2026-09-02"
Vernonia,Cucullia argentivitta,,feeds-on,eatenBy,,"globalbioticinteractions.org, fetched 2026-09-02"
Vernonia,Cyanophrys herodotus,,feeds-on,hostOf,,"globalbioticinteractions.org, fetched 2026-09-02"
Vernonia,Cydia rana,,feeds-on,eatenBy,,"globalbioticinteractions.org, fetched 2026-09-02"
Vernonia,Dargida albilinea,,pollinator,flowersVisitedBy,,"globalbioticinteractions.org, fetched 2026-09-02"
Vernonia,Dermaleipa parallelipipeda,,feeds-on,eatenBy,,"globalbioticinteractions.org, fetched 2026-09-02"
Vernonia,Diabrotica barberi,,feeds-on,eatenBy,,"globalbioticinteractions.org, fetched 2026-09-02"
Vernonia,Diabrotica barberi,,pollinator,flowersVisitedBy,,"globalbioticinteractions.org, fetched 2026-09-02"
Vernonia,Dichomeris setosella,,feeds-on,eatenBy,,"globalbioticinteractions.org, fetched 2026-09-02"
Vernonia,Dielis plumipes,,pollinator,flowersVisitedBy,,"globalbioticinteractions.org, fetched 2026-09-02"
Vernonia,Dieunomia heteropoda,,feeds-on,eatenBy,,"globalbioticinteractions.org, fetched 2026-09-02"
Vernonia,Dione vanillae,,feeds-on,eatenBy,,"globalbioticinteractions.org, fetched 2026-09-02"
Vernonia,Dione vanillae,,pollinator,flowersVisitedBy,,"globalbioticinteractions.org, fetched 2026-09-02"
Vernonia,Elkalyce comyntas,,feeds-on,eatenBy,,"globalbioticinteractions.org, fetched 2026-09-02"
Vernonia,Elkalyce comyntas,,pollinator,flowersVisitedBy,,"globalbioticinteractions.org, fetched 2026-09-02"
Vernonia,Empis pudica,,pollinator,pollinatedBy,,"globalbioticinteractions.org, fetched 2026-09-02"
Vernonia,Enchenopa latipes,,pollinator,visitedBy,,"globalbioticinteractions.org, fetched 2026-09-02"
Vernonia,Entylia carinata,,feeds-on,eatenBy,,"globalbioticinteractions.org, fetched 2026-09-02"
Vernonia,Entylia carinata,,pollinator,visitedBy,,"globalbioticinteractions.org, fetched 2026-09-02"
Vernonia,Epargyreus clarus,,feeds-on,eatenBy,,"globalbioticinteractions.org, fetched 2026-09-02"
Vernonia,Epargyreus clarus,,pollinator,flowersVisitedBy,,"globalbioticinteractions.org, fetched 2026-09-02"
Vernonia,Epimelissodes atripes,,pollinator,flowersVisitedBy,,"globalbioticinteractions.org, fetched 2026-09-02"
Vernonia,Epimelissodes obliquus obliquus,,pollinator,flowersVisitedBy,,"globalbioticinteractions.org, fetched 2026-09-02"
Vernonia,Epistrophella emarginata,,feeds-on,eatenBy,,"globalbioticinteractions.org, fetched 2026-09-02"
Vernonia,Epistrophella emarginata,,pollinator,flowersVisitedBy,,"globalbioticinteractions.org, fetched 2026-09-02"
Vernonia,Eristalis tenax,,pollinator,flowersVisitedBy,,"globalbioticinteractions.org, fetched 2026-09-02"
Vernonia,Erynnis baptisiae,,pollinator,flowersVisitedBy,,"globalbioticinteractions.org, fetched 2026-09-02"
Vernonia,Erynnis funeralis,,pollinator,flowersVisitedBy,,"globalbioticinteractions.org, fetched 2026-09-02"
Vernonia,Erynnis horatius,,pollinator,flowersVisitedBy,,"globalbioticinteractions.org, fetched 2026-09-02"
Vernonia,Euchrysops cnejus,,feeds-on,eatenBy,,"globalbioticinteractions.org, fetched 2026-09-02"
Vernonia,Eumelissodes,,pollinator,flowersVisitedBy,,"globalbioticinteractions.org, fetched 2026-09-02"
Vernonia,Eumenes mediterraneus,,pollinator,flowersVisitedBy,,"globalbioticinteractions.org, fetched 2026-09-02"
Vernonia,Euphoria sepulcralis,,feeds-on,eatenBy,,"globalbioticinteractions.org, fetched 2026-09-02"
Vernonia,Euphyes vestris,,pollinator,flowersVisitedBy,,"globalbioticinteractions.org, fetched 2026-09-02"
Vernonia,Eurytides marcellus,,pollinator,flowersVisitedBy,,"globalbioticinteractions.org, fetched 2026-09-02"
Vernonia,Eutreta rotundipennis,,pollinator,visitedBy,,"globalbioticinteractions.org, fetched 2026-09-02"
Vernonia,Fonsecaiulus gaudialis,,feeds-on,eatenBy,,"globalbioticinteractions.org, fetched 2026-09-02"
Vernonia,Halictus ligatus,,feeds-on,eatenBy,,"globalbioticinteractions.org, fetched 2026-09-02"
Vernonia,Halictus ligatus,,pollinator,flowersVisitedBy,,"globalbioticinteractions.org, fetched 2026-09-02"
Vernonia,Hedone vibex,,pollinator,visitedBy,,"globalbioticinteractions.org, fetched 2026-09-02"
Vernonia,Heliothis acesias,,pollinator,flowersVisitedBy,,"globalbioticinteractions.org, fetched 2026-09-02"
Vernonia,Hellinsia paleaceus,,feeds-on,eatenBy,,"globalbioticinteractions.org, fetched 2026-09-02"
Vernonia,Hentzia mitrata,,pollinator,visitedBy,,"globalbioticinteractions.org, fetched 2026-09-02"
Vernonia,Heriades leavitti,,pollinator,flowersVisitedBy,,"globalbioticinteractions.org, fetched 2026-09-02"
Vernonia,Herpetogramma pertextalis,,pollinator,flowersVisitedBy,,"globalbioticinteractions.org, fetched 2026-09-02"
Vernonia,Hyphantria cunea,,pollinator,flowersVisitedBy,,"globalbioticinteractions.org, fetched 2026-09-02"
Vernonia,Junonia coenia,,feeds-on,eatenBy,,"globalbioticinteractions.org, fetched 2026-09-02"
Vernonia,Junonia coenia,,pollinator,flowersVisitedBy,,"globalbioticinteractions.org, fetched 2026-09-02"
Vernonia,Lasioglossum imitatum,,pollinator,flowersVisitedBy,,"globalbioticinteractions.org, fetched 2026-09-02"
Vernonia,Lasioglossum pilosum,,pollinator,flowersVisitedBy,,"globalbioticinteractions.org, fetched 2026-09-02"
Vernonia,Lasioglossum pruinosum,,pollinator,flowersVisitedBy,,"globalbioticinteractions.org, fetched 2026-09-02"
Vernonia,Lasioglossum versatum,,pollinator,flowersVisitedBy,,"globalbioticinteractions.org, fetched 2026-09-02"
Vernonia,Lerema accius,,feeds-on,eatenBy,,"globalbioticinteractions.org, fetched 2026-09-02"
Vernonia,Lerema accius,,pollinator,visitedBy,,"globalbioticinteractions.org, fetched 2026-09-02"
Vernonia,Lon zabulon,,feeds-on,eatenBy,,"globalbioticinteractions.org, fetched 2026-09-02"
Vernonia,Lon zabulon,,pollinator,flowersVisitedBy,,"globalbioticinteractions.org, fetched 2026-09-02"
Vernonia,Lophocampa maculata,,feeds-on,eatenBy,,"globalbioticinteractions.org, fetched 2026-09-02"
Vernonia,Ludia arguta,,feeds-on,eatenBy,,"globalbioticinteractions.org, fetched 2026-09-02"
Vernonia,Ludia delegorguei,,feeds-on,hostOf,,"globalbioticinteractions.org, fetched 2026-09-02"
Vernonia,Ludia orinoptena,,feeds-on,hostOf,,"globalbioticinteractions.org, fetched 2026-09-02"
Vernonia,Megachile,,pollinator,flowersVisitedBy,,"globalbioticinteractions.org, fetched 2026-09-02"
Vernonia,Megachile inimica,,pollinator,flowersVisitedBy,,"globalbioticinteractions.org, fetched 2026-09-02"
Vernonia,Megachile latimanus,,pollinator,flowersVisitedBy,,"globalbioticinteractions.org, fetched 2026-09-02"
Vernonia,Megachile mendica,,pollinator,flowersVisitedBy,,"globalbioticinteractions.org, fetched 2026-09-02"
Vernonia,Megachile piliceps,,pollinator,flowersVisitedBy,,"globalbioticinteractions.org, fetched 2026-09-02"
Vernonia,Megachile sculpturalis,,feeds-on,eatenBy,,"globalbioticinteractions.org, fetched 2026-09-02"
Vernonia,Megachile sculpturalis,,pollinator,flowersVisitedBy,,"globalbioticinteractions.org, fetched 2026-09-02"
Vernonia,Megachile texana,,pollinator,flowersVisitedBy,,"globalbioticinteractions.org, fetched 2026-09-02"
Vernonia,Megaselia fungicola,,pollinator,pollinatedBy,,"globalbioticinteractions.org, fetched 2026-09-02"
Vernonia,Melissodes,,pollinator,flowersVisitedBy,,"globalbioticinteractions.org, fetched 2026-09-02"
Vernonia,Melissodes bimaculatus,,feeds-on,eatenBy,,"globalbioticinteractions.org, fetched 2026-09-02"
Vernonia,Melissodes bimaculatus,,pollinator,flowersVisitedBy,,"globalbioticinteractions.org, fetched 2026-09-02"
Vernonia,Melissodes bimaculatus bimaculatus,,pollinator,flowersVisitedBy,,"globalbioticinteractions.org, fetched 2026-09-02"
Vernonia,Melissodes denticulatus,,feeds-on,eatenBy,,"globalbioticinteractions.org, fetched 2026-09-02"
Vernonia,Melissodes denticulatus,,pollinator,flowersVisitedBy,,"globalbioticinteractions.org, fetched 2026-09-02"
Vernonia,Melissodes dentiventris,,pollinator,pollinatedBy,,"globalbioticinteractions.org, fetched 2026-09-02"
Vernonia,Melissodes niveus,,pollinator,flowersVisitedBy,,"globalbioticinteractions.org, fetched 2026-09-02"
Vernonia,Melissodes trinodis,,pollinator,flowersVisitedBy,,"globalbioticinteractions.org, fetched 2026-09-02"
Vernonia,Metoponitys morgeni,,feeds-on,eatenBy,,"globalbioticinteractions.org, fetched 2026-09-02"
Vernonia,Nasonovia sampsoni,,feeds-on,hostOf,,"globalbioticinteractions.org, fetched 2026-09-02"
Vernonia,Nastra lherminier,,pollinator,flowersVisitedBy,,"globalbioticinteractions.org, fetched 2026-09-02"
Vernonia,Neolasioptera vernoniae,,feeds-on,hostOf,,"globalbioticinteractions.org, fetched 2026-09-02"
Vernonia,Neolasioptera vernoniae,,pollinator,visitedBy,,"globalbioticinteractions.org, fetched 2026-09-02"
Vernonia,Nomada salicis,,pollinator,pollinatedBy,,"globalbioticinteractions.org, fetched 2026-09-02"
Vernonia,Oarisma minima,,pollinator,flowersVisitedBy,,"globalbioticinteractions.org, fetched 2026-09-02"
Vernonia,Oxybelus emarginatus,,pollinator,pollinatedBy,,"globalbioticinteractions.org, fetched 2026-09-02"
Vernonia,Panoquina ocola,,feeds-on,eatenBy,,"globalbioticinteractions.org, fetched 2026-09-02"
Vernonia,Panoquina ocola,,pollinator,flowersVisitedBy,,"globalbioticinteractions.org, fetched 2026-09-02"
Vernonia,Panoquina panoquin,,pollinator,visitedBy,,"globalbioticinteractions.org, fetched 2026-09-02"
Vernonia,Papilio cresphontes,,pollinator,flowersVisitedBy,,"globalbioticinteractions.org, fetched 2026-09-02"
Vernonia,Papilio glaucus,,feeds-on,eatenBy,,"globalbioticinteractions.org, fetched 2026-09-02"
Vernonia,Papilio glaucus,,pollinator,flowersVisitedBy,,"globalbioticinteractions.org, fetched 2026-09-02"
Vernonia,Papilio palamedes,,pollinator,visitedBy,,"globalbioticinteractions.org, fetched 2026-09-02"
Vernonia,Papilio polyxenes asterius,,feeds-on,eatenBy,,"globalbioticinteractions.org, fetched 2026-09-02"
Vernonia,Papilio polyxenes asterius,,pollinator,flowersVisitedBy,,"globalbioticinteractions.org, fetched 2026-09-02"
Vernonia,Patellapis (Madagalictus) castanea (Benoist),,pollinator,flowersVisitedBy,,"globalbioticinteractions.org, fetched 2026-09-02"
Vernonia,Patellapis castanea,,pollinator,flowersVisitedBy,,"globalbioticinteractions.org, fetched 2026-09-02"
Vernonia,Perdita boltoniae,,pollinator,pollinatedBy,,"globalbioticinteractions.org, fetched 2026-09-02"
Vernonia,Phoebis,,pollinator,pollinatedBy,,"globalbioticinteractions.org, fetched 2026-09-02"
Vernonia,Phyciodes tharos,,pollinator,flowersVisitedBy,,"globalbioticinteractions.org, fetched 2026-09-02"
Vernonia,Polistes dominula,,pollinator,flowersVisitedBy,,"globalbioticinteractions.org, fetched 2026-09-02"
Vernonia,Polistes fuscatus,,pollinator,pollinatedBy,,"globalbioticinteractions.org, fetched 2026-09-02"
Vernonia,Polites coras,,pollinator,flowersVisitedBy,,"globalbioticinteractions.org, fetched 2026-09-02"
Vernonia,Polites egeremet,,pollinator,flowersVisitedBy,,"globalbioticinteractions.org, fetched 2026-09-02"
Vernonia,Polites peckius,,feeds-on,eatenBy,,"globalbioticinteractions.org, fetched 2026-09-02"
Vernonia,Polites peckius,,pollinator,flowersVisitedBy,,"globalbioticinteractions.org, fetched 2026-09-02"
Vernonia,Pseudoanthidium nanum,,pollinator,flowersVisitedBy,,"globalbioticinteractions.org, fetched 2026-09-02"
Vernonia,Pseudozizeeria maha,,feeds-on,eatenBy,,"globalbioticinteractions.org, fetched 2026-09-02"
Vernonia,Ptilothrix bombiformis,,pollinator,flowersVisitedBy,,"globalbioticinteractions.org, fetched 2026-09-02"
Vernonia,Rhodobaenus tredecimpunctatus,,pollinator,visitedBy,,"globalbioticinteractions.org, fetched 2026-09-02"
Vernonia,Sayapis,,pollinator,flowersVisitedBy,,"globalbioticinteractions.org, fetched 2026-09-02"
Vernonia,Sceliphron caementarium,,pollinator,visitedBy,,"globalbioticinteractions.org, fetched 2026-09-02"
Vernonia,Scolia nobilitata,,pollinator,pollinatedBy,,"globalbioticinteractions.org, fetched 2026-09-02"
Vernonia,Seladonia (Seladonia) hotoni (Vachal),,pollinator,flowersVisitedBy,,"globalbioticinteractions.org, fetched 2026-09-02"
Vernonia,Sphecodes confertus,,pollinator,pollinatedBy,,"globalbioticinteractions.org, fetched 2026-09-02"
Vernonia,Sphecodes dichrous,,pollinator,pollinatedBy,,"globalbioticinteractions.org, fetched 2026-09-02"
Vernonia,Spialia galba galba,,feeds-on,eatenBy,,"globalbioticinteractions.org, fetched 2026-09-02"
Vernonia,Spilosoma virginica,,pollinator,flowersVisitedBy,,"globalbioticinteractions.org, fetched 2026-09-02"
Vernonia,Stagmomantis carolina,,pollinator,flowersVisitedBy,,"globalbioticinteractions.org, fetched 2026-09-02"
Vernonia,Stictocephala diceros,,pollinator,visitedBy,,"globalbioticinteractions.org, fetched 2026-09-02"
Vernonia,Svastra compta,,pollinator,pollinatedBy,,"globalbioticinteractions.org, fetched 2026-09-02"
Vernonia,Svastra obliqua,,pollinator,flowersVisitedBy,,"globalbioticinteractions.org, fetched 2026-09-02"
Vernonia,Syrphidae,,pollinator,flowersVisitedBy,,"globalbioticinteractions.org, fetched 2026-09-02"
Vernonia,Tagiades gana,,feeds-on,eatenBy,,"globalbioticinteractions.org, fetched 2026-09-02"
Vernonia,Tegosa anieta,,feeds-on,hostOf,,"globalbioticinteractions.org, fetched 2026-09-02"
Vernonia,Temelucha albipennis,,pollinator,pollinatedBy,,"globalbioticinteractions.org, fetched 2026-09-02"
Vernonia,Tetragonisca angustula,,pollinator,flowersVisitedBy,,"globalbioticinteractions.org, fetched 2026-09-02"
Vernonia,Thrinchostoma silvaticum,,pollinator,flowersVisitedBy,,"globalbioticinteractions.org, fetched 2026-09-02"
Vernonia,Triepeolus remigatus,,pollinator,flowersVisitedBy,,"globalbioticinteractions.org, fetched 2026-09-02"
Vernonia,Urbanus,,pollinator,pollinatedBy,,"globalbioticinteractions.org, fetched 2026-09-02"
Vernonia,Vanessa virginiensis,,feeds-on,eatenBy,,"globalbioticinteractions.org, fetched 2026-09-02"
Vernonia,Vanessa virginiensis,,pollinator,flowersVisitedBy,,"globalbioticinteractions.org, fetched 2026-09-02"
Vernonia,Vittaplusia vittata,,feeds-on,hostOf,,"globalbioticinteractions.org, fetched 2026-09-02"
Vernonia,Xuthopona helata,,feeds-on,eatenBy,,"globalbioticinteractions.org, fetched 2026-09-02"
Vernonia,Xylocopa,,pollinator,pollinatedBy,,"globalbioticinteractions.org, fetched 2026-09-02"
Vernonia,Xylocopa micans,,pollinator,flowersVisitedBy,,"globalbioticinteractions.org, fetched 2026-09-02"
Vernonia,Xylocopa virginica,,feeds-on,eatenBy,,"globalbioticinteractions.org, fetched 2026-09-02"
Vernonia,Xylocopa virginica,,pollinator,flowersVisitedBy,,"globalbioticinteractions.org, fetched 2026-09-02"
Vernonia,Xylophanes tersa,,pollinator,pollinatedBy,,"globalbioticinteractions.org, fetched 2026-09-02"
Vernonia,Zadontomerus,,feeds-on,eatenBy,,"globalbioticinteractions.org, fetched 2026-09-02"
Vernonia,Zadontomerus,,pollinator,flowersVisitedBy,,"globalbioticinteractions.org, fetched 2026-09-02"
Vernonia,Zizeeria karsandra,,feeds-on,eatenBy,,"globalbioticinteractions.org, fetched 2026-09-02"
Vernonia,Zizina otis,,feeds-on,eatenBy,,"globalbioticinteractions.org, fetched 2026-09-02"
Viburnum,Abraxas sylvata,,feeds-on,eatenBy,,"globalbioticinteractions.org, fetched 2026-09-02"
Viburnum,Acanthis flammea,,feeds-on,eatenBy,,"globalbioticinteractions.org, fetched 2026-09-02"
Viburnum,Acanthosoma haemorrhoidale,,feeds-on,eatenBy,,"globalbioticinteractions.org, fetched 2026-09-02"
Viburnum,Acanthosoma haemorrhoidale,,pollinator,visitedBy,,"globalbioticinteractions.org, fetched 2026-09-02"
Viburnum,Acleris schalleriana,,feeds-on,eatenBy,,"globalbioticinteractions.org, fetched 2026-09-02"
Viburnum,Adela croesella,,feeds-on,eatenBy,,"globalbioticinteractions.org, fetched 2026-09-02"
Viburnum,Aegithalos caudatus,,feeds-on,eatenBy,,"globalbioticinteractions.org, fetched 2026-09-02"
Viburnum,Agalliopsis peneoculata,,feeds-on,eatenBy,,"globalbioticinteractions.org, fetched 2026-09-02"
Viburnum,Aglais io,,feeds-on,eatenBy,,"globalbioticinteractions.org, fetched 2026-09-02"
Viburnum,Aglais urticae,,pollinator,flowersVisitedBy,,"globalbioticinteractions.org, fetched 2026-09-02"
Viburnum,Alectoris graeca,,feeds-on,eatenBy,,"globalbioticinteractions.org, fetched 2026-09-02"
Viburnum,Anaspis pulicaria,,pollinator,flowersVisitedBy,,"globalbioticinteractions.org, fetched 2026-09-02"
Viburnum,Andrena chrysosceles,,pollinator,flowersVisitedBy,,"globalbioticinteractions.org, fetched 2026-09-02"
Viburnum,Andrena crataegi,,pollinator,flowersVisitedBy,,"globalbioticinteractions.org, fetched 2026-09-02"
Viburnum,Andrena dorsata,,pollinator,flowersVisitedBy,,"globalbioticinteractions.org, fetched 2026-09-02"
Viburnum,Andrena flavipes,,pollinator,flowersVisitedBy,,"globalbioticinteractions.org, fetched 2026-09-02"
Viburnum,Andrena helvola,,pollinator,pollinatedBy,,"globalbioticinteractions.org, fetched 2026-09-02"
Viburnum,Andrena lathyri,,pollinator,pollinatedBy,,"globalbioticinteractions.org, fetched 2026-09-02"
Viburnum,Andrena nigroaenea,,pollinator,flowersVisitedBy,,"globalbioticinteractions.org, fetched 2026-09-02"
Viburnum,Andrena nitida,,pollinator,flowersVisitedBy,,"globalbioticinteractions.org, fetched 2026-09-02"
Viburnum,Andrena scotica,,pollinator,flowersVisitedBy,,"globalbioticinteractions.org, fetched 2026-09-02"
Viburnum,Angerona prunaria,,feeds-on,eatenBy,,"globalbioticinteractions.org, fetched 2026-09-02"
Viburnum,Anoplophora chinensis,,feeds-on,hostOf,,"globalbioticinteractions.org, fetched 2026-09-02"
Viburnum,Anser anser,,feeds-on,eatenBy,,"globalbioticinteractions.org, fetched 2026-09-02"
Viburnum,Aphis spiraecola,,feeds-on,eatenBy,,"globalbioticinteractions.org, fetched 2026-09-02"
Viburnum,Aphis viburniphila,,feeds-on,eatenBy,,"globalbioticinteractions.org, fetched 2026-09-02"
Viburnum,Apodemus flavicollis,,feeds-on,eatenBy,,"globalbioticinteractions.org, fetched 2026-09-02"
Viburnum,Aporia crataegi,,feeds-on,eatenBy,,"globalbioticinteractions.org, fetched 2026-09-02"
Viburnum,Araschnia levana,,feeds-on,eatenBy,,"globalbioticinteractions.org, fetched 2026-09-02"
Viburnum,Archips rosana,,feeds-on,eatenBy,,"globalbioticinteractions.org, fetched 2026-09-02"
Viburnum,Arctia caja,,feeds-on,eatenBy,,"globalbioticinteractions.org, fetched 2026-09-02"
Viburnum,Asteroscopus sphinx,,feeds-on,eatenBy,,"globalbioticinteractions.org, fetched 2026-09-02"
Viburnum,Atalopedes huron,,pollinator,flowersVisitedBy,,"globalbioticinteractions.org, fetched 2026-09-02"
Viburnum,BOLD:AAP7361,,feeds-on,hostOf,,"globalbioticinteractions.org, fetched 2026-09-02"
Viburnum,Bombus hypnorum,,pollinator,flowersVisitedBy,,"globalbioticinteractions.org, fetched 2026-09-02"
Viburnum,Bombus pascuorum,,pollinator,flowersVisitedBy,,"globalbioticinteractions.org, fetched 2026-09-02"
Viburnum,Bonasa umbellus,,feeds-on,eatenBy,,"globalbioticinteractions.org, fetched 2026-09-02"
Viburnum,Cabera pusaria,,feeds-on,eatenBy,,"globalbioticinteractions.org, fetched 2026-09-02"
Viburnum,Callophrys rubi,,pollinator,flowersVisitedBy,,"globalbioticinteractions.org, fetched 2026-09-02"
Viburnum,Callophrys rubi,,feeds-on,eatenBy,,"globalbioticinteractions.org, fetched 2026-09-02"
Viburnum,Carcina quercana,,feeds-on,eatenBy,,"globalbioticinteractions.org, fetched 2026-09-02"
Viburnum,Cardinalis cardinalis,,feeds-on,eatenBy,,"globalbioticinteractions.org, fetched 2026-09-02"
Viburnum,Celastrina argiolus,,pollinator,flowersVisitedBy,,"globalbioticinteractions.org, fetched 2026-09-02"
Viburnum,Cepaea hortensis,,feeds-on,eatenBy,,"globalbioticinteractions.org, fetched 2026-09-02"
Viburnum,Chlorophorus figuratus,,feeds-on,eatenBy,,"globalbioticinteractions.org, fetched 2026-09-02"
Viburnum,Coleoptera,,pollinator,pollinatedBy,,"globalbioticinteractions.org, fetched 2026-09-02"
Viburnum,Columba livia domestica,,feeds-on,eatenBy,,"globalbioticinteractions.org, fetched 2026-09-02"
Viburnum,Contarinia sambuci,,feeds-on,eatenBy,,"globalbioticinteractions.org, fetched 2026-09-02"
Viburnum,Contarinia viburnorum,,feeds-on,hostOf,,"globalbioticinteractions.org, fetched 2026-09-02"
Viburnum,Corvus monedula,,feeds-on,eatenBy,,"globalbioticinteractions.org, fetched 2026-09-02"
Viburnum,Cryptocephalus bipunctatus,,feeds-on,eatenBy,,"globalbioticinteractions.org, fetched 2026-09-02"
Viburnum,Darapsa choerilus,,feeds-on,eatenBy,,"globalbioticinteractions.org, fetched 2026-09-02"
Viburnum,Darapsa choerilus,,pollinator,visitedBy,,"globalbioticinteractions.org, fetched 2026-09-02"
Viburnum,Dendrocopos major,,feeds-on,eatenBy,,"globalbioticinteractions.org, fetched 2026-09-02"
Viburnum,Dictyla echii,,feeds-on,eatenBy,,"globalbioticinteractions.org, fetched 2026-09-02"
Viburnum,Dinoptera collaris,,feeds-on,eatenBy,,"globalbioticinteractions.org, fetched 2026-09-02"
Viburnum,Edwardsiana prunicola,,feeds-on,eatenBy,,"globalbioticinteractions.org, fetched 2026-09-02"
Viburnum,Emberiza cia,,feeds-on,eatenBy,,"globalbioticinteractions.org, fetched 2026-09-02"
Viburnum,Emberiza citrinella,,feeds-on,eatenBy,,"globalbioticinteractions.org, fetched 2026-09-02"
Viburnum,Empis livida,,pollinator,flowersVisitedBy,,"globalbioticinteractions.org, fetched 2026-09-02"
Viburnum,Empis tessellata,,pollinator,flowersVisitedBy,,"globalbioticinteractions.org, fetched 2026-09-02"
Viburnum,Empoasca vitis,,feeds-on,eatenBy,,"globalbioticinteractions.org, fetched 2026-09-02"
Viburnum,Epargyreus clarus,,pollinator,flowersVisitedBy,,"globalbioticinteractions.org, fetched 2026-09-02"
Viburnum,Epuraea aestiva,,feeds-on,eatenBy,,"globalbioticinteractions.org, fetched 2026-09-02"
Viburnum,Erinaceus europaeus,,feeds-on,eatenBy,,"globalbioticinteractions.org, fetched 2026-09-02"
Viburnum,Eriophyes viburni,,feeds-on,hostOf,,"globalbioticinteractions.org, fetched 2026-09-02"
Viburnum,Eriophyes viburni,,pollinator,visitedBy,,"globalbioticinteractions.org, fetched 2026-09-02"
Viburnum,Eristalis horticola,,pollinator,flowersVisitedBy,,"globalbioticinteractions.org, fetched 2026-09-02"
Viburnum,Eristalis pertinax,,pollinator,flowersVisitedBy,,"globalbioticinteractions.org, fetched 2026-09-02"
Viburnum,Eristalis similis,,pollinator,visitedBy,,"globalbioticinteractions.org, fetched 2026-09-02"
Viburnum,Eristalis tenax,,pollinator,flowersVisitedBy,,"globalbioticinteractions.org, fetched 2026-09-02"
Viburnum,Eulia ministrana,,feeds-on,eatenBy,,"globalbioticinteractions.org, fetched 2026-09-02"
Viburnum,Euphydryas aurinia,,feeds-on,eatenBy,,"globalbioticinteractions.org, fetched 2026-09-02"
Viburnum,Eupithecia actaeata,,feeds-on,eatenBy,,"globalbioticinteractions.org, fetched 2026-09-02"
Viburnum,Eupithecia exiguata,,feeds-on,eatenBy,,"globalbioticinteractions.org, fetched 2026-09-02"
Viburnum,Eupithecia satyrata,,feeds-on,eatenBy,,"globalbioticinteractions.org, fetched 2026-09-02"
Viburnum,Eupoecilia ambiguella,,feeds-on,eatenBy,,"globalbioticinteractions.org, fetched 2026-09-02"
Viburnum,Eusphalerum longipenne,,feeds-on,eatenBy,,"globalbioticinteractions.org, fetched 2026-09-02"
Viburnum,Evodinus monticola,,pollinator,flowersVisitedBy,,"globalbioticinteractions.org, fetched 2026-09-02"
Viburnum,Fabriciana adippe,,pollinator,flowersVisitedBy,,"globalbioticinteractions.org, fetched 2026-09-02"
Viburnum,Fieberiella florii,,feeds-on,eatenBy,,"globalbioticinteractions.org, fetched 2026-09-02"
Viburnum,Formica fusca,,pollinator,flowersVisitedBy,,"globalbioticinteractions.org, fetched 2026-09-02"
Viburnum,Fringilla montifringilla,,feeds-on,eatenBy,,"globalbioticinteractions.org, fetched 2026-09-02"
Viburnum,Galerucella lineola,,feeds-on,eatenBy,,"globalbioticinteractions.org, fetched 2026-09-02"
Viburnum,Gallinula chloropus,,feeds-on,eatenBy,,"globalbioticinteractions.org, fetched 2026-09-02"
Viburnum,Garrulus glandarius,,feeds-on,eatenBy,,"globalbioticinteractions.org, fetched 2026-09-02"
Viburnum,Geokichla sibirica,,feeds-on,eatenBy,,"globalbioticinteractions.org, fetched 2026-09-02"
Viburnum,Globiceps sphaegiformis,,feeds-on,eatenBy,,"globalbioticinteractions.org, fetched 2026-09-02"
Viburnum,Gnophos furvata,,feeds-on,eatenBy,,"globalbioticinteractions.org, fetched 2026-09-02"
Viburnum,Halictus confusus,,pollinator,pollinatedBy,,"globalbioticinteractions.org, fetched 2026-09-02"
Viburnum,Halictus farinosus,,pollinator,flowersVisitedBy,,"globalbioticinteractions.org, fetched 2026-09-02"
Viburnum,Halyomorpha halys,,feeds-on,eatenBy,,"globalbioticinteractions.org, fetched 2026-09-02"
Viburnum,Hebata distracta,,feeds-on,eatenBy,,"globalbioticinteractions.org, fetched 2026-09-02"
Viburnum,Hebata venusta,,feeds-on,eatenBy,,"globalbioticinteractions.org, fetched 2026-09-02"
Viburnum,Hebata vergena,,feeds-on,eatenBy,,"globalbioticinteractions.org, fetched 2026-09-02"
Viburnum,Hedya nubiferana,,feeds-on,eatenBy,,"globalbioticinteractions.org, fetched 2026-09-02"
Viburnum,Hyphantria cunea,,feeds-on,eatenBy,,"globalbioticinteractions.org, fetched 2026-09-02"
Viburnum,Hypodryas maturna,,feeds-on,eatenBy,,"globalbioticinteractions.org, fetched 2026-09-02"
Viburnum,Ibidoecus longiclypeatus,,feeds-on,eatenBy,,"globalbioticinteractions.org, fetched 2026-09-02"
Viburnum,Isomira murina,,pollinator,flowersVisitedBy,,"globalbioticinteractions.org, fetched 2026-09-02"
Viburnum,Issus coleoptratus,,pollinator,visitedBy,,"globalbioticinteractions.org, fetched 2026-09-02"
Viburnum,Lasiocampa quercus,,feeds-on,eatenBy,,"globalbioticinteractions.org, fetched 2026-09-02"
Viburnum,Lasioglossum calceatum,,pollinator,flowersVisitedBy,,"globalbioticinteractions.org, fetched 2026-09-02"
Viburnum,Lasiommata megera,,feeds-on,eatenBy,,"globalbioticinteractions.org, fetched 2026-09-02"
Viburnum,Lepidoptera,,pollinator,pollinatedBy,,"globalbioticinteractions.org, fetched 2026-09-02"
Viburnum,Leptura aethiops,,feeds-on,eatenBy,,"globalbioticinteractions.org, fetched 2026-09-02"
Viburnum,Lomographa bimaculata,,feeds-on,eatenBy,,"globalbioticinteractions.org, fetched 2026-09-02"
Viburnum,Lophophanes cristatus,,feeds-on,eatenBy,,"globalbioticinteractions.org, fetched 2026-09-02"
Viburnum,Lullula arborea,,feeds-on,eatenBy,,"globalbioticinteractions.org, fetched 2026-09-02"
Viburnum,Macrophya albicincta,,feeds-on,eatenBy,,"globalbioticinteractions.org, fetched 2026-09-02"
Viburnum,Martes foina,,feeds-on,eatenBy,,"globalbioticinteractions.org, fetched 2026-09-02"
Viburnum,Mecaphesa asperata,,pollinator,visitedBy,,"globalbioticinteractions.org, fetched 2026-09-02"
Viburnum,Meles meles,,feeds-on,eatenBy,,"globalbioticinteractions.org, fetched 2026-09-02"
Viburnum,Metcalfa pruinosa,,feeds-on,eatenBy,,"globalbioticinteractions.org, fetched 2026-09-02"
Viburnum,Monticola solitarius,,feeds-on,eatenBy,,"globalbioticinteractions.org, fetched 2026-09-02"
Viburnum,Montifringilla nivalis,,feeds-on,eatenBy,,"globalbioticinteractions.org, fetched 2026-09-02"
Viburnum,Mordellistena,,pollinator,pollinatedBy,,"globalbioticinteractions.org, fetched 2026-09-02"
Viburnum,Muscardinus avellanarius,,feeds-on,eatenBy,,"globalbioticinteractions.org, fetched 2026-09-02"
Viburnum,Nomada flavoguttata,,pollinator,flowersVisitedBy,,"globalbioticinteractions.org, fetched 2026-09-02"
Viburnum,Oedemera croceicollis,,feeds-on,eatenBy,,"globalbioticinteractions.org, fetched 2026-09-02"
Viburnum,Ophiusa tirhaca,,feeds-on,eatenBy,,"globalbioticinteractions.org, fetched 2026-09-02"
Viburnum,Orientus ishidae,,feeds-on,eatenBy,,"globalbioticinteractions.org, fetched 2026-09-02"
Viburnum,Oriolus oriolus,,feeds-on,eatenBy,,"globalbioticinteractions.org, fetched 2026-09-02"
Viburnum,Orthosia cerasi,,feeds-on,eatenBy,,"globalbioticinteractions.org, fetched 2026-09-02"
Viburnum,Osmia bicornis,,pollinator,pollinatedBy,,"globalbioticinteractions.org, fetched 2026-09-02"
Viburnum,Osmia cornifrons,,pollinator,flowersVisitedBy,,"globalbioticinteractions.org, fetched 2026-09-02"
Viburnum,Osmia cornuta,,pollinator,pollinatedBy,,"globalbioticinteractions.org, fetched 2026-09-02"
Viburnum,Ovis aries,,feeds-on,eatenBy,,"globalbioticinteractions.org, fetched 2026-09-02"
Viburnum,Papilio glaucus,,pollinator,flowersVisitedBy,,"globalbioticinteractions.org, fetched 2026-09-02"
Viburnum,Pararge aegeria,,pollinator,flowersVisitedBy,,"globalbioticinteractions.org, fetched 2026-09-02"
Viburnum,Parus montanus,,feeds-on,eatenBy,,"globalbioticinteractions.org, fetched 2026-09-02"
Viburnum,Passer italiae,,feeds-on,eatenBy,,"globalbioticinteractions.org, fetched 2026-09-02"
Viburnum,Philaenus spumarius,,feeds-on,eatenBy,,"globalbioticinteractions.org, fetched 2026-09-02"
Viburnum,Pica pica,,feeds-on,eatenBy,,"globalbioticinteractions.org, fetched 2026-09-02"
Viburnum,Picus viridis,,feeds-on,eatenBy,,"globalbioticinteractions.org, fetched 2026-09-02"
Viburnum,Platycheirus albimanus,,pollinator,flowersVisitedBy,,"globalbioticinteractions.org, fetched 2026-09-02"
Viburnum,Pollenia pediculata,,pollinator,flowersVisitedBy,,"globalbioticinteractions.org, fetched 2026-09-02"
Viburnum,Polygonia c-album,,pollinator,flowersVisitedBy,,"globalbioticinteractions.org, fetched 2026-09-02"
Viburnum,Prunella modularis,,feeds-on,eatenBy,,"globalbioticinteractions.org, fetched 2026-09-02"
Viburnum,Pyrrhocorax pyrrhocorax,,feeds-on,eatenBy,,"globalbioticinteractions.org, fetched 2026-09-02"
Viburnum,Pyrrhula pyrrhula,,feeds-on,eatenBy,,"globalbioticinteractions.org, fetched 2026-09-02"
Viburnum,Regulus ignicapilla,,feeds-on,eatenBy,,"globalbioticinteractions.org, fetched 2026-09-02"
Viburnum,Ricania speculum,,feeds-on,eatenBy,,"globalbioticinteractions.org, fetched 2026-09-02"
Viburnum,Ropalopus macropus,,feeds-on,eatenBy,,"globalbioticinteractions.org, fetched 2026-09-02"
Viburnum,Sackenomyia reaumurii,,feeds-on,eatenBy,,"globalbioticinteractions.org, fetched 2026-09-02"
Viburnum,Sackenomyia reaumurii,,pollinator,visitedBy,,"globalbioticinteractions.org, fetched 2026-09-02"
Viburnum,Saturnia pavonia,,feeds-on,eatenBy,,"globalbioticinteractions.org, fetched 2026-09-02"
Viburnum,Saxicola torquatus,,feeds-on,eatenBy,,"globalbioticinteractions.org, fetched 2026-09-02"
Viburnum,Sciaphilus asperatus,,pollinator,visitedBy,,"globalbioticinteractions.org, fetched 2026-09-02"
Viburnum,Sciurus carolinensis,,feeds-on,eatenBy,,"globalbioticinteractions.org, fetched 2026-09-02"
Viburnum,Scoliopteryx libatrix,,feeds-on,eatenBy,,"globalbioticinteractions.org, fetched 2026-09-02"
Viburnum,Selenia dentaria,,feeds-on,eatenBy,,"globalbioticinteractions.org, fetched 2026-09-02"
Viburnum,Selenia lunularia,,feeds-on,eatenBy,,"globalbioticinteractions.org, fetched 2026-09-02"
Viburnum,Serinus serinus,,feeds-on,eatenBy,,"globalbioticinteractions.org, fetched 2026-09-02"
Viburnum,Setophaga pinus,,feeds-on,eatenBy,,"globalbioticinteractions.org, fetched 2026-09-02"
Viburnum,Setophaga striata,,feeds-on,eatenBy,,"globalbioticinteractions.org, fetched 2026-09-02"
Viburnum,Sialia sialis,,feeds-on,eatenBy,,"globalbioticinteractions.org, fetched 2026-09-02"
Viburnum,Sphinx ligustri,,feeds-on,eatenBy,,"globalbioticinteractions.org, fetched 2026-09-02"
Viburnum,Sylvia cantillans,,feeds-on,eatenBy,,"globalbioticinteractions.org, fetched 2026-09-02"
Viburnum,Sylvia curruca,,feeds-on,eatenBy,,"globalbioticinteractions.org, fetched 2026-09-02"
Viburnum,Sylvia melanocephala,,feeds-on,eatenBy,,"globalbioticinteractions.org, fetched 2026-09-02"
Viburnum,Sylvia undata,,feeds-on,eatenBy,,"globalbioticinteractions.org, fetched 2026-09-02"
Viburnum,Taeniothrips inconsequens,,feeds-on,eatenBy,,"globalbioticinteractions.org, fetched 2026-09-02"
Viburnum,Tenthredo livida,,feeds-on,eatenBy,,"globalbioticinteractions.org, fetched 2026-09-02"
Viburnum,Tenthredo vespa,,pollinator,visitedBy,,"globalbioticinteractions.org, fetched 2026-09-02"
Viburnum,Tetrao urogallus,,feeds-on,eatenBy,,"globalbioticinteractions.org, fetched 2026-09-02"
Viburnum,Tetrastes bonasia,,feeds-on,eatenBy,,"globalbioticinteractions.org, fetched 2026-09-02"
Viburnum,Turdus torquatus,,feeds-on,eatenBy,,"globalbioticinteractions.org, fetched 2026-09-02"
Viburnum,Valgus hemipterus,,pollinator,flowersVisitedBy,,"globalbioticinteractions.org, fetched 2026-09-02"
Viburnum,Vilbasteana oculata,,feeds-on,eatenBy,,"globalbioticinteractions.org, fetched 2026-09-02"
Viburnum,Vulpes vulpes,,feeds-on,eatenBy,,"globalbioticinteractions.org, fetched 2026-09-02"
Viburnum,Xylocopa virginica,,pollinator,flowersVisitedBy,,"globalbioticinteractions.org, fetched 2026-09-02"
Viburnum,Zeuzera pyrina,,feeds-on,eatenBy,,"globalbioticinteractions.org, fetched 2026-09-02"
