region,inat_place_id,taxon_group,animal_species,animal_common,taxon_id,observation_count,fetched_on,source
"Dallas County, TX",1281,Lepidoptera,Achatia distincta,Distinct Quaker,212313,13,2026-09-25,"api.inaturalist.org species_counts (place_id, research grade, wild)"
"Dallas County, TX",1281,Lepidoptera,Achroia grisella,Lesser Wax Moth,362715,4,2026-09-25,"api.inaturalist.org species_counts (place_id, research grade, wild)"
"Dallas County, TX",1281,Lepidoptera,Achyra bifidalis,,330717,4,2026-09-25,"api.inaturalist.org species_counts (place_id, research grade, wild)"
"Dallas County, TX",1281,Lepidoptera,Achyra rantalis,Garden Webworm Moth,204077,629,2026-09-25,"api.inaturalist.org species_counts (place_id, research grade, wild)"
"Dallas County, TX",1281,Lepidoptera,Acleris semipurpurana,Oak Leafshredder Moth,319692,86,2026-09-25,"api.inaturalist.org species_counts (place_id, research grade, wild)"
"Dallas County, TX",1281,Lepidoptera,Acleris subnivana,Bent-winged Acleris Moth,205210,1,2026-09-25,"api.inaturalist.org species_counts (place_id, research grade, wild)"
"Dallas County, TX",1281,Lepidoptera,Acoloithus falsarius,Clemens' False Skeletonizer,417078,1,2026-09-25,"api.inaturalist.org species_counts (place_id, research grade, wild)"
"Dallas County, TX",1281,Lepidoptera,Acrobasis demotella,Walnut Shoot Moth,212376,4,2026-09-25,"api.inaturalist.org species_counts (place_id, research grade, wild)"
"Dallas County, TX",1281,Lepidoptera,Acrobasis texana,,560508,1,2026-09-25,"api.inaturalist.org species_counts (place_id, research grade, wild)"
"Dallas County, TX",1281,Lepidoptera,Acrocercops albinatella,,416858,2,2026-09-25,"api.inaturalist.org species_counts (place_id, research grade, wild)"
"Dallas County, TX",1281,Lepidoptera,Acrolophus arcanella,Arcane Grass Tubeworm Moth,212397,56,2026-09-25,"api.inaturalist.org species_counts (place_id, research grade, wild)"
"Dallas County, TX",1281,Lepidoptera,Acrolophus cressoni,Cresson's Grass Tubeworm Moth,371203,282,2026-09-25,"api.inaturalist.org species_counts (place_id, research grade, wild)"
"Dallas County, TX",1281,Lepidoptera,Acrolophus heppneri,Heppner's Grass Tubeworm Moth,474497,23,2026-09-25,"api.inaturalist.org species_counts (place_id, research grade, wild)"
"Dallas County, TX",1281,Lepidoptera,Acrolophus mortipennella,Long-horned Grass Tubeworm Moth,416853,41,2026-09-25,"api.inaturalist.org species_counts (place_id, research grade, wild)"
"Dallas County, TX",1281,Lepidoptera,Acrolophus mycetophagus,Frilly Grass Tubeworm Moth,371787,2,2026-09-25,"api.inaturalist.org species_counts (place_id, research grade, wild)"
"Dallas County, TX",1281,Lepidoptera,Acrolophus piger,Piger Grass Tubeworm Moth,486941,116,2026-09-25,"api.inaturalist.org species_counts (place_id, research grade, wild)"
"Dallas County, TX",1281,Lepidoptera,Acrolophus plumifrontella,Eastern Grass Tubeworm Moth,212400,21,2026-09-25,"api.inaturalist.org species_counts (place_id, research grade, wild)"
"Dallas County, TX",1281,Lepidoptera,Acrolophus popeanella,Clemens' Grass Tubeworm Moth,118927,99,2026-09-25,"api.inaturalist.org species_counts (place_id, research grade, wild)"
"Dallas County, TX",1281,Lepidoptera,Acrolophus simulatus,,518161,1,2026-09-25,"api.inaturalist.org species_counts (place_id, research grade, wild)"
"Dallas County, TX",1281,Lepidoptera,Acrolophus texanella,Texas Grass Tubeworm Moth,324671,68,2026-09-25,"api.inaturalist.org species_counts (place_id, research grade, wild)"
"Dallas County, TX",1281,Lepidoptera,Acronicta afflicta,Afflicted Dagger,212420,20,2026-09-25,"api.inaturalist.org species_counts (place_id, research grade, wild)"
"Dallas County, TX",1281,Lepidoptera,Acronicta americana,American Dagger,145659,46,2026-09-25,"api.inaturalist.org species_counts (place_id, research grade, wild)"
"Dallas County, TX",1281,Lepidoptera,Acronicta brumosa,Charred Dagger,212421,1,2026-09-25,"api.inaturalist.org species_counts (place_id, research grade, wild)"
"Dallas County, TX",1281,Lepidoptera,Acronicta clarescens,Clear Dagger,212422,18,2026-09-25,"api.inaturalist.org species_counts (place_id, research grade, wild)"
"Dallas County, TX",1281,Lepidoptera,Acronicta fallax,Green Marvel,479512,2,2026-09-25,"api.inaturalist.org species_counts (place_id, research grade, wild)"
"Dallas County, TX",1281,Lepidoptera,Acronicta hasta,Cherry Dagger,50955,1,2026-09-25,"api.inaturalist.org species_counts (place_id, research grade, wild)"
"Dallas County, TX",1281,Lepidoptera,Acronicta impleta,Powdered Dagger,153961,21,2026-09-25,"api.inaturalist.org species_counts (place_id, research grade, wild)"
"Dallas County, TX",1281,Lepidoptera,Acronicta increta,Eclipsed Oak Dagger,212434,1,2026-09-25,"api.inaturalist.org species_counts (place_id, research grade, wild)"
"Dallas County, TX",1281,Lepidoptera,Acronicta insularis,Marsh Dagger,624408,26,2026-09-25,"api.inaturalist.org species_counts (place_id, research grade, wild)"
"Dallas County, TX",1281,Lepidoptera,Acronicta lobeliae,Greater Oak Dagger,212441,8,2026-09-25,"api.inaturalist.org species_counts (place_id, research grade, wild)"
"Dallas County, TX",1281,Lepidoptera,Acronicta longa,Long-winged Dagger,212442,3,2026-09-25,"api.inaturalist.org species_counts (place_id, research grade, wild)"
"Dallas County, TX",1281,Lepidoptera,Acronicta morula,Ochre Dagger,205211,20,2026-09-25,"api.inaturalist.org species_counts (place_id, research grade, wild)"
"Dallas County, TX",1281,Lepidoptera,Acronicta oblinita,Smeared Dagger,129428,5,2026-09-25,"api.inaturalist.org species_counts (place_id, research grade, wild)"
"Dallas County, TX",1281,Lepidoptera,Acronicta rubricoma,Hackberry Dagger,212451,105,2026-09-25,"api.inaturalist.org species_counts (place_id, research grade, wild)"
"Dallas County, TX",1281,Lepidoptera,Acronicta tota,,450500,10,2026-09-25,"api.inaturalist.org species_counts (place_id, research grade, wild)"
"Dallas County, TX",1281,Lepidoptera,Acronicta vinnula,Delightful Dagger,212458,20,2026-09-25,"api.inaturalist.org species_counts (place_id, research grade, wild)"
"Dallas County, TX",1281,Lepidoptera,Actias luna,North American Luna Moth,47916,132,2026-09-25,"api.inaturalist.org species_counts (place_id, research grade, wild)"
"Dallas County, TX",1281,Lepidoptera,Adaina ambrosiae,Ragweed Plume Moth,343751,16,2026-09-25,"api.inaturalist.org species_counts (place_id, research grade, wild)"
"Dallas County, TX",1281,Lepidoptera,Adela caeruleella,Southern Longhorn Moth,212498,3,2026-09-25,"api.inaturalist.org species_counts (place_id, research grade, wild)"
"Dallas County, TX",1281,Lepidoptera,Adelpha eulalia,Arizona Sister,67559,1,2026-09-25,"api.inaturalist.org species_counts (place_id, research grade, wild)"
"Dallas County, TX",1281,Lepidoptera,Adelphia petrella,Rusty-banded Adelphia Moth,324693,31,2026-09-25,"api.inaturalist.org species_counts (place_id, research grade, wild)"
"Dallas County, TX",1281,Lepidoptera,Aellopos clavipes,Clavipes Sphinx,143822,1,2026-09-25,"api.inaturalist.org species_counts (place_id, research grade, wild)"
"Dallas County, TX",1281,Lepidoptera,Aellopos fadus,Fadus Sphinx,143451,1,2026-09-25,"api.inaturalist.org species_counts (place_id, research grade, wild)"
"Dallas County, TX",1281,Lepidoptera,Aellopos titan,Titan Sphinx,143821,17,2026-09-25,"api.inaturalist.org species_counts (place_id, research grade, wild)"
"Dallas County, TX",1281,Lepidoptera,Aethes heleniana,,417062,1,2026-09-25,"api.inaturalist.org species_counts (place_id, research grade, wild)"
"Dallas County, TX",1281,Lepidoptera,Aethes promptana,,326204,3,2026-09-25,"api.inaturalist.org species_counts (place_id, research grade, wild)"
"Dallas County, TX",1281,Lepidoptera,Aethes seriatana,Seriated Aethes,333445,14,2026-09-25,"api.inaturalist.org species_counts (place_id, research grade, wild)"
"Dallas County, TX",1281,Lepidoptera,Aethiophysa invisalis,Invisible Crambid,417881,9,2026-09-25,"api.inaturalist.org species_counts (place_id, research grade, wild)"
"Dallas County, TX",1281,Lepidoptera,Agnippe prunifoliella,Skunk Twirler,362823,4,2026-09-25,"api.inaturalist.org species_counts (place_id, research grade, wild)"
"Dallas County, TX",1281,Lepidoptera,Agnorisma badinodis,Pale-banded Dart,154478,66,2026-09-25,"api.inaturalist.org species_counts (place_id, research grade, wild)"
"Dallas County, TX",1281,Lepidoptera,Agonopterix argillacea,Clay-colored Agonopterix Moth,212736,1,2026-09-25,"api.inaturalist.org species_counts (place_id, research grade, wild)"
"Dallas County, TX",1281,Lepidoptera,Agonopterix clemensella,Clemens' Agonopterix,212739,1,2026-09-25,"api.inaturalist.org species_counts (place_id, research grade, wild)"
"Dallas County, TX",1281,Lepidoptera,Agriphila vulgivagellus,Vagabond Sod Webworm Moth,947590,109,2026-09-25,"api.inaturalist.org species_counts (place_id, research grade, wild)"
"Dallas County, TX",1281,Lepidoptera,Agrius cingulata,Pink-spotted Hawkmoth,119086,42,2026-09-25,"api.inaturalist.org species_counts (place_id, research grade, wild)"
"Dallas County, TX",1281,Lepidoptera,Agrotis ipsilon,Ipsilon Dart Moth,126276,77,2026-09-25,"api.inaturalist.org species_counts (place_id, research grade, wild)"
"Dallas County, TX",1281,Lepidoptera,Agrotis malefida,Rascal Dart,212869,4,2026-09-25,"api.inaturalist.org species_counts (place_id, research grade, wild)"
"Dallas County, TX",1281,Lepidoptera,Agrotis venerabilis,Venerable Dart,203458,20,2026-09-25,"api.inaturalist.org species_counts (place_id, research grade, wild)"
"Dallas County, TX",1281,Lepidoptera,Alypia octomaculata,Eight-spotted Forester Moth,84950,136,2026-09-25,"api.inaturalist.org species_counts (place_id, research grade, wild)"
"Dallas County, TX",1281,Lepidoptera,Amblyscirtes belli,Bell's Roadside-Skipper,213332,26,2026-09-25,"api.inaturalist.org species_counts (place_id, research grade, wild)"
"Dallas County, TX",1281,Lepidoptera,Amblyscirtes celia,Celia's Roadside-Skipper,148862,15,2026-09-25,"api.inaturalist.org species_counts (place_id, research grade, wild)"
"Dallas County, TX",1281,Lepidoptera,Amorpha juglandis,Walnut Sphinx,84023,501,2026-09-25,"api.inaturalist.org species_counts (place_id, research grade, wild)"
"Dallas County, TX",1281,Lepidoptera,Amphion floridensis,Nessus Sphinx,126153,43,2026-09-25,"api.inaturalist.org species_counts (place_id, research grade, wild)"
"Dallas County, TX",1281,Lepidoptera,Amphipyra pyramidoides,American Copper Underwing,119340,14,2026-09-25,"api.inaturalist.org species_counts (place_id, research grade, wild)"
"Dallas County, TX",1281,Lepidoptera,Amydria effrenatella,Brown-blotched Amydria Moth,1451386,2,2026-09-25,"api.inaturalist.org species_counts (place_id, research grade, wild)"
"Dallas County, TX",1281,Lepidoptera,Amydria margoriella,,496618,1,2026-09-25,"api.inaturalist.org species_counts (place_id, research grade, wild)"
"Dallas County, TX",1281,Lepidoptera,Amyelois transitella,Navel Orangeworm Moth,347144,1,2026-09-25,"api.inaturalist.org species_counts (place_id, research grade, wild)"
"Dallas County, TX",1281,Lepidoptera,Amyna bullula,Hook-tipped Amyna Moth,452562,6,2026-09-25,"api.inaturalist.org species_counts (place_id, research grade, wild)"
"Dallas County, TX",1281,Lepidoptera,Amyna stricta,Eight-spot Moth,514851,77,2026-09-25,"api.inaturalist.org species_counts (place_id, research grade, wild)"
"Dallas County, TX",1281,Lepidoptera,Anacampsis comparanda,,1155665,2,2026-09-25,"api.inaturalist.org species_counts (place_id, research grade, wild)"
"Dallas County, TX",1281,Lepidoptera,Anacampsis conclusella,,213495,3,2026-09-25,"api.inaturalist.org species_counts (place_id, research grade, wild)"
"Dallas County, TX",1281,Lepidoptera,Anacampsis fullonella,,325382,171,2026-09-25,"api.inaturalist.org species_counts (place_id, research grade, wild)"
"Dallas County, TX",1281,Lepidoptera,Anacampsis levipedella,Silver-dashed anacampsis,416945,14,2026-09-25,"api.inaturalist.org species_counts (place_id, research grade, wild)"
"Dallas County, TX",1281,Lepidoptera,Anaea andria,Goatweed Leafwing,81561,299,2026-09-25,"api.inaturalist.org species_counts (place_id, research grade, wild)"
"Dallas County, TX",1281,Lepidoptera,Anageshna primordialis,Yellow-spotted Webworm Moth,213510,1,2026-09-25,"api.inaturalist.org species_counts (place_id, research grade, wild)"
"Dallas County, TX",1281,Lepidoptera,Anagrapha falcifera,Celery Looper Moth,59300,12,2026-09-25,"api.inaturalist.org species_counts (place_id, research grade, wild)"
"Dallas County, TX",1281,Lepidoptera,Anatrytone logan,Delaware Skipper,58509,34,2026-09-25,"api.inaturalist.org species_counts (place_id, research grade, wild)"
"Dallas County, TX",1281,Lepidoptera,Anavitrinella atristrigaria,Gulf Coast Gray,204067,7,2026-09-25,"api.inaturalist.org species_counts (place_id, research grade, wild)"
"Dallas County, TX",1281,Lepidoptera,Anavitrinella pampinaria,North American Common Gray,63750,3,2026-09-25,"api.inaturalist.org species_counts (place_id, research grade, wild)"
"Dallas County, TX",1281,Lepidoptera,Ancylis comptana,Strawberry Leafroller Moth,213563,21,2026-09-25,"api.inaturalist.org species_counts (place_id, research grade, wild)"
"Dallas County, TX",1281,Lepidoptera,Ancylis divisana,Two-toned Ancylis Moth,213565,3,2026-09-25,"api.inaturalist.org species_counts (place_id, research grade, wild)"
"Dallas County, TX",1281,Lepidoptera,Ancylis muricana,Red-headed Ancylis Moth,213572,1,2026-09-25,"api.inaturalist.org species_counts (place_id, research grade, wild)"
"Dallas County, TX",1281,Lepidoptera,Ancylis virididorsana,,1367810,3,2026-09-25,"api.inaturalist.org species_counts (place_id, research grade, wild)"
"Dallas County, TX",1281,Lepidoptera,Ancyloxypha numitor,Least Skipper,58481,25,2026-09-25,"api.inaturalist.org species_counts (place_id, research grade, wild)"
"Dallas County, TX",1281,Lepidoptera,Anderida peorinella,,512576,2,2026-09-25,"api.inaturalist.org species_counts (place_id, research grade, wild)"
"Dallas County, TX",1281,Lepidoptera,Anicla infecta,Green Cutworm Moth,213631,493,2026-09-25,"api.inaturalist.org species_counts (place_id, research grade, wild)"
"Dallas County, TX",1281,Lepidoptera,Anisota discolor,Texas Pink-striped Oakworm Moth,509992,2,2026-09-25,"api.inaturalist.org species_counts (place_id, research grade, wild)"
"Dallas County, TX",1281,Lepidoptera,Anisota stigma,Spiny Oakworm Moth,81585,1,2026-09-25,"api.inaturalist.org species_counts (place_id, research grade, wild)"
"Dallas County, TX",1281,Lepidoptera,Anisota virginiensis,Pink-striped Oakworm Moth,81584,31,2026-09-25,"api.inaturalist.org species_counts (place_id, research grade, wild)"
"Dallas County, TX",1281,Lepidoptera,Anomis erosa,Yellow Scallop Moth,213714,1,2026-09-25,"api.inaturalist.org species_counts (place_id, research grade, wild)"
"Dallas County, TX",1281,Lepidoptera,Anomis illita,Okra Leafworm Moth,330376,1,2026-09-25,"api.inaturalist.org species_counts (place_id, research grade, wild)"
"Dallas County, TX",1281,Lepidoptera,Antaeotricha humilis,Dotted Antaeotricha Moth,325898,2,2026-09-25,"api.inaturalist.org species_counts (place_id, research grade, wild)"
"Dallas County, TX",1281,Lepidoptera,Antaeotricha leucillana,Pale Gray Bird-dropping Moth,208064,14,2026-09-25,"api.inaturalist.org species_counts (place_id, research grade, wild)"
"Dallas County, TX",1281,Lepidoptera,Antaeotricha schlaegeri,Schlaeger's Fruitworm Moth,213740,3,2026-09-25,"api.inaturalist.org species_counts (place_id, research grade, wild)"
"Dallas County, TX",1281,Lepidoptera,Anteos maerula,Yellow Angled-Sulphur,48578,1,2026-09-25,"api.inaturalist.org species_counts (place_id, research grade, wild)"
"Dallas County, TX",1281,Lepidoptera,Anthanassa texana,Texan Crescent,132339,24,2026-09-25,"api.inaturalist.org species_counts (place_id, research grade, wild)"
"Dallas County, TX",1281,Lepidoptera,Antheraea polyphemus,Polyphemus Moth,47919,312,2026-09-25,"api.inaturalist.org species_counts (place_id, research grade, wild)"
"Dallas County, TX",1281,Lepidoptera,Anthocharis midea,Falcate Orangetip,69844,19,2026-09-25,"api.inaturalist.org species_counts (place_id, research grade, wild)"
"Dallas County, TX",1281,Lepidoptera,Anticarsia gemmatalis,Velvetbean Caterpillar Moth,213809,58,2026-09-25,"api.inaturalist.org species_counts (place_id, research grade, wild)"
"Dallas County, TX",1281,Lepidoptera,Anticlea multiferata,Many-lined Carpet Moth,215210,1,2026-09-25,"api.inaturalist.org species_counts (place_id, research grade, wild)"
"Dallas County, TX",1281,Lepidoptera,Antigastra catalaunalis,Sesame Leafroller,52041,3,2026-09-25,"api.inaturalist.org species_counts (place_id, research grade, wild)"
"Dallas County, TX",1281,Lepidoptera,Apantesis arge,Arge Moth,606563,58,2026-09-25,"api.inaturalist.org species_counts (place_id, research grade, wild)"
"Dallas County, TX",1281,Lepidoptera,Apantesis doris,Doris Tiger Moth,606566,1,2026-09-25,"api.inaturalist.org species_counts (place_id, research grade, wild)"
"Dallas County, TX",1281,Lepidoptera,Apantesis figurata,Figured Tiger Moth,606572,1,2026-09-25,"api.inaturalist.org species_counts (place_id, research grade, wild)"
"Dallas County, TX",1281,Lepidoptera,Apantesis incorrupta,Immaculate Tiger Moth,606576,1,2026-09-25,"api.inaturalist.org species_counts (place_id, research grade, wild)"
"Dallas County, TX",1281,Lepidoptera,Apantesis parthenice,Parthenice Tiger Moth,606575,16,2026-09-25,"api.inaturalist.org species_counts (place_id, research grade, wild)"
"Dallas County, TX",1281,Lepidoptera,Apantesis phalerata,Harnessed Tiger Moth,135318,2,2026-09-25,"api.inaturalist.org species_counts (place_id, research grade, wild)"
"Dallas County, TX",1281,Lepidoptera,Apoda biguttata,Shagreened Slug Moth,214013,2,2026-09-25,"api.inaturalist.org species_counts (place_id, research grade, wild)"
"Dallas County, TX",1281,Lepidoptera,Apoda y-inversa,Yellow-collared Slug Moth,1094574,114,2026-09-25,"api.inaturalist.org species_counts (place_id, research grade, wild)"
"Dallas County, TX",1281,Lepidoptera,Apogeshna stenialis,Checkered Apogeshna Moth,321799,1,2026-09-25,"api.inaturalist.org species_counts (place_id, research grade, wild)"
"Dallas County, TX",1281,Lepidoptera,Aproaerema palpilineella,,791098,3,2026-09-25,"api.inaturalist.org species_counts (place_id, research grade, wild)"
"Dallas County, TX",1281,Lepidoptera,Archips argyrospila,Fruit-tree Leafroller Moth,214078,238,2026-09-25,"api.inaturalist.org species_counts (place_id, research grade, wild)"
"Dallas County, TX",1281,Lepidoptera,Archips grisea,Gray Archips Moth,417048,112,2026-09-25,"api.inaturalist.org species_counts (place_id, research grade, wild)"
"Dallas County, TX",1281,Lepidoptera,Archips semiferanus,Oak Leafroller Moth,465083,6,2026-09-25,"api.inaturalist.org species_counts (place_id, research grade, wild)"
"Dallas County, TX",1281,Lepidoptera,Archirhoe neomexicana,New Mexico Carpet Moth,346542,1,2026-09-25,"api.inaturalist.org species_counts (place_id, research grade, wild)"
"Dallas County, TX",1281,Lepidoptera,Argyresthia alternatella,Juniper Seed Moth,214129,4,2026-09-25,"api.inaturalist.org species_counts (place_id, research grade, wild)"
"Dallas County, TX",1281,Lepidoptera,Argyresthia austerella,,214133,1,2026-09-25,"api.inaturalist.org species_counts (place_id, research grade, wild)"
"Dallas County, TX",1281,Lepidoptera,Argyria gonogramma,Northern Milky Argyria Moth,1008011,14,2026-09-25,"api.inaturalist.org species_counts (place_id, research grade, wild)"
"Dallas County, TX",1281,Lepidoptera,Argyrogramma verruca,Golden Looper Moth,214144,6,2026-09-25,"api.inaturalist.org species_counts (place_id, research grade, wild)"
"Dallas County, TX",1281,Lepidoptera,Argyrostrotis anilis,Short-lined Chocolate,214147,19,2026-09-25,"api.inaturalist.org species_counts (place_id, research grade, wild)"
"Dallas County, TX",1281,Lepidoptera,Argyrotaenia quercifoliana,Yellow-winged Oak Leafroller Moth,128790,3,2026-09-25,"api.inaturalist.org species_counts (place_id, research grade, wild)"
"Dallas County, TX",1281,Lepidoptera,Aristotelia corallina,Acacia Aristotelia,367834,13,2026-09-25,"api.inaturalist.org species_counts (place_id, research grade, wild)"
"Dallas County, TX",1281,Lepidoptera,Aristotelia elegantella,Elegant Aristotelia,477160,18,2026-09-25,"api.inaturalist.org species_counts (place_id, research grade, wild)"
"Dallas County, TX",1281,Lepidoptera,Aristotelia roseosuffusella,Pink-washed Aristotelia Moth,215215,14,2026-09-25,"api.inaturalist.org species_counts (place_id, research grade, wild)"
"Dallas County, TX",1281,Lepidoptera,Aroga compositella,Six-spotted Aroga Moth,324661,16,2026-09-25,"api.inaturalist.org species_counts (place_id, research grade, wild)"
"Dallas County, TX",1281,Lepidoptera,Arta olivalis,Olive Arta Moth,324634,54,2026-09-25,"api.inaturalist.org species_counts (place_id, research grade, wild)"
"Dallas County, TX",1281,Lepidoptera,Ascalapha odorata,Black Witch,61503,77,2026-09-25,"api.inaturalist.org species_counts (place_id, research grade, wild)"
"Dallas County, TX",1281,Lepidoptera,Aspila packardi,Cherry Fruitworm Moth,1507300,16,2026-09-25,"api.inaturalist.org species_counts (place_id, research grade, wild)"
"Dallas County, TX",1281,Lepidoptera,Asterocampa celtis,Hackberry Emperor,68264,1800,2026-09-25,"api.inaturalist.org species_counts (place_id, research grade, wild)"
"Dallas County, TX",1281,Lepidoptera,Asterocampa clyton,Tawny Emperor,58587,764,2026-09-25,"api.inaturalist.org species_counts (place_id, research grade, wild)"
"Dallas County, TX",1281,Lepidoptera,Atalopedes huron,Huron Skipper,1455248,699,2026-09-25,"api.inaturalist.org species_counts (place_id, research grade, wild)"
"Dallas County, TX",1281,Lepidoptera,Athetis tarda,Slowpoke Moth,214552,3,2026-09-25,"api.inaturalist.org species_counts (place_id, research grade, wild)"
"Dallas County, TX",1281,Lepidoptera,Atlides halesus,Great Purple Hairstreak,59128,189,2026-09-25,"api.inaturalist.org species_counts (place_id, research grade, wild)"
"Dallas County, TX",1281,Lepidoptera,Atteva aurea,Ailanthus Webworm Moth,116681,827,2026-09-25,"api.inaturalist.org species_counts (place_id, research grade, wild)"
"Dallas County, TX",1281,Lepidoptera,Automeris io,Io Moth,82279,162,2026-09-25,"api.inaturalist.org species_counts (place_id, research grade, wild)"
"Dallas County, TX",1281,Lepidoptera,Autosticha kyotensis,Kyoto Moth,214687,20,2026-09-25,"api.inaturalist.org species_counts (place_id, research grade, wild)"
"Dallas County, TX",1281,Lepidoptera,Azenia obtusa,Obtuse Yellow,202013,11,2026-09-25,"api.inaturalist.org species_counts (place_id, research grade, wild)"
"Dallas County, TX",1281,Lepidoptera,Bactra verutana,Javelin Moth,214759,62,2026-09-25,"api.inaturalist.org species_counts (place_id, research grade, wild)"
"Dallas County, TX",1281,Lepidoptera,Bagisara repanda,Wavy-lined Mallow Moth,330374,4,2026-09-25,"api.inaturalist.org species_counts (place_id, research grade, wild)"
"Dallas County, TX",1281,Lepidoptera,Baileya australis,Small Baileya Moth,215225,18,2026-09-25,"api.inaturalist.org species_counts (place_id, research grade, wild)"
"Dallas County, TX",1281,Lepidoptera,Battaristis concinnusella,Music-loving Moth,452993,13,2026-09-25,"api.inaturalist.org species_counts (place_id, research grade, wild)"
"Dallas County, TX",1281,Lepidoptera,Battaristis nigratomella,Black-faced Twirler Moth,214954,2,2026-09-25,"api.inaturalist.org species_counts (place_id, research grade, wild)"
"Dallas County, TX",1281,Lepidoptera,Battaristis vittella,Orange Stripe-backed Moth,342593,2,2026-09-25,"api.inaturalist.org species_counts (place_id, research grade, wild)"
"Dallas County, TX",1281,Lepidoptera,Battus philenor,Pipevine Swallowtail,49972,1019,2026-09-25,"api.inaturalist.org species_counts (place_id, research grade, wild)"
"Dallas County, TX",1281,Lepidoptera,Bedellia somnulentella,Morning-glory Leafminer Moth,214958,1,2026-09-25,"api.inaturalist.org species_counts (place_id, research grade, wild)"
"Dallas County, TX",1281,Lepidoptera,Blastobasis glandulella,Acorn Moth,215243,37,2026-09-25,"api.inaturalist.org species_counts (place_id, research grade, wild)"
"Dallas County, TX",1281,Lepidoptera,Blepharomastix ranalis,Hollow-spotted Blepharomastix Moth,143484,146,2026-09-25,"api.inaturalist.org species_counts (place_id, research grade, wild)"
"Dallas County, TX",1281,Lepidoptera,Bleptina caradrinalis,Bent-winged Owlet,215271,39,2026-09-25,"api.inaturalist.org species_counts (place_id, research grade, wild)"
"Dallas County, TX",1281,Lepidoptera,Brephidium exilis,Western Pygmy-Blue,53843,5,2026-09-25,"api.inaturalist.org species_counts (place_id, research grade, wild)"
"Dallas County, TX",1281,Lepidoptera,Bucculatrix coronatella,Crowned Bucculatrix Moth,215501,4,2026-09-25,"api.inaturalist.org species_counts (place_id, research grade, wild)"
"Dallas County, TX",1281,Lepidoptera,Bucculatrix longula,,477546,1,2026-09-25,"api.inaturalist.org species_counts (place_id, research grade, wild)"
"Dallas County, TX",1281,Lepidoptera,Bulia deducta,Deduced Graphic,215591,67,2026-09-25,"api.inaturalist.org species_counts (place_id, research grade, wild)"
"Dallas County, TX",1281,Lepidoptera,Burnsius albezens,White Checkered-Skipper,1457202,3,2026-09-25,"api.inaturalist.org species_counts (place_id, research grade, wild)"
"Dallas County, TX",1281,Lepidoptera,Burnsius communis,Common Checkered-Skipper,1038408,156,2026-09-25,"api.inaturalist.org species_counts (place_id, research grade, wild)"
"Dallas County, TX",1281,Lepidoptera,Burnsius oileus,Tropical Checkered-Skipper,1038409,4,2026-09-25,"api.inaturalist.org species_counts (place_id, research grade, wild)"
"Dallas County, TX",1281,Lepidoptera,Cacotherapia flexilinealis,,738331,16,2026-09-25,"api.inaturalist.org species_counts (place_id, research grade, wild)"
"Dallas County, TX",1281,Lepidoptera,Caenurgia chloropha,Vetch Looper Moth,69669,24,2026-09-25,"api.inaturalist.org species_counts (place_id, research grade, wild)"
"Dallas County, TX",1281,Lepidoptera,Caenurgina crassiuscula,Clover Looper Moth,52900,1,2026-09-25,"api.inaturalist.org species_counts (place_id, research grade, wild)"
"Dallas County, TX",1281,Lepidoptera,Caenurgina erechtea,Forage Looper Moth,126640,241,2026-09-25,"api.inaturalist.org species_counts (place_id, research grade, wild)"
"Dallas County, TX",1281,Lepidoptera,Cagiva cephalanthana,,942760,5,2026-09-25,"api.inaturalist.org species_counts (place_id, research grade, wild)"
"Dallas County, TX",1281,Lepidoptera,Calliprora sexstrigella,,367282,13,2026-09-25,"api.inaturalist.org species_counts (place_id, research grade, wild)"
"Dallas County, TX",1281,Lepidoptera,Callizzia amorata,Gray Scoopwing,174566,2,2026-09-25,"api.inaturalist.org species_counts (place_id, research grade, wild)"
"Dallas County, TX",1281,Lepidoptera,Callophrys gryneus,Juniper Hairstreak,84239,68,2026-09-25,"api.inaturalist.org species_counts (place_id, research grade, wild)"
"Dallas County, TX",1281,Lepidoptera,Callophrys henrici,Henry's Elfin,127303,11,2026-09-25,"api.inaturalist.org species_counts (place_id, research grade, wild)"
"Dallas County, TX",1281,Lepidoptera,Callopistria floridensis,Florida Fern Moth,143649,13,2026-09-25,"api.inaturalist.org species_counts (place_id, research grade, wild)"
"Dallas County, TX",1281,Lepidoptera,Caloptilia belfragella,Dogwood Caloptilia Moth,464903,1,2026-09-25,"api.inaturalist.org species_counts (place_id, research grade, wild)"
"Dallas County, TX",1281,Lepidoptera,Caloptilia blandella,Walnut Caloptilia Moth,342492,7,2026-09-25,"api.inaturalist.org species_counts (place_id, research grade, wild)"
"Dallas County, TX",1281,Lepidoptera,Caloptilia rhoifoliella,Sumac Leaf Blotch Miner Moth,215898,2,2026-09-25,"api.inaturalist.org species_counts (place_id, research grade, wild)"
"Dallas County, TX",1281,Lepidoptera,Caloptilia stigmatella,Willow Leafcone Caterpillar Moth,215900,2,2026-09-25,"api.inaturalist.org species_counts (place_id, research grade, wild)"
"Dallas County, TX",1281,Lepidoptera,Caloptilia triadicae,Chinese Tallow Leaf Miner,467166,134,2026-09-25,"api.inaturalist.org species_counts (place_id, research grade, wild)"
"Dallas County, TX",1281,Lepidoptera,Caloptilia violacella,Tick-Trefoil Caloptilia Moth,324207,8,2026-09-25,"api.inaturalist.org species_counts (place_id, research grade, wild)"
"Dallas County, TX",1281,Lepidoptera,Calpodes ethlius,Brazilian Skipper,53866,121,2026-09-25,"api.inaturalist.org species_counts (place_id, research grade, wild)"
"Dallas County, TX",1281,Lepidoptera,Calycopis cecrops,Red-banded Hairstreak,122281,139,2026-09-25,"api.inaturalist.org species_counts (place_id, research grade, wild)"
"Dallas County, TX",1281,Lepidoptera,Calycopis isobeon,Dusky-blue Groundstreak,126589,108,2026-09-25,"api.inaturalist.org species_counts (place_id, research grade, wild)"
"Dallas County, TX",1281,Lepidoptera,Cameraria caryaefoliella,Pecan Leafminer Moth,215946,1,2026-09-25,"api.inaturalist.org species_counts (place_id, research grade, wild)"
"Dallas County, TX",1281,Lepidoptera,Cameraria conglomeratella,Conglomerate Oak Leafminer Moth,416868,1,2026-09-25,"api.inaturalist.org species_counts (place_id, research grade, wild)"
"Dallas County, TX",1281,Lepidoptera,Cameraria guttifinitella,Poison Ivy Leaf-miner Moth,215950,17,2026-09-25,"api.inaturalist.org species_counts (place_id, research grade, wild)"
"Dallas County, TX",1281,Lepidoptera,Cameraria hamadryadella,Solitary Oak Leafminer Moth,215951,5,2026-09-25,"api.inaturalist.org species_counts (place_id, research grade, wild)"
"Dallas County, TX",1281,Lepidoptera,Cameraria quercivorella,Rusty Oak Leafminer,416867,1,2026-09-25,"api.inaturalist.org species_counts (place_id, research grade, wild)"
"Dallas County, TX",1281,Lepidoptera,Cameraria ulmella,Elm Leafminer,215955,2,2026-09-25,"api.inaturalist.org species_counts (place_id, research grade, wild)"
"Dallas County, TX",1281,Lepidoptera,Canarsia ulmiarrosorella,Elm Leaftier Moth,174517,11,2026-09-25,"api.inaturalist.org species_counts (place_id, research grade, wild)"
"Dallas County, TX",1281,Lepidoptera,Carmenta anthracipennis,Blazing Star Clearwing,507140,2,2026-09-25,"api.inaturalist.org species_counts (place_id, research grade, wild)"
"Dallas County, TX",1281,Lepidoptera,Carmenta armasata,,62712,4,2026-09-25,"api.inaturalist.org species_counts (place_id, research grade, wild)"
"Dallas County, TX",1281,Lepidoptera,Carmenta bassiformis,Ironweed Clearwing Moth,121961,5,2026-09-25,"api.inaturalist.org species_counts (place_id, research grade, wild)"
"Dallas County, TX",1281,Lepidoptera,Carmenta ithacae,Ithaca Clearwing Moth,474634,4,2026-09-25,"api.inaturalist.org species_counts (place_id, research grade, wild)"
"Dallas County, TX",1281,Lepidoptera,Carposina ottawana,American Peach Fruit Moth,1143482,1,2026-09-25,"api.inaturalist.org species_counts (place_id, research grade, wild)"
"Dallas County, TX",1281,Lepidoptera,Catabenoides divisa,,1672167,1,2026-09-25,"api.inaturalist.org species_counts (place_id, research grade, wild)"
"Dallas County, TX",1281,Lepidoptera,Catocala agrippina,Agrippina Underwing,204066,41,2026-09-25,"api.inaturalist.org species_counts (place_id, research grade, wild)"
"Dallas County, TX",1281,Lepidoptera,Catocala amatrix,Sweetheart Underwing,143030,18,2026-09-25,"api.inaturalist.org species_counts (place_id, research grade, wild)"
"Dallas County, TX",1281,Lepidoptera,Catocala amica,Girlfriend Underwing,216250,12,2026-09-25,"api.inaturalist.org species_counts (place_id, research grade, wild)"
"Dallas County, TX",1281,Lepidoptera,Catocala carissima,Carissima Underwing,216262,6,2026-09-25,"api.inaturalist.org species_counts (place_id, research grade, wild)"
"Dallas County, TX",1281,Lepidoptera,Catocala connubialis,Connubial Underwing,216267,2,2026-09-25,"api.inaturalist.org species_counts (place_id, research grade, wild)"
"Dallas County, TX",1281,Lepidoptera,Catocala dejecta,Dejected Underwing,132706,1,2026-09-25,"api.inaturalist.org species_counts (place_id, research grade, wild)"
"Dallas County, TX",1281,Lepidoptera,Catocala desdemona,Desdemona Underwing,216270,1,2026-09-25,"api.inaturalist.org species_counts (place_id, research grade, wild)"
"Dallas County, TX",1281,Lepidoptera,Catocala epione,Epione Underwing,144080,3,2026-09-25,"api.inaturalist.org species_counts (place_id, research grade, wild)"
"Dallas County, TX",1281,Lepidoptera,Catocala ilia,Ilia Underwing,128517,18,2026-09-25,"api.inaturalist.org species_counts (place_id, research grade, wild)"
"Dallas County, TX",1281,Lepidoptera,Catocala illecta,Magdalen Underwing,216280,5,2026-09-25,"api.inaturalist.org species_counts (place_id, research grade, wild)"
"Dallas County, TX",1281,Lepidoptera,Catocala innubens,Betrothed Underwing,216281,52,2026-09-25,"api.inaturalist.org species_counts (place_id, research grade, wild)"
"Dallas County, TX",1281,Lepidoptera,Catocala lacrymosa,Tearful Underwing,216289,1,2026-09-25,"api.inaturalist.org species_counts (place_id, research grade, wild)"
"Dallas County, TX",1281,Lepidoptera,Catocala lineella,Little Lined Underwing,216291,1,2026-09-25,"api.inaturalist.org species_counts (place_id, research grade, wild)"
"Dallas County, TX",1281,Lepidoptera,Catocala maestosa,Sad Underwing,199169,451,2026-09-25,"api.inaturalist.org species_counts (place_id, research grade, wild)"
"Dallas County, TX",1281,Lepidoptera,Catocala micronympha,Little Nymph Underwing,216298,11,2026-09-25,"api.inaturalist.org species_counts (place_id, research grade, wild)"
"Dallas County, TX",1281,Lepidoptera,Catocala minuta,Little Underwing,216299,2,2026-09-25,"api.inaturalist.org species_counts (place_id, research grade, wild)"
"Dallas County, TX",1281,Lepidoptera,Catocala neogama,Bride Underwing,216303,15,2026-09-25,"api.inaturalist.org species_counts (place_id, research grade, wild)"
"Dallas County, TX",1281,Lepidoptera,Catocala piatrix,Penitent Underwing,143751,43,2026-09-25,"api.inaturalist.org species_counts (place_id, research grade, wild)"
"Dallas County, TX",1281,Lepidoptera,Catocala umbrosa,Umber Underwing,216320,4,2026-09-25,"api.inaturalist.org species_counts (place_id, research grade, wild)"
"Dallas County, TX",1281,Lepidoptera,Catocala vidua,Widow Underwing,147474,3,2026-09-25,"api.inaturalist.org species_counts (place_id, research grade, wild)"
"Dallas County, TX",1281,Lepidoptera,Cecrita biundata,Wavy-lined Heterocampa Moth,1372880,3,2026-09-25,"api.inaturalist.org species_counts (place_id, research grade, wild)"
"Dallas County, TX",1281,Lepidoptera,Cecropterus bathyllus,Southern Cloudywing,1638402,2,2026-09-25,"api.inaturalist.org species_counts (place_id, research grade, wild)"
"Dallas County, TX",1281,Lepidoptera,Cecropterus dorantes,Dorantes Longtail,1457832,7,2026-09-25,"api.inaturalist.org species_counts (place_id, research grade, wild)"
"Dallas County, TX",1281,Lepidoptera,Cecropterus lyciades,Hoary Edge,1638403,1,2026-09-25,"api.inaturalist.org species_counts (place_id, research grade, wild)"
"Dallas County, TX",1281,Lepidoptera,Cecropterus pylades,Northern Cloudywing,1638386,33,2026-09-25,"api.inaturalist.org species_counts (place_id, research grade, wild)"
"Dallas County, TX",1281,Lepidoptera,Celastrina ladon,Spring Azure,58556,1,2026-09-25,"api.inaturalist.org species_counts (place_id, research grade, wild)"
"Dallas County, TX",1281,Lepidoptera,Celastrina neglecta,Summer Azure,82792,6,2026-09-25,"api.inaturalist.org species_counts (place_id, research grade, wild)"
"Dallas County, TX",1281,Lepidoptera,Cerathosia tricolor,Etched Cerathosia,484709,1,2026-09-25,"api.inaturalist.org species_counts (place_id, research grade, wild)"
"Dallas County, TX",1281,Lepidoptera,Ceratomia amyntor,Elm Sphinx,84470,53,2026-09-25,"api.inaturalist.org species_counts (place_id, research grade, wild)"
"Dallas County, TX",1281,Lepidoptera,Ceratomia catalpae,Catalpa Sphinx,143440,16,2026-09-25,"api.inaturalist.org species_counts (place_id, research grade, wild)"
"Dallas County, TX",1281,Lepidoptera,Ceratomia hageni,Hagen's Sphinx,119027,91,2026-09-25,"api.inaturalist.org species_counts (place_id, research grade, wild)"
"Dallas County, TX",1281,Lepidoptera,Ceratomia undulosa,Waved Sphinx,82153,164,2026-09-25,"api.inaturalist.org species_counts (place_id, research grade, wild)"
"Dallas County, TX",1281,Lepidoptera,Cercyonis pegala,Common Wood-Nymph,58606,16,2026-09-25,"api.inaturalist.org species_counts (place_id, research grade, wild)"
"Dallas County, TX",1281,Lepidoptera,Cerma cerintha,Tufted Bird-dropping Moth,205216,11,2026-09-25,"api.inaturalist.org species_counts (place_id, research grade, wild)"
"Dallas County, TX",1281,Lepidoptera,Chalcoela iphitalis,Sooty-winged Chalcoela Moth,201342,41,2026-09-25,"api.inaturalist.org species_counts (place_id, research grade, wild)"
"Dallas County, TX",1281,Lepidoptera,Charadra deridens,Laugher Moth,148460,4,2026-09-25,"api.inaturalist.org species_counts (place_id, research grade, wild)"
"Dallas County, TX",1281,Lepidoptera,Chimoptesis pennsylvaniana,Filigreed Moth,417026,16,2026-09-25,"api.inaturalist.org species_counts (place_id, research grade, wild)"
"Dallas County, TX",1281,Lepidoptera,Chioides zilpa,Zilpa Longtail,146728,2,2026-09-25,"api.inaturalist.org species_counts (place_id, research grade, wild)"
"Dallas County, TX",1281,Lepidoptera,Chionodes discoocellella,Eye-ringed Chionodes Moth,216736,22,2026-09-25,"api.inaturalist.org species_counts (place_id, research grade, wild)"
"Dallas County, TX",1281,Lepidoptera,Chloridea virescens,Tobacco Budworm Moth,509353,5,2026-09-25,"api.inaturalist.org species_counts (place_id, research grade, wild)"
"Dallas County, TX",1281,Lepidoptera,Chlorochlamys appellaria,,346539,1,2026-09-25,"api.inaturalist.org species_counts (place_id, research grade, wild)"
"Dallas County, TX",1281,Lepidoptera,Chlorochlamys chloroleucaria,Blackberry Looper Moth,149017,123,2026-09-25,"api.inaturalist.org species_counts (place_id, research grade, wild)"
"Dallas County, TX",1281,Lepidoptera,Chlorochlamys phyllinaria,Thin-lined Emerald,324664,11,2026-09-25,"api.inaturalist.org species_counts (place_id, research grade, wild)"
"Dallas County, TX",1281,Lepidoptera,Chlosyne gorgone,Gorgone Checkerspot,186842,8,2026-09-25,"api.inaturalist.org species_counts (place_id, research grade, wild)"
"Dallas County, TX",1281,Lepidoptera,Chlosyne janais,Crimson Patch,132330,1,2026-09-25,"api.inaturalist.org species_counts (place_id, research grade, wild)"
"Dallas County, TX",1281,Lepidoptera,Chlosyne lacinia,Bordered Patch,68240,159,2026-09-25,"api.inaturalist.org species_counts (place_id, research grade, wild)"
"Dallas County, TX",1281,Lepidoptera,Chlosyne nycteis,Silvery Checkerspot,62978,66,2026-09-25,"api.inaturalist.org species_counts (place_id, research grade, wild)"
"Dallas County, TX",1281,Lepidoptera,Chlosyne theona,Theona Checkerspot,144223,2,2026-09-25,"api.inaturalist.org species_counts (place_id, research grade, wild)"
"Dallas County, TX",1281,Lepidoptera,Choephora fungorum,Bent-lined Dart,126995,68,2026-09-25,"api.inaturalist.org species_counts (place_id, research grade, wild)"
"Dallas County, TX",1281,Lepidoptera,Choristoneura houstonana,Juniper Budworm Moth,559931,31,2026-09-25,"api.inaturalist.org species_counts (place_id, research grade, wild)"
"Dallas County, TX",1281,Lepidoptera,Choristoneura rosaceana,Oblique-banded Leafroller Moth,143728,37,2026-09-25,"api.inaturalist.org species_counts (place_id, research grade, wild)"
"Dallas County, TX",1281,Lepidoptera,Chrysodeixis includens,Soybean Looper Moth,148908,24,2026-09-25,"api.inaturalist.org species_counts (place_id, research grade, wild)"
"Dallas County, TX",1281,Lepidoptera,Cisseps fulvicollis,Yellow-collared Scape Moth,119789,297,2026-09-25,"api.inaturalist.org species_counts (place_id, research grade, wild)"
"Dallas County, TX",1281,Lepidoptera,Cissusa spadix,Black-dotted Brown,217044,8,2026-09-25,"api.inaturalist.org species_counts (place_id, research grade, wild)"
"Dallas County, TX",1281,Lepidoptera,Cisthene packardii,Packard's Lichen Moth,143519,9,2026-09-25,"api.inaturalist.org species_counts (place_id, research grade, wild)"
"Dallas County, TX",1281,Lepidoptera,Cisthene picta,Pictured Lichen Moth,560406,7,2026-09-25,"api.inaturalist.org species_counts (place_id, research grade, wild)"
"Dallas County, TX",1281,Lepidoptera,Cisthene plumbea,Lead-colored Lichen Moth,217046,1,2026-09-25,"api.inaturalist.org species_counts (place_id, research grade, wild)"
"Dallas County, TX",1281,Lepidoptera,Cisthene tenuifascia,Thin-banded Lichen Moth,217048,23,2026-09-25,"api.inaturalist.org species_counts (place_id, research grade, wild)"
"Dallas County, TX",1281,Lepidoptera,Cisthene unifascia,One-banded Lichen Moth,362193,2,2026-09-25,"api.inaturalist.org species_counts (place_id, research grade, wild)"
"Dallas County, TX",1281,Lepidoptera,Cleora sublunaria,Double-lined Gray,143109,3,2026-09-25,"api.inaturalist.org species_counts (place_id, research grade, wild)"
"Dallas County, TX",1281,Lepidoptera,Clepsis peritana,Garden Tortrix,132789,407,2026-09-25,"api.inaturalist.org species_counts (place_id, research grade, wild)"
"Dallas County, TX",1281,Lepidoptera,Clepsis virescana,Greenish Apple Moth,258493,114,2026-09-25,"api.inaturalist.org species_counts (place_id, research grade, wild)"
"Dallas County, TX",1281,Lepidoptera,Clostera albosigma,Sigmoid Prominent,120214,2,2026-09-25,"api.inaturalist.org species_counts (place_id, research grade, wild)"
"Dallas County, TX",1281,Lepidoptera,Clydonopteron sacculana,Trumpet Vine Moth,324738,6,2026-09-25,"api.inaturalist.org species_counts (place_id, research grade, wild)"
"Dallas County, TX",1281,Lepidoptera,Cobubatha dividua,Divided Cobubatha,217260,16,2026-09-25,"api.inaturalist.org species_counts (place_id, research grade, wild)"
"Dallas County, TX",1281,Lepidoptera,Cobubatha lixiva,Dark-banded Cobubatha Moth,367010,1,2026-09-25,"api.inaturalist.org species_counts (place_id, research grade, wild)"
"Dallas County, TX",1281,Lepidoptera,Cobubatha metaspilaris,,514702,1,2026-09-25,"api.inaturalist.org species_counts (place_id, research grade, wild)"
"Dallas County, TX",1281,Lepidoptera,Cochylichroa bucera,,1486918,2,2026-09-25,"api.inaturalist.org species_counts (place_id, research grade, wild)"
"Dallas County, TX",1281,Lepidoptera,Cochylis caulocatax,,453136,1,2026-09-25,"api.inaturalist.org species_counts (place_id, research grade, wild)"
"Dallas County, TX",1281,Lepidoptera,Coelodasys unicornis,Unicorn Prominent,1373714,51,2026-09-25,"api.inaturalist.org species_counts (place_id, research grade, wild)"
"Dallas County, TX",1281,Lepidoptera,Coelostathma discopunctana,Batman Moth,203850,3,2026-09-25,"api.inaturalist.org species_counts (place_id, research grade, wild)"
"Dallas County, TX",1281,Lepidoptera,Coleotechnites albicostata,White-edged Coleotechnites Moth,342592,2,2026-09-25,"api.inaturalist.org species_counts (place_id, research grade, wild)"
"Dallas County, TX",1281,Lepidoptera,Coleotechnites florae,Coleotechnites Flower Moth,359229,10,2026-09-25,"api.inaturalist.org species_counts (place_id, research grade, wild)"
"Dallas County, TX",1281,Lepidoptera,Colias eurytheme,Orange Sulphur,58532,1171,2026-09-25,"api.inaturalist.org species_counts (place_id, research grade, wild)"
"Dallas County, TX",1281,Lepidoptera,Colobochyla interpuncta,Yellow-lined Owlet,134049,4,2026-09-25,"api.inaturalist.org species_counts (place_id, research grade, wild)"
"Dallas County, TX",1281,Lepidoptera,Conchylodes concinnalis,Double-ringed Conchylodes,354896,4,2026-09-25,"api.inaturalist.org species_counts (place_id, research grade, wild)"
"Dallas County, TX",1281,Lepidoptera,Conchylodes ovulalis,Zebra Conchylodes Moth,132445,94,2026-09-25,"api.inaturalist.org species_counts (place_id, research grade, wild)"
"Dallas County, TX",1281,Lepidoptera,Condica confederata,The Confederate,217490,1,2026-09-25,"api.inaturalist.org species_counts (place_id, research grade, wild)"
"Dallas County, TX",1281,Lepidoptera,Condica mobilis,Mobile Groundling,217493,2,2026-09-25,"api.inaturalist.org species_counts (place_id, research grade, wild)"
"Dallas County, TX",1281,Lepidoptera,Condica sutor,Cobbler Moth,217495,36,2026-09-25,"api.inaturalist.org species_counts (place_id, research grade, wild)"
"Dallas County, TX",1281,Lepidoptera,Condica videns,White-dotted Groundling,217497,60,2026-09-25,"api.inaturalist.org species_counts (place_id, research grade, wild)"
"Dallas County, TX",1281,Lepidoptera,Condylorrhiza vestigialis,Alamo Moth,318989,6,2026-09-25,"api.inaturalist.org species_counts (place_id, research grade, wild)"
"Dallas County, TX",1281,Lepidoptera,Copivaleria grotei,Grote's Sallow,174367,15,2026-09-25,"api.inaturalist.org species_counts (place_id, research grade, wild)"
"Dallas County, TX",1281,Lepidoptera,Cosmia calami,American Dun-bar Moth,126616,8,2026-09-25,"api.inaturalist.org species_counts (place_id, research grade, wild)"
"Dallas County, TX",1281,Lepidoptera,Cosmopterix pulchrimella,Beautiful Cosmopterix Moth,217646,12,2026-09-25,"api.inaturalist.org species_counts (place_id, research grade, wild)"
"Dallas County, TX",1281,Lepidoptera,Costaconvexa centrostrigaria,Bent-lined Carpet,143005,287,2026-09-25,"api.inaturalist.org species_counts (place_id, research grade, wild)"
"Dallas County, TX",1281,Lepidoptera,Crambodes talidiformis,Verbena Moth,217671,3,2026-09-25,"api.inaturalist.org species_counts (place_id, research grade, wild)"
"Dallas County, TX",1281,Lepidoptera,Crambus laqueatellus,Eastern Grass-veneer,144075,3,2026-09-25,"api.inaturalist.org species_counts (place_id, research grade, wild)"
"Dallas County, TX",1281,Lepidoptera,Crambus leachellus,Leach's Grass-veneer,217680,2,2026-09-25,"api.inaturalist.org species_counts (place_id, research grade, wild)"
"Dallas County, TX",1281,Lepidoptera,Crambus quinquareatus,Large-striped Grass-veneer,324608,2,2026-09-25,"api.inaturalist.org species_counts (place_id, research grade, wild)"
"Dallas County, TX",1281,Lepidoptera,Crocidosema plebejana,Cotton Tipworm Moth,330517,1,2026-09-25,"api.inaturalist.org species_counts (place_id, research grade, wild)"
"Dallas County, TX",1281,Lepidoptera,Ctenoplusia oxygramma,Sharp-stigma Looper Moth,217890,1,2026-09-25,"api.inaturalist.org species_counts (place_id, research grade, wild)"
"Dallas County, TX",1281,Lepidoptera,Cucullia alfarata,Camphorweed Owlet,217894,1,2026-09-25,"api.inaturalist.org species_counts (place_id, research grade, wild)"
"Dallas County, TX",1281,Lepidoptera,Cucullia laetifica,Rabbitbush Hooded Owlet,424563,12,2026-09-25,"api.inaturalist.org species_counts (place_id, research grade, wild)"
"Dallas County, TX",1281,Lepidoptera,Cucullia lethe,,504397,3,2026-09-25,"api.inaturalist.org species_counts (place_id, research grade, wild)"
"Dallas County, TX",1281,Lepidoptera,Cyclophora nanaria,Dwarf Tawny Wave,217968,83,2026-09-25,"api.inaturalist.org species_counts (place_id, research grade, wild)"
"Dallas County, TX",1281,Lepidoptera,Cyclophora packardi,Packard's Wave,217969,41,2026-09-25,"api.inaturalist.org species_counts (place_id, research grade, wild)"
"Dallas County, TX",1281,Lepidoptera,Cycnia oregonensis,Oregon Cycnia Moth,143117,3,2026-09-25,"api.inaturalist.org species_counts (place_id, research grade, wild)"
"Dallas County, TX",1281,Lepidoptera,Cycnia tenera,Delicate Cycnia Moth,143043,1,2026-09-25,"api.inaturalist.org species_counts (place_id, research grade, wild)"
"Dallas County, TX",1281,Lepidoptera,Cydia albimaculana,White-marked Cydia,217981,36,2026-09-25,"api.inaturalist.org species_counts (place_id, research grade, wild)"
"Dallas County, TX",1281,Lepidoptera,Cydia caryana,Hickory Shuckworm Moth,217982,54,2026-09-25,"api.inaturalist.org species_counts (place_id, research grade, wild)"
"Dallas County, TX",1281,Lepidoptera,Cydia garacana,,454817,1,2026-09-25,"api.inaturalist.org species_counts (place_id, research grade, wild)"
"Dallas County, TX",1281,Lepidoptera,Cydia latiferreana,Filbertworm Moth,148907,419,2026-09-25,"api.inaturalist.org species_counts (place_id, research grade, wild)"
"Dallas County, TX",1281,Lepidoptera,Cydia membrosa,,479137,6,2026-09-25,"api.inaturalist.org species_counts (place_id, research grade, wild)"
"Dallas County, TX",1281,Lepidoptera,Cyllopsis gemma,Eastern Gemmed-Satyr,143140,8,2026-09-25,"api.inaturalist.org species_counts (place_id, research grade, wild)"
"Dallas County, TX",1281,Lepidoptera,Danaus eresimus,Soldier,50065,1,2026-09-25,"api.inaturalist.org species_counts (place_id, research grade, wild)"
"Dallas County, TX",1281,Lepidoptera,Danaus gilippus,Queen,51743,815,2026-09-25,"api.inaturalist.org species_counts (place_id, research grade, wild)"
"Dallas County, TX",1281,Lepidoptera,Danaus plexippus,Monarch,48662,2650,2026-09-25,"api.inaturalist.org species_counts (place_id, research grade, wild)"
"Dallas County, TX",1281,Lepidoptera,Darapsa choerilus,Azalea Sphinx,128241,2,2026-09-25,"api.inaturalist.org species_counts (place_id, research grade, wild)"
"Dallas County, TX",1281,Lepidoptera,Darapsa myron,Virginia Creeper Sphinx,118503,115,2026-09-25,"api.inaturalist.org species_counts (place_id, research grade, wild)"
"Dallas County, TX",1281,Lepidoptera,Dargida diffusa,Wheat Head Armyworm,218139,5,2026-09-25,"api.inaturalist.org species_counts (place_id, research grade, wild)"
"Dallas County, TX",1281,Lepidoptera,Dargida rubripennis,Pink Streak Moth,218141,2,2026-09-25,"api.inaturalist.org species_counts (place_id, research grade, wild)"
"Dallas County, TX",1281,Lepidoptera,Dasychira meridionalis,Southern Tussock Moth,218151,2,2026-09-25,"api.inaturalist.org species_counts (place_id, research grade, wild)"
"Dallas County, TX",1281,Lepidoptera,Dasylophia anguina,Black-spotted Prominent,218158,3,2026-09-25,"api.inaturalist.org species_counts (place_id, research grade, wild)"
"Dallas County, TX",1281,Lepidoptera,Datana integerrima,Walnut Caterpillar Moth,218166,23,2026-09-25,"api.inaturalist.org species_counts (place_id, research grade, wild)"
"Dallas County, TX",1281,Lepidoptera,Decantha boreasella,Reticulated Decantha Moth,218176,8,2026-09-25,"api.inaturalist.org species_counts (place_id, research grade, wild)"
"Dallas County, TX",1281,Lepidoptera,Decodes basiplagana,Gray-marked Tortricid,417044,18,2026-09-25,"api.inaturalist.org species_counts (place_id, research grade, wild)"
"Dallas County, TX",1281,Lepidoptera,Deidamia inscriptum,Lettered Sphinx,143452,33,2026-09-25,"api.inaturalist.org species_counts (place_id, research grade, wild)"
"Dallas County, TX",1281,Lepidoptera,Dejongia californicus,Gumweed Plume Moth,472722,10,2026-09-25,"api.inaturalist.org species_counts (place_id, research grade, wild)"
"Dallas County, TX",1281,Lepidoptera,Deltophora glandiferella,,426095,24,2026-09-25,"api.inaturalist.org species_counts (place_id, research grade, wild)"
"Dallas County, TX",1281,Lepidoptera,Deltophora sella,Black-spotted Twirler,324643,9,2026-09-25,"api.inaturalist.org species_counts (place_id, research grade, wild)"
"Dallas County, TX",1281,Lepidoptera,Desmia funeralis,Grape Leaffolder Moth,118788,3,2026-09-25,"api.inaturalist.org species_counts (place_id, research grade, wild)"
"Dallas County, TX",1281,Lepidoptera,Desmia maculalis,Grape Leafroller Moth,143475,2,2026-09-25,"api.inaturalist.org species_counts (place_id, research grade, wild)"
"Dallas County, TX",1281,Lepidoptera,Desmia subdivisalis,,326859,64,2026-09-25,"api.inaturalist.org species_counts (place_id, research grade, wild)"
"Dallas County, TX",1281,Lepidoptera,Diachorisia velatella,Brown-spotted Diachorisia Moth,360115,4,2026-09-25,"api.inaturalist.org species_counts (place_id, research grade, wild)"
"Dallas County, TX",1281,Lepidoptera,Diacme adipaloides,Darker Diacme Moth,205207,21,2026-09-25,"api.inaturalist.org species_counts (place_id, research grade, wild)"
"Dallas County, TX",1281,Lepidoptera,Diacme elealis,Paler Diacme Moth,218301,39,2026-09-25,"api.inaturalist.org species_counts (place_id, research grade, wild)"
"Dallas County, TX",1281,Lepidoptera,Diaphania costata,Orange-shouldered Sherbet Moth,501380,65,2026-09-25,"api.inaturalist.org species_counts (place_id, research grade, wild)"
"Dallas County, TX",1281,Lepidoptera,Diaphania hyalinata,Melonworm Moth,151769,7,2026-09-25,"api.inaturalist.org species_counts (place_id, research grade, wild)"
"Dallas County, TX",1281,Lepidoptera,Diaphania indica,Cucumber Moth,51922,2,2026-09-25,"api.inaturalist.org species_counts (place_id, research grade, wild)"
"Dallas County, TX",1281,Lepidoptera,Diastema tigris,Lantana Moth,417498,1,2026-09-25,"api.inaturalist.org species_counts (place_id, research grade, wild)"
"Dallas County, TX",1281,Lepidoptera,Diastictis baccatalis,Media Moth,1523306,120,2026-09-25,"api.inaturalist.org species_counts (place_id, research grade, wild)"
"Dallas County, TX",1281,Lepidoptera,Diastictis fracturalis,Fractured Western Snout,210607,192,2026-09-25,"api.inaturalist.org species_counts (place_id, research grade, wild)"
"Dallas County, TX",1281,Lepidoptera,Diastictis ventralis,White-spotted Brown,143284,11,2026-09-25,"api.inaturalist.org species_counts (place_id, research grade, wild)"
"Dallas County, TX",1281,Lepidoptera,Diatraea evanescens,Black-dot Diatraea,417121,1,2026-09-25,"api.inaturalist.org species_counts (place_id, research grade, wild)"
"Dallas County, TX",1281,Lepidoptera,Dichomeris costarufoella,Coneflower Moth,218375,5,2026-09-25,"api.inaturalist.org species_counts (place_id, research grade, wild)"
"Dallas County, TX",1281,Lepidoptera,Dichomeris inversella,Inverse Dichomeris Moth,218377,5,2026-09-25,"api.inaturalist.org species_counts (place_id, research grade, wild)"
"Dallas County, TX",1281,Lepidoptera,Dichomeris juncidella,Orange-dotted Dichomeris Moth,218378,1,2026-09-25,"api.inaturalist.org species_counts (place_id, research grade, wild)"
"Dallas County, TX",1281,Lepidoptera,Dichomeris ligulella,Palmerworm Moth,179029,28,2026-09-25,"api.inaturalist.org species_counts (place_id, research grade, wild)"
"Dallas County, TX",1281,Lepidoptera,Dichomeris offula,,218383,1,2026-09-25,"api.inaturalist.org species_counts (place_id, research grade, wild)"
"Dallas County, TX",1281,Lepidoptera,Dichomeris punctipennella,Many-spotted Dichomeris Moth,218385,2,2026-09-25,"api.inaturalist.org species_counts (place_id, research grade, wild)"
"Dallas County, TX",1281,Lepidoptera,Dichomeris simpliciella,,218388,1,2026-09-25,"api.inaturalist.org species_counts (place_id, research grade, wild)"
"Dallas County, TX",1281,Lepidoptera,Dichomeris ventrellus,,218390,3,2026-09-25,"api.inaturalist.org species_counts (place_id, research grade, wild)"
"Dallas County, TX",1281,Lepidoptera,Dichorda iridaria,Showy Emerald,126982,10,2026-09-25,"api.inaturalist.org species_counts (place_id, research grade, wild)"
"Dallas County, TX",1281,Lepidoptera,Dicymolomia julianalis,Julia's Dicymolomia Moth,218424,126,2026-09-25,"api.inaturalist.org species_counts (place_id, research grade, wild)"
"Dallas County, TX",1281,Lepidoptera,Digrammia atrofasciata,Broad-lined Angle,204854,9,2026-09-25,"api.inaturalist.org species_counts (place_id, research grade, wild)"
"Dallas County, TX",1281,Lepidoptera,Digrammia continuata,Curved-lined Angle,218436,49,2026-09-25,"api.inaturalist.org species_counts (place_id, research grade, wild)"
"Dallas County, TX",1281,Lepidoptera,Digrammia gnophosaria,Hollow-spotted Angle,201818,26,2026-09-25,"api.inaturalist.org species_counts (place_id, research grade, wild)"
"Dallas County, TX",1281,Lepidoptera,Digrammia irrorata,Pale-lined Angle,218443,11,2026-09-25,"api.inaturalist.org species_counts (place_id, research grade, wild)"
"Dallas County, TX",1281,Lepidoptera,Digrammia pallidata,,417880,5,2026-09-25,"api.inaturalist.org species_counts (place_id, research grade, wild)"
"Dallas County, TX",1281,Lepidoptera,Dione moneta,Mexican Silverspot,130348,1,2026-09-25,"api.inaturalist.org species_counts (place_id, research grade, wild)"
"Dallas County, TX",1281,Lepidoptera,Dione vanillae,Gulf Fritillary,49150,2304,2026-09-25,"api.inaturalist.org species_counts (place_id, research grade, wild)"
"Dallas County, TX",1281,Lepidoptera,Dioryctria amatella,Southern Pine Coneworm Moth,366945,2,2026-09-25,"api.inaturalist.org species_counts (place_id, research grade, wild)"
"Dallas County, TX",1281,Lepidoptera,Dioryctria caesirufella,,777474,1,2026-09-25,"api.inaturalist.org species_counts (place_id, research grade, wild)"
"Dallas County, TX",1281,Lepidoptera,Dioryctria pygmaeella,Bald Cypress Coneworm Moth,49677,1,2026-09-25,"api.inaturalist.org species_counts (place_id, research grade, wild)"
"Dallas County, TX",1281,Lepidoptera,Diploschizia impigritella,Yellow Nutsedge Moth,218536,52,2026-09-25,"api.inaturalist.org species_counts (place_id, research grade, wild)"
"Dallas County, TX",1281,Lepidoptera,Disclisioprocta stellata,Somber Carpet Moth,317913,8,2026-09-25,"api.inaturalist.org species_counts (place_id, research grade, wild)"
"Dallas County, TX",1281,Lepidoptera,Dolba hyloeus,Pawpaw Sphinx,143441,114,2026-09-25,"api.inaturalist.org species_counts (place_id, research grade, wild)"
"Dallas County, TX",1281,Lepidoptera,Donacaula maximellus,,417105,1,2026-09-25,"api.inaturalist.org species_counts (place_id, research grade, wild)"
"Dallas County, TX",1281,Lepidoptera,Donacaula melinellus,Delightful Donacaula Moth,321473,9,2026-09-25,"api.inaturalist.org species_counts (place_id, research grade, wild)"
"Dallas County, TX",1281,Lepidoptera,Dryas iulia,Julia Heliconian,50073,3,2026-09-25,"api.inaturalist.org species_counts (place_id, research grade, wild)"
"Dallas County, TX",1281,Lepidoptera,Duponchelia fovealis,European Pepper Moth,371745,2,2026-09-25,"api.inaturalist.org species_counts (place_id, research grade, wild)"
"Dallas County, TX",1281,Lepidoptera,Durrantia piperatella,,490824,4,2026-09-25,"api.inaturalist.org species_counts (place_id, research grade, wild)"
"Dallas County, TX",1281,Lepidoptera,Dysschema thetis,Northern Giant Flag Moth,553861,1,2026-09-25,"api.inaturalist.org species_counts (place_id, research grade, wild)"
"Dallas County, TX",1281,Lepidoptera,Eacles imperialis,Imperial Moth,81590,3,2026-09-25,"api.inaturalist.org species_counts (place_id, research grade, wild)"
"Dallas County, TX",1281,Lepidoptera,Eantis tamenund,Sickle-winged Skipper,148883,4,2026-09-25,"api.inaturalist.org species_counts (place_id, research grade, wild)"
"Dallas County, TX",1281,Lepidoptera,Ecdytolopha mana,Bicolored Ecdytolopha Moth,417039,125,2026-09-25,"api.inaturalist.org species_counts (place_id, research grade, wild)"
"Dallas County, TX",1281,Lepidoptera,Echinargus isola,Reakirt's Blue,118914,355,2026-09-25,"api.inaturalist.org species_counts (place_id, research grade, wild)"
"Dallas County, TX",1281,Lepidoptera,Egira alternans,Alternate Woodling,218898,1,2026-09-25,"api.inaturalist.org species_counts (place_id, research grade, wild)"
"Dallas County, TX",1281,Lepidoptera,Eichlinia calabaza,Southwestern Squash Vine Borer,1410300,79,2026-09-25,"api.inaturalist.org species_counts (place_id, research grade, wild)"
"Dallas County, TX",1281,Lepidoptera,Eichlinia cucurbitae,Squash Vine Borer,1410301,2,2026-09-25,"api.inaturalist.org species_counts (place_id, research grade, wild)"
"Dallas County, TX",1281,Lepidoptera,Elaphria chalcedonia,Chalcedony Midget,218925,183,2026-09-25,"api.inaturalist.org species_counts (place_id, research grade, wild)"
"Dallas County, TX",1281,Lepidoptera,Elaphria cornutinis,Dark-winged Festive Midget,218926,1,2026-09-25,"api.inaturalist.org species_counts (place_id, research grade, wild)"
"Dallas County, TX",1281,Lepidoptera,Elaphria exesa,Exesa Midget Moth,470000,1,2026-09-25,"api.inaturalist.org species_counts (place_id, research grade, wild)"
"Dallas County, TX",1281,Lepidoptera,Elaphria festivoides,Festive Midget,218928,24,2026-09-25,"api.inaturalist.org species_counts (place_id, research grade, wild)"
"Dallas County, TX",1281,Lepidoptera,Elaphria georgei,George's Midget,218930,4,2026-09-25,"api.inaturalist.org species_counts (place_id, research grade, wild)"
"Dallas County, TX",1281,Lepidoptera,Elaphria grata,Grateful Midget,146713,79,2026-09-25,"api.inaturalist.org species_counts (place_id, research grade, wild)"
"Dallas County, TX",1281,Lepidoptera,Elaphria versicolor,Variegated Midget,218931,3,2026-09-25,"api.inaturalist.org species_counts (place_id, research grade, wild)"
"Dallas County, TX",1281,Lepidoptera,Elasmia cave,,328066,2,2026-09-25,"api.inaturalist.org species_counts (place_id, research grade, wild)"
"Dallas County, TX",1281,Lepidoptera,Elasmia packardii,Packard's Prominent,328063,5,2026-09-25,"api.inaturalist.org species_counts (place_id, research grade, wild)"
"Dallas County, TX",1281,Lepidoptera,Elasmopalpus lignosella,Lesser Cornstalk Borer Moth,1252809,35,2026-09-25,"api.inaturalist.org species_counts (place_id, research grade, wild)"
"Dallas County, TX",1281,Lepidoptera,Elophila gyralis,Waterlily Borer Moth,332646,2,2026-09-25,"api.inaturalist.org species_counts (place_id, research grade, wild)"
"Dallas County, TX",1281,Lepidoptera,Elophila obliteralis,Waterlily Leafcutter Moth,335071,441,2026-09-25,"api.inaturalist.org species_counts (place_id, research grade, wild)"
"Dallas County, TX",1281,Lepidoptera,Elophila tinealis,Black Duckweed Moth,335072,62,2026-09-25,"api.inaturalist.org species_counts (place_id, research grade, wild)"
"Dallas County, TX",1281,Lepidoptera,Emarginea percara,Beloved Emarginea Moth,219050,31,2026-09-25,"api.inaturalist.org species_counts (place_id, research grade, wild)"
"Dallas County, TX",1281,Lepidoptera,Emmelina monodactyla,Morning-glory Plume Moth,127431,33,2026-09-25,"api.inaturalist.org species_counts (place_id, research grade, wild)"
"Dallas County, TX",1281,Lepidoptera,Enaemia subfervens,Speckled Lactura,1422799,48,2026-09-25,"api.inaturalist.org species_counts (place_id, research grade, wild)"
"Dallas County, TX",1281,Lepidoptera,Endothenia hebesana,Verbena Bud Moth,219169,48,2026-09-25,"api.inaturalist.org species_counts (place_id, research grade, wild)"
"Dallas County, TX",1281,Lepidoptera,Enigmogramma basigera,Pink-washed Looper Moth,173608,1,2026-09-25,"api.inaturalist.org species_counts (place_id, research grade, wild)"
"Dallas County, TX",1281,Lepidoptera,Enyo lugubris,Mournful Sphinx,81750,2,2026-09-25,"api.inaturalist.org species_counts (place_id, research grade, wild)"
"Dallas County, TX",1281,Lepidoptera,Eoreuma densellus,Wainscot Grass-veneer,700601,3,2026-09-25,"api.inaturalist.org species_counts (place_id, research grade, wild)"
"Dallas County, TX",1281,Lepidoptera,Epargyreus clarus,Silver-spotted Skipper,81559,185,2026-09-25,"api.inaturalist.org species_counts (place_id, research grade, wild)"
"Dallas County, TX",1281,Lepidoptera,Epermenia pimpinella,,635968,1,2026-09-25,"api.inaturalist.org species_counts (place_id, research grade, wild)"
"Dallas County, TX",1281,Lepidoptera,Ephestia kuehniella,Mediterranean Flour Moth,324640,1,2026-09-25,"api.inaturalist.org species_counts (place_id, research grade, wild)"
"Dallas County, TX",1281,Lepidoptera,Ephestiodes gilvescentella,Dusky Raisin Moth,219286,20,2026-09-25,"api.inaturalist.org species_counts (place_id, research grade, wild)"
"Dallas County, TX",1281,Lepidoptera,Ephestiodes infimella,Reddish Ephestiodes Moth,219287,3,2026-09-25,"api.inaturalist.org species_counts (place_id, research grade, wild)"
"Dallas County, TX",1281,Lepidoptera,Epiblema browni,,1522014,3,2026-09-25,"api.inaturalist.org species_counts (place_id, research grade, wild)"
"Dallas County, TX",1281,Lepidoptera,Epiblema desertana,,417005,1,2026-09-25,"api.inaturalist.org species_counts (place_id, research grade, wild)"
"Dallas County, TX",1281,Lepidoptera,Epiblema minutana,Minute Ragweed Borer,1109554,1,2026-09-25,"api.inaturalist.org species_counts (place_id, research grade, wild)"
"Dallas County, TX",1281,Lepidoptera,Epiblema otiosana,Bidens Borer Moth,142999,5,2026-09-25,"api.inaturalist.org species_counts (place_id, research grade, wild)"
"Dallas County, TX",1281,Lepidoptera,Epiblema scudderiana,Goldenrod Gall Moth,219296,9,2026-09-25,"api.inaturalist.org species_counts (place_id, research grade, wild)"
"Dallas County, TX",1281,Lepidoptera,Epiblema strenuana,Ragweed Borer Moth,219298,73,2026-09-25,"api.inaturalist.org species_counts (place_id, research grade, wild)"
"Dallas County, TX",1281,Lepidoptera,Epiblema tripartitana,Three-parted Epiblema Moth,324675,1,2026-09-25,"api.inaturalist.org species_counts (place_id, research grade, wild)"
"Dallas County, TX",1281,Lepidoptera,Epinotia celtisana,,453088,1,2026-09-25,"api.inaturalist.org species_counts (place_id, research grade, wild)"
"Dallas County, TX",1281,Lepidoptera,Epipagis fenestralis,Orange Epipagis Moth,503085,17,2026-09-25,"api.inaturalist.org species_counts (place_id, research grade, wild)"
"Dallas County, TX",1281,Lepidoptera,Epipaschia superatalis,Dimorphic Macalla Moth,219354,39,2026-09-25,"api.inaturalist.org species_counts (place_id, research grade, wild)"
"Dallas County, TX",1281,Lepidoptera,Episemasia cervinaria,Fawn Ruddy,372573,65,2026-09-25,"api.inaturalist.org species_counts (place_id, research grade, wild)"
"Dallas County, TX",1281,Lepidoptera,Episimus argutana,Sumac Leaftier Moth,357353,17,2026-09-25,"api.inaturalist.org species_counts (place_id, research grade, wild)"
"Dallas County, TX",1281,Lepidoptera,Episimus tyrius,Maple Tip Borer Moth,416969,3,2026-09-25,"api.inaturalist.org species_counts (place_id, research grade, wild)"
"Dallas County, TX",1281,Lepidoptera,Eralea albalineella,,479312,12,2026-09-25,"api.inaturalist.org species_counts (place_id, research grade, wild)"
"Dallas County, TX",1281,Lepidoptera,Erannis tiliaria,Linden Looper Moth,219382,14,2026-09-25,"api.inaturalist.org species_counts (place_id, research grade, wild)"
"Dallas County, TX",1281,Lepidoptera,Erastria cruentaria,Thin-Lined Erastria,219385,35,2026-09-25,"api.inaturalist.org species_counts (place_id, research grade, wild)"
"Dallas County, TX",1281,Lepidoptera,Erinnyis alope,Alope Sphinx,143824,1,2026-09-25,"api.inaturalist.org species_counts (place_id, research grade, wild)"
"Dallas County, TX",1281,Lepidoptera,Erinnyis ello,Ello Sphinx,143586,4,2026-09-25,"api.inaturalist.org species_counts (place_id, research grade, wild)"
"Dallas County, TX",1281,Lepidoptera,Erinnyis obscura,Obscure Sphinx,143825,16,2026-09-25,"api.inaturalist.org species_counts (place_id, research grade, wild)"
"Dallas County, TX",1281,Lepidoptera,Erynnis brizo,Sleepy Duskywing,58474,1,2026-09-25,"api.inaturalist.org species_counts (place_id, research grade, wild)"
"Dallas County, TX",1281,Lepidoptera,Erynnis funeralis,Funereal Duskywing,59188,141,2026-09-25,"api.inaturalist.org species_counts (place_id, research grade, wild)"
"Dallas County, TX",1281,Lepidoptera,Erynnis horatius,Horace's Duskywing,50071,298,2026-09-25,"api.inaturalist.org species_counts (place_id, research grade, wild)"
"Dallas County, TX",1281,Lepidoptera,Erynnis juvenalis,Juvenal's Duskywing,58475,33,2026-09-25,"api.inaturalist.org species_counts (place_id, research grade, wild)"
"Dallas County, TX",1281,Lepidoptera,Estigmene acrea,Salt Marsh Moth,121612,1172,2026-09-25,"api.inaturalist.org species_counts (place_id, research grade, wild)"
"Dallas County, TX",1281,Lepidoptera,Eteobalea wyattella,Wyatt's Cosmet Moth,1486722,2,2026-09-25,"api.inaturalist.org species_counts (place_id, research grade, wild)"
"Dallas County, TX",1281,Lepidoptera,Ethmia delliella,Ladder-backed Ethmia Moth,344707,4,2026-09-25,"api.inaturalist.org species_counts (place_id, research grade, wild)"
"Dallas County, TX",1281,Lepidoptera,Ethmia hodgesella,,367284,2,2026-09-25,"api.inaturalist.org species_counts (place_id, research grade, wild)"
"Dallas County, TX",1281,Lepidoptera,Ethmia semilugens,Mourning Ethmia,211010,1,2026-09-25,"api.inaturalist.org species_counts (place_id, research grade, wild)"
"Dallas County, TX",1281,Lepidoptera,Ethmia zelleriella,Zeller's Ethmia Moth,205201,1,2026-09-25,"api.inaturalist.org species_counts (place_id, research grade, wild)"
"Dallas County, TX",1281,Lepidoptera,Etiella zinckenella,Gold-banded Etiella Moth,126738,1,2026-09-25,"api.inaturalist.org species_counts (place_id, research grade, wild)"
"Dallas County, TX",1281,Lepidoptera,Euacidalia brownsvillea,,481387,29,2026-09-25,"api.inaturalist.org species_counts (place_id, research grade, wild)"
"Dallas County, TX",1281,Lepidoptera,Euacidalia sericearia,,324850,1,2026-09-25,"api.inaturalist.org species_counts (place_id, research grade, wild)"
"Dallas County, TX",1281,Lepidoptera,Eubaphe unicolor,Orange Beggar,244063,18,2026-09-25,"api.inaturalist.org species_counts (place_id, research grade, wild)"
"Dallas County, TX",1281,Lepidoptera,Eublemma minima,Everlasting Bud Moth,219600,21,2026-09-25,"api.inaturalist.org species_counts (place_id, research grade, wild)"
"Dallas County, TX",1281,Lepidoptera,Eublemma recta,Straight-lined Seed Moth,330398,8,2026-09-25,"api.inaturalist.org species_counts (place_id, research grade, wild)"
"Dallas County, TX",1281,Lepidoptera,Eubolina impartialis,Eubolina moth,418025,12,2026-09-25,"api.inaturalist.org species_counts (place_id, research grade, wild)"
"Dallas County, TX",1281,Lepidoptera,Euchaetes egle,Milkweed Tussock Moth,81677,56,2026-09-25,"api.inaturalist.org species_counts (place_id, research grade, wild)"
"Dallas County, TX",1281,Lepidoptera,Euchlaena deplanaria,,324619,1,2026-09-25,"api.inaturalist.org species_counts (place_id, research grade, wild)"
"Dallas County, TX",1281,Lepidoptera,Euchlaena marginaria,Ochre Euchlaena Moth,219631,18,2026-09-25,"api.inaturalist.org species_counts (place_id, research grade, wild)"
"Dallas County, TX",1281,Lepidoptera,Euchlaena obtusaria,Obtuse Euchlaena Moth,208092,10,2026-09-25,"api.inaturalist.org species_counts (place_id, research grade, wild)"
"Dallas County, TX",1281,Lepidoptera,Euchromius ocellea,Belted Grass-veneer,789601,231,2026-09-25,"api.inaturalist.org species_counts (place_id, research grade, wild)"
"Dallas County, TX",1281,Lepidoptera,Euclea delphinii,Spiny Oak-slug Moth,136548,1,2026-09-25,"api.inaturalist.org species_counts (place_id, research grade, wild)"
"Dallas County, TX",1281,Lepidoptera,Euclea incisa,Green Oak-Slug Moth,324665,132,2026-09-25,"api.inaturalist.org species_counts (place_id, research grade, wild)"
"Dallas County, TX",1281,Lepidoptera,Euclemensia bassettella,Kermes Scale Moth,324633,11,2026-09-25,"api.inaturalist.org species_counts (place_id, research grade, wild)"
"Dallas County, TX",1281,Lepidoptera,Eucosma argutipunctana,Coastal Eucosma Moth,511672,1,2026-09-25,"api.inaturalist.org species_counts (place_id, research grade, wild)"
"Dallas County, TX",1281,Lepidoptera,Eucosma grindeliana,,511684,1,2026-09-25,"api.inaturalist.org species_counts (place_id, research grade, wild)"
"Dallas County, TX",1281,Lepidoptera,Eudeilinia herminiata,Northern Eudeilinia Moth,205198,1,2026-09-25,"api.inaturalist.org species_counts (place_id, research grade, wild)"
"Dallas County, TX",1281,Lepidoptera,Eudryas unio,Pearly Wood-nymph,219719,2,2026-09-25,"api.inaturalist.org species_counts (place_id, research grade, wild)"
"Dallas County, TX",1281,Lepidoptera,Euerythra phasma,Red-tailed Specter Moth,176372,57,2026-09-25,"api.inaturalist.org species_counts (place_id, research grade, wild)"
"Dallas County, TX",1281,Lepidoptera,Eugnosta bimaculana,Two-spotted Eugnosta Moth,475049,5,2026-09-25,"api.inaturalist.org species_counts (place_id, research grade, wild)"
"Dallas County, TX",1281,Lepidoptera,Eugnosta deceptana,Deceptive Cochylid,258531,1,2026-09-25,"api.inaturalist.org species_counts (place_id, research grade, wild)"
"Dallas County, TX",1281,Lepidoptera,Eulithis diversilineata,Lesser Grapevine Looper Moth,143101,1,2026-09-25,"api.inaturalist.org species_counts (place_id, research grade, wild)"
"Dallas County, TX",1281,Lepidoptera,Eulogia ochrifrontella,Broad-banded Eulogia Moth,153302,17,2026-09-25,"api.inaturalist.org species_counts (place_id, research grade, wild)"
"Dallas County, TX",1281,Lepidoptera,Eumacaria madopata,Brown-bordered Geometer Moth,219754,9,2026-09-25,"api.inaturalist.org species_counts (place_id, research grade, wild)"
"Dallas County, TX",1281,Lepidoptera,Eumarozia malachitana,Sculptured Moth,324650,168,2026-09-25,"api.inaturalist.org species_counts (place_id, research grade, wild)"
"Dallas County, TX",1281,Lepidoptera,Eumorpha achemon,Achemon Sphinx,122356,63,2026-09-25,"api.inaturalist.org species_counts (place_id, research grade, wild)"
"Dallas County, TX",1281,Lepidoptera,Eumorpha fasciatus,Banded Sphinx,128012,43,2026-09-25,"api.inaturalist.org species_counts (place_id, research grade, wild)"
"Dallas County, TX",1281,Lepidoptera,Eumorpha labruscae,Gaudy Sphinx,143828,1,2026-09-25,"api.inaturalist.org species_counts (place_id, research grade, wild)"
"Dallas County, TX",1281,Lepidoptera,Eumorpha pandorus,Pandorus Sphinx,47914,42,2026-09-25,"api.inaturalist.org species_counts (place_id, research grade, wild)"
"Dallas County, TX",1281,Lepidoptera,Eumorpha vitis,Vine Sphinx,143830,47,2026-09-25,"api.inaturalist.org species_counts (place_id, research grade, wild)"
"Dallas County, TX",1281,Lepidoptera,Eupackardia calleta,Calleta Silkmoth,192721,1,2026-09-25,"api.inaturalist.org species_counts (place_id, research grade, wild)"
"Dallas County, TX",1281,Lepidoptera,Euphyes dion,Dion Skipper,58521,7,2026-09-25,"api.inaturalist.org species_counts (place_id, research grade, wild)"
"Dallas County, TX",1281,Lepidoptera,Euphyes vestris,Dun Skipper,58514,75,2026-09-25,"api.inaturalist.org species_counts (place_id, research grade, wild)"
"Dallas County, TX",1281,Lepidoptera,Eupithecia jejunata,Swift Pug,417168,3,2026-09-25,"api.inaturalist.org species_counts (place_id, research grade, wild)"
"Dallas County, TX",1281,Lepidoptera,Eupithecia longidens,,485405,5,2026-09-25,"api.inaturalist.org species_counts (place_id, research grade, wild)"
"Dallas County, TX",1281,Lepidoptera,Eupithecia miserulata,Common Eupithecia Moth,143734,128,2026-09-25,"api.inaturalist.org species_counts (place_id, research grade, wild)"
"Dallas County, TX",1281,Lepidoptera,Euptoieta claudia,Variegated Fritillary,68244,970,2026-09-25,"api.inaturalist.org species_counts (place_id, research grade, wild)"
"Dallas County, TX",1281,Lepidoptera,Euptoieta hegesia,Mexican Fritillary,68268,1,2026-09-25,"api.inaturalist.org species_counts (place_id, research grade, wild)"
"Dallas County, TX",1281,Lepidoptera,Eurema lisa,Little Yellow,58530,360,2026-09-25,"api.inaturalist.org species_counts (place_id, research grade, wild)"
"Dallas County, TX",1281,Lepidoptera,Eurema mexicana,Mexican Yellow,122374,6,2026-09-25,"api.inaturalist.org species_counts (place_id, research grade, wild)"
"Dallas County, TX",1281,Lepidoptera,Eurema nicippe,Sleepy Orange,67439,102,2026-09-25,"api.inaturalist.org species_counts (place_id, research grade, wild)"
"Dallas County, TX",1281,Lepidoptera,Eurema nise,Mimosa Yellow,148483,1,2026-09-25,"api.inaturalist.org species_counts (place_id, research grade, wild)"
"Dallas County, TX",1281,Lepidoptera,Eurema proterpia,Tailed Orange,144188,6,2026-09-25,"api.inaturalist.org species_counts (place_id, research grade, wild)"
"Dallas County, TX",1281,Lepidoptera,Eurythmia angulella,,219885,2,2026-09-25,"api.inaturalist.org species_counts (place_id, research grade, wild)"
"Dallas County, TX",1281,Lepidoptera,Eusarca confusaria,Confused Eusarca Moth,143024,14,2026-09-25,"api.inaturalist.org species_counts (place_id, research grade, wild)"
"Dallas County, TX",1281,Lepidoptera,Eusarca packardaria,Packard's Eusarca Moth,479600,13,2026-09-25,"api.inaturalist.org species_counts (place_id, research grade, wild)"
"Dallas County, TX",1281,Lepidoptera,Eustixia pupula,Spotted Peppergrass Moth,142996,5,2026-09-25,"api.inaturalist.org species_counts (place_id, research grade, wild)"
"Dallas County, TX",1281,Lepidoptera,Euxoa auxiliaris,Army Cutworm Moth,84663,17,2026-09-25,"api.inaturalist.org species_counts (place_id, research grade, wild)"
"Dallas County, TX",1281,Lepidoptera,Everes comyntas,Eastern Tailed-Blue,58555,163,2026-09-25,"api.inaturalist.org species_counts (place_id, research grade, wild)"
"Dallas County, TX",1281,Lepidoptera,Evergestis rimosalis,Cross-striped Cabbageworm Moth,359686,42,2026-09-25,"api.inaturalist.org species_counts (place_id, research grade, wild)"
"Dallas County, TX",1281,Lepidoptera,Exaeretia gracilis,Ambrosia Seed Moth,346117,2,2026-09-25,"api.inaturalist.org species_counts (place_id, research grade, wild)"
"Dallas County, TX",1281,Lepidoptera,Fania nanus,,475019,18,2026-09-25,"api.inaturalist.org species_counts (place_id, research grade, wild)"
"Dallas County, TX",1281,Lepidoptera,Fascista bimaculella,,416949,2,2026-09-25,"api.inaturalist.org species_counts (place_id, research grade, wild)"
"Dallas County, TX",1281,Lepidoptera,Fascista cercerisella,Redbud Leaffolder Moth,59538,89,2026-09-25,"api.inaturalist.org species_counts (place_id, research grade, wild)"
"Dallas County, TX",1281,Lepidoptera,Fascista quinella,,887093,9,2026-09-25,"api.inaturalist.org species_counts (place_id, research grade, wild)"
"Dallas County, TX",1281,Lepidoptera,Feltia herilis,Master's Dart,147309,13,2026-09-25,"api.inaturalist.org species_counts (place_id, research grade, wild)"
"Dallas County, TX",1281,Lepidoptera,Feltia subterranea,Subterranean Dart,152979,163,2026-09-25,"api.inaturalist.org species_counts (place_id, research grade, wild)"
"Dallas County, TX",1281,Lepidoptera,Filatima gomphopis,,1292971,1,2026-09-25,"api.inaturalist.org species_counts (place_id, research grade, wild)"
"Dallas County, TX",1281,Lepidoptera,Fissicrambus haytiellus,Carpet-grass Webworm Moth,324606,16,2026-09-25,"api.inaturalist.org species_counts (place_id, research grade, wild)"
"Dallas County, TX",1281,Lepidoptera,Fissicrambus mutabilis,Changeable Grass-veneer,143730,7,2026-09-25,"api.inaturalist.org species_counts (place_id, research grade, wild)"
"Dallas County, TX",1281,Lepidoptera,Fissicrambus profanellus,Profane Grass-veneer,416416,2,2026-09-25,"api.inaturalist.org species_counts (place_id, research grade, wild)"
"Dallas County, TX",1281,Lepidoptera,Fissicrambus quadrinotellus,,324607,1,2026-09-25,"api.inaturalist.org species_counts (place_id, research grade, wild)"
"Dallas County, TX",1281,Lepidoptera,Frechinia laetalis,Amber Bantam,477760,2,2026-09-25,"api.inaturalist.org species_counts (place_id, research grade, wild)"
"Dallas County, TX",1281,Lepidoptera,Frederickia cyda,Mesquite Looper Moth,1435988,2,2026-09-25,"api.inaturalist.org species_counts (place_id, research grade, wild)"
"Dallas County, TX",1281,Lepidoptera,Frederickia nigricomma,,1435990,6,2026-09-25,"api.inaturalist.org species_counts (place_id, research grade, wild)"
"Dallas County, TX",1281,Lepidoptera,Frederickia s-signata,Signate Looper Moth,1435985,15,2026-09-25,"api.inaturalist.org species_counts (place_id, research grade, wild)"
"Dallas County, TX",1281,Lepidoptera,Friseria cockerelli,Mesquite Webworm Moth,417688,22,2026-09-25,"api.inaturalist.org species_counts (place_id, research grade, wild)"
"Dallas County, TX",1281,Lepidoptera,Fulgoraecia exigua,Planthopper Parasite Moth,220221,1,2026-09-25,"api.inaturalist.org species_counts (place_id, research grade, wild)"
"Dallas County, TX",1281,Lepidoptera,Furcula cinerea,Gray Furcula Moth,220229,14,2026-09-25,"api.inaturalist.org species_counts (place_id, research grade, wild)"
"Dallas County, TX",1281,Lepidoptera,Galasa nigrinodis,Boxwood Leaftier Moth,84024,67,2026-09-25,"api.inaturalist.org species_counts (place_id, research grade, wild)"
"Dallas County, TX",1281,Lepidoptera,Galgula partita,Wedgling Moth,143119,530,2026-09-25,"api.inaturalist.org species_counts (place_id, research grade, wild)"
"Dallas County, TX",1281,Lepidoptera,Galleria mellonella,Greater Wax Moth,122940,43,2026-09-25,"api.inaturalist.org species_counts (place_id, research grade, wild)"
"Dallas County, TX",1281,Lepidoptera,Garella nilotica,Black-olive Caterpillar Moth,220292,2,2026-09-25,"api.inaturalist.org species_counts (place_id, research grade, wild)"
"Dallas County, TX",1281,Lepidoptera,Geina periscelidactylus,Grape and Sheppard's Plume Moths,1372187,1,2026-09-25,"api.inaturalist.org species_counts (place_id, research grade, wild)"
"Dallas County, TX",1281,Lepidoptera,Gerdana caritella,,220372,11,2026-09-25,"api.inaturalist.org species_counts (place_id, research grade, wild)"
"Dallas County, TX",1281,Lepidoptera,Geshna cannalis,Lesser Canna Leafroller Moth,491637,1,2026-09-25,"api.inaturalist.org species_counts (place_id, research grade, wild)"
"Dallas County, TX",1281,Lepidoptera,Givira anna,Anna Carpenterworm Moth,220383,54,2026-09-25,"api.inaturalist.org species_counts (place_id, research grade, wild)"
"Dallas County, TX",1281,Lepidoptera,Glaphyria sesquistrialis,White-roped Glaphyria Moth,705346,187,2026-09-25,"api.inaturalist.org species_counts (place_id, research grade, wild)"
"Dallas County, TX",1281,Lepidoptera,Glena cribrataria,Dotted Gray,220395,1,2026-09-25,"api.inaturalist.org species_counts (place_id, research grade, wild)"
"Dallas County, TX",1281,Lepidoptera,Glenoides texanaria,Texas Gray,220398,4,2026-09-25,"api.inaturalist.org species_counts (place_id, research grade, wild)"
"Dallas County, TX",1281,Lepidoptera,Gluphisia septentrionis,Common Gluphisia Moth,143274,9,2026-09-25,"api.inaturalist.org species_counts (place_id, research grade, wild)"
"Dallas County, TX",1281,Lepidoptera,Glutophrissa drusilla,Florida White,81732,1,2026-09-25,"api.inaturalist.org species_counts (place_id, research grade, wild)"
"Dallas County, TX",1281,Lepidoptera,Glyphidocera juniperella,Juniper Tip Moth,333290,11,2026-09-25,"api.inaturalist.org species_counts (place_id, research grade, wild)"
"Dallas County, TX",1281,Lepidoptera,Gnorimoschema gallaesolidaginis,Goldenrod Elliptical-Gall Moth,220506,3,2026-09-25,"api.inaturalist.org species_counts (place_id, research grade, wild)"
"Dallas County, TX",1281,Lepidoptera,Gnorimoschema saphirinella,,472556,4,2026-09-25,"api.inaturalist.org species_counts (place_id, research grade, wild)"
"Dallas County, TX",1281,Lepidoptera,Goditha bumeliana,Gum Bumelia Leafroller,638600,4,2026-09-25,"api.inaturalist.org species_counts (place_id, research grade, wild)"
"Dallas County, TX",1281,Lepidoptera,Gracilaria quinquistrigella,,1514593,21,2026-09-25,"api.inaturalist.org species_counts (place_id, research grade, wild)"
"Dallas County, TX",1281,Lepidoptera,Grais stigmaticus,Hermit Skipper,148802,1,2026-09-25,"api.inaturalist.org species_counts (place_id, research grade, wild)"
"Dallas County, TX",1281,Lepidoptera,Gretchena bolliana,Pecan Bud Moth,346667,50,2026-09-25,"api.inaturalist.org species_counts (place_id, research grade, wild)"
"Dallas County, TX",1281,Lepidoptera,Gypsonoma haimbachiana,Cottonwood Twig Borer Moth,220757,4,2026-09-25,"api.inaturalist.org species_counts (place_id, research grade, wild)"
"Dallas County, TX",1281,Lepidoptera,Gypsonoma salicicolana,Small Gypsonoma Moth,220758,2,2026-09-25,"api.inaturalist.org species_counts (place_id, research grade, wild)"
"Dallas County, TX",1281,Lepidoptera,Hadena capsularis,Capsule Moth,220830,2,2026-09-25,"api.inaturalist.org species_counts (place_id, research grade, wild)"
"Dallas County, TX",1281,Lepidoptera,Haematopis grataria,Chickweed Geometer Moth,118490,57,2026-09-25,"api.inaturalist.org species_counts (place_id, research grade, wild)"
"Dallas County, TX",1281,Lepidoptera,Halysidota harrisii,Sycamore Tussock Moth,126397,1,2026-09-25,"api.inaturalist.org species_counts (place_id, research grade, wild)"
"Dallas County, TX",1281,Lepidoptera,Halysidota tessellaris,Banded Tussock Moth,120217,2,2026-09-25,"api.inaturalist.org species_counts (place_id, research grade, wild)"
"Dallas County, TX",1281,Lepidoptera,Hammaptera parinotata,Hammaptera Moth,355364,28,2026-09-25,"api.inaturalist.org species_counts (place_id, research grade, wild)"
"Dallas County, TX",1281,Lepidoptera,Haplochrois bipunctella,,548367,1,2026-09-25,"api.inaturalist.org species_counts (place_id, research grade, wild)"
"Dallas County, TX",1281,Lepidoptera,Harrisimemna trisignata,Harris's Three-Spot,220974,12,2026-09-25,"api.inaturalist.org species_counts (place_id, research grade, wild)"
"Dallas County, TX",1281,Lepidoptera,Harrisina americana,Grapeleaf Skeletonizer Moth,126905,43,2026-09-25,"api.inaturalist.org species_counts (place_id, research grade, wild)"
"Dallas County, TX",1281,Lepidoptera,Harrisina coracina,,209427,7,2026-09-25,"api.inaturalist.org species_counts (place_id, research grade, wild)"
"Dallas County, TX",1281,Lepidoptera,Helcystogramma chambersella,Chambers' Twirler,362394,6,2026-09-25,"api.inaturalist.org species_counts (place_id, research grade, wild)"
"Dallas County, TX",1281,Lepidoptera,Helcystogramma melantherella,,509751,2,2026-09-25,"api.inaturalist.org species_counts (place_id, research grade, wild)"
"Dallas County, TX",1281,Lepidoptera,Heliconius charithonia,Zebra Longwing,49766,7,2026-09-25,"api.inaturalist.org species_counts (place_id, research grade, wild)"
"Dallas County, TX",1281,Lepidoptera,Helicoverpa zea,Corn Earworm Moth,118492,288,2026-09-25,"api.inaturalist.org species_counts (place_id, research grade, wild)"
"Dallas County, TX",1281,Lepidoptera,Heliocheilus lupatus,Spotted Straw Moth,337296,1,2026-09-25,"api.inaturalist.org species_counts (place_id, research grade, wild)"
"Dallas County, TX",1281,Lepidoptera,Heliothis phloxiphaga,Darker-spotted Straw Moth,154683,6,2026-09-25,"api.inaturalist.org species_counts (place_id, research grade, wild)"
"Dallas County, TX",1281,Lepidoptera,Heliozela aesella,,453599,34,2026-09-25,"api.inaturalist.org species_counts (place_id, research grade, wild)"
"Dallas County, TX",1281,Lepidoptera,Hellinsia balanotes,Baccharis Borer,479364,1,2026-09-25,"api.inaturalist.org species_counts (place_id, research grade, wild)"
"Dallas County, TX",1281,Lepidoptera,Hellinsia longifrons,Snout Plume Moth,472661,1,2026-09-25,"api.inaturalist.org species_counts (place_id, research grade, wild)"
"Dallas County, TX",1281,Lepidoptera,Hellinsia paleaceus,Ironweed Plume Moth,221052,4,2026-09-25,"api.inaturalist.org species_counts (place_id, research grade, wild)"
"Dallas County, TX",1281,Lepidoptera,Hellula rogatalis,Cabbage Webworm Moth,210616,5,2026-09-25,"api.inaturalist.org species_counts (place_id, research grade, wild)"
"Dallas County, TX",1281,Lepidoptera,Helvibotys helvialis,,221151,1,2026-09-25,"api.inaturalist.org species_counts (place_id, research grade, wild)"
"Dallas County, TX",1281,Lepidoptera,Hemaris diffinis,Snowberry Clearwing,358549,397,2026-09-25,"api.inaturalist.org species_counts (place_id, research grade, wild)"
"Dallas County, TX",1281,Lepidoptera,Hemeroplanis habitalis,Black-dotted Hemeroplanis Moth,465208,3,2026-09-25,"api.inaturalist.org species_counts (place_id, research grade, wild)"
"Dallas County, TX",1281,Lepidoptera,Hemiargus ceraunus,Ceraunus Blue,69940,46,2026-09-25,"api.inaturalist.org species_counts (place_id, research grade, wild)"
"Dallas County, TX",1281,Lepidoptera,Hemieuxoa rudens,Creaky Dart,319557,11,2026-09-25,"api.inaturalist.org species_counts (place_id, research grade, wild)"
"Dallas County, TX",1281,Lepidoptera,Hemileuca peigleri,Texas Buck Moth,424934,5,2026-09-25,"api.inaturalist.org species_counts (place_id, research grade, wild)"
"Dallas County, TX",1281,Lepidoptera,Heraclides cresphontes,Eastern Giant Swallowtail,85024,311,2026-09-25,"api.inaturalist.org species_counts (place_id, research grade, wild)"
"Dallas County, TX",1281,Lepidoptera,Heraclides rumiko,Western Giant Swallowtail,428606,15,2026-09-25,"api.inaturalist.org species_counts (place_id, research grade, wild)"
"Dallas County, TX",1281,Lepidoptera,Hermeuptychia sosybius,Carolina Satyr,60752,1,2026-09-25,"api.inaturalist.org species_counts (place_id, research grade, wild)"
"Dallas County, TX",1281,Lepidoptera,Herpetogramma bipunctalis,Southern Beet Webworm Moth,330488,111,2026-09-25,"api.inaturalist.org species_counts (place_id, research grade, wild)"
"Dallas County, TX",1281,Lepidoptera,Herpetogramma phaeopteralis,Dusky Herpetogramma Moth,330489,22,2026-09-25,"api.inaturalist.org species_counts (place_id, research grade, wild)"
"Dallas County, TX",1281,Lepidoptera,Heteranassa mima,,363283,3,2026-09-25,"api.inaturalist.org species_counts (place_id, research grade, wild)"
"Dallas County, TX",1281,Lepidoptera,Heterocampa astartoides,,193978,25,2026-09-25,"api.inaturalist.org species_counts (place_id, research grade, wild)"
"Dallas County, TX",1281,Lepidoptera,Heterocampa obliqua,Oblique Heterocampa Moth,193994,10,2026-09-25,"api.inaturalist.org species_counts (place_id, research grade, wild)"
"Dallas County, TX",1281,Lepidoptera,Heterogenea shurtleffi,Red-eyed Button Slug Moth,177859,8,2026-09-25,"api.inaturalist.org species_counts (place_id, research grade, wild)"
"Dallas County, TX",1281,Lepidoptera,Heteropacha rileyana,Riley's Lappet Moth,221335,43,2026-09-25,"api.inaturalist.org species_counts (place_id, research grade, wild)"
"Dallas County, TX",1281,Lepidoptera,Hileithia magualis,Magician Moth,354640,168,2026-09-25,"api.inaturalist.org species_counts (place_id, research grade, wild)"
"Dallas County, TX",1281,Lepidoptera,Homadaula anisocentra,Mimosa Webworm Moth,416957,1,2026-09-25,"api.inaturalist.org species_counts (place_id, research grade, wild)"
"Dallas County, TX",1281,Lepidoptera,Homoeosoma electella,American Sunflower Moth,343382,122,2026-09-25,"api.inaturalist.org species_counts (place_id, research grade, wild)"
"Dallas County, TX",1281,Lepidoptera,Homophoberia apicosa,Black Wedge-spot,143613,11,2026-09-25,"api.inaturalist.org species_counts (place_id, research grade, wild)"
"Dallas County, TX",1281,Lepidoptera,Homosetia argentinotella,,416842,1,2026-09-25,"api.inaturalist.org species_counts (place_id, research grade, wild)"
"Dallas County, TX",1281,Lepidoptera,Homostinea curviliniella,Curved-lined Homostinea Moth,325313,42,2026-09-25,"api.inaturalist.org species_counts (place_id, research grade, wild)"
"Dallas County, TX",1281,Lepidoptera,Honora mellinella,,454828,9,2026-09-25,"api.inaturalist.org species_counts (place_id, research grade, wild)"
"Dallas County, TX",1281,Lepidoptera,Horama panthalon,Texas Wasp Moth,194548,14,2026-09-25,"api.inaturalist.org species_counts (place_id, research grade, wild)"
"Dallas County, TX",1281,Lepidoptera,Horisme intestinata,Brown Bark Carpet Moth,205228,3,2026-09-25,"api.inaturalist.org species_counts (place_id, research grade, wild)"
"Dallas County, TX",1281,Lepidoptera,Hyalophora cecropia,Cecropia Moth,81582,1,2026-09-25,"api.inaturalist.org species_counts (place_id, research grade, wild)"
"Dallas County, TX",1281,Lepidoptera,Hybroma servulella,Yellow Wave Moth,133500,2,2026-09-25,"api.inaturalist.org species_counts (place_id, research grade, wild)"
"Dallas County, TX",1281,Lepidoptera,Hylephila phyleus,Fiery Skipper,50340,1422,2026-09-25,"api.inaturalist.org species_counts (place_id, research grade, wild)"
"Dallas County, TX",1281,Lepidoptera,Hyles lineata,White-lined Sphinx,49348,708,2026-09-25,"api.inaturalist.org species_counts (place_id, research grade, wild)"
"Dallas County, TX",1281,Lepidoptera,Hymenia perspectalis,Spotted Beet Webworm Moth,142995,227,2026-09-25,"api.inaturalist.org species_counts (place_id, research grade, wild)"
"Dallas County, TX",1281,Lepidoptera,Hypagyrtis esther,Esther Moth,221961,7,2026-09-25,"api.inaturalist.org species_counts (place_id, research grade, wild)"
"Dallas County, TX",1281,Lepidoptera,Hypagyrtis unipunctata,One-spotted Variant,143110,5,2026-09-25,"api.inaturalist.org species_counts (place_id, research grade, wild)"
"Dallas County, TX",1281,Lepidoptera,Hypatopa punctiferella,,416885,23,2026-09-25,"api.inaturalist.org species_counts (place_id, research grade, wild)"
"Dallas County, TX",1281,Lepidoptera,Hypena abalienalis,White-lined Snout,201277,12,2026-09-25,"api.inaturalist.org species_counts (place_id, research grade, wild)"
"Dallas County, TX",1281,Lepidoptera,Hypena baltimoralis,Baltimore Snout,82201,2,2026-09-25,"api.inaturalist.org species_counts (place_id, research grade, wild)"
"Dallas County, TX",1281,Lepidoptera,Hypena bijugalis,Dimorphic Snout,130010,4,2026-09-25,"api.inaturalist.org species_counts (place_id, research grade, wild)"
"Dallas County, TX",1281,Lepidoptera,Hypena manalis,Flowing-lined Snout,221967,1,2026-09-25,"api.inaturalist.org species_counts (place_id, research grade, wild)"
"Dallas County, TX",1281,Lepidoptera,Hypena minualis,Sooty Snout,221968,5,2026-09-25,"api.inaturalist.org species_counts (place_id, research grade, wild)"
"Dallas County, TX",1281,Lepidoptera,Hypena scabra,Green Cloverworm Moth,118513,790,2026-09-25,"api.inaturalist.org species_counts (place_id, research grade, wild)"
"Dallas County, TX",1281,Lepidoptera,Hypenopsis calusa,,1508677,8,2026-09-25,"api.inaturalist.org species_counts (place_id, research grade, wild)"
"Dallas County, TX",1281,Lepidoptera,Hypercompe scribonia,Giant Leopard Moth,63028,148,2026-09-25,"api.inaturalist.org species_counts (place_id, research grade, wild)"
"Dallas County, TX",1281,Lepidoptera,Hyphantria cunea,Fall Webworm Moth,127133,549,2026-09-25,"api.inaturalist.org species_counts (place_id, research grade, wild)"
"Dallas County, TX",1281,Lepidoptera,Hypocala andremona,Hypocala Moth,222016,5,2026-09-25,"api.inaturalist.org species_counts (place_id, research grade, wild)"
"Dallas County, TX",1281,Lepidoptera,Hypoprepia fucosa,Painted Lichen Moth,119953,15,2026-09-25,"api.inaturalist.org species_counts (place_id, research grade, wild)"
"Dallas County, TX",1281,Lepidoptera,Hypoprepia miniata,Scarlet-winged Lichen Moth,132415,13,2026-09-25,"api.inaturalist.org species_counts (place_id, research grade, wild)"
"Dallas County, TX",1281,Lepidoptera,Hypsopygia binodulalis,Pink-fringed Dolichomia Moth,147310,3,2026-09-25,"api.inaturalist.org species_counts (place_id, research grade, wild)"
"Dallas County, TX",1281,Lepidoptera,Hypsopygia costalis,Clover Hayworm Moth,129149,1,2026-09-25,"api.inaturalist.org species_counts (place_id, research grade, wild)"
"Dallas County, TX",1281,Lepidoptera,Hypsopygia olinalis,Yellow-fringed Dolichomia Moth,343393,52,2026-09-25,"api.inaturalist.org species_counts (place_id, research grade, wild)"
"Dallas County, TX",1281,Lepidoptera,Hypsoropha hormos,Small Necklace Moth,222116,4,2026-09-25,"api.inaturalist.org species_counts (place_id, research grade, wild)"
"Dallas County, TX",1281,Lepidoptera,Hypsoropha monilis,Large Necklace Moth,222117,12,2026-09-25,"api.inaturalist.org species_counts (place_id, research grade, wild)"
"Dallas County, TX",1281,Lepidoptera,Idaea bonifata,Fortunate Wave,323057,1,2026-09-25,"api.inaturalist.org species_counts (place_id, research grade, wild)"
"Dallas County, TX",1281,Lepidoptera,Idaea celtima,Celtic Wave,332671,1,2026-09-25,"api.inaturalist.org species_counts (place_id, research grade, wild)"
"Dallas County, TX",1281,Lepidoptera,Idaea furciferata,Notch-winged Wave,222160,1,2026-09-25,"api.inaturalist.org species_counts (place_id, research grade, wild)"
"Dallas County, TX",1281,Lepidoptera,Idia aemula,Common Idia Moth,127460,341,2026-09-25,"api.inaturalist.org species_counts (place_id, research grade, wild)"
"Dallas County, TX",1281,Lepidoptera,Idia americalis,American Idia Moth,127457,138,2026-09-25,"api.inaturalist.org species_counts (place_id, research grade, wild)"
"Dallas County, TX",1281,Lepidoptera,Idia lubricalis,Glossy Black Idia Moth,119066,3,2026-09-25,"api.inaturalist.org species_counts (place_id, research grade, wild)"
"Dallas County, TX",1281,Lepidoptera,Idioglossa miraculosa,,475510,1,2026-09-25,"api.inaturalist.org species_counts (place_id, research grade, wild)"
"Dallas County, TX",1281,Lepidoptera,Ilexia intractata,Black-dotted Ruddy Moth,203052,11,2026-09-25,"api.inaturalist.org species_counts (place_id, research grade, wild)"
"Dallas County, TX",1281,Lepidoptera,Inga cretacea,Chalky Inga Moth,324605,70,2026-09-25,"api.inaturalist.org species_counts (place_id, research grade, wild)"
"Dallas County, TX",1281,Lepidoptera,Inga obscuromaculella,,518250,2,2026-09-25,"api.inaturalist.org species_counts (place_id, research grade, wild)"
"Dallas County, TX",1281,Lepidoptera,Iridopsis defectaria,Brown-shaded Gray,222284,199,2026-09-25,"api.inaturalist.org species_counts (place_id, research grade, wild)"
"Dallas County, TX",1281,Lepidoptera,Iridopsis ephyraria,Pale-winged Gray,222285,2,2026-09-25,"api.inaturalist.org species_counts (place_id, research grade, wild)"
"Dallas County, TX",1281,Lepidoptera,Isogona tenuis,Thin-lined Owlet,222344,129,2026-09-25,"api.inaturalist.org species_counts (place_id, research grade, wild)"
"Dallas County, TX",1281,Lepidoptera,Isophrictis similiella,,321597,4,2026-09-25,"api.inaturalist.org species_counts (place_id, research grade, wild)"
"Dallas County, TX",1281,Lepidoptera,Isturgia dislocaria,Pale-veined Isturgia,222445,156,2026-09-25,"api.inaturalist.org species_counts (place_id, research grade, wild)"
"Dallas County, TX",1281,Lepidoptera,Junonia coenia,Common Buckeye,48505,2035,2026-09-25,"api.inaturalist.org species_counts (place_id, research grade, wild)"
"Dallas County, TX",1281,Lepidoptera,Kearfottia albifasciella,White-patched Kearfottia,222491,7,2026-09-25,"api.inaturalist.org species_counts (place_id, research grade, wild)"
"Dallas County, TX",1281,Lepidoptera,Kocakina fidelis,Intractable Quaker,1391158,9,2026-09-25,"api.inaturalist.org species_counts (place_id, research grade, wild)"
"Dallas County, TX",1281,Lepidoptera,Kricogonia lyside,Lyside Sulphur,204775,1,2026-09-25,"api.inaturalist.org species_counts (place_id, research grade, wild)"
"Dallas County, TX",1281,Lepidoptera,Lacinipolia erecta,Erect Arches,222584,55,2026-09-25,"api.inaturalist.org species_counts (place_id, research grade, wild)"
"Dallas County, TX",1281,Lepidoptera,Lacinipolia laudabilis,Laudable Arches,222585,93,2026-09-25,"api.inaturalist.org species_counts (place_id, research grade, wild)"
"Dallas County, TX",1281,Lepidoptera,Laetilia coccidivora,Scale-feeding Snout,333423,20,2026-09-25,"api.inaturalist.org species_counts (place_id, research grade, wild)"
"Dallas County, TX",1281,Lepidoptera,Lamprosema victoriae,Victorian Lamplighter Moth,324708,107,2026-09-25,"api.inaturalist.org species_counts (place_id, research grade, wild)"
"Dallas County, TX",1281,Lepidoptera,Landryia,,460590,1,2026-09-25,"api.inaturalist.org species_counts (place_id, research grade, wild)"
"Dallas County, TX",1281,Lepidoptera,Lantanophaga pusillidactylus,Lantana Plume Moth,311417,1,2026-09-25,"api.inaturalist.org species_counts (place_id, research grade, wild)"
"Dallas County, TX",1281,Lepidoptera,Larisa subsolana,Dark-based Larisa Moth,417032,27,2026-09-25,"api.inaturalist.org species_counts (place_id, research grade, wild)"
"Dallas County, TX",1281,Lepidoptera,Lascoria ambigualis,Ambiguous Moth,146750,7,2026-09-25,"api.inaturalist.org species_counts (place_id, research grade, wild)"
"Dallas County, TX",1281,Lepidoptera,Ledaea perditalis,Lost Owlet,177524,4,2026-09-25,"api.inaturalist.org species_counts (place_id, research grade, wild)"
"Dallas County, TX",1281,Lepidoptera,Leptostales ferruminaria,Light-ribboned Wave,177479,40,2026-09-25,"api.inaturalist.org species_counts (place_id, research grade, wild)"
"Dallas County, TX",1281,Lepidoptera,Leptostales pannaria,Pannaria Wave,325955,270,2026-09-25,"api.inaturalist.org species_counts (place_id, research grade, wild)"
"Dallas County, TX",1281,Lepidoptera,Leptotes cassius,Cassius Blue,51534,1,2026-09-25,"api.inaturalist.org species_counts (place_id, research grade, wild)"
"Dallas County, TX",1281,Lepidoptera,Leptotes marina,Marine Blue,59152,16,2026-09-25,"api.inaturalist.org species_counts (place_id, research grade, wild)"
"Dallas County, TX",1281,Lepidoptera,Lerema accius,Clouded Skipper,142988,607,2026-09-25,"api.inaturalist.org species_counts (place_id, research grade, wild)"
"Dallas County, TX",1281,Lepidoptera,Lerodea eufala,Eufala Skipper,59195,84,2026-09-25,"api.inaturalist.org species_counts (place_id, research grade, wild)"
"Dallas County, TX",1281,Lepidoptera,Lesmone detrahens,Detracted Owlet,146948,100,2026-09-25,"api.inaturalist.org species_counts (place_id, research grade, wild)"
"Dallas County, TX",1281,Lepidoptera,Leucania adjuta,Adjutant Wainscot,223541,23,2026-09-25,"api.inaturalist.org species_counts (place_id, research grade, wild)"
"Dallas County, TX",1281,Lepidoptera,Leucania incognita,Unknown Wainscot,223548,7,2026-09-25,"api.inaturalist.org species_counts (place_id, research grade, wild)"
"Dallas County, TX",1281,Lepidoptera,Leuconycta lepidula,Marbled-green Leuconycta Moth,223564,3,2026-09-25,"api.inaturalist.org species_counts (place_id, research grade, wild)"
"Dallas County, TX",1281,Lepidoptera,Libytheana carinenta,American Snout,58561,556,2026-09-25,"api.inaturalist.org species_counts (place_id, research grade, wild)"
"Dallas County, TX",1281,Lepidoptera,Limenitis archippus,Viceroy,58586,211,2026-09-25,"api.inaturalist.org species_counts (place_id, research grade, wild)"
"Dallas County, TX",1281,Lepidoptera,Limenitis arthemis,Red-spotted Admiral,60607,126,2026-09-25,"api.inaturalist.org species_counts (place_id, research grade, wild)"
"Dallas County, TX",1281,Lepidoptera,Limnaecia phragmitella,Shy Cosmet Moth,223680,2,2026-09-25,"api.inaturalist.org species_counts (place_id, research grade, wild)"
"Dallas County, TX",1281,Lepidoptera,Lineodes integra,Eggplant Leafroller Moth,143037,229,2026-09-25,"api.inaturalist.org species_counts (place_id, research grade, wild)"
"Dallas County, TX",1281,Lepidoptera,Lineodes interrupta,Interrupted Lineodes Moth,205037,87,2026-09-25,"api.inaturalist.org species_counts (place_id, research grade, wild)"
"Dallas County, TX",1281,Lepidoptera,Lioptilodes albistriolatus,Mousy Plume Moth,223888,3,2026-09-25,"api.inaturalist.org species_counts (place_id, research grade, wild)"
"Dallas County, TX",1281,Lepidoptera,Lipocosma sicalis,Brown-banded Lipocosma Moth,223923,3,2026-09-25,"api.inaturalist.org species_counts (place_id, research grade, wild)"
"Dallas County, TX",1281,Lepidoptera,Lithacodes fasciola,Yellow-shouldered Slug Moth,201343,32,2026-09-25,"api.inaturalist.org species_counts (place_id, research grade, wild)"
"Dallas County, TX",1281,Lepidoptera,Lithophane lemmeri,Lemmer's Pinion,223991,1,2026-09-25,"api.inaturalist.org species_counts (place_id, research grade, wild)"
"Dallas County, TX",1281,Lepidoptera,Litodonta hydromeli,Harvey's Prominent,177303,32,2026-09-25,"api.inaturalist.org species_counts (place_id, research grade, wild)"
"Dallas County, TX",1281,Lepidoptera,Litoprosopus futilis,Palmetto Borer Moth,177311,2,2026-09-25,"api.inaturalist.org species_counts (place_id, research grade, wild)"
"Dallas County, TX",1281,Lepidoptera,Lobocleta ossularia,Drab Brown Wave,208109,149,2026-09-25,"api.inaturalist.org species_counts (place_id, research grade, wild)"
"Dallas County, TX",1281,Lepidoptera,Lochmaeus bilineata,Double-lined Prominent,224089,80,2026-09-25,"api.inaturalist.org species_counts (place_id, research grade, wild)"
"Dallas County, TX",1281,Lepidoptera,Lochmaeus manteo,Variable Oakleaf Caterpillar Moth,153443,5,2026-09-25,"api.inaturalist.org species_counts (place_id, research grade, wild)"
"Dallas County, TX",1281,Lepidoptera,Lomographa glomeraria,Gray Spring Moth,224098,1,2026-09-25,"api.inaturalist.org species_counts (place_id, research grade, wild)"
"Dallas County, TX",1281,Lepidoptera,Lomographa vestaliata,White Spring Moth,133966,10,2026-09-25,"api.inaturalist.org species_counts (place_id, research grade, wild)"
"Dallas County, TX",1281,Lepidoptera,Lon zabulon,Zabulon Skipper,1081329,4,2026-09-25,"api.inaturalist.org species_counts (place_id, research grade, wild)"
"Dallas County, TX",1281,Lepidoptera,Lophosis labeculata,Stained Lophosis,177241,1,2026-09-25,"api.inaturalist.org species_counts (place_id, research grade, wild)"
"Dallas County, TX",1281,Lepidoptera,Loxostege cereralis,Alfalfa Webworm Moth,126991,1,2026-09-25,"api.inaturalist.org species_counts (place_id, research grade, wild)"
"Dallas County, TX",1281,Lepidoptera,Loxostegopsis xanthocrypta,,478122,1,2026-09-25,"api.inaturalist.org species_counts (place_id, research grade, wild)"
"Dallas County, TX",1281,Lepidoptera,Lychnosea intermicata,Speckled Lamplighter,356440,37,2026-09-25,"api.inaturalist.org species_counts (place_id, research grade, wild)"
"Dallas County, TX",1281,Lepidoptera,Lycia ypsilon,Woolly Gray Moth,205180,63,2026-09-25,"api.inaturalist.org species_counts (place_id, research grade, wild)"
"Dallas County, TX",1281,Lepidoptera,Lycomorpha pholus,Black-and-yellow Lichen Moth,128950,1,2026-09-25,"api.inaturalist.org species_counts (place_id, research grade, wild)"
"Dallas County, TX",1281,Lepidoptera,Lygropia rivulalis,Bog Lygropia Moth,205236,3,2026-09-25,"api.inaturalist.org species_counts (place_id, research grade, wild)"
"Dallas County, TX",1281,Lepidoptera,Macalla zelleri,Zeller's Macalla Moth,320867,42,2026-09-25,"api.inaturalist.org species_counts (place_id, research grade, wild)"
"Dallas County, TX",1281,Lepidoptera,Macaria aemulataria,Common Angle,118486,49,2026-09-25,"api.inaturalist.org species_counts (place_id, research grade, wild)"
"Dallas County, TX",1281,Lepidoptera,Macaria aequiferaria,Woody Angle,224250,4,2026-09-25,"api.inaturalist.org species_counts (place_id, research grade, wild)"
"Dallas County, TX",1281,Lepidoptera,Macaria bicolorata,Bicolored Angle,224251,1,2026-09-25,"api.inaturalist.org species_counts (place_id, research grade, wild)"
"Dallas County, TX",1281,Lepidoptera,Macaria bisignata,Red-headed Inchworm Moth,146886,2,2026-09-25,"api.inaturalist.org species_counts (place_id, research grade, wild)"
"Dallas County, TX",1281,Lepidoptera,Macaria graphidaria,Bold-marked Granite,947111,4,2026-09-25,"api.inaturalist.org species_counts (place_id, research grade, wild)"
"Dallas County, TX",1281,Lepidoptera,Macrorrhinia endonephele,Alligatorweed Stemborer Moth,465763,15,2026-09-25,"api.inaturalist.org species_counts (place_id, research grade, wild)"
"Dallas County, TX",1281,Lepidoptera,Macrurocampa marthesia,Mottled Prominent,177197,1,2026-09-25,"api.inaturalist.org species_counts (place_id, research grade, wild)"
"Dallas County, TX",1281,Lepidoptera,Magusa divaricata,Variable Narrow-wing,143031,25,2026-09-25,"api.inaturalist.org species_counts (place_id, research grade, wild)"
"Dallas County, TX",1281,Lepidoptera,Malacosoma americana,Eastern Tent Caterpillar Moth,211100,6,2026-09-25,"api.inaturalist.org species_counts (place_id, research grade, wild)"
"Dallas County, TX",1281,Lepidoptera,Malacosoma disstria,Forest Tent Caterpillar Moth,81663,926,2026-09-25,"api.inaturalist.org species_counts (place_id, research grade, wild)"
"Dallas County, TX",1281,Lepidoptera,Maliattha concinnimacula,Red-spotted Glyph,224402,6,2026-09-25,"api.inaturalist.org species_counts (place_id, research grade, wild)"
"Dallas County, TX",1281,Lepidoptera,Maliattha synochitis,Black-dotted Glyph,211012,140,2026-09-25,"api.inaturalist.org species_counts (place_id, research grade, wild)"
"Dallas County, TX",1281,Lepidoptera,Manduca quinquemaculatus,Five-spotted Hawk Moth,224420,81,2026-09-25,"api.inaturalist.org species_counts (place_id, research grade, wild)"
"Dallas County, TX",1281,Lepidoptera,Manduca rustica,Rustic Sphinx,126568,65,2026-09-25,"api.inaturalist.org species_counts (place_id, research grade, wild)"
"Dallas County, TX",1281,Lepidoptera,Manduca sexta,Carolina Sphinx,61505,211,2026-09-25,"api.inaturalist.org species_counts (place_id, research grade, wild)"
"Dallas County, TX",1281,Lepidoptera,Marasmia trapezalis,Trapeze Moth,330490,6,2026-09-25,"api.inaturalist.org species_counts (place_id, research grade, wild)"
"Dallas County, TX",1281,Lepidoptera,Marathyssa basalis,Light Marathyssa Moth,224426,2,2026-09-25,"api.inaturalist.org species_counts (place_id, research grade, wild)"
"Dallas County, TX",1281,Lepidoptera,Marathyssa inficita,Dark Marathyssa Moth,143019,22,2026-09-25,"api.inaturalist.org species_counts (place_id, research grade, wild)"
"Dallas County, TX",1281,Lepidoptera,Marimatha nigrofimbria,Black-bordered Lemon Moth,143181,222,2026-09-25,"api.inaturalist.org species_counts (place_id, research grade, wild)"
"Dallas County, TX",1281,Lepidoptera,Marmara smilacisella,,509815,15,2026-09-25,"api.inaturalist.org species_counts (place_id, research grade, wild)"
"Dallas County, TX",1281,Lepidoptera,Matigramma pulverilinea,Dusty Lined Matigramma Moth,596511,10,2026-09-25,"api.inaturalist.org species_counts (place_id, research grade, wild)"
"Dallas County, TX",1281,Lepidoptera,Megalographa biloba,Bilobed Looper Moth,127492,80,2026-09-25,"api.inaturalist.org species_counts (place_id, research grade, wild)"
"Dallas County, TX",1281,Lepidoptera,Megalopyge opercularis,Southern Flannel Moth,84185,97,2026-09-25,"api.inaturalist.org species_counts (place_id, research grade, wild)"
"Dallas County, TX",1281,Lepidoptera,Megalorhipida leucodactylus,Spiderling Plume Moth,311374,1,2026-09-25,"api.inaturalist.org species_counts (place_id, research grade, wild)"
"Dallas County, TX",1281,Lepidoptera,Meganola minuscula,Confused Meganola Moth,224526,8,2026-09-25,"api.inaturalist.org species_counts (place_id, research grade, wild)"
"Dallas County, TX",1281,Lepidoptera,Meganola spodia,Ashy Meganola Moth,224527,1,2026-09-25,"api.inaturalist.org species_counts (place_id, research grade, wild)"
"Dallas County, TX",1281,Lepidoptera,Megisto cymela,Little Wood Satyr,58603,67,2026-09-25,"api.inaturalist.org species_counts (place_id, research grade, wild)"
"Dallas County, TX",1281,Lepidoptera,Melanchroia chephise,White-tipped Black,321697,26,2026-09-25,"api.inaturalist.org species_counts (place_id, research grade, wild)"
"Dallas County, TX",1281,Lepidoptera,Melipotis acontioides,Royal Poinciana Graphic,224853,2,2026-09-25,"api.inaturalist.org species_counts (place_id, research grade, wild)"
"Dallas County, TX",1281,Lepidoptera,Melipotis cellaris,Cellar Graphic,224854,34,2026-09-25,"api.inaturalist.org species_counts (place_id, research grade, wild)"
"Dallas County, TX",1281,Lepidoptera,Melipotis fasciolaris,Fasciolated Graphic,244524,1,2026-09-25,"api.inaturalist.org species_counts (place_id, research grade, wild)"
"Dallas County, TX",1281,Lepidoptera,Melipotis indomita,Indomitable Graphic Moth,224855,336,2026-09-25,"api.inaturalist.org species_counts (place_id, research grade, wild)"
"Dallas County, TX",1281,Lepidoptera,Melipotis jucunda,Merry Graphic Moth,224856,55,2026-09-25,"api.inaturalist.org species_counts (place_id, research grade, wild)"
"Dallas County, TX",1281,Lepidoptera,Melipotis perpendicularis,Perpendicular Graphic,321679,3,2026-09-25,"api.inaturalist.org species_counts (place_id, research grade, wild)"
"Dallas County, TX",1281,Lepidoptera,Meroptera cviatella,Poplar bud borer moth,224918,8,2026-09-25,"api.inaturalist.org species_counts (place_id, research grade, wild)"
"Dallas County, TX",1281,Lepidoptera,Mesophleps adustipennis,Soybean Webworm Moth,330333,4,2026-09-25,"api.inaturalist.org species_counts (place_id, research grade, wild)"
"Dallas County, TX",1281,Lepidoptera,Mestra amymone,Common Mestra,148560,17,2026-09-25,"api.inaturalist.org species_counts (place_id, research grade, wild)"
"Dallas County, TX",1281,Lepidoptera,Metalectra diabolica,Diabolical Fungus Moth,224969,23,2026-09-25,"api.inaturalist.org species_counts (place_id, research grade, wild)"
"Dallas County, TX",1281,Lepidoptera,Metalectra discalis,Common Fungus Moth,153304,13,2026-09-25,"api.inaturalist.org species_counts (place_id, research grade, wild)"
"Dallas County, TX",1281,Lepidoptera,Metalectra quadrisignata,Four-spotted Fungus Moth,224970,2,2026-09-25,"api.inaturalist.org species_counts (place_id, research grade, wild)"
"Dallas County, TX",1281,Lepidoptera,Metalectra richardsi,Richards' Fungus Moth,224971,1,2026-09-25,"api.inaturalist.org species_counts (place_id, research grade, wild)"
"Dallas County, TX",1281,Lepidoptera,Metalectra tantillus,Black Fungus Moth,224972,1,2026-09-25,"api.inaturalist.org species_counts (place_id, research grade, wild)"
"Dallas County, TX",1281,Lepidoptera,Metanema inatomaria,Pale Metanema Moth,205238,5,2026-09-25,"api.inaturalist.org species_counts (place_id, research grade, wild)"
"Dallas County, TX",1281,Lepidoptera,Metaponpneumata rogenhoferi,Rogenhofer's Sallow,468659,2,2026-09-25,"api.inaturalist.org species_counts (place_id, research grade, wild)"
"Dallas County, TX",1281,Lepidoptera,Metaxaglaea viatica,Roadside Sallow,224995,1,2026-09-25,"api.inaturalist.org species_counts (place_id, research grade, wild)"
"Dallas County, TX",1281,Lepidoptera,Metria amella,Live Oak Metria Moth,49015,2,2026-09-25,"api.inaturalist.org species_counts (place_id, research grade, wild)"
"Dallas County, TX",1281,Lepidoptera,Micrathetis triplex,Triplex Cutworm Moth,333552,126,2026-09-25,"api.inaturalist.org species_counts (place_id, research grade, wild)"
"Dallas County, TX",1281,Lepidoptera,Microcrambus biguttellus,Gold-striped Grass-veneer,225105,1,2026-09-25,"api.inaturalist.org species_counts (place_id, research grade, wild)"
"Dallas County, TX",1281,Lepidoptera,Microcrambus croesus,,507145,4,2026-09-25,"api.inaturalist.org species_counts (place_id, research grade, wild)"
"Dallas County, TX",1281,Lepidoptera,Microcrambus elegans,Elegant Grass-veneer,52904,13,2026-09-25,"api.inaturalist.org species_counts (place_id, research grade, wild)"
"Dallas County, TX",1281,Lepidoptera,Microtheoris ophionalis,Yellow-veined Moth,225149,5,2026-09-25,"api.inaturalist.org species_counts (place_id, research grade, wild)"
"Dallas County, TX",1281,Lepidoptera,Microtheoris vibicalis,Whip-marked Snout Moth,471961,25,2026-09-25,"api.inaturalist.org species_counts (place_id, research grade, wild)"
"Dallas County, TX",1281,Lepidoptera,Misogada unicolor,Drab Prominent,225178,35,2026-09-25,"api.inaturalist.org species_counts (place_id, research grade, wild)"
"Dallas County, TX",1281,Lepidoptera,Mocis latipes,Small Mocis Moth,199286,7,2026-09-25,"api.inaturalist.org species_counts (place_id, research grade, wild)"
"Dallas County, TX",1281,Lepidoptera,Mocis marcida,Withered Mocis,225187,6,2026-09-25,"api.inaturalist.org species_counts (place_id, research grade, wild)"
"Dallas County, TX",1281,Lepidoptera,Mocis texana,Texas Mocis Moth,225188,10,2026-09-25,"api.inaturalist.org species_counts (place_id, research grade, wild)"
"Dallas County, TX",1281,Lepidoptera,Mompha albocapitella,White-based Mompha,1520734,34,2026-09-25,"api.inaturalist.org species_counts (place_id, research grade, wild)"
"Dallas County, TX",1281,Lepidoptera,Mompha circumscriptella,Circumscript Mompha,225201,20,2026-09-25,"api.inaturalist.org species_counts (place_id, research grade, wild)"
"Dallas County, TX",1281,Lepidoptera,Mompha eloisella,Red-streaked Mompha Moth,322378,22,2026-09-25,"api.inaturalist.org species_counts (place_id, research grade, wild)"
"Dallas County, TX",1281,Lepidoptera,Mompha rufocristatella,,334291,3,2026-09-25,"api.inaturalist.org species_counts (place_id, research grade, wild)"
"Dallas County, TX",1281,Lepidoptera,Monopis crocicapitella,Bird Nest Moth,225223,1,2026-09-25,"api.inaturalist.org species_counts (place_id, research grade, wild)"
"Dallas County, TX",1281,Lepidoptera,Monopis longella,Pavlovski's Monopis Moth,978666,1,2026-09-25,"api.inaturalist.org species_counts (place_id, research grade, wild)"
"Dallas County, TX",1281,Lepidoptera,Moodna ostrinella,Darker Moodna Moth,225241,42,2026-09-25,"api.inaturalist.org species_counts (place_id, research grade, wild)"
"Dallas County, TX",1281,Lepidoptera,Morrisonia confusa,Confused Woodgrain Moth,176925,1,2026-09-25,"api.inaturalist.org species_counts (place_id, research grade, wild)"
"Dallas County, TX",1281,Lepidoptera,Morrisonia mucens,Gray Woodgrain Moth,176928,20,2026-09-25,"api.inaturalist.org species_counts (place_id, research grade, wild)"
"Dallas County, TX",1281,Lepidoptera,Nadata gibbosa,White-dotted Prominent,82204,44,2026-09-25,"api.inaturalist.org species_counts (place_id, research grade, wild)"
"Dallas County, TX",1281,Lepidoptera,Narraga fimetaria,Green Broomweed Looper Moth,1381808,13,2026-09-25,"api.inaturalist.org species_counts (place_id, research grade, wild)"
"Dallas County, TX",1281,Lepidoptera,Natada nasoni,Nason's Slug Moth,225460,1,2026-09-25,"api.inaturalist.org species_counts (place_id, research grade, wild)"
"Dallas County, TX",1281,Lepidoptera,Nathalis iole,Dainty Sulphur,51773,514,2026-09-25,"api.inaturalist.org species_counts (place_id, research grade, wild)"
"Dallas County, TX",1281,Lepidoptera,Nedra ramosula,Gray Half-Spot,147093,2,2026-09-25,"api.inaturalist.org species_counts (place_id, research grade, wild)"
"Dallas County, TX",1281,Lepidoptera,Nemapogon multistriatella,Many-lined Nemapogon,225541,3,2026-09-25,"api.inaturalist.org species_counts (place_id, research grade, wild)"
"Dallas County, TX",1281,Lepidoptera,Nematocampa resistaria,Horned Spanworm Moth,81656,49,2026-09-25,"api.inaturalist.org species_counts (place_id, research grade, wild)"
"Dallas County, TX",1281,Lepidoptera,Nemoria bifilata,White-barred Emerald,225552,9,2026-09-25,"api.inaturalist.org species_counts (place_id, research grade, wild)"
"Dallas County, TX",1281,Lepidoptera,Nemoria bistriaria,Red-fringed Emerald,203831,3,2026-09-25,"api.inaturalist.org species_counts (place_id, research grade, wild)"
"Dallas County, TX",1281,Lepidoptera,Neodactria luteolellus,Mottled Grass-veneer,143098,1,2026-09-25,"api.inaturalist.org species_counts (place_id, research grade, wild)"
"Dallas County, TX",1281,Lepidoptera,Neogalea sunia,Lantana Stick Moth,330409,2,2026-09-25,"api.inaturalist.org species_counts (place_id, research grade, wild)"
"Dallas County, TX",1281,Lepidoptera,Neoscythris fissirostris,,347634,1,2026-09-25,"api.inaturalist.org species_counts (place_id, research grade, wild)"
"Dallas County, TX",1281,Lepidoptera,Nephelodes minians,Bronzed Cutworm Moth,153076,8,2026-09-25,"api.inaturalist.org species_counts (place_id, research grade, wild)"
"Dallas County, TX",1281,Lepidoptera,Nephrogramma reniculalis,White-spotted Nephrogramma,225796,3,2026-09-25,"api.inaturalist.org species_counts (place_id, research grade, wild)"
"Dallas County, TX",1281,Lepidoptera,Nerice bidentata,Double-toothed Prominent,201280,5,2026-09-25,"api.inaturalist.org species_counts (place_id, research grade, wild)"
"Dallas County, TX",1281,Lepidoptera,Nola cereella,Sorghum Webworm Moth,225986,34,2026-09-25,"api.inaturalist.org species_counts (place_id, research grade, wild)"
"Dallas County, TX",1281,Lepidoptera,Nomophila nearctica,Lucerne Moth,58750,253,2026-09-25,"api.inaturalist.org species_counts (place_id, research grade, wild)"
"Dallas County, TX",1281,Lepidoptera,Nymphalis antiopa,Mourning Cloak,56832,159,2026-09-25,"api.inaturalist.org species_counts (place_id, research grade, wild)"
"Dallas County, TX",1281,Lepidoptera,Oarisma aurantiaca,Orange Skipperling,1599888,1,2026-09-25,"api.inaturalist.org species_counts (place_id, research grade, wild)"
"Dallas County, TX",1281,Lepidoptera,Oarisma minima,Southern Skipperling,1599889,5,2026-09-25,"api.inaturalist.org species_counts (place_id, research grade, wild)"
"Dallas County, TX",1281,Lepidoptera,Obithome punctiferella,,703118,1,2026-09-25,"api.inaturalist.org species_counts (place_id, research grade, wild)"
"Dallas County, TX",1281,Lepidoptera,Oedemasia leptinoides,Black-blotched Prominent,1373720,19,2026-09-25,"api.inaturalist.org species_counts (place_id, research grade, wild)"
"Dallas County, TX",1281,Lepidoptera,Oenobotys texanalis,,531487,1,2026-09-25,"api.inaturalist.org species_counts (place_id, research grade, wild)"
"Dallas County, TX",1281,Lepidoptera,Oenobotys vinotinctalis,Wine-tinted Oenobotys Moth,226270,14,2026-09-25,"api.inaturalist.org species_counts (place_id, research grade, wild)"
"Dallas County, TX",1281,Lepidoptera,Ofatulena duodecemstriata,Twelve-lined Ofatulena,366359,20,2026-09-25,"api.inaturalist.org species_counts (place_id, research grade, wild)"
"Dallas County, TX",1281,Lepidoptera,Ogdoconta cinereola,Common Pinkband,143849,108,2026-09-25,"api.inaturalist.org species_counts (place_id, research grade, wild)"
"Dallas County, TX",1281,Lepidoptera,Oiketicus abbotii,Abbot's Bagworm Moth,358315,1,2026-09-25,"api.inaturalist.org species_counts (place_id, research grade, wild)"
"Dallas County, TX",1281,Lepidoptera,Oligia chlorostigma,Yellow-spotted Brocade,226335,1,2026-09-25,"api.inaturalist.org species_counts (place_id, research grade, wild)"
"Dallas County, TX",1281,Lepidoptera,Ommatochila mundula,Ommatochila Moth,330420,77,2026-09-25,"api.inaturalist.org species_counts (place_id, research grade, wild)"
"Dallas County, TX",1281,Lepidoptera,Ommatospila narcaeusalis,Orange Silver-spot,318979,59,2026-09-25,"api.inaturalist.org species_counts (place_id, research grade, wild)"
"Dallas County, TX",1281,Lepidoptera,Omphalocera cariosa,Moonseed Webworm,417127,30,2026-09-25,"api.inaturalist.org species_counts (place_id, research grade, wild)"
"Dallas County, TX",1281,Lepidoptera,Oncolabis ignidorsella,,1630843,1,2026-09-25,"api.inaturalist.org species_counts (place_id, research grade, wild)"
"Dallas County, TX",1281,Lepidoptera,Orgyia detrita,Fir Tussock Moth,49016,1,2026-09-25,"api.inaturalist.org species_counts (place_id, research grade, wild)"
"Dallas County, TX",1281,Lepidoptera,Orgyia leucostigma,White-marked Tussock Moth,81665,168,2026-09-25,"api.inaturalist.org species_counts (place_id, research grade, wild)"
"Dallas County, TX",1281,Lepidoptera,Orthodes furtiva,,473788,23,2026-09-25,"api.inaturalist.org species_counts (place_id, research grade, wild)"
"Dallas County, TX",1281,Lepidoptera,Orthodes majuscula,Rustic Quaker,194598,4,2026-09-25,"api.inaturalist.org species_counts (place_id, research grade, wild)"
"Dallas County, TX",1281,Lepidoptera,Orthonama obstipata,Gem Moth,143002,92,2026-09-25,"api.inaturalist.org species_counts (place_id, research grade, wild)"
"Dallas County, TX",1281,Lepidoptera,Orthosia alurina,Gray Quaker,210396,9,2026-09-25,"api.inaturalist.org species_counts (place_id, research grade, wild)"
"Dallas County, TX",1281,Lepidoptera,Ostrinia penitalis,American Lotus Borer Moth,226710,19,2026-09-25,"api.inaturalist.org species_counts (place_id, research grade, wild)"
"Dallas County, TX",1281,Lepidoptera,Ozarba aeria,Aerial Brown,226803,2,2026-09-25,"api.inaturalist.org species_counts (place_id, research grade, wild)"
"Dallas County, TX",1281,Lepidoptera,Ozarba catilina,Catalina Brown,464570,2,2026-09-25,"api.inaturalist.org species_counts (place_id, research grade, wild)"
"Dallas County, TX",1281,Lepidoptera,Ozarba nebula,Nebula Brown,495312,6,2026-09-25,"api.inaturalist.org species_counts (place_id, research grade, wild)"
"Dallas County, TX",1281,Lepidoptera,Pachysphinx modesta,Modest Sphinx,143445,16,2026-09-25,"api.inaturalist.org species_counts (place_id, research grade, wild)"
"Dallas County, TX",1281,Lepidoptera,Paectes abrostoloides,Large Paectes Moth,179973,4,2026-09-25,"api.inaturalist.org species_counts (place_id, research grade, wild)"
"Dallas County, TX",1281,Lepidoptera,Paectes oculatrix,Eyed Paectes Moth,84000,2,2026-09-25,"api.inaturalist.org species_counts (place_id, research grade, wild)"
"Dallas County, TX",1281,Lepidoptera,Paleacrita merriccata,White-spotted Cankerworm Moth,176127,1,2026-09-25,"api.inaturalist.org species_counts (place_id, research grade, wild)"
"Dallas County, TX",1281,Lepidoptera,Paleacrita vernata,Spring Cankerworm Moth,176124,167,2026-09-25,"api.inaturalist.org species_counts (place_id, research grade, wild)"
"Dallas County, TX",1281,Lepidoptera,Palpita atrisquamalis,Gracile Palpita Moth,496840,15,2026-09-25,"api.inaturalist.org species_counts (place_id, research grade, wild)"
"Dallas County, TX",1281,Lepidoptera,Palpita freemanalis,Freeman's Palpita Moth,324620,362,2026-09-25,"api.inaturalist.org species_counts (place_id, research grade, wild)"
"Dallas County, TX",1281,Lepidoptera,Palpita magniferalis,Splendid Palpita Moth,208112,46,2026-09-25,"api.inaturalist.org species_counts (place_id, research grade, wild)"
"Dallas County, TX",1281,Lepidoptera,Palpita quadristigmalis,Four-spotted Palpita Moth,207601,156,2026-09-25,"api.inaturalist.org species_counts (place_id, research grade, wild)"
"Dallas County, TX",1281,Lepidoptera,Palthis angulalis,Dark-spotted Palthis Moth,128242,19,2026-09-25,"api.inaturalist.org species_counts (place_id, research grade, wild)"
"Dallas County, TX",1281,Lepidoptera,Palthis asopialis,Faint-spotted Palthis Moth,52902,21,2026-09-25,"api.inaturalist.org species_counts (place_id, research grade, wild)"
"Dallas County, TX",1281,Lepidoptera,Pangrapta decoralis,Decorated Owlet,226889,1,2026-09-25,"api.inaturalist.org species_counts (place_id, research grade, wild)"
"Dallas County, TX",1281,Lepidoptera,Panopoda carneicosta,Brown Panopoda Moth,143523,36,2026-09-25,"api.inaturalist.org species_counts (place_id, research grade, wild)"
"Dallas County, TX",1281,Lepidoptera,Panopoda rufimargo,Red-lined Panopoda Moth,226901,13,2026-09-25,"api.inaturalist.org species_counts (place_id, research grade, wild)"
"Dallas County, TX",1281,Lepidoptera,Panoquina ocola,Ocola Skipper,147931,8,2026-09-25,"api.inaturalist.org species_counts (place_id, research grade, wild)"
"Dallas County, TX",1281,Lepidoptera,Paonias excaecata,Blinded Sphinx,49716,34,2026-09-25,"api.inaturalist.org species_counts (place_id, research grade, wild)"
"Dallas County, TX",1281,Lepidoptera,Papaipema nebris,Stalk Borer Moth,154228,1,2026-09-25,"api.inaturalist.org species_counts (place_id, research grade, wild)"
"Dallas County, TX",1281,Lepidoptera,Papilio glaucus,Eastern Tiger Swallowtail,60551,913,2026-09-25,"api.inaturalist.org species_counts (place_id, research grade, wild)"
"Dallas County, TX",1281,Lepidoptera,Papilio multicaudata,Two-tailed Swallowtail,68263,2,2026-09-25,"api.inaturalist.org species_counts (place_id, research grade, wild)"
"Dallas County, TX",1281,Lepidoptera,Papilio polyxenes,Black Swallowtail,58523,1185,2026-09-25,"api.inaturalist.org species_counts (place_id, research grade, wild)"
"Dallas County, TX",1281,Lepidoptera,Papilio troilus,Spicebush Swallowtail,58525,2,2026-09-25,"api.inaturalist.org species_counts (place_id, research grade, wild)"
"Dallas County, TX",1281,Lepidoptera,Paraeschra georgica,Georgian Prominent,1074458,11,2026-09-25,"api.inaturalist.org species_counts (place_id, research grade, wild)"
"Dallas County, TX",1281,Lepidoptera,Paralobesia viteana,Grape Berry Moth,334338,91,2026-09-25,"api.inaturalist.org species_counts (place_id, research grade, wild)"
"Dallas County, TX",1281,Lepidoptera,Paranthrene simulans,Red Oak Clearwing Moth,227053,3,2026-09-25,"api.inaturalist.org species_counts (place_id, research grade, wild)"
"Dallas County, TX",1281,Lepidoptera,Parapediasia decorellus,Graceful Grass-veneer,417112,5,2026-09-25,"api.inaturalist.org species_counts (place_id, research grade, wild)"
"Dallas County, TX",1281,Lepidoptera,Parapediasia teterrellus,Bluegrass Webworm Moth,553984,229,2026-09-25,"api.inaturalist.org species_counts (place_id, research grade, wild)"
"Dallas County, TX",1281,Lepidoptera,Parapoynx allionealis,Watermilfoil Leafcutter Moth,227082,6,2026-09-25,"api.inaturalist.org species_counts (place_id, research grade, wild)"
"Dallas County, TX",1281,Lepidoptera,Parapoynx diminutalis,Hydrilla Leafcutter Moth,205731,8,2026-09-25,"api.inaturalist.org species_counts (place_id, research grade, wild)"
"Dallas County, TX",1281,Lepidoptera,Parapoynx obscuralis,Obscure Pondweed Moth,227086,1,2026-09-25,"api.inaturalist.org species_counts (place_id, research grade, wild)"
"Dallas County, TX",1281,Lepidoptera,Paratrea plebeja,Trumpet Vine Sphinx,227111,44,2026-09-25,"api.inaturalist.org species_counts (place_id, research grade, wild)"
"Dallas County, TX",1281,Lepidoptera,Parectopa bumeliella,,1119245,51,2026-09-25,"api.inaturalist.org species_counts (place_id, research grade, wild)"
"Dallas County, TX",1281,Lepidoptera,Pareuchaetes insulata,Yellow-winged Pareuchaetes Moth,257008,1,2026-09-25,"api.inaturalist.org species_counts (place_id, research grade, wild)"
"Dallas County, TX",1281,Lepidoptera,Parrhasius m-album,White M Hairstreak,127490,27,2026-09-25,"api.inaturalist.org species_counts (place_id, research grade, wild)"
"Dallas County, TX",1281,Lepidoptera,Pelochrista consobrinana,,511590,1,2026-09-25,"api.inaturalist.org species_counts (place_id, research grade, wild)"
"Dallas County, TX",1281,Lepidoptera,Pelochrista persolita,,511613,1,2026-09-25,"api.inaturalist.org species_counts (place_id, research grade, wild)"
"Dallas County, TX",1281,Lepidoptera,Pelochrista scintillana,Spangled Pelochrista,341388,1,2026-09-25,"api.inaturalist.org species_counts (place_id, research grade, wild)"
"Dallas County, TX",1281,Lepidoptera,Peoria tetradella,four-spotted peoria,227436,4,2026-09-25,"api.inaturalist.org species_counts (place_id, research grade, wild)"
"Dallas County, TX",1281,Lepidoptera,Peridea angulosa,Angulose Prominent,151770,33,2026-09-25,"api.inaturalist.org species_counts (place_id, research grade, wild)"
"Dallas County, TX",1281,Lepidoptera,Peridroma saucia,Variegated Cutworm Moth,179339,173,2026-09-25,"api.inaturalist.org species_counts (place_id, research grade, wild)"
"Dallas County, TX",1281,Lepidoptera,Perigea xanthioides,Red Groundling Moth,227470,1,2026-09-25,"api.inaturalist.org species_counts (place_id, research grade, wild)"
"Dallas County, TX",1281,Lepidoptera,Perispasta caeculalis,Titian Peale's Moth,227476,51,2026-09-25,"api.inaturalist.org species_counts (place_id, research grade, wild)"
"Dallas County, TX",1281,Lepidoptera,Petrophila bifascialis,Two-banded Petrophila,227599,136,2026-09-25,"api.inaturalist.org species_counts (place_id, research grade, wild)"
"Dallas County, TX",1281,Lepidoptera,Petrophila cappsi,Capps' Petrophila,930443,5,2026-09-25,"api.inaturalist.org species_counts (place_id, research grade, wild)"
"Dallas County, TX",1281,Lepidoptera,Petrophila fulicalis,Feather-edged Petrophila,227601,61,2026-09-25,"api.inaturalist.org species_counts (place_id, research grade, wild)"
"Dallas County, TX",1281,Lepidoptera,Petrophila jaliscalis,Jalisco Petrophila,349846,197,2026-09-25,"api.inaturalist.org species_counts (place_id, research grade, wild)"
"Dallas County, TX",1281,Lepidoptera,Phaeoura quernaria,American Oak Beauty,130003,8,2026-09-25,"api.inaturalist.org species_counts (place_id, research grade, wild)"
"Dallas County, TX",1281,Lepidoptera,Phigalia denticulata,Toothed Phigalia Moth,204125,38,2026-09-25,"api.inaturalist.org species_counts (place_id, research grade, wild)"
"Dallas County, TX",1281,Lepidoptera,Phigalia strigataria,Small Phigalia Moth,227741,40,2026-09-25,"api.inaturalist.org species_counts (place_id, research grade, wild)"
"Dallas County, TX",1281,Lepidoptera,Phigalia titea,Half-wing Moth,209713,10,2026-09-25,"api.inaturalist.org species_counts (place_id, research grade, wild)"
"Dallas County, TX",1281,Lepidoptera,Phoberia atomaris,Common Oak Moth,126530,70,2026-09-25,"api.inaturalist.org species_counts (place_id, research grade, wild)"
"Dallas County, TX",1281,Lepidoptera,Phobetron pithecium,Hag Moth,122254,59,2026-09-25,"api.inaturalist.org species_counts (place_id, research grade, wild)"
"Dallas County, TX",1281,Lepidoptera,Phoebis agarithe,Large Orange Sulphur,67653,41,2026-09-25,"api.inaturalist.org species_counts (place_id, research grade, wild)"
"Dallas County, TX",1281,Lepidoptera,Phoebis philea,Orange-barred Sulphur,133416,1,2026-09-25,"api.inaturalist.org species_counts (place_id, research grade, wild)"
"Dallas County, TX",1281,Lepidoptera,Phoebis sennae,Cloudless Sulphur,48550,254,2026-09-25,"api.inaturalist.org species_counts (place_id, research grade, wild)"
"Dallas County, TX",1281,Lepidoptera,Phoebis statira,Statira Sulphur,126307,2,2026-09-25,"api.inaturalist.org species_counts (place_id, research grade, wild)"
"Dallas County, TX",1281,Lepidoptera,Pholisora catullus,Common Sootywing,58479,1,2026-09-25,"api.inaturalist.org species_counts (place_id, research grade, wild)"
"Dallas County, TX",1281,Lepidoptera,Phosphila miselioides,Spotted Phosphila Moth,227864,48,2026-09-25,"api.inaturalist.org species_counts (place_id, research grade, wild)"
"Dallas County, TX",1281,Lepidoptera,Phosphila turbulenta,Turbulent Phosphila Moth,122765,3,2026-09-25,"api.inaturalist.org species_counts (place_id, research grade, wild)"
"Dallas County, TX",1281,Lepidoptera,Phyciodes graphica,Vesta Crescent,194542,1,2026-09-25,"api.inaturalist.org species_counts (place_id, research grade, wild)"
"Dallas County, TX",1281,Lepidoptera,Phyciodes phaon,Phaon Crescent,68274,585,2026-09-25,"api.inaturalist.org species_counts (place_id, research grade, wild)"
"Dallas County, TX",1281,Lepidoptera,Phyciodes tharos,Pearl Crescent,52925,1903,2026-09-25,"api.inaturalist.org species_counts (place_id, research grade, wild)"
"Dallas County, TX",1281,Lepidoptera,Phycitodes mucidella,White-edged Phycitodes Moth,347151,9,2026-09-25,"api.inaturalist.org species_counts (place_id, research grade, wild)"
"Dallas County, TX",1281,Lepidoptera,Phyllodesma americana,American Lappet Moth,201281,60,2026-09-25,"api.inaturalist.org species_counts (place_id, research grade, wild)"
"Dallas County, TX",1281,Lepidoptera,Phyllonorycter fitchella,,227945,3,2026-09-25,"api.inaturalist.org species_counts (place_id, research grade, wild)"
"Dallas County, TX",1281,Lepidoptera,Phyprosopus callitrichoides,Curved-lined Owlet,228024,18,2026-09-25,"api.inaturalist.org species_counts (place_id, research grade, wild)"
"Dallas County, TX",1281,Lepidoptera,Phytometra ernestinana,Ernestine's Moth,228110,3,2026-09-25,"api.inaturalist.org species_counts (place_id, research grade, wild)"
"Dallas County, TX",1281,Lepidoptera,Pieris rapae,Small White,55626,149,2026-09-25,"api.inaturalist.org species_counts (place_id, research grade, wild)"
"Dallas County, TX",1281,Lepidoptera,Pilocrocis ramentalis,Scraped Pilocrocis Moth,228123,56,2026-09-25,"api.inaturalist.org species_counts (place_id, research grade, wild)"
"Dallas County, TX",1281,Lepidoptera,Pimaphera sparsaria,,751447,49,2026-09-25,"api.inaturalist.org species_counts (place_id, research grade, wild)"
"Dallas County, TX",1281,Lepidoptera,Plagiomimicus pityochromus,Black-barred Brown,228255,5,2026-09-25,"api.inaturalist.org species_counts (place_id, research grade, wild)"
"Dallas County, TX",1281,Lepidoptera,Platphalonidia magdalenae,,1139023,6,2026-09-25,"api.inaturalist.org species_counts (place_id, research grade, wild)"
"Dallas County, TX",1281,Lepidoptera,Platynota flavedana,Black-shaded Platynota Moth,208090,44,2026-09-25,"api.inaturalist.org species_counts (place_id, research grade, wild)"
"Dallas County, TX",1281,Lepidoptera,Platynota idaeusalis,Tufted Apple Bud Moth,146797,9,2026-09-25,"api.inaturalist.org species_counts (place_id, research grade, wild)"
"Dallas County, TX",1281,Lepidoptera,Platynota nigrocervina,,366325,1,2026-09-25,"api.inaturalist.org species_counts (place_id, research grade, wild)"
"Dallas County, TX",1281,Lepidoptera,Platynota rostrana,Omnivorous Platynota Moth,361829,126,2026-09-25,"api.inaturalist.org species_counts (place_id, research grade, wild)"
"Dallas County, TX",1281,Lepidoptera,Platynota stultana,Omnivorous Leafroller Moth,258623,3,2026-09-25,"api.inaturalist.org species_counts (place_id, research grade, wild)"
"Dallas County, TX",1281,Lepidoptera,Platyptilia carduidactylus,Artichoke Plume Moth,319034,7,2026-09-25,"api.inaturalist.org species_counts (place_id, research grade, wild)"
"Dallas County, TX",1281,Lepidoptera,Pleuroprucha insulsaria,Common Tan Wave,143105,271,2026-09-25,"api.inaturalist.org species_counts (place_id, research grade, wild)"
"Dallas County, TX",1281,Lepidoptera,Plodia interpunctella,Indian-Meal Moth,124184,52,2026-09-25,"api.inaturalist.org species_counts (place_id, research grade, wild)"
"Dallas County, TX",1281,Lepidoptera,Plusiodonta compressipalpis,Moonseed Moth,125475,777,2026-09-25,"api.inaturalist.org species_counts (place_id, research grade, wild)"
"Dallas County, TX",1281,Lepidoptera,Plutella xylostella,Diamondback Moth,126765,252,2026-09-25,"api.inaturalist.org species_counts (place_id, research grade, wild)"
"Dallas County, TX",1281,Lepidoptera,Poanes viator,Broad-winged Skipper,58511,34,2026-09-25,"api.inaturalist.org species_counts (place_id, research grade, wild)"
"Dallas County, TX",1281,Lepidoptera,Pococera asperatella,Maple Webworm Moth,321469,31,2026-09-25,"api.inaturalist.org species_counts (place_id, research grade, wild)"
"Dallas County, TX",1281,Lepidoptera,Pococera maritimalis,Gray-banded Pococera Moth,354685,8,2026-09-25,"api.inaturalist.org species_counts (place_id, research grade, wild)"
"Dallas County, TX",1281,Lepidoptera,Pococera texanella,,499351,2,2026-09-25,"api.inaturalist.org species_counts (place_id, research grade, wild)"
"Dallas County, TX",1281,Lepidoptera,Podosesia syringae,Lilac Borer Moth,228454,1,2026-09-25,"api.inaturalist.org species_counts (place_id, research grade, wild)"
"Dallas County, TX",1281,Lepidoptera,Polites egeremet,Northern Broken-Dash,1363179,8,2026-09-25,"api.inaturalist.org species_counts (place_id, research grade, wild)"
"Dallas County, TX",1281,Lepidoptera,Polites otho,Southern Broken-Dash,1363180,19,2026-09-25,"api.inaturalist.org species_counts (place_id, research grade, wild)"
"Dallas County, TX",1281,Lepidoptera,Polygonia comma,Eastern Comma,54064,17,2026-09-25,"api.inaturalist.org species_counts (place_id, research grade, wild)"
"Dallas County, TX",1281,Lepidoptera,Polygonia interrogationis,Question Mark,58579,1214,2026-09-25,"api.inaturalist.org species_counts (place_id, research grade, wild)"
"Dallas County, TX",1281,Lepidoptera,Polygonus arizonensis,North America Polygon,1465620,1,2026-09-25,"api.inaturalist.org species_counts (place_id, research grade, wild)"
"Dallas County, TX",1281,Lepidoptera,Polyhymno luteostrigella,Polyhymno Moth,123612,145,2026-09-25,"api.inaturalist.org species_counts (place_id, research grade, wild)"
"Dallas County, TX",1281,Lepidoptera,Ponometia candefacta,Olive-shaded Bird-dropping Moth,228632,31,2026-09-25,"api.inaturalist.org species_counts (place_id, research grade, wild)"
"Dallas County, TX",1281,Lepidoptera,Ponometia erastrioides,Small Bird-dropping Moth,228634,52,2026-09-25,"api.inaturalist.org species_counts (place_id, research grade, wild)"
"Dallas County, TX",1281,Lepidoptera,Ponometia exigua,Bicolored Bird-dropping Moth,330371,1,2026-09-25,"api.inaturalist.org species_counts (place_id, research grade, wild)"
"Dallas County, TX",1281,Lepidoptera,Ponometia fasciatella,Speckled Bird-dropping Moth,367877,10,2026-09-25,"api.inaturalist.org species_counts (place_id, research grade, wild)"
"Dallas County, TX",1281,Lepidoptera,Ponometia semiflava,Half-yellow Moth,228636,40,2026-09-25,"api.inaturalist.org species_counts (place_id, research grade, wild)"
"Dallas County, TX",1281,Lepidoptera,Pontia protodice,Checkered White,59119,444,2026-09-25,"api.inaturalist.org species_counts (place_id, research grade, wild)"
"Dallas County, TX",1281,Lepidoptera,Porphyrosela minuta,,625328,11,2026-09-25,"api.inaturalist.org species_counts (place_id, research grade, wild)"
"Dallas County, TX",1281,Lepidoptera,Povolnya quercinigrella,,460258,1,2026-09-25,"api.inaturalist.org species_counts (place_id, research grade, wild)"
"Dallas County, TX",1281,Lepidoptera,Prays atomocella,Hoptree Borer Moth,791118,1,2026-09-25,"api.inaturalist.org species_counts (place_id, research grade, wild)"
"Dallas County, TX",1281,Lepidoptera,Prionoxystus macmurtrei,Little Carpenterworm Moth,228712,18,2026-09-25,"api.inaturalist.org species_counts (place_id, research grade, wild)"
"Dallas County, TX",1281,Lepidoptera,Prionoxystus robiniae,Carpenterworm Moth,126293,167,2026-09-25,"api.inaturalist.org species_counts (place_id, research grade, wild)"
"Dallas County, TX",1281,Lepidoptera,Prochoerodes lineola,Large Maple Spanworm Moth,143518,29,2026-09-25,"api.inaturalist.org species_counts (place_id, research grade, wild)"
"Dallas County, TX",1281,Lepidoptera,Prochoreutis inflatella,Skullcap Skeletonizer Moth,228742,8,2026-09-25,"api.inaturalist.org species_counts (place_id, research grade, wild)"
"Dallas County, TX",1281,Lepidoptera,Prolimacodes badia,Skiff Moth,207603,1,2026-09-25,"api.inaturalist.org species_counts (place_id, research grade, wild)"
"Dallas County, TX",1281,Lepidoptera,Proteoteras aesculana,Maple Twig Borer Moth,228844,7,2026-09-25,"api.inaturalist.org species_counts (place_id, research grade, wild)"
"Dallas County, TX",1281,Lepidoptera,Proteoteras crescentana,Black-crescent Proteoteras Moth,228845,1,2026-09-25,"api.inaturalist.org species_counts (place_id, research grade, wild)"
"Dallas County, TX",1281,Lepidoptera,Psamatodes abydata,Dot-lined Angle,228899,83,2026-09-25,"api.inaturalist.org species_counts (place_id, research grade, wild)"
"Dallas County, TX",1281,Lepidoptera,Psaphida resumens,Figure-eight Sallow,209329,9,2026-09-25,"api.inaturalist.org species_counts (place_id, research grade, wild)"
"Dallas County, TX",1281,Lepidoptera,Psaphida rolandi,Roland's Sallow,228905,28,2026-09-25,"api.inaturalist.org species_counts (place_id, research grade, wild)"
"Dallas County, TX",1281,Lepidoptera,Psara obscuralis,Obscure Psara Moth,324627,2,2026-09-25,"api.inaturalist.org species_counts (place_id, research grade, wild)"
"Dallas County, TX",1281,Lepidoptera,Pselnophorus belfragei,Belfrage's Plume Moth,349724,18,2026-09-25,"api.inaturalist.org species_counts (place_id, research grade, wild)"
"Dallas County, TX",1281,Lepidoptera,Pseudaletia unipuncta,Armyworm Moth,1671287,264,2026-09-25,"api.inaturalist.org species_counts (place_id, research grade, wild)"
"Dallas County, TX",1281,Lepidoptera,Pseudeustrotia carneola,Pink-barred Pseudeustrotia Moth,143118,1,2026-09-25,"api.inaturalist.org species_counts (place_id, research grade, wild)"
"Dallas County, TX",1281,Lepidoptera,Pseudeustrotia indeterminata,,229080,1,2026-09-25,"api.inaturalist.org species_counts (place_id, research grade, wild)"
"Dallas County, TX",1281,Lepidoptera,Pseudexentera hodsoni,,417021,15,2026-09-25,"api.inaturalist.org species_counts (place_id, research grade, wild)"
"Dallas County, TX",1281,Lepidoptera,Pseudexentera spoliana,Bare-patched Leafroller Moth,229087,4,2026-09-25,"api.inaturalist.org species_counts (place_id, research grade, wild)"
"Dallas County, TX",1281,Lepidoptera,Pseudogalleria inimicella,Inimical Borer Moth,417038,3,2026-09-25,"api.inaturalist.org species_counts (place_id, research grade, wild)"
"Dallas County, TX",1281,Lepidoptera,Pseudotelphusa palliderosacella,,229179,4,2026-09-25,"api.inaturalist.org species_counts (place_id, research grade, wild)"
"Dallas County, TX",1281,Lepidoptera,Pseudothyris sepulchralis,Mournful Thyris Moth,82788,115,2026-09-25,"api.inaturalist.org species_counts (place_id, research grade, wild)"
"Dallas County, TX",1281,Lepidoptera,Psilocorsis cryptolechiella,Black-fringed Leaftier Moth,229229,3,2026-09-25,"api.inaturalist.org species_counts (place_id, research grade, wild)"
"Dallas County, TX",1281,Lepidoptera,Psilocorsis reflexella,Dotted Leaftier Moth,147992,1,2026-09-25,"api.inaturalist.org species_counts (place_id, research grade, wild)"
"Dallas County, TX",1281,Lepidoptera,Psyche casta,Common Bagworm Moth,61413,1,2026-09-25,"api.inaturalist.org species_counts (place_id, research grade, wild)"
"Dallas County, TX",1281,Lepidoptera,Psychomorpha epimenis,Grapevine Epimenis Moth,60774,40,2026-09-25,"api.inaturalist.org species_counts (place_id, research grade, wild)"
"Dallas County, TX",1281,Lepidoptera,Ptichodis vinculum,Black-tipped Ptichodis Moth,229393,5,2026-09-25,"api.inaturalist.org species_counts (place_id, research grade, wild)"
"Dallas County, TX",1281,Lepidoptera,Pyralis farinalis,Meal moth,199870,34,2026-09-25,"api.inaturalist.org species_counts (place_id, research grade, wild)"
"Dallas County, TX",1281,Lepidoptera,Pyrausta acrionalis,Mint-loving Pyrausta Moth,142998,3,2026-09-25,"api.inaturalist.org species_counts (place_id, research grade, wild)"
"Dallas County, TX",1281,Lepidoptera,Pyrausta bicoloralis,Bicolored Pyrausta Moth,205301,1,2026-09-25,"api.inaturalist.org species_counts (place_id, research grade, wild)"
"Dallas County, TX",1281,Lepidoptera,Pyrausta demantrialis,,471920,1,2026-09-25,"api.inaturalist.org species_counts (place_id, research grade, wild)"
"Dallas County, TX",1281,Lepidoptera,Pyrausta inornatalis,Inornate Pyrausta Moth,335840,164,2026-09-25,"api.inaturalist.org species_counts (place_id, research grade, wild)"
"Dallas County, TX",1281,Lepidoptera,Pyrausta laticlavia,Southern Purple Mint Moth,204081,214,2026-09-25,"api.inaturalist.org species_counts (place_id, research grade, wild)"
"Dallas County, TX",1281,Lepidoptera,Pyrausta onythesalis,Golden Pyrausta Moth,361807,5,2026-09-25,"api.inaturalist.org species_counts (place_id, research grade, wild)"
"Dallas County, TX",1281,Lepidoptera,Pyrausta pseuderosnealis,Yellow-banded Pyrausta,470656,83,2026-09-25,"api.inaturalist.org species_counts (place_id, research grade, wild)"
"Dallas County, TX",1281,Lepidoptera,Pyrausta signatalis,Raspberry Pyrausta Moth,135260,4,2026-09-25,"api.inaturalist.org species_counts (place_id, research grade, wild)"
"Dallas County, TX",1281,Lepidoptera,Pyrausta tyralis,Coffee-loving Pyrausta Moth,81752,20,2026-09-25,"api.inaturalist.org species_counts (place_id, research grade, wild)"
"Dallas County, TX",1281,Lepidoptera,Pyrausta volupialis,Volupial Mint Moth,210615,6,2026-09-25,"api.inaturalist.org species_counts (place_id, research grade, wild)"
"Dallas County, TX",1281,Lepidoptera,Pyromorpha dimidiata,Orange-patched Smoky Moth,60754,1,2026-09-25,"api.inaturalist.org species_counts (place_id, research grade, wild)"
"Dallas County, TX",1281,Lepidoptera,Rachiplusia ou,Gray Looper Moth,203441,138,2026-09-25,"api.inaturalist.org species_counts (place_id, research grade, wild)"
"Dallas County, TX",1281,Lepidoptera,Raphia frater,Brother Moth,229817,24,2026-09-25,"api.inaturalist.org species_counts (place_id, research grade, wild)"
"Dallas County, TX",1281,Lepidoptera,Renia adspergillus,Speckled Renia Moth,126992,4,2026-09-25,"api.inaturalist.org species_counts (place_id, research grade, wild)"
"Dallas County, TX",1281,Lepidoptera,Renia flavipunctalis,Yellow-spotted Renia Moth,205302,2,2026-09-25,"api.inaturalist.org species_counts (place_id, research grade, wild)"
"Dallas County, TX",1281,Lepidoptera,Reynosa floscella,,508181,2,2026-09-25,"api.inaturalist.org species_counts (place_id, research grade, wild)"
"Dallas County, TX",1281,Lepidoptera,Rhyacionia frustrana,Nantucket Pine Tip Moth,343662,1,2026-09-25,"api.inaturalist.org species_counts (place_id, research grade, wild)"
"Dallas County, TX",1281,Lepidoptera,Rifargia subrotata,Small Prominent,1372879,25,2026-09-25,"api.inaturalist.org species_counts (place_id, research grade, wild)"
"Dallas County, TX",1281,Lepidoptera,Rifseria fuscotaeniaella,,370802,1,2026-09-25,"api.inaturalist.org species_counts (place_id, research grade, wild)"
"Dallas County, TX",1281,Lepidoptera,Rivula propinqualis,Spotted Grass Moth,81674,4,2026-09-25,"api.inaturalist.org species_counts (place_id, research grade, wild)"
"Dallas County, TX",1281,Lepidoptera,Rudenia leguminana,Black-tipped Rudenia Moth,258627,15,2026-09-25,"api.inaturalist.org species_counts (place_id, research grade, wild)"
"Dallas County, TX",1281,Lepidoptera,Salebriaria ademptandella,,333615,1,2026-09-25,"api.inaturalist.org species_counts (place_id, research grade, wild)"
"Dallas County, TX",1281,Lepidoptera,Salebriaria annulosella,Black-patched Salebriaria Moth,230368,9,2026-09-25,"api.inaturalist.org species_counts (place_id, research grade, wild)"
"Dallas County, TX",1281,Lepidoptera,Salebriaria engeli,Engel's Salebriaria Moth,230369,2,2026-09-25,"api.inaturalist.org species_counts (place_id, research grade, wild)"
"Dallas County, TX",1281,Lepidoptera,Salebriaria pumilella,,709640,9,2026-09-25,"api.inaturalist.org species_counts (place_id, research grade, wild)"
"Dallas County, TX",1281,Lepidoptera,Salebriaria simpliciella,,922925,9,2026-09-25,"api.inaturalist.org species_counts (place_id, research grade, wild)"
"Dallas County, TX",1281,Lepidoptera,Salobrena sincera,Sincere Salobrena Moth,418023,3,2026-09-25,"api.inaturalist.org species_counts (place_id, research grade, wild)"
"Dallas County, TX",1281,Lepidoptera,Samea castellalis,Stained-glass Moth,330498,63,2026-09-25,"api.inaturalist.org species_counts (place_id, research grade, wild)"
"Dallas County, TX",1281,Lepidoptera,Samea multiplicalis,Salvinia Stem Borer Moth,324645,1,2026-09-25,"api.inaturalist.org species_counts (place_id, research grade, wild)"
"Dallas County, TX",1281,Lepidoptera,Satyrium alcestis,Soapberry Hairstreak,1486773,20,2026-09-25,"api.inaturalist.org species_counts (place_id, research grade, wild)"
"Dallas County, TX",1281,Lepidoptera,Satyrium calanus,Banded Hairstreak,58539,16,2026-09-25,"api.inaturalist.org species_counts (place_id, research grade, wild)"
"Dallas County, TX",1281,Lepidoptera,Satyrium favonius,Oak Hairstreak,230441,3,2026-09-25,"api.inaturalist.org species_counts (place_id, research grade, wild)"
"Dallas County, TX",1281,Lepidoptera,Saucrobotys futilalis,Dogbane Saucrobotys Moth,146889,35,2026-09-25,"api.inaturalist.org species_counts (place_id, research grade, wild)"
"Dallas County, TX",1281,Lepidoptera,Schinia arcigera,Arcigera Flower Moth,143196,77,2026-09-25,"api.inaturalist.org species_counts (place_id, research grade, wild)"
"Dallas County, TX",1281,Lepidoptera,Schinia bina,,230524,1,2026-09-25,"api.inaturalist.org species_counts (place_id, research grade, wild)"
"Dallas County, TX",1281,Lepidoptera,Schinia chrysellus,Chrysellus Flower Moth,230527,16,2026-09-25,"api.inaturalist.org species_counts (place_id, research grade, wild)"
"Dallas County, TX",1281,Lepidoptera,Schinia gracilenta,Slender Flower Moth,230534,32,2026-09-25,"api.inaturalist.org species_counts (place_id, research grade, wild)"
"Dallas County, TX",1281,Lepidoptera,Schinia grandimedia,,230535,1,2026-09-25,"api.inaturalist.org species_counts (place_id, research grade, wild)"
"Dallas County, TX",1281,Lepidoptera,Schinia jaguarina,Jaguar Flower Moth,230540,10,2026-09-25,"api.inaturalist.org species_counts (place_id, research grade, wild)"
"Dallas County, TX",1281,Lepidoptera,Schinia mitis,,230545,15,2026-09-25,"api.inaturalist.org species_counts (place_id, research grade, wild)"
"Dallas County, TX",1281,Lepidoptera,Schinia nundina,Goldenrod Flower Moth,230549,9,2026-09-25,"api.inaturalist.org species_counts (place_id, research grade, wild)"
"Dallas County, TX",1281,Lepidoptera,Schinia rivulosa,Ragweed Flower Moth,143382,7,2026-09-25,"api.inaturalist.org species_counts (place_id, research grade, wild)"
"Dallas County, TX",1281,Lepidoptera,Schinia sanguinea,Bleeding Flower Moth,230559,1,2026-09-25,"api.inaturalist.org species_counts (place_id, research grade, wild)"
"Dallas County, TX",1281,Lepidoptera,Schinia saturata,Brown Flower Moth,230560,1,2026-09-25,"api.inaturalist.org species_counts (place_id, research grade, wild)"
"Dallas County, TX",1281,Lepidoptera,Schinia siren,Alluring Schinia Moth,230564,6,2026-09-25,"api.inaturalist.org species_counts (place_id, research grade, wild)"
"Dallas County, TX",1281,Lepidoptera,Schinia thoreaui,Thoreau's Flower Moth,230569,12,2026-09-25,"api.inaturalist.org species_counts (place_id, research grade, wild)"
"Dallas County, TX",1281,Lepidoptera,Schinia trifascia,Three-lined Flower Moth,230570,2,2026-09-25,"api.inaturalist.org species_counts (place_id, research grade, wild)"
"Dallas County, TX",1281,Lepidoptera,Schizura ipomaeae,Morning-glory Prominent,204014,1,2026-09-25,"api.inaturalist.org species_counts (place_id, research grade, wild)"
"Dallas County, TX",1281,Lepidoptera,Schreckensteinia erythriella,,416964,1,2026-09-25,"api.inaturalist.org species_counts (place_id, research grade, wild)"
"Dallas County, TX",1281,Lepidoptera,Sciota celtidella,Hackberry Leafroller Moth,230619,52,2026-09-25,"api.inaturalist.org species_counts (place_id, research grade, wild)"
"Dallas County, TX",1281,Lepidoptera,Sciota rubrisparsella,Red-splashed Leafroller Moth,417139,52,2026-09-25,"api.inaturalist.org species_counts (place_id, research grade, wild)"
"Dallas County, TX",1281,Lepidoptera,Sciota uvinella,Sweetgum Leafroller Moth,333625,31,2026-09-25,"api.inaturalist.org species_counts (place_id, research grade, wild)"
"Dallas County, TX",1281,Lepidoptera,Scolecocampa liburna,Deadwood Borer Moth,230641,4,2026-09-25,"api.inaturalist.org species_counts (place_id, research grade, wild)"
"Dallas County, TX",1281,Lepidoptera,Scopula benitaria,,479202,1,2026-09-25,"api.inaturalist.org species_counts (place_id, research grade, wild)"
"Dallas County, TX",1281,Lepidoptera,Scopula limboundata,Large Lace-border Moth,81680,34,2026-09-25,"api.inaturalist.org species_counts (place_id, research grade, wild)"
"Dallas County, TX",1281,Lepidoptera,Scopula umbilicata,Swag-lined Wave,362738,12,2026-09-25,"api.inaturalist.org species_counts (place_id, research grade, wild)"
"Dallas County, TX",1281,Lepidoptera,Scythris fuscicomella,,333737,14,2026-09-25,"api.inaturalist.org species_counts (place_id, research grade, wild)"
"Dallas County, TX",1281,Lepidoptera,Scythris trivinctella,Banded Scythris Moth,332481,118,2026-09-25,"api.inaturalist.org species_counts (place_id, research grade, wild)"
"Dallas County, TX",1281,Lepidoptera,Sericaglaea signata,Variable Sallow,230841,3,2026-09-25,"api.inaturalist.org species_counts (place_id, research grade, wild)"
"Dallas County, TX",1281,Lepidoptera,Sericoplaga externalis,Falcate Sericoplaga,230846,61,2026-09-25,"api.inaturalist.org species_counts (place_id, research grade, wild)"
"Dallas County, TX",1281,Lepidoptera,Sinoe chambersi,,492199,2,2026-09-25,"api.inaturalist.org species_counts (place_id, research grade, wild)"
"Dallas County, TX",1281,Lepidoptera,Smerinthus jamaicensis,Twin-spotted Sphinx,142993,18,2026-09-25,"api.inaturalist.org species_counts (place_id, research grade, wild)"
"Dallas County, TX",1281,Lepidoptera,Sonia constrictana,Constricted Sonia Moth,417010,4,2026-09-25,"api.inaturalist.org species_counts (place_id, research grade, wild)"
"Dallas County, TX",1281,Lepidoptera,Sparganothis demissana,,510072,4,2026-09-25,"api.inaturalist.org species_counts (place_id, research grade, wild)"
"Dallas County, TX",1281,Lepidoptera,Sparganothis distincta,Distinct Sparganothis Moth,324666,15,2026-09-25,"api.inaturalist.org species_counts (place_id, research grade, wild)"
"Dallas County, TX",1281,Lepidoptera,Sparganothis pulcherrimana,Beautiful Sparganothis,321406,62,2026-09-25,"api.inaturalist.org species_counts (place_id, research grade, wild)"
"Dallas County, TX",1281,Lepidoptera,Sparganothis sulfureana,Sparganothis Fruitworm Moth,81683,16,2026-09-25,"api.inaturalist.org species_counts (place_id, research grade, wild)"
"Dallas County, TX",1281,Lepidoptera,Sparganothoides lentiginosana,Lentiginos Moth,326756,209,2026-09-25,"api.inaturalist.org species_counts (place_id, research grade, wild)"
"Dallas County, TX",1281,Lepidoptera,Sphacelodes vulneraria,Hübner's Olive,324108,9,2026-09-25,"api.inaturalist.org species_counts (place_id, research grade, wild)"
"Dallas County, TX",1281,Lepidoptera,Sphenarches anisodactylus,Fire-flag Plume Moth,134123,2,2026-09-25,"api.inaturalist.org species_counts (place_id, research grade, wild)"
"Dallas County, TX",1281,Lepidoptera,Sphinx libocedrus,Incense Cedar Sphinx,143815,18,2026-09-25,"api.inaturalist.org species_counts (place_id, research grade, wild)"
"Dallas County, TX",1281,Lepidoptera,Spiloloma lunilinea,Moon-lined Moth,231404,47,2026-09-25,"api.inaturalist.org species_counts (place_id, research grade, wild)"
"Dallas County, TX",1281,Lepidoptera,Spilosoma dubia,Dubious Tiger Moth,231407,11,2026-09-25,"api.inaturalist.org species_counts (place_id, research grade, wild)"
"Dallas County, TX",1281,Lepidoptera,Spilosoma virginica,Virginian Tiger Moth,60839,227,2026-09-25,"api.inaturalist.org species_counts (place_id, research grade, wild)"
"Dallas County, TX",1281,Lepidoptera,Spodoptera dolichos,Sweet Potato Armyworm Moth,231423,3,2026-09-25,"api.inaturalist.org species_counts (place_id, research grade, wild)"
"Dallas County, TX",1281,Lepidoptera,Spodoptera eridania,Southern Armyworm Moth,231424,6,2026-09-25,"api.inaturalist.org species_counts (place_id, research grade, wild)"
"Dallas County, TX",1281,Lepidoptera,Spodoptera exigua,Beet Armyworm Moth,231425,14,2026-09-25,"api.inaturalist.org species_counts (place_id, research grade, wild)"
"Dallas County, TX",1281,Lepidoptera,Spodoptera frugiperda,Fall Armyworm Moth,132468,168,2026-09-25,"api.inaturalist.org species_counts (place_id, research grade, wild)"
"Dallas County, TX",1281,Lepidoptera,Spodoptera latifascia,Velvet Armyworm Moth,325940,3,2026-09-25,"api.inaturalist.org species_counts (place_id, research grade, wild)"
"Dallas County, TX",1281,Lepidoptera,Spodoptera ornithogalli,Yellow-striped Armyworm Moth,118930,406,2026-09-25,"api.inaturalist.org species_counts (place_id, research grade, wild)"
"Dallas County, TX",1281,Lepidoptera,Spoladea recurvalis,Hawaiian Beet Webworm Moth,52043,222,2026-09-25,"api.inaturalist.org species_counts (place_id, research grade, wild)"
"Dallas County, TX",1281,Lepidoptera,Spragueia dama,Southern Spragueia Moth,231434,14,2026-09-25,"api.inaturalist.org species_counts (place_id, research grade, wild)"
"Dallas County, TX",1281,Lepidoptera,Spragueia guttata,Spotted Spragueia,472635,10,2026-09-25,"api.inaturalist.org species_counts (place_id, research grade, wild)"
"Dallas County, TX",1281,Lepidoptera,Spragueia leo,Common Spragueia Moth,143592,30,2026-09-25,"api.inaturalist.org species_counts (place_id, research grade, wild)"
"Dallas County, TX",1281,Lepidoptera,Staphylus hayhurstii,Hayhurst's Scallopwing,127304,77,2026-09-25,"api.inaturalist.org species_counts (place_id, research grade, wild)"
"Dallas County, TX",1281,Lepidoptera,Stegasta bosqueella,Red-necked Peanutworm Moth,324646,159,2026-09-25,"api.inaturalist.org species_counts (place_id, research grade, wild)"
"Dallas County, TX",1281,Lepidoptera,Stegasta capitella,Teaweed Moth,513311,2,2026-09-25,"api.inaturalist.org species_counts (place_id, research grade, wild)"
"Dallas County, TX",1281,Lepidoptera,Steniodes declivalis,,1097713,12,2026-09-25,"api.inaturalist.org species_counts (place_id, research grade, wild)"
"Dallas County, TX",1281,Lepidoptera,Stigmella intermedia,,231751,1,2026-09-25,"api.inaturalist.org species_counts (place_id, research grade, wild)"
"Dallas County, TX",1281,Lepidoptera,Stigmella nigriverticella,,743367,3,2026-09-25,"api.inaturalist.org species_counts (place_id, research grade, wild)"
"Dallas County, TX",1281,Lepidoptera,Stigmella resplendensella,,881744,4,2026-09-25,"api.inaturalist.org species_counts (place_id, research grade, wild)"
"Dallas County, TX",1281,Lepidoptera,Stigmella rhoifoliella,,552037,2,2026-09-25,"api.inaturalist.org species_counts (place_id, research grade, wild)"
"Dallas County, TX",1281,Lepidoptera,Stigmella rosaefoliella,,231756,1,2026-09-25,"api.inaturalist.org species_counts (place_id, research grade, wild)"
"Dallas County, TX",1281,Lepidoptera,Streptopalpia minusculalis,,417122,3,2026-09-25,"api.inaturalist.org species_counts (place_id, research grade, wild)"
"Dallas County, TX",1281,Lepidoptera,Strobisia proserpinella,Tragic Goddess,496583,18,2026-09-25,"api.inaturalist.org species_counts (place_id, research grade, wild)"
"Dallas County, TX",1281,Lepidoptera,Strymon istapa,Mallow Scrub-Hairstreak,132553,11,2026-09-25,"api.inaturalist.org species_counts (place_id, research grade, wild)"
"Dallas County, TX",1281,Lepidoptera,Strymon melinus,Gray Hairstreak,50931,1990,2026-09-25,"api.inaturalist.org species_counts (place_id, research grade, wild)"
"Dallas County, TX",1281,Lepidoptera,Stylopalpia scobiella,,512694,3,2026-09-25,"api.inaturalist.org species_counts (place_id, research grade, wild)"
"Dallas County, TX",1281,Lepidoptera,Suleima helianthana,Sunflower Bud Moth,417012,28,2026-09-25,"api.inaturalist.org species_counts (place_id, research grade, wild)"
"Dallas County, TX",1281,Lepidoptera,Sunira bicolorago,Bicolored Sallow,154353,46,2026-09-25,"api.inaturalist.org species_counts (place_id, research grade, wild)"
"Dallas County, TX",1281,Lepidoptera,Symmerista albifrons,White-headed Prominent,232055,3,2026-09-25,"api.inaturalist.org species_counts (place_id, research grade, wild)"
"Dallas County, TX",1281,Lepidoptera,Symmetrischema striatella,Streaked Twirler,367219,3,2026-09-25,"api.inaturalist.org species_counts (place_id, research grade, wild)"
"Dallas County, TX",1281,Lepidoptera,Sympistis dinalda,Netted Sallow,232077,1,2026-09-25,"api.inaturalist.org species_counts (place_id, research grade, wild)"
"Dallas County, TX",1281,Lepidoptera,Synanthedon decipiens,Oak Gall Borer Moth,69826,5,2026-09-25,"api.inaturalist.org species_counts (place_id, research grade, wild)"
"Dallas County, TX",1281,Lepidoptera,Synanthedon scitula,Dogwood Borer Moth,232126,12,2026-09-25,"api.inaturalist.org species_counts (place_id, research grade, wild)"
"Dallas County, TX",1281,Lepidoptera,Synchlora aerata,Wavy-lined Emerald,126204,4,2026-09-25,"api.inaturalist.org species_counts (place_id, research grade, wild)"
"Dallas County, TX",1281,Lepidoptera,Synchlora frondaria,Southern Emerald,207924,195,2026-09-25,"api.inaturalist.org species_counts (place_id, research grade, wild)"
"Dallas County, TX",1281,Lepidoptera,Syngamia florella,Orange-spotted Flower Moth,82175,1,2026-09-25,"api.inaturalist.org species_counts (place_id, research grade, wild)"
"Dallas County, TX",1281,Lepidoptera,Syssphinx bicolor,Honey Locust Moth,81588,25,2026-09-25,"api.inaturalist.org species_counts (place_id, research grade, wild)"
"Dallas County, TX",1281,Lepidoptera,Tacoma feriella,,417142,60,2026-09-25,"api.inaturalist.org species_counts (place_id, research grade, wild)"
"Dallas County, TX",1281,Lepidoptera,Tampa dimediatella,Tampa Moth,232284,26,2026-09-25,"api.inaturalist.org species_counts (place_id, research grade, wild)"
"Dallas County, TX",1281,Lepidoptera,Tarache aprica,Exposed Bird Dropping Moth,232308,96,2026-09-25,"api.inaturalist.org species_counts (place_id, research grade, wild)"
"Dallas County, TX",1281,Lepidoptera,Tarache lanceolata,,479285,1,2026-09-25,"api.inaturalist.org species_counts (place_id, research grade, wild)"
"Dallas County, TX",1281,Lepidoptera,Tarache quadriplaga,Four-patched Bird-dropping Moth,332265,2,2026-09-25,"api.inaturalist.org species_counts (place_id, research grade, wild)"
"Dallas County, TX",1281,Lepidoptera,Tarache tetragona,Four-spotted Bird-dropping Moth,232311,9,2026-09-25,"api.inaturalist.org species_counts (place_id, research grade, wild)"
"Dallas County, TX",1281,Lepidoptera,Taygete attributella,Triangle-marked Twirler Moth,232337,50,2026-09-25,"api.inaturalist.org species_counts (place_id, research grade, wild)"
"Dallas County, TX",1281,Lepidoptera,Tebenna gnaphaliella,Everlasting Tebenna Moth,326040,3,2026-09-25,"api.inaturalist.org species_counts (place_id, research grade, wild)"
"Dallas County, TX",1281,Lepidoptera,Tetanolita floridana,Florida Tetanolita Moth,232390,6,2026-09-25,"api.inaturalist.org species_counts (place_id, research grade, wild)"
"Dallas County, TX",1281,Lepidoptera,Tetanolita mynesalis,Smoky Tetanolita Moth,154333,141,2026-09-25,"api.inaturalist.org species_counts (place_id, research grade, wild)"
"Dallas County, TX",1281,Lepidoptera,Theisoa constrictella,Constricted Twirler,416912,45,2026-09-25,"api.inaturalist.org species_counts (place_id, research grade, wild)"
"Dallas County, TX",1281,Lepidoptera,Thyridopteryx ephemeraeformis,Evergreen Bagworm Moth,121594,149,2026-09-25,"api.inaturalist.org species_counts (place_id, research grade, wild)"
"Dallas County, TX",1281,Lepidoptera,Thyris maculata,Spotted Thyris Moth,232592,11,2026-09-25,"api.inaturalist.org species_counts (place_id, research grade, wild)"
"Dallas County, TX",1281,Lepidoptera,Thysania zenobia,Owl Moth,232597,1,2026-09-25,"api.inaturalist.org species_counts (place_id, research grade, wild)"
"Dallas County, TX",1281,Lepidoptera,Timandra amaturaria,Cross-lined Wave,142994,6,2026-09-25,"api.inaturalist.org species_counts (place_id, research grade, wild)"
"Dallas County, TX",1281,Lepidoptera,Tinea apicimaculella,Dark-collared Tinea Moth,257423,64,2026-09-25,"api.inaturalist.org species_counts (place_id, research grade, wild)"
"Dallas County, TX",1281,Lepidoptera,Tinea pellionella,Case-bearing Clothes Moth,193928,2,2026-09-25,"api.inaturalist.org species_counts (place_id, research grade, wild)"
"Dallas County, TX",1281,Lepidoptera,Tischeria quercitella,Oak Blotch Miner Moth,336030,6,2026-09-25,"api.inaturalist.org species_counts (place_id, research grade, wild)"
"Dallas County, TX",1281,Lepidoptera,Tlascala reductella,Tlascala Moth,178834,2,2026-09-25,"api.inaturalist.org species_counts (place_id, research grade, wild)"
"Dallas County, TX",1281,Lepidoptera,Tolype velleda,Large Tolype Moth,143323,13,2026-09-25,"api.inaturalist.org species_counts (place_id, research grade, wild)"
"Dallas County, TX",1281,Lepidoptera,Tornos scolopacinaria,Dimorphic Gray,232754,16,2026-09-25,"api.inaturalist.org species_counts (place_id, research grade, wild)"
"Dallas County, TX",1281,Lepidoptera,Trichoplusia ni,Cabbage Looper Moth,202789,8,2026-09-25,"api.inaturalist.org species_counts (place_id, research grade, wild)"
"Dallas County, TX",1281,Lepidoptera,Triclonella bicoloripennis,,504202,2,2026-09-25,"api.inaturalist.org species_counts (place_id, research grade, wild)"
"Dallas County, TX",1281,Lepidoptera,Triclonella determinatella,Orange-banded Triclonella,371429,2,2026-09-25,"api.inaturalist.org species_counts (place_id, research grade, wild)"
"Dallas County, TX",1281,Lepidoptera,Triprocris smithsoniana,,474966,1,2026-09-25,"api.inaturalist.org species_counts (place_id, research grade, wild)"
"Dallas County, TX",1281,Lepidoptera,Tripudia balteata,Belted Tripudia Moth,178723,1,2026-09-25,"api.inaturalist.org species_counts (place_id, research grade, wild)"
"Dallas County, TX",1281,Lepidoptera,Tripudia flavofasciata,Orange-banded Tripudia Moth,233018,52,2026-09-25,"api.inaturalist.org species_counts (place_id, research grade, wild)"
"Dallas County, TX",1281,Lepidoptera,Tripudia luxuriosa,Luxurious Tripudia Moth,336685,6,2026-09-25,"api.inaturalist.org species_counts (place_id, research grade, wild)"
"Dallas County, TX",1281,Lepidoptera,Tripudia quadrifera,Harp-winged Tripudia Moth,233019,155,2026-09-25,"api.inaturalist.org species_counts (place_id, research grade, wild)"
"Dallas County, TX",1281,Lepidoptera,Tripudia rectangula,Rectangular Tripudia Moth,475311,13,2026-09-25,"api.inaturalist.org species_counts (place_id, research grade, wild)"
"Dallas County, TX",1281,Lepidoptera,Tyrissa multilinea,,470211,1,2026-09-25,"api.inaturalist.org species_counts (place_id, research grade, wild)"
"Dallas County, TX",1281,Lepidoptera,Udea rubigalis,Celery Leaftier Moth,143615,504,2026-09-25,"api.inaturalist.org species_counts (place_id, research grade, wild)"
"Dallas County, TX",1281,Lepidoptera,Untomia albistrigella,,416947,4,2026-09-25,"api.inaturalist.org species_counts (place_id, research grade, wild)"
"Dallas County, TX",1281,Lepidoptera,Urbanus proteus,Long-tailed Skipper,67435,46,2026-09-25,"api.inaturalist.org species_counts (place_id, research grade, wild)"
"Dallas County, TX",1281,Lepidoptera,Uresiphita reversalis,Genista Broom Moth,121716,91,2026-09-25,"api.inaturalist.org species_counts (place_id, research grade, wild)"
"Dallas County, TX",1281,Lepidoptera,Urola nivalis,Snowy Urola Moth,132736,149,2026-09-25,"api.inaturalist.org species_counts (place_id, research grade, wild)"
"Dallas County, TX",1281,Lepidoptera,Utetheisa ornatrix,Ornate Bella Moth,67440,1,2026-09-25,"api.inaturalist.org species_counts (place_id, research grade, wild)"
"Dallas County, TX",1281,Lepidoptera,Vanessa annabella,West Coast Lady,50786,1,2026-09-25,"api.inaturalist.org species_counts (place_id, research grade, wild)"
"Dallas County, TX",1281,Lepidoptera,Vanessa atalanta,Red Admiral,49133,1235,2026-09-25,"api.inaturalist.org species_counts (place_id, research grade, wild)"
"Dallas County, TX",1281,Lepidoptera,Vanessa cardui,Painted Lady,48548,643,2026-09-25,"api.inaturalist.org species_counts (place_id, research grade, wild)"
"Dallas County, TX",1281,Lepidoptera,Vanessa virginiensis,American Lady,48549,590,2026-09-25,"api.inaturalist.org species_counts (place_id, research grade, wild)"
"Dallas County, TX",1281,Lepidoptera,Vitacea polistiformis,Grape Root Borer Moth,178669,4,2026-09-25,"api.inaturalist.org species_counts (place_id, research grade, wild)"
"Dallas County, TX",1281,Lepidoptera,Vitacea scepsiformis,Lesser Grape Root Borer Moth,178671,1,2026-09-25,"api.inaturalist.org species_counts (place_id, research grade, wild)"
"Dallas County, TX",1281,Lepidoptera,Walshia amorphella,,781171,1,2026-09-25,"api.inaturalist.org species_counts (place_id, research grade, wild)"
"Dallas County, TX",1281,Lepidoptera,Xanthopastis regnatrix,Spanish Moth,322588,1,2026-09-25,"api.inaturalist.org species_counts (place_id, research grade, wild)"
"Dallas County, TX",1281,Lepidoptera,Xenolechia ontariensis,,416918,1,2026-09-25,"api.inaturalist.org species_counts (place_id, research grade, wild)"
"Dallas County, TX",1281,Lepidoptera,Xerociris wilsonii,Wilson's Wood-nymph Moth,204087,6,2026-09-25,"api.inaturalist.org species_counts (place_id, research grade, wild)"
"Dallas County, TX",1281,Lepidoptera,Xestia elimata,Southern Variable Dart,56901,1,2026-09-25,"api.inaturalist.org species_counts (place_id, research grade, wild)"
"Dallas County, TX",1281,Lepidoptera,Xylesthia pruniramiella,Clemens' Bark Moth,233841,1,2026-09-25,"api.inaturalist.org species_counts (place_id, research grade, wild)"
"Dallas County, TX",1281,Lepidoptera,Xylophanes tersa,Tersa Sphinx,69737,166,2026-09-25,"api.inaturalist.org species_counts (place_id, research grade, wild)"
"Dallas County, TX",1281,Lepidoptera,Ypsolopha ochrella,,1229416,4,2026-09-25,"api.inaturalist.org species_counts (place_id, research grade, wild)"
"Dallas County, TX",1281,Lepidoptera,Ypsolopha unicipunctella,,464605,3,2026-09-25,"api.inaturalist.org species_counts (place_id, research grade, wild)"
"Dallas County, TX",1281,Lepidoptera,Zale galbanata,Maple Zale Moth,207983,28,2026-09-25,"api.inaturalist.org species_counts (place_id, research grade, wild)"
"Dallas County, TX",1281,Lepidoptera,Zale horrida,Horrid Zale Moth,233933,3,2026-09-25,"api.inaturalist.org species_counts (place_id, research grade, wild)"
"Dallas County, TX",1281,Lepidoptera,Zale lunata,Lunate Zale Moth,84602,149,2026-09-25,"api.inaturalist.org species_counts (place_id, research grade, wild)"
"Dallas County, TX",1281,Lepidoptera,Zerene cesonia,Southern Dogface,129362,102,2026-09-25,"api.inaturalist.org species_counts (place_id, research grade, wild)"
"Dallas County, TX",1281,Lepidoptera,Zimmermannia bosquella,American Chestnut Moth,702266,1,2026-09-25,"api.inaturalist.org species_counts (place_id, research grade, wild)"
"Dallas County, TX",1281,Lepidoptera,Zomaria interruptolineana,Broken-lined Zomaria Moth,233997,2,2026-09-25,"api.inaturalist.org species_counts (place_id, research grade, wild)"
